INFO:busco.run_BUSCO	***** Start a BUSCO v4.0.2 analysis, current time: 10/03/2024 11:45:44 *****
DEBUG:busco.ConfigManager	Getting config file
INFO:busco.ConfigManager	Configuring BUSCO with /kmk/scripts/busco/config.ini
INFO:busco.BuscoConfig	Mode is genome
INFO:busco.BuscoConfig	Input file is Discradisca_antillarum_collapsed_phased.fa
DEBUG:busco.BuscoConfig	State of BUSCO config before run:
DEBUG:busco.BuscoConfig	{'_allow_no_value': False,
 '_comment_prefixes': ('#', ';'),
 '_converters': <configparser.ConverterMapping object at 0x155553927a90>,
 '_defaults': OrderedDict(),
 '_delimiters': ('=', ':'),
 '_dict': <class 'collections.OrderedDict'>,
 '_empty_lines_in_values': True,
 '_inline_comment_prefixes': (),
 '_input_filepath': 'Discradisca_antillarum_collapsed_phased.fa',
 '_interpolation': <configparser.BasicInterpolation object at 0x155552f43da0>,
 '_mode': 'genome',
 '_optcre': re.compile('\n        (?P<option>.*?)                    # very permissive!\n        \\s*(?P<vi>=|:)\\s*              # any number of space/tab,\n                                           # followed by any of t, re.VERBOSE),
 '_proxies': OrderedDict([('DEFAULT', <Section: DEFAULT>),
                          ('busco_run', <Section: busco_run>),
                          ('tblastn', <Section: tblastn>),
                          ('makeblastdb', <Section: makeblastdb>),
                          ('augustus', <Section: augustus>),
                          ('etraining', <Section: etraining>),
                          ('gff2gbSmallDNA.pl', <Section: gff2gbSmallDNA.pl>),
                          ('new_species.pl', <Section: new_species.pl>),
                          ('optimize_augustus.pl',
                           <Section: optimize_augustus.pl>),
                          ('hmmsearch', <Section: hmmsearch>),
                          ('sepp', <Section: sepp>),
                          ('prodigal', <Section: prodigal>)]),
 '_sections': OrderedDict([('busco_run',
                            OrderedDict([('out_path', 'busco_out/'),
                                         ('in',
                                          'Discradisca_antillarum_collapsed_phased.fa'),
                                         ('cpu', '16'),
                                         ('out', 'BUSCO_metazoa.fasta'),
                                         ('mode', 'genome'),
                                         ('lineage_dataset',
                                          '/kmk/databases/metazoa_odb10'),
                                         ('long', 'True'),
                                         ('offline', 'True'),
                                         ('force', 'False'),
                                         ('evalue', '0.001'),
                                         ('limit', '3'),
                                         ('quiet', 'False'),
                                         ('download_path',
                                          '/grps2/kmk/Nick/2024-07-02-HiC_Discradisca/Discradisca/scaffolding_conitgs_collapsed/final_assembly/busco_downloads'),
                                         ('datasets_version', 'odb10'),
                                         ('download_base_url',
                                          'https://busco-data.ezlab.org/v4/data/'),
                                         ('auto-lineage', 'False'),
                                         ('auto-lineage-prok', 'False'),
                                         ('auto-lineage-euk', 'False'),
                                         ('update-data', 'False'),
                                         ('main_out',
                                          'busco_out/BUSCO_metazoa.fasta')])),
                           ('tblastn',
                            OrderedDict([('path',
                                          '/kmk/scripts/ncbi-blast-2.3.0+/bin/'),
                                         ('command', 'tblastn')])),
                           ('makeblastdb',
                            OrderedDict([('path',
                                          '/kmk/scripts/ncbi-blast-2.3.0+/bin/'),
                                         ('command', 'makeblastdb')])),
                           ('augustus',
                            OrderedDict([('path',
                                          '/kmk/scripts/augustus.2.5.5/bin/'),
                                         ('command', 'augustus')])),
                           ('etraining',
                            OrderedDict([('path',
                                          '/kmk/scripts/augustus.2.5.5/bin/'),
                                         ('command', 'etraining')])),
                           ('gff2gbSmallDNA.pl',
                            OrderedDict([('path',
                                          '/kmk/scripts/augustus.2.5.5/scripts/'),
                                         ('command', 'gff2gbSmallDNA.pl')])),
                           ('new_species.pl',
                            OrderedDict([('path',
                                          '/kmk/scripts/augustus.2.5.5/scripts/'),
                                         ('command', 'new_species.pl')])),
                           ('optimize_augustus.pl',
                            OrderedDict([('path',
                                          '/kmk/scripts/augustus.2.5.5/scripts/'),
                                         ('command', 'optimize_augustus.pl')])),
                           ('hmmsearch',
                            OrderedDict([('path',
                                          '/share/apps/python_shared/3.6.5/etc/sepp/bundled-v4.3.10/'),
                                         ('command', 'hmmsearch')])),
                           ('sepp',
                            OrderedDict([('path',
                                          '/share/apps/python_shared/3.6.5/bin/'),
                                         ('command', 'run_sepp.py')])),
                           ('prodigal',
                            OrderedDict([('path',
                                          '/share/apps/bioinfoGCC/bin/'),
                                         ('command', 'prodigal')]))]),
 '_strict': True,
 'clargs': ['/share/apps/busco/bin/busco',
            '-c',
            '16',
            '-m',
            'genome',
            '--long',
            '--offline',
            '-l',
            '/kmk/databases/metazoa_odb10',
            '-i',
            'Discradisca_antillarum_collapsed_phased.fa',
            '-o',
            'BUSCO_metazoa.fasta'],
 'conf_file': '/kmk/scripts/busco/config.ini',
 'default_section': 'DEFAULT',
 'downloader': <busco.BuscoDownloadManager.BuscoDownloadManager object at 0x15552a867ef0>,
 'main_out': 'busco_out/BUSCO_metazoa.fasta',
 'persistent_tools': []}
INFO:busco.BuscoDownloadManager	Using local lineages directory /kmk/databases/metazoa_odb10
DEBUG:busco.BuscoAnalysis	Check all required tools are accessible...
DEBUG:busco.BuscoAnalysis	Checking dataset for HMM profiles
INFO:busco.BuscoAnalysis	Running BUSCO using lineage dataset metazoa_odb10 (eukaryota, 2019-11-20)
INFO:busco.BuscoTools	Creating BLAST database with input file
INFO:busco.Toolset	Running 1 job(s) on makeblastdb
DEBUG:busco.Toolset	cmd call: /kmk/scripts/ncbi-blast-2.3.0+/bin/makeblastdb -in Discradisca_antillarum_collapsed_phased.fa -dbtype nucl -out busco_out/BUSCO_metazoa.fasta/blast_db/Discradisca_antillarum_collapsed_phased.fa
INFO:busco.Toolset	[makeblastdb]	1 of 1 task(s) completed
INFO:busco.Analysis	Running a BLAST search for BUSCOs against created database
INFO:busco.Toolset	Running 1 job(s) on tblastn
DEBUG:busco.Toolset	cmd call: /kmk/scripts/ncbi-blast-2.3.0+/bin/tblastn -evalue 0.001 -num_threads 16 -query /kmk/databases/metazoa_odb10/ancestral -db busco_out/BUSCO_metazoa.fasta/blast_db/Discradisca_antillarum_collapsed_phased.fa -out busco_out/BUSCO_metazoa.fasta/run_metazoa_odb10/blast_output/tblastn.tsv -outfmt 7
INFO:busco.Toolset	[tblastn]	1 of 1 task(s) completed
INFO:busco.GenomeAnalysis	Running Augustus gene predictor on BLAST search results.
INFO:busco.BuscoTools	Running Augustus prediction using fly as species:
INFO:busco.Toolset	Running 956 job(s) on augustus
DEBUG:busco.Toolset	cmd call: /kmk/scripts/augustus.2.5.5/bin/augustus --codingseq=1 --proteinprofile=/kmk/databases/metazoa_odb10/prfl/501788at33208a.prfl --predictionStart=9234546 --predictionEnd=9246824 --species=fly busco_out/BUSCO_metazoa.fasta/run_metazoa_odb10/blast_output/sequences/scaffold_4.temp
DEBUG:busco.Toolset	cmd call: /kmk/scripts/augustus.2.5.5/bin/augustus --codingseq=1 --proteinprofile=/kmk/databases/metazoa_odb10/prfl/361216at33208a.prfl --predictionStart=6737830 --predictionEnd=6753349 --species=fly busco_out/BUSCO_metazoa.fasta/run_metazoa_odb10/blast_output/sequences/scaffold_5.temp
DEBUG:busco.Toolset	cmd call: /kmk/scripts/augustus.2.5.5/bin/augustus --codingseq=1 --proteinprofile=/kmk/databases/metazoa_odb10/prfl/216563at33208a.prfl --predictionStart=550913 --predictionEnd=571279 --species=fly busco_out/BUSCO_metazoa.fasta/run_metazoa_odb10/blast_output/sequences/scaffold_1.temp
DEBUG:busco.Toolset	cmd call: /kmk/scripts/augustus.2.5.5/bin/augustus --codingseq=1 --proteinprofile=/kmk/databases/metazoa_odb10/prfl/597816at33208a.prfl --predictionStart=8133594 --predictionEnd=8147241 --species=fly busco_out/BUSCO_metazoa.fasta/run_metazoa_odb10/blast_output/sequences/scaffold_4.temp
DEBUG:busco.Toolset	cmd call: /kmk/scripts/augustus.2.5.5/bin/augustus --codingseq=1 --proteinprofile=/kmk/databases/metazoa_odb10/prfl/461123at33208a.prfl --predictionStart=15220981 --predictionEnd=15235206 --species=fly busco_out/BUSCO_metazoa.fasta/run_metazoa_odb10/blast_output/sequences/scaffold_4.temp
DEBUG:busco.Toolset	cmd call: /kmk/scripts/augustus.2.5.5/bin/augustus --codingseq=1 --proteinprofile=/kmk/databases/metazoa_odb10/prfl/398202at33208a.prfl --predictionStart=1183321 --predictionEnd=1197805 --species=fly busco_out/BUSCO_metazoa.fasta/run_metazoa_odb10/blast_output/sequences/scaffold_1.temp
DEBUG:busco.Toolset	cmd call: /kmk/scripts/augustus.2.5.5/bin/augustus --codingseq=1 --proteinprofile=/kmk/databases/metazoa_odb10/prfl/554815at33208a.prfl --predictionStart=15999176 --predictionEnd=16011430 --species=fly busco_out/BUSCO_metazoa.fasta/run_metazoa_odb10/blast_output/sequences/scaffold_4.temp
DEBUG:busco.Toolset	cmd call: /kmk/scripts/augustus.2.5.5/bin/augustus --codingseq=1 --proteinprofile=/kmk/databases/metazoa_odb10/prfl/363634at33208a.prfl --predictionStart=19506641 --predictionEnd=19520361 --species=fly busco_out/BUSCO_metazoa.fasta/run_metazoa_odb10/blast_output/sequences/scaffold_4.temp
DEBUG:busco.Toolset	cmd call: /kmk/scripts/augustus.2.5.5/bin/augustus --codingseq=1 --proteinprofile=/kmk/databases/metazoa_odb10/prfl/398013at33208a.prfl --predictionStart=1480729 --predictionEnd=1494274 --species=fly busco_out/BUSCO_metazoa.fasta/run_metazoa_odb10/blast_output/sequences/scaffold_4.temp
DEBUG:busco.Toolset	cmd call: /kmk/scripts/augustus.2.5.5/bin/augustus --codingseq=1 --proteinprofile=/kmk/databases/metazoa_odb10/prfl/367596at33208a.prfl --predictionStart=17134675 --predictionEnd=17160706 --species=fly busco_out/BUSCO_metazoa.fasta/run_metazoa_odb10/blast_output/sequences/scaffold_8.temp
DEBUG:busco.Toolset	cmd call: /kmk/scripts/augustus.2.5.5/bin/augustus --codingseq=1 --proteinprofile=/kmk/databases/metazoa_odb10/prfl/273040at33208a.prfl --predictionStart=37897050 --predictionEnd=37915467 --species=fly busco_out/BUSCO_metazoa.fasta/run_metazoa_odb10/blast_output/sequences/scaffold_1.temp
DEBUG:busco.Toolset	cmd call: /kmk/scripts/augustus.2.5.5/bin/augustus --codingseq=1 --proteinprofile=/kmk/databases/metazoa_odb10/prfl/604211at33208a.prfl --predictionStart=29245557 --predictionEnd=29257763 --species=fly busco_out/BUSCO_metazoa.fasta/run_metazoa_odb10/blast_output/sequences/scaffold_1.temp
DEBUG:busco.Toolset	cmd call: /kmk/scripts/augustus.2.5.5/bin/augustus --codingseq=1 --proteinprofile=/kmk/databases/metazoa_odb10/prfl/576633at33208a.prfl --predictionStart=39445151 --predictionEnd=39458354 --species=fly busco_out/BUSCO_metazoa.fasta/run_metazoa_odb10/blast_output/sequences/scaffold_1.temp
DEBUG:busco.Toolset	cmd call: /kmk/scripts/augustus.2.5.5/bin/augustus --codingseq=1 --proteinprofile=/kmk/databases/metazoa_odb10/prfl/397019at33208a.prfl --predictionStart=365087 --predictionEnd=379913 --species=fly busco_out/BUSCO_metazoa.fasta/run_metazoa_odb10/blast_output/sequences/scaffold_5.temp
DEBUG:busco.Toolset	cmd call: /kmk/scripts/augustus.2.5.5/bin/augustus --codingseq=1 --proteinprofile=/kmk/databases/metazoa_odb10/prfl/447320at33208a.prfl --predictionStart=55827155 --predictionEnd=55839367 --species=fly busco_out/BUSCO_metazoa.fasta/run_metazoa_odb10/blast_output/sequences/scaffold_1.temp
DEBUG:busco.Toolset	cmd call: /kmk/scripts/augustus.2.5.5/bin/augustus --codingseq=1 --proteinprofile=/kmk/databases/metazoa_odb10/prfl/526839at33208a.prfl --predictionStart=4960902 --predictionEnd=4973279 --species=fly busco_out/BUSCO_metazoa.fasta/run_metazoa_odb10/blast_output/sequences/scaffold_2.temp
DEBUG:busco.Toolset	cmd call: /kmk/scripts/augustus.2.5.5/bin/augustus --codingseq=1 --proteinprofile=/kmk/databases/metazoa_odb10/prfl/465092at33208a.prfl --predictionStart=1291659 --predictionEnd=1306152 --species=fly busco_out/BUSCO_metazoa.fasta/run_metazoa_odb10/blast_output/sequences/scaffold_6.temp
DEBUG:busco.Toolset	cmd call: /kmk/scripts/augustus.2.5.5/bin/augustus --codingseq=1 --proteinprofile=/kmk/databases/metazoa_odb10/prfl/361216at33208a.prfl --predictionStart=35740570 --predictionEnd=35753217 --species=fly busco_out/BUSCO_metazoa.fasta/run_metazoa_odb10/blast_output/sequences/scaffold_3.temp
DEBUG:busco.Toolset	cmd call: /kmk/scripts/augustus.2.5.5/bin/augustus --codingseq=1 --proteinprofile=/kmk/databases/metazoa_odb10/prfl/631107at33208a.prfl --predictionStart=3071005 --predictionEnd=3083304 --species=fly busco_out/BUSCO_metazoa.fasta/run_metazoa_odb10/blast_output/sequences/scaffold_1.temp
DEBUG:busco.Toolset	cmd call: /kmk/scripts/augustus.2.5.5/bin/augustus --codingseq=1 --proteinprofile=/kmk/databases/metazoa_odb10/prfl/169864at33208a.prfl --predictionStart=31388599 --predictionEnd=31405148 --species=fly busco_out/BUSCO_metazoa.fasta/run_metazoa_odb10/blast_output/sequences/scaffold_1.temp
DEBUG:busco.Toolset	cmd call: /kmk/scripts/augustus.2.5.5/bin/augustus --codingseq=1 --proteinprofile=/kmk/databases/metazoa_odb10/prfl/625091at33208a.prfl --predictionStart=13174236 --predictionEnd=13186469 --species=fly busco_out/BUSCO_metazoa.fasta/run_metazoa_odb10/blast_output/sequences/scaffold_2.temp
DEBUG:busco.Toolset	cmd call: /kmk/scripts/augustus.2.5.5/bin/augustus --codingseq=1 --proteinprofile=/kmk/databases/metazoa_odb10/prfl/554815at33208a.prfl --predictionStart=8697016 --predictionEnd=8710944 --species=fly busco_out/BUSCO_metazoa.fasta/run_metazoa_odb10/blast_output/sequences/scaffold_7.temp
DEBUG:busco.Toolset	cmd call: /kmk/scripts/augustus.2.5.5/bin/augustus --codingseq=1 --proteinprofile=/kmk/databases/metazoa_odb10/prfl/591391at33208a.prfl --predictionStart=10823515 --predictionEnd=10835721 --species=fly busco_out/BUSCO_metazoa.fasta/run_metazoa_odb10/blast_output/sequences/scaffold_4.temp
DEBUG:busco.Toolset	cmd call: /kmk/scripts/augustus.2.5.5/bin/augustus --codingseq=1 --proteinprofile=/kmk/databases/metazoa_odb10/prfl/628082at33208a.prfl --predictionStart=22079117 --predictionEnd=22092398 --species=fly busco_out/BUSCO_metazoa.fasta/run_metazoa_odb10/blast_output/sequences/scaffold_4.temp
DEBUG:busco.Toolset	cmd call: /kmk/scripts/augustus.2.5.5/bin/augustus --codingseq=1 --proteinprofile=/kmk/databases/metazoa_odb10/prfl/622270at33208a.prfl --predictionStart=36579278 --predictionEnd=36591893 --species=fly busco_out/BUSCO_metazoa.fasta/run_metazoa_odb10/blast_output/sequences/scaffold_3.temp
DEBUG:busco.Toolset	cmd call: /kmk/scripts/augustus.2.5.5/bin/augustus --codingseq=1 --proteinprofile=/kmk/databases/metazoa_odb10/prfl/334336at33208a.prfl --predictionStart=17753893 --predictionEnd=17778041 --species=fly busco_out/BUSCO_metazoa.fasta/run_metazoa_odb10/blast_output/sequences/scaffold_5.temp
DEBUG:busco.Toolset	cmd call: /kmk/scripts/augustus.2.5.5/bin/augustus --codingseq=1 --proteinprofile=/kmk/databases/metazoa_odb10/prfl/353768at33208a.prfl --predictionStart=3501405 --predictionEnd=3518085 --species=fly busco_out/BUSCO_metazoa.fasta/run_metazoa_odb10/blast_output/sequences/scaffold_2.temp
DEBUG:busco.Toolset	cmd call: /kmk/scripts/augustus.2.5.5/bin/augustus --codingseq=1 --proteinprofile=/kmk/databases/metazoa_odb10/prfl/270594at33208a.prfl --predictionStart=23689007 --predictionEnd=23709069 --species=fly busco_out/BUSCO_metazoa.fasta/run_metazoa_odb10/blast_output/sequences/scaffold_7.temp
DEBUG:busco.Toolset	cmd call: /kmk/scripts/augustus.2.5.5/bin/augustus --codingseq=1 --proteinprofile=/kmk/databases/metazoa_odb10/prfl/467106at33208a.prfl --predictionStart=19743030 --predictionEnd=19756544 --species=fly busco_out/BUSCO_metazoa.fasta/run_metazoa_odb10/blast_output/sequences/scaffold_5.temp
DEBUG:busco.Toolset	cmd call: /kmk/scripts/augustus.2.5.5/bin/augustus --codingseq=1 --proteinprofile=/kmk/databases/metazoa_odb10/prfl/355210at33208a.prfl --predictionStart=20578248 --predictionEnd=20601138 --species=fly busco_out/BUSCO_metazoa.fasta/run_metazoa_odb10/blast_output/sequences/scaffold_2.temp
DEBUG:busco.Toolset	cmd call: /kmk/scripts/augustus.2.5.5/bin/augustus --codingseq=1 --proteinprofile=/kmk/databases/metazoa_odb10/prfl/567650at33208a.prfl --predictionStart=13807132 --predictionEnd=13822760 --species=fly busco_out/BUSCO_metazoa.fasta/run_metazoa_odb10/blast_output/sequences/scaffold_6.temp
DEBUG:busco.Toolset	cmd call: /kmk/scripts/augustus.2.5.5/bin/augustus --codingseq=1 --proteinprofile=/kmk/databases/metazoa_odb10/prfl/194754at33208a.prfl --predictionStart=9707172 --predictionEnd=9727683 --species=fly busco_out/BUSCO_metazoa.fasta/run_metazoa_odb10/blast_output/sequences/scaffold_4.temp
DEBUG:busco.Toolset	cmd call: /kmk/scripts/augustus.2.5.5/bin/augustus --codingseq=1 --proteinprofile=/kmk/databases/metazoa_odb10/prfl/591316at33208a.prfl --predictionStart=42181840 --predictionEnd=42195087 --species=fly busco_out/BUSCO_metazoa.fasta/run_metazoa_odb10/blast_output/sequences/scaffold_2.temp
DEBUG:busco.Toolset	cmd call: /kmk/scripts/augustus.2.5.5/bin/augustus --codingseq=1 --proteinprofile=/kmk/databases/metazoa_odb10/prfl/591316at33208a.prfl --predictionStart=50244458 --predictionEnd=50256718 --species=fly busco_out/BUSCO_metazoa.fasta/run_metazoa_odb10/blast_output/sequences/scaffold_1.temp
DEBUG:busco.Toolset	cmd call: /kmk/scripts/augustus.2.5.5/bin/augustus --codingseq=1 --proteinprofile=/kmk/databases/metazoa_odb10/prfl/480700at33208a.prfl --predictionStart=18144417 --predictionEnd=18158947 --species=fly busco_out/BUSCO_metazoa.fasta/run_metazoa_odb10/blast_output/sequences/scaffold_6.temp
DEBUG:busco.Toolset	cmd call: /kmk/scripts/augustus.2.5.5/bin/augustus --codingseq=1 --proteinprofile=/kmk/databases/metazoa_odb10/prfl/130256at33208a.prfl --predictionStart=1093771 --predictionEnd=1113129 --species=fly busco_out/BUSCO_metazoa.fasta/run_metazoa_odb10/blast_output/sequences/scaffold_4.temp
DEBUG:busco.Toolset	cmd call: /kmk/scripts/augustus.2.5.5/bin/augustus --codingseq=1 --proteinprofile=/kmk/databases/metazoa_odb10/prfl/399092at33208a.prfl --predictionStart=29893080 --predictionEnd=29907965 --species=fly busco_out/BUSCO_metazoa.fasta/run_metazoa_odb10/blast_output/sequences/scaffold_1.temp
DEBUG:busco.Toolset	cmd call: /kmk/scripts/augustus.2.5.5/bin/augustus --codingseq=1 --proteinprofile=/kmk/databases/metazoa_odb10/prfl/623324at33208a.prfl --predictionStart=36302683 --predictionEnd=36315260 --species=fly busco_out/BUSCO_metazoa.fasta/run_metazoa_odb10/blast_output/sequences/scaffold_1.temp
DEBUG:busco.Toolset	cmd call: /kmk/scripts/augustus.2.5.5/bin/augustus --codingseq=1 --proteinprofile=/kmk/databases/metazoa_odb10/prfl/600462at33208a.prfl --predictionStart=16765502 --predictionEnd=16779380 --species=fly busco_out/BUSCO_metazoa.fasta/run_metazoa_odb10/blast_output/sequences/scaffold_5.temp
DEBUG:busco.Toolset	cmd call: /kmk/scripts/augustus.2.5.5/bin/augustus --codingseq=1 --proteinprofile=/kmk/databases/metazoa_odb10/prfl/630073at33208a.prfl --predictionStart=14679242 --predictionEnd=14691490 --species=fly busco_out/BUSCO_metazoa.fasta/run_metazoa_odb10/blast_output/sequences/scaffold_7.temp
DEBUG:busco.Toolset	cmd call: /kmk/scripts/augustus.2.5.5/bin/augustus --codingseq=1 --proteinprofile=/kmk/databases/metazoa_odb10/prfl/227979at33208a.prfl --predictionStart=15711637 --predictionEnd=15745395 --species=fly busco_out/BUSCO_metazoa.fasta/run_metazoa_odb10/blast_output/sequences/scaffold_8.temp
DEBUG:busco.Toolset	cmd call: /kmk/scripts/augustus.2.5.5/bin/augustus --codingseq=1 --proteinprofile=/kmk/databases/metazoa_odb10/prfl/467142at33208a.prfl --predictionStart=10830115 --predictionEnd=10844451 --species=fly busco_out/BUSCO_metazoa.fasta/run_metazoa_odb10/blast_output/sequences/scaffold_2.temp
DEBUG:busco.Toolset	cmd call: /kmk/scripts/augustus.2.5.5/bin/augustus --codingseq=1 --proteinprofile=/kmk/databases/metazoa_odb10/prfl/424569at33208a.prfl --predictionStart=16580826 --predictionEnd=16595518 --species=fly busco_out/BUSCO_metazoa.fasta/run_metazoa_odb10/blast_output/sequences/scaffold_1.temp
DEBUG:busco.Toolset	cmd call: /kmk/scripts/augustus.2.5.5/bin/augustus --codingseq=1 --proteinprofile=/kmk/databases/metazoa_odb10/prfl/532930at33208a.prfl --predictionStart=45441513 --predictionEnd=45454556 --species=fly busco_out/BUSCO_metazoa.fasta/run_metazoa_odb10/blast_output/sequences/scaffold_2.temp
DEBUG:busco.Toolset	cmd call: /kmk/scripts/augustus.2.5.5/bin/augustus --codingseq=1 --proteinprofile=/kmk/databases/metazoa_odb10/prfl/148067at33208a.prfl --predictionStart=51776322 --predictionEnd=51796386 --species=fly busco_out/BUSCO_metazoa.fasta/run_metazoa_odb10/blast_output/sequences/scaffold_1.temp
DEBUG:busco.Toolset	cmd call: /kmk/scripts/augustus.2.5.5/bin/augustus --codingseq=1 --proteinprofile=/kmk/databases/metazoa_odb10/prfl/338482at33208a.prfl --predictionStart=20355377 --predictionEnd=20403647 --species=fly busco_out/BUSCO_metazoa.fasta/run_metazoa_odb10/blast_output/sequences/scaffold_4.temp
DEBUG:busco.Toolset	cmd call: /kmk/scripts/augustus.2.5.5/bin/augustus --codingseq=1 --proteinprofile=/kmk/databases/metazoa_odb10/prfl/523376at33208a.prfl --predictionStart=13128761 --predictionEnd=13145695 --species=fly busco_out/BUSCO_metazoa.fasta/run_metazoa_odb10/blast_output/sequences/scaffold_9.temp
DEBUG:busco.Toolset	cmd call: /kmk/scripts/augustus.2.5.5/bin/augustus --codingseq=1 --proteinprofile=/kmk/databases/metazoa_odb10/prfl/443305at33208a.prfl --predictionStart=4546464 --predictionEnd=4562468 --species=fly busco_out/BUSCO_metazoa.fasta/run_metazoa_odb10/blast_output/sequences/scaffold_5.temp
DEBUG:busco.Toolset	cmd call: /kmk/scripts/augustus.2.5.5/bin/augustus --codingseq=1 --proteinprofile=/kmk/databases/metazoa_odb10/prfl/404988at33208a.prfl --predictionStart=13207131 --predictionEnd=13221038 --species=fly busco_out/BUSCO_metazoa.fasta/run_metazoa_odb10/blast_output/sequences/scaffold_4.temp
DEBUG:busco.Toolset	cmd call: /kmk/scripts/augustus.2.5.5/bin/augustus --codingseq=1 --proteinprofile=/kmk/databases/metazoa_odb10/prfl/441575at33208a.prfl --predictionStart=16430729 --predictionEnd=16448783 --species=fly busco_out/BUSCO_metazoa.fasta/run_metazoa_odb10/blast_output/sequences/scaffold_5.temp
DEBUG:busco.Toolset	cmd call: /kmk/scripts/augustus.2.5.5/bin/augustus --codingseq=1 --proteinprofile=/kmk/databases/metazoa_odb10/prfl/414579at33208a.prfl --predictionStart=26821953 --predictionEnd=26837670 --species=fly busco_out/BUSCO_metazoa.fasta/run_metazoa_odb10/blast_output/sequences/scaffold_2.temp
DEBUG:busco.Toolset	cmd call: /kmk/scripts/augustus.2.5.5/bin/augustus --codingseq=1 --proteinprofile=/kmk/databases/metazoa_odb10/prfl/414579at33208a.prfl --predictionStart=31421737 --predictionEnd=31434546 --species=fly busco_out/BUSCO_metazoa.fasta/run_metazoa_odb10/blast_output/sequences/scaffold_4.temp
DEBUG:busco.Toolset	cmd call: /kmk/scripts/augustus.2.5.5/bin/augustus --codingseq=1 --proteinprofile=/kmk/databases/metazoa_odb10/prfl/595316at33208a.prfl --predictionStart=13169736 --predictionEnd=13184317 --species=fly busco_out/BUSCO_metazoa.fasta/run_metazoa_odb10/blast_output/sequences/scaffold_2.temp
DEBUG:busco.Toolset	cmd call: /kmk/scripts/augustus.2.5.5/bin/augustus --codingseq=1 --proteinprofile=/kmk/databases/metazoa_odb10/prfl/612760at33208a.prfl --predictionStart=12228760 --predictionEnd=12241014 --species=fly busco_out/BUSCO_metazoa.fasta/run_metazoa_odb10/blast_output/sequences/scaffold_8.temp
DEBUG:busco.Toolset	cmd call: /kmk/scripts/augustus.2.5.5/bin/augustus --codingseq=1 --proteinprofile=/kmk/databases/metazoa_odb10/prfl/494057at33208a.prfl --predictionStart=42596973 --predictionEnd=42610387 --species=fly busco_out/BUSCO_metazoa.fasta/run_metazoa_odb10/blast_output/sequences/scaffold_2.temp
DEBUG:busco.Toolset	cmd call: /kmk/scripts/augustus.2.5.5/bin/augustus --codingseq=1 --proteinprofile=/kmk/databases/metazoa_odb10/prfl/387117at33208a.prfl --predictionStart=5517100 --predictionEnd=5531795 --species=fly busco_out/BUSCO_metazoa.fasta/run_metazoa_odb10/blast_output/sequences/scaffold_8.temp
DEBUG:busco.Toolset	cmd call: /kmk/scripts/augustus.2.5.5/bin/augustus --codingseq=1 --proteinprofile=/kmk/databases/metazoa_odb10/prfl/387117at33208a.prfl --predictionStart=41052766 --predictionEnd=41065716 --species=fly busco_out/BUSCO_metazoa.fasta/run_metazoa_odb10/blast_output/sequences/scaffold_2.temp
DEBUG:busco.Toolset	cmd call: /kmk/scripts/augustus.2.5.5/bin/augustus --codingseq=1 --proteinprofile=/kmk/databases/metazoa_odb10/prfl/515377at33208a.prfl --predictionStart=17586364 --predictionEnd=17598570 --species=fly busco_out/BUSCO_metazoa.fasta/run_metazoa_odb10/blast_output/sequences/scaffold_2.temp
DEBUG:busco.Toolset	cmd call: /kmk/scripts/augustus.2.5.5/bin/augustus --codingseq=1 --proteinprofile=/kmk/databases/metazoa_odb10/prfl/359075at33208a.prfl --predictionStart=10207144 --predictionEnd=10223296 --species=fly busco_out/BUSCO_metazoa.fasta/run_metazoa_odb10/blast_output/sequences/scaffold_7.temp
DEBUG:busco.Toolset	cmd call: /kmk/scripts/augustus.2.5.5/bin/augustus --codingseq=1 --proteinprofile=/kmk/databases/metazoa_odb10/prfl/578726at33208a.prfl --predictionStart=6203755 --predictionEnd=6225980 --species=fly busco_out/BUSCO_metazoa.fasta/run_metazoa_odb10/blast_output/sequences/scaffold_1.temp
DEBUG:busco.Toolset	cmd call: /kmk/scripts/augustus.2.5.5/bin/augustus --codingseq=1 --proteinprofile=/kmk/databases/metazoa_odb10/prfl/195986at33208a.prfl --predictionStart=52764338 --predictionEnd=52783557 --species=fly busco_out/BUSCO_metazoa.fasta/run_metazoa_odb10/blast_output/sequences/scaffold_1.temp
DEBUG:busco.Toolset	cmd call: /kmk/scripts/augustus.2.5.5/bin/augustus --codingseq=1 --proteinprofile=/kmk/databases/metazoa_odb10/prfl/231157at33208a.prfl --predictionStart=10825187 --predictionEnd=10845649 --species=fly busco_out/BUSCO_metazoa.fasta/run_metazoa_odb10/blast_output/sequences/scaffold_1.temp
DEBUG:busco.Toolset	cmd call: /kmk/scripts/augustus.2.5.5/bin/augustus --codingseq=1 --proteinprofile=/kmk/databases/metazoa_odb10/prfl/596973at33208a.prfl --predictionStart=29490104 --predictionEnd=29502712 --species=fly busco_out/BUSCO_metazoa.fasta/run_metazoa_odb10/blast_output/sequences/scaffold_1.temp
DEBUG:busco.Toolset	cmd call: /kmk/scripts/augustus.2.5.5/bin/augustus --codingseq=1 --proteinprofile=/kmk/databases/metazoa_odb10/prfl/500261at33208a.prfl --predictionStart=28653696 --predictionEnd=28704188 --species=fly busco_out/BUSCO_metazoa.fasta/run_metazoa_odb10/blast_output/sequences/scaffold_3.temp
DEBUG:busco.Toolset	cmd call: /kmk/scripts/augustus.2.5.5/bin/augustus --codingseq=1 --proteinprofile=/kmk/databases/metazoa_odb10/prfl/279631at33208a.prfl --predictionStart=4948208 --predictionEnd=4968738 --species=fly busco_out/BUSCO_metazoa.fasta/run_metazoa_odb10/blast_output/sequences/scaffold_9.temp
DEBUG:busco.Toolset	cmd call: /kmk/scripts/augustus.2.5.5/bin/augustus --codingseq=1 --proteinprofile=/kmk/databases/metazoa_odb10/prfl/601886at33208a.prfl --predictionStart=8328884 --predictionEnd=8342945 --species=fly busco_out/BUSCO_metazoa.fasta/run_metazoa_odb10/blast_output/sequences/scaffold_2.temp
DEBUG:busco.Toolset	cmd call: /kmk/scripts/augustus.2.5.5/bin/augustus --codingseq=1 --proteinprofile=/kmk/databases/metazoa_odb10/prfl/442203at33208a.prfl --predictionStart=12990632 --predictionEnd=13005440 --species=fly busco_out/BUSCO_metazoa.fasta/run_metazoa_odb10/blast_output/sequences/scaffold_7.temp
DEBUG:busco.Toolset	cmd call: /kmk/scripts/augustus.2.5.5/bin/augustus --codingseq=1 --proteinprofile=/kmk/databases/metazoa_odb10/prfl/182834at33208a.prfl --predictionStart=3791265 --predictionEnd=3810977 --species=fly busco_out/BUSCO_metazoa.fasta/run_metazoa_odb10/blast_output/sequences/scaffold_3.temp
DEBUG:busco.Toolset	cmd call: /kmk/scripts/augustus.2.5.5/bin/augustus --codingseq=1 --proteinprofile=/kmk/databases/metazoa_odb10/prfl/625769at33208a.prfl --predictionStart=52210290 --predictionEnd=52223218 --species=fly busco_out/BUSCO_metazoa.fasta/run_metazoa_odb10/blast_output/sequences/scaffold_1.temp
DEBUG:busco.Toolset	cmd call: /kmk/scripts/augustus.2.5.5/bin/augustus --codingseq=1 --proteinprofile=/kmk/databases/metazoa_odb10/prfl/395556at33208a.prfl --predictionStart=14411859 --predictionEnd=14424935 --species=fly busco_out/BUSCO_metazoa.fasta/run_metazoa_odb10/blast_output/sequences/scaffold_6.temp
DEBUG:busco.Toolset	cmd call: /kmk/scripts/augustus.2.5.5/bin/augustus --codingseq=1 --proteinprofile=/kmk/databases/metazoa_odb10/prfl/308610at33208a.prfl --predictionStart=6192327 --predictionEnd=6207472 --species=fly busco_out/BUSCO_metazoa.fasta/run_metazoa_odb10/blast_output/sequences/scaffold_5.temp
DEBUG:busco.Toolset	cmd call: /kmk/scripts/augustus.2.5.5/bin/augustus --codingseq=1 --proteinprofile=/kmk/databases/metazoa_odb10/prfl/244863at33208a.prfl --predictionStart=8215861 --predictionEnd=8234518 --species=fly busco_out/BUSCO_metazoa.fasta/run_metazoa_odb10/blast_output/sequences/scaffold_1.temp
DEBUG:busco.Toolset	cmd call: /kmk/scripts/augustus.2.5.5/bin/augustus --codingseq=1 --proteinprofile=/kmk/databases/metazoa_odb10/prfl/223234at33208a.prfl --predictionStart=20830012 --predictionEnd=20844087 --species=fly busco_out/BUSCO_metazoa.fasta/run_metazoa_odb10/blast_output/sequences/scaffold_3.temp
DEBUG:busco.Toolset	cmd call: /kmk/scripts/augustus.2.5.5/bin/augustus --codingseq=1 --proteinprofile=/kmk/databases/metazoa_odb10/prfl/489359at33208a.prfl --predictionStart=26615621 --predictionEnd=26629259 --species=fly busco_out/BUSCO_metazoa.fasta/run_metazoa_odb10/blast_output/sequences/scaffold_3.temp
DEBUG:busco.Toolset	cmd call: /kmk/scripts/augustus.2.5.5/bin/augustus --codingseq=1 --proteinprofile=/kmk/databases/metazoa_odb10/prfl/565053at33208a.prfl --predictionStart=7322403 --predictionEnd=7338165 --species=fly busco_out/BUSCO_metazoa.fasta/run_metazoa_odb10/blast_output/sequences/scaffold_5.temp
DEBUG:busco.Toolset	cmd call: /kmk/scripts/augustus.2.5.5/bin/augustus --codingseq=1 --proteinprofile=/kmk/databases/metazoa_odb10/prfl/344611at33208a.prfl --predictionStart=22088100 --predictionEnd=22101084 --species=fly busco_out/BUSCO_metazoa.fasta/run_metazoa_odb10/blast_output/sequences/scaffold_2.temp
DEBUG:busco.Toolset	cmd call: /kmk/scripts/augustus.2.5.5/bin/augustus --codingseq=1 --proteinprofile=/kmk/databases/metazoa_odb10/prfl/411755at33208a.prfl --predictionStart=19138446 --predictionEnd=19151787 --species=fly busco_out/BUSCO_metazoa.fasta/run_metazoa_odb10/blast_output/sequences/scaffold_9.temp
DEBUG:busco.Toolset	cmd call: /kmk/scripts/augustus.2.5.5/bin/augustus --codingseq=1 --proteinprofile=/kmk/databases/metazoa_odb10/prfl/572434at33208a.prfl --predictionStart=55876791 --predictionEnd=55910410 --species=fly busco_out/BUSCO_metazoa.fasta/run_metazoa_odb10/blast_output/sequences/scaffold_1.temp
DEBUG:busco.Toolset	cmd call: /kmk/scripts/augustus.2.5.5/bin/augustus --codingseq=1 --proteinprofile=/kmk/databases/metazoa_odb10/prfl/477998at33208a.prfl --predictionStart=7147219 --predictionEnd=7160121 --species=fly busco_out/BUSCO_metazoa.fasta/run_metazoa_odb10/blast_output/sequences/scaffold_1.temp
DEBUG:busco.Toolset	cmd call: /kmk/scripts/augustus.2.5.5/bin/augustus --codingseq=1 --proteinprofile=/kmk/databases/metazoa_odb10/prfl/535664at33208a.prfl --predictionStart=31293204 --predictionEnd=31305428 --species=fly busco_out/BUSCO_metazoa.fasta/run_metazoa_odb10/blast_output/sequences/scaffold_3.temp
DEBUG:busco.Toolset	cmd call: /kmk/scripts/augustus.2.5.5/bin/augustus --codingseq=1 --proteinprofile=/kmk/databases/metazoa_odb10/prfl/631811at33208a.prfl --predictionStart=14601494 --predictionEnd=14613718 --species=fly busco_out/BUSCO_metazoa.fasta/run_metazoa_odb10/blast_output/sequences/scaffold_8.temp
DEBUG:busco.Toolset	cmd call: /kmk/scripts/augustus.2.5.5/bin/augustus --codingseq=1 --proteinprofile=/kmk/databases/metazoa_odb10/prfl/616716at33208a.prfl --predictionStart=37365574 --predictionEnd=37377825 --species=fly busco_out/BUSCO_metazoa.fasta/run_metazoa_odb10/blast_output/sequences/scaffold_2.temp
DEBUG:busco.Toolset	cmd call: /kmk/scripts/augustus.2.5.5/bin/augustus --codingseq=1 --proteinprofile=/kmk/databases/metazoa_odb10/prfl/176247at33208a.prfl --predictionStart=8831113 --predictionEnd=8847835 --species=fly busco_out/BUSCO_metazoa.fasta/run_metazoa_odb10/blast_output/sequences/scaffold_6.temp
DEBUG:busco.Toolset	cmd call: /kmk/scripts/augustus.2.5.5/bin/augustus --codingseq=1 --proteinprofile=/kmk/databases/metazoa_odb10/prfl/509816at33208a.prfl --predictionStart=14193784 --predictionEnd=14207698 --species=fly busco_out/BUSCO_metazoa.fasta/run_metazoa_odb10/blast_output/sequences/scaffold_3.temp
DEBUG:busco.Toolset	cmd call: /kmk/scripts/augustus.2.5.5/bin/augustus --codingseq=1 --proteinprofile=/kmk/databases/metazoa_odb10/prfl/391896at33208a.prfl --predictionStart=3269493 --predictionEnd=3284596 --species=fly busco_out/BUSCO_metazoa.fasta/run_metazoa_odb10/blast_output/sequences/scaffold_5.temp
DEBUG:busco.Toolset	cmd call: /kmk/scripts/augustus.2.5.5/bin/augustus --codingseq=1 --proteinprofile=/kmk/databases/metazoa_odb10/prfl/226335at33208a.prfl --predictionStart=20897634 --predictionEnd=20916265 --species=fly busco_out/BUSCO_metazoa.fasta/run_metazoa_odb10/blast_output/sequences/scaffold_1.temp
DEBUG:busco.Toolset	cmd call: /kmk/scripts/augustus.2.5.5/bin/augustus --codingseq=1 --proteinprofile=/kmk/databases/metazoa_odb10/prfl/323473at33208a.prfl --predictionStart=7976675 --predictionEnd=7992285 --species=fly busco_out/BUSCO_metazoa.fasta/run_metazoa_odb10/blast_output/sequences/scaffold_3.temp
DEBUG:busco.Toolset	cmd call: /kmk/scripts/augustus.2.5.5/bin/augustus --codingseq=1 --proteinprofile=/kmk/databases/metazoa_odb10/prfl/502691at33208a.prfl --predictionStart=15991068 --predictionEnd=16011115 --species=fly busco_out/BUSCO_metazoa.fasta/run_metazoa_odb10/blast_output/sequences/scaffold_8.temp
DEBUG:busco.Toolset	cmd call: /kmk/scripts/augustus.2.5.5/bin/augustus --codingseq=1 --proteinprofile=/kmk/databases/metazoa_odb10/prfl/620546at33208a.prfl --predictionStart=42744002 --predictionEnd=42757096 --species=fly busco_out/BUSCO_metazoa.fasta/run_metazoa_odb10/blast_output/sequences/scaffold_1.temp
DEBUG:busco.Toolset	cmd call: /kmk/scripts/augustus.2.5.5/bin/augustus --codingseq=1 --proteinprofile=/kmk/databases/metazoa_odb10/prfl/224280at33208a.prfl --predictionStart=4627315 --predictionEnd=4646479 --species=fly busco_out/BUSCO_metazoa.fasta/run_metazoa_odb10/blast_output/sequences/scaffold_6.temp
DEBUG:busco.Toolset	cmd call: /kmk/scripts/augustus.2.5.5/bin/augustus --codingseq=1 --proteinprofile=/kmk/databases/metazoa_odb10/prfl/604943at33208a.prfl --predictionStart=25662414 --predictionEnd=25676082 --species=fly busco_out/BUSCO_metazoa.fasta/run_metazoa_odb10/blast_output/sequences/scaffold_7.temp
DEBUG:busco.Toolset	cmd call: /kmk/scripts/augustus.2.5.5/bin/augustus --codingseq=1 --proteinprofile=/kmk/databases/metazoa_odb10/prfl/598944at33208a.prfl --predictionStart=34164258 --predictionEnd=34178178 --species=fly busco_out/BUSCO_metazoa.fasta/run_metazoa_odb10/blast_output/sequences/scaffold_3.temp
DEBUG:busco.Toolset	cmd call: /kmk/scripts/augustus.2.5.5/bin/augustus --codingseq=1 --proteinprofile=/kmk/databases/metazoa_odb10/prfl/460044at33208a.prfl --predictionStart=18169842 --predictionEnd=18195999 --species=fly busco_out/BUSCO_metazoa.fasta/run_metazoa_odb10/blast_output/sequences/scaffold_8.temp
DEBUG:busco.Toolset	cmd call: /kmk/scripts/augustus.2.5.5/bin/augustus --codingseq=1 --proteinprofile=/kmk/databases/metazoa_odb10/prfl/592872at33208a.prfl --predictionStart=27243008 --predictionEnd=27264388 --species=fly busco_out/BUSCO_metazoa.fasta/run_metazoa_odb10/blast_output/sequences/scaffold_4.temp
DEBUG:busco.Toolset	cmd call: /kmk/scripts/augustus.2.5.5/bin/augustus --codingseq=1 --proteinprofile=/kmk/databases/metazoa_odb10/prfl/412542at33208a.prfl --predictionStart=33216504 --predictionEnd=33232572 --species=fly busco_out/BUSCO_metazoa.fasta/run_metazoa_odb10/blast_output/sequences/scaffold_3.temp
DEBUG:busco.Toolset	cmd call: /kmk/scripts/augustus.2.5.5/bin/augustus --codingseq=1 --proteinprofile=/kmk/databases/metazoa_odb10/prfl/508188at33208a.prfl --predictionStart=41672860 --predictionEnd=41685725 --species=fly busco_out/BUSCO_metazoa.fasta/run_metazoa_odb10/blast_output/sequences/scaffold_2.temp
DEBUG:busco.Toolset	cmd call: /kmk/scripts/augustus.2.5.5/bin/augustus --codingseq=1 --proteinprofile=/kmk/databases/metazoa_odb10/prfl/412370at33208a.prfl --predictionStart=31958769 --predictionEnd=31973137 --species=fly busco_out/BUSCO_metazoa.fasta/run_metazoa_odb10/blast_output/sequences/scaffold_3.temp
DEBUG:busco.Toolset	cmd call: /kmk/scripts/augustus.2.5.5/bin/augustus --codingseq=1 --proteinprofile=/kmk/databases/metazoa_odb10/prfl/429751at33208a.prfl --predictionStart=1001292 --predictionEnd=1017938 --species=fly busco_out/BUSCO_metazoa.fasta/run_metazoa_odb10/blast_output/sequences/scaffold_8.temp
DEBUG:busco.Toolset	cmd call: /kmk/scripts/augustus.2.5.5/bin/augustus --codingseq=1 --proteinprofile=/kmk/databases/metazoa_odb10/prfl/333062at33208a.prfl --predictionStart=38929963 --predictionEnd=38948904 --species=fly busco_out/BUSCO_metazoa.fasta/run_metazoa_odb10/blast_output/sequences/scaffold_2.temp
DEBUG:busco.Toolset	cmd call: /kmk/scripts/augustus.2.5.5/bin/augustus --codingseq=1 --proteinprofile=/kmk/databases/metazoa_odb10/prfl/534172at33208a.prfl --predictionStart=8611361 --predictionEnd=8625191 --species=fly busco_out/BUSCO_metazoa.fasta/run_metazoa_odb10/blast_output/sequences/scaffold_6.temp
DEBUG:busco.Toolset	cmd call: /kmk/scripts/augustus.2.5.5/bin/augustus --codingseq=1 --proteinprofile=/kmk/databases/metazoa_odb10/prfl/114954at33208a.prfl --predictionStart=16162280 --predictionEnd=16184027 --species=fly busco_out/BUSCO_metazoa.fasta/run_metazoa_odb10/blast_output/sequences/scaffold_8.temp
DEBUG:busco.Toolset	cmd call: /kmk/scripts/augustus.2.5.5/bin/augustus --codingseq=1 --proteinprofile=/kmk/databases/metazoa_odb10/prfl/463071at33208a.prfl --predictionStart=7632193 --predictionEnd=7649174 --species=fly busco_out/BUSCO_metazoa.fasta/run_metazoa_odb10/blast_output/sequences/scaffold_8.temp
DEBUG:busco.Toolset	cmd call: /kmk/scripts/augustus.2.5.5/bin/augustus --codingseq=1 --proteinprofile=/kmk/databases/metazoa_odb10/prfl/284059at33208a.prfl --predictionStart=47126020 --predictionEnd=47143197 --species=fly busco_out/BUSCO_metazoa.fasta/run_metazoa_odb10/blast_output/sequences/scaffold_2.temp
DEBUG:busco.Toolset	cmd call: /kmk/scripts/augustus.2.5.5/bin/augustus --codingseq=1 --proteinprofile=/kmk/databases/metazoa_odb10/prfl/631196at33208a.prfl --predictionStart=18964893 --predictionEnd=18977678 --species=fly busco_out/BUSCO_metazoa.fasta/run_metazoa_odb10/blast_output/sequences/scaffold_1.temp
DEBUG:busco.Toolset	cmd call: /kmk/scripts/augustus.2.5.5/bin/augustus --codingseq=1 --proteinprofile=/kmk/databases/metazoa_odb10/prfl/493148at33208a.prfl --predictionStart=23002012 --predictionEnd=23018193 --species=fly busco_out/BUSCO_metazoa.fasta/run_metazoa_odb10/blast_output/sequences/scaffold_2.temp
DEBUG:busco.Toolset	cmd call: /kmk/scripts/augustus.2.5.5/bin/augustus --codingseq=1 --proteinprofile=/kmk/databases/metazoa_odb10/prfl/560566at33208a.prfl --predictionStart=7770151 --predictionEnd=7782411 --species=fly busco_out/BUSCO_metazoa.fasta/run_metazoa_odb10/blast_output/sequences/scaffold_3.temp
DEBUG:busco.Toolset	cmd call: /kmk/scripts/augustus.2.5.5/bin/augustus --codingseq=1 --proteinprofile=/kmk/databases/metazoa_odb10/prfl/478984at33208a.prfl --predictionStart=25389213 --predictionEnd=25403324 --species=fly busco_out/BUSCO_metazoa.fasta/run_metazoa_odb10/blast_output/sequences/scaffold_6.temp
DEBUG:busco.Toolset	cmd call: /kmk/scripts/augustus.2.5.5/bin/augustus --codingseq=1 --proteinprofile=/kmk/databases/metazoa_odb10/prfl/430701at33208a.prfl --predictionStart=20746402 --predictionEnd=20760349 --species=fly busco_out/BUSCO_metazoa.fasta/run_metazoa_odb10/blast_output/sequences/scaffold_4.temp
DEBUG:busco.Toolset	cmd call: /kmk/scripts/augustus.2.5.5/bin/augustus --codingseq=1 --proteinprofile=/kmk/databases/metazoa_odb10/prfl/302279at33208a.prfl --predictionStart=4903802 --predictionEnd=4936834 --species=fly busco_out/BUSCO_metazoa.fasta/run_metazoa_odb10/blast_output/sequences/scaffold_6.temp
DEBUG:busco.Toolset	cmd call: /kmk/scripts/augustus.2.5.5/bin/augustus --codingseq=1 --proteinprofile=/kmk/databases/metazoa_odb10/prfl/398607at33208a.prfl --predictionStart=2320949 --predictionEnd=2337089 --species=fly busco_out/BUSCO_metazoa.fasta/run_metazoa_odb10/blast_output/sequences/scaffold_7.temp
DEBUG:busco.Toolset	cmd call: /kmk/scripts/augustus.2.5.5/bin/augustus --codingseq=1 --proteinprofile=/kmk/databases/metazoa_odb10/prfl/458807at33208a.prfl --predictionStart=10395771 --predictionEnd=10411553 --species=fly busco_out/BUSCO_metazoa.fasta/run_metazoa_odb10/blast_output/sequences/scaffold_2.temp
INFO:busco.Toolset	[augustus]	96 of 956 task(s) completed
DEBUG:busco.Toolset	cmd call: /kmk/scripts/augustus.2.5.5/bin/augustus --codingseq=1 --proteinprofile=/kmk/databases/metazoa_odb10/prfl/594842at33208a.prfl --predictionStart=8571090 --predictionEnd=8583884 --species=fly busco_out/BUSCO_metazoa.fasta/run_metazoa_odb10/blast_output/sequences/scaffold_8.temp
DEBUG:busco.Toolset	cmd call: /kmk/scripts/augustus.2.5.5/bin/augustus --codingseq=1 --proteinprofile=/kmk/databases/metazoa_odb10/prfl/594172at33208a.prfl --predictionStart=23970725 --predictionEnd=23983376 --species=fly busco_out/BUSCO_metazoa.fasta/run_metazoa_odb10/blast_output/sequences/scaffold_5.temp
DEBUG:busco.Toolset	cmd call: /kmk/scripts/augustus.2.5.5/bin/augustus --codingseq=1 --proteinprofile=/kmk/databases/metazoa_odb10/prfl/548327at33208a.prfl --predictionStart=14960899 --predictionEnd=14974021 --species=fly busco_out/BUSCO_metazoa.fasta/run_metazoa_odb10/blast_output/sequences/scaffold_4.temp
DEBUG:busco.Toolset	cmd call: /kmk/scripts/augustus.2.5.5/bin/augustus --codingseq=1 --proteinprofile=/kmk/databases/metazoa_odb10/prfl/620753at33208a.prfl --predictionStart=8314692 --predictionEnd=8327732 --species=fly busco_out/BUSCO_metazoa.fasta/run_metazoa_odb10/blast_output/sequences/scaffold_8.temp
DEBUG:busco.Toolset	cmd call: /kmk/scripts/augustus.2.5.5/bin/augustus --codingseq=1 --proteinprofile=/kmk/databases/metazoa_odb10/prfl/543124at33208a.prfl --predictionStart=4041171 --predictionEnd=4058654 --species=fly busco_out/BUSCO_metazoa.fasta/run_metazoa_odb10/blast_output/sequences/scaffold_8.temp
DEBUG:busco.Toolset	cmd call: /kmk/scripts/augustus.2.5.5/bin/augustus --codingseq=1 --proteinprofile=/kmk/databases/metazoa_odb10/prfl/546751at33208a.prfl --predictionStart=7474261 --predictionEnd=7488521 --species=fly busco_out/BUSCO_metazoa.fasta/run_metazoa_odb10/blast_output/sequences/scaffold_2.temp
DEBUG:busco.Toolset	cmd call: /kmk/scripts/augustus.2.5.5/bin/augustus --codingseq=1 --proteinprofile=/kmk/databases/metazoa_odb10/prfl/295775at33208a.prfl --predictionStart=698877 --predictionEnd=714650 --species=fly busco_out/BUSCO_metazoa.fasta/run_metazoa_odb10/blast_output/sequences/scaffold_6.temp
DEBUG:busco.Toolset	cmd call: /kmk/scripts/augustus.2.5.5/bin/augustus --codingseq=1 --proteinprofile=/kmk/databases/metazoa_odb10/prfl/325183at33208a.prfl --predictionStart=12950636 --predictionEnd=12967384 --species=fly busco_out/BUSCO_metazoa.fasta/run_metazoa_odb10/blast_output/sequences/scaffold_5.temp
DEBUG:busco.Toolset	cmd call: /kmk/scripts/augustus.2.5.5/bin/augustus --codingseq=1 --proteinprofile=/kmk/databases/metazoa_odb10/prfl/515058at33208a.prfl --predictionStart=38873124 --predictionEnd=38896199 --species=fly busco_out/BUSCO_metazoa.fasta/run_metazoa_odb10/blast_output/sequences/scaffold_1.temp
DEBUG:busco.Toolset	cmd call: /kmk/scripts/augustus.2.5.5/bin/augustus --codingseq=1 --proteinprofile=/kmk/databases/metazoa_odb10/prfl/572754at33208a.prfl --predictionStart=45249226 --predictionEnd=45264160 --species=fly busco_out/BUSCO_metazoa.fasta/run_metazoa_odb10/blast_output/sequences/scaffold_1.temp
DEBUG:busco.Toolset	cmd call: /kmk/scripts/augustus.2.5.5/bin/augustus --codingseq=1 --proteinprofile=/kmk/databases/metazoa_odb10/prfl/556337at33208a.prfl --predictionStart=8810883 --predictionEnd=8824088 --species=fly busco_out/BUSCO_metazoa.fasta/run_metazoa_odb10/blast_output/sequences/scaffold_2.temp
DEBUG:busco.Toolset	cmd call: /kmk/scripts/augustus.2.5.5/bin/augustus --codingseq=1 --proteinprofile=/kmk/databases/metazoa_odb10/prfl/486743at33208a.prfl --predictionStart=55172672 --predictionEnd=55185361 --species=fly busco_out/BUSCO_metazoa.fasta/run_metazoa_odb10/blast_output/sequences/scaffold_1.temp
DEBUG:busco.Toolset	cmd call: /kmk/scripts/augustus.2.5.5/bin/augustus --codingseq=1 --proteinprofile=/kmk/databases/metazoa_odb10/prfl/414603at33208a.prfl --predictionStart=22376005 --predictionEnd=22408488 --species=fly busco_out/BUSCO_metazoa.fasta/run_metazoa_odb10/blast_output/sequences/scaffold_6.temp
DEBUG:busco.Toolset	cmd call: /kmk/scripts/augustus.2.5.5/bin/augustus --codingseq=1 --proteinprofile=/kmk/databases/metazoa_odb10/prfl/529092at33208a.prfl --predictionStart=3086270 --predictionEnd=3098557 --species=fly busco_out/BUSCO_metazoa.fasta/run_metazoa_odb10/blast_output/sequences/scaffold_1.temp
DEBUG:busco.Toolset	cmd call: /kmk/scripts/augustus.2.5.5/bin/augustus --codingseq=1 --proteinprofile=/kmk/databases/metazoa_odb10/prfl/412930at33208a.prfl --predictionStart=12284938 --predictionEnd=12306188 --species=fly busco_out/BUSCO_metazoa.fasta/run_metazoa_odb10/blast_output/sequences/scaffold_9.temp
DEBUG:busco.Toolset	cmd call: /kmk/scripts/augustus.2.5.5/bin/augustus --codingseq=1 --proteinprofile=/kmk/databases/metazoa_odb10/prfl/396237at33208a.prfl --predictionStart=9407674 --predictionEnd=9422388 --species=fly busco_out/BUSCO_metazoa.fasta/run_metazoa_odb10/blast_output/sequences/scaffold_2.temp
DEBUG:busco.Toolset	cmd call: /kmk/scripts/augustus.2.5.5/bin/augustus --codingseq=1 --proteinprofile=/kmk/databases/metazoa_odb10/prfl/483489at33208a.prfl --predictionStart=18868877 --predictionEnd=18884151 --species=fly busco_out/BUSCO_metazoa.fasta/run_metazoa_odb10/blast_output/sequences/scaffold_2.temp
DEBUG:busco.Toolset	cmd call: /kmk/scripts/augustus.2.5.5/bin/augustus --codingseq=1 --proteinprofile=/kmk/databases/metazoa_odb10/prfl/632234at33208a.prfl --predictionStart=3174386 --predictionEnd=3188421 --species=fly busco_out/BUSCO_metazoa.fasta/run_metazoa_odb10/blast_output/sequences/scaffold_7.temp
DEBUG:busco.Toolset	cmd call: /kmk/scripts/augustus.2.5.5/bin/augustus --codingseq=1 --proteinprofile=/kmk/databases/metazoa_odb10/prfl/491289at33208a.prfl --predictionStart=7500598 --predictionEnd=7517040 --species=fly busco_out/BUSCO_metazoa.fasta/run_metazoa_odb10/blast_output/sequences/scaffold_2.temp
DEBUG:busco.Toolset	cmd call: /kmk/scripts/augustus.2.5.5/bin/augustus --codingseq=1 --proteinprofile=/kmk/databases/metazoa_odb10/prfl/216257at33208a.prfl --predictionStart=26716284 --predictionEnd=26733193 --species=fly busco_out/BUSCO_metazoa.fasta/run_metazoa_odb10/blast_output/sequences/scaffold_1.temp
DEBUG:busco.Toolset	cmd call: /kmk/scripts/augustus.2.5.5/bin/augustus --codingseq=1 --proteinprofile=/kmk/databases/metazoa_odb10/prfl/587688at33208a.prfl --predictionStart=21430916 --predictionEnd=21443137 --species=fly busco_out/BUSCO_metazoa.fasta/run_metazoa_odb10/blast_output/sequences/scaffold_1.temp
DEBUG:busco.Toolset	cmd call: /kmk/scripts/augustus.2.5.5/bin/augustus --codingseq=1 --proteinprofile=/kmk/databases/metazoa_odb10/prfl/570717at33208a.prfl --predictionStart=5373306 --predictionEnd=5386474 --species=fly busco_out/BUSCO_metazoa.fasta/run_metazoa_odb10/blast_output/sequences/scaffold_2.temp
DEBUG:busco.Toolset	cmd call: /kmk/scripts/augustus.2.5.5/bin/augustus --codingseq=1 --proteinprofile=/kmk/databases/metazoa_odb10/prfl/464312at33208a.prfl --predictionStart=47554817 --predictionEnd=47570824 --species=fly busco_out/BUSCO_metazoa.fasta/run_metazoa_odb10/blast_output/sequences/scaffold_1.temp
DEBUG:busco.Toolset	cmd call: /kmk/scripts/augustus.2.5.5/bin/augustus --codingseq=1 --proteinprofile=/kmk/databases/metazoa_odb10/prfl/446031at33208a.prfl --predictionStart=20712550 --predictionEnd=20725987 --species=fly busco_out/BUSCO_metazoa.fasta/run_metazoa_odb10/blast_output/sequences/scaffold_2.temp
DEBUG:busco.Toolset	cmd call: /kmk/scripts/augustus.2.5.5/bin/augustus --codingseq=1 --proteinprofile=/kmk/databases/metazoa_odb10/prfl/359324at33208a.prfl --predictionStart=18956005 --predictionEnd=18972836 --species=fly busco_out/BUSCO_metazoa.fasta/run_metazoa_odb10/blast_output/sequences/scaffold_3.temp
DEBUG:busco.Toolset	cmd call: /kmk/scripts/augustus.2.5.5/bin/augustus --codingseq=1 --proteinprofile=/kmk/databases/metazoa_odb10/prfl/518635at33208a.prfl --predictionStart=2398260 --predictionEnd=2416841 --species=fly busco_out/BUSCO_metazoa.fasta/run_metazoa_odb10/blast_output/sequences/scaffold_4.temp
DEBUG:busco.Toolset	cmd call: /kmk/scripts/augustus.2.5.5/bin/augustus --codingseq=1 --proteinprofile=/kmk/databases/metazoa_odb10/prfl/207599at33208a.prfl --predictionStart=9152155 --predictionEnd=9167177 --species=fly busco_out/BUSCO_metazoa.fasta/run_metazoa_odb10/blast_output/sequences/scaffold_4.temp
DEBUG:busco.Toolset	cmd call: /kmk/scripts/augustus.2.5.5/bin/augustus --codingseq=1 --proteinprofile=/kmk/databases/metazoa_odb10/prfl/577339at33208a.prfl --predictionStart=9645484 --predictionEnd=9657756 --species=fly busco_out/BUSCO_metazoa.fasta/run_metazoa_odb10/blast_output/sequences/scaffold_3.temp
DEBUG:busco.Toolset	cmd call: /kmk/scripts/augustus.2.5.5/bin/augustus --codingseq=1 --proteinprofile=/kmk/databases/metazoa_odb10/prfl/585232at33208a.prfl --predictionStart=48470516 --predictionEnd=48483529 --species=fly busco_out/BUSCO_metazoa.fasta/run_metazoa_odb10/blast_output/sequences/scaffold_1.temp
DEBUG:busco.Toolset	cmd call: /kmk/scripts/augustus.2.5.5/bin/augustus --codingseq=1 --proteinprofile=/kmk/databases/metazoa_odb10/prfl/465703at33208a.prfl --predictionStart=22673988 --predictionEnd=22688363 --species=fly busco_out/BUSCO_metazoa.fasta/run_metazoa_odb10/blast_output/sequences/scaffold_2.temp
DEBUG:busco.Toolset	cmd call: /kmk/scripts/augustus.2.5.5/bin/augustus --codingseq=1 --proteinprofile=/kmk/databases/metazoa_odb10/prfl/580062at33208a.prfl --predictionStart=32910890 --predictionEnd=32925113 --species=fly busco_out/BUSCO_metazoa.fasta/run_metazoa_odb10/blast_output/sequences/scaffold_1.temp
DEBUG:busco.Toolset	cmd call: /kmk/scripts/augustus.2.5.5/bin/augustus --codingseq=1 --proteinprofile=/kmk/databases/metazoa_odb10/prfl/13816at33208a.prfl --predictionStart=40430163 --predictionEnd=40467232 --species=fly busco_out/BUSCO_metazoa.fasta/run_metazoa_odb10/blast_output/sequences/scaffold_2.temp
DEBUG:busco.Toolset	cmd call: /kmk/scripts/augustus.2.5.5/bin/augustus --codingseq=1 --proteinprofile=/kmk/databases/metazoa_odb10/prfl/202545at33208a.prfl --predictionStart=13717367 --predictionEnd=13734864 --species=fly busco_out/BUSCO_metazoa.fasta/run_metazoa_odb10/blast_output/sequences/scaffold_2.temp
DEBUG:busco.Toolset	cmd call: /kmk/scripts/augustus.2.5.5/bin/augustus --codingseq=1 --proteinprofile=/kmk/databases/metazoa_odb10/prfl/538442at33208a.prfl --predictionStart=3082385 --predictionEnd=3094615 --species=fly busco_out/BUSCO_metazoa.fasta/run_metazoa_odb10/blast_output/sequences/scaffold_6.temp
DEBUG:busco.Toolset	cmd call: /kmk/scripts/augustus.2.5.5/bin/augustus --codingseq=1 --proteinprofile=/kmk/databases/metazoa_odb10/prfl/511272at33208a.prfl --predictionStart=267882 --predictionEnd=281871 --species=fly busco_out/BUSCO_metazoa.fasta/run_metazoa_odb10/blast_output/sequences/scaffold_2.temp
DEBUG:busco.Toolset	cmd call: /kmk/scripts/augustus.2.5.5/bin/augustus --codingseq=1 --proteinprofile=/kmk/databases/metazoa_odb10/prfl/107151at33208a.prfl --predictionStart=33676723 --predictionEnd=33703815 --species=fly busco_out/BUSCO_metazoa.fasta/run_metazoa_odb10/blast_output/sequences/scaffold_2.temp
DEBUG:busco.Toolset	cmd call: /kmk/scripts/augustus.2.5.5/bin/augustus --codingseq=1 --proteinprofile=/kmk/databases/metazoa_odb10/prfl/419914at33208a.prfl --predictionStart=15865679 --predictionEnd=15884782 --species=fly busco_out/BUSCO_metazoa.fasta/run_metazoa_odb10/blast_output/sequences/scaffold_9.temp
DEBUG:busco.Toolset	cmd call: /kmk/scripts/augustus.2.5.5/bin/augustus --codingseq=1 --proteinprofile=/kmk/databases/metazoa_odb10/prfl/419914at33208a.prfl --predictionStart=31421722 --predictionEnd=31434483 --species=fly busco_out/BUSCO_metazoa.fasta/run_metazoa_odb10/blast_output/sequences/scaffold_4.temp
DEBUG:busco.Toolset	cmd call: /kmk/scripts/augustus.2.5.5/bin/augustus --codingseq=1 --proteinprofile=/kmk/databases/metazoa_odb10/prfl/390192at33208a.prfl --predictionStart=32227815 --predictionEnd=32241702 --species=fly busco_out/BUSCO_metazoa.fasta/run_metazoa_odb10/blast_output/sequences/scaffold_2.temp
DEBUG:busco.Toolset	cmd call: /kmk/scripts/augustus.2.5.5/bin/augustus --codingseq=1 --proteinprofile=/kmk/databases/metazoa_odb10/prfl/572463at33208a.prfl --predictionStart=32833633 --predictionEnd=32854186 --species=fly busco_out/BUSCO_metazoa.fasta/run_metazoa_odb10/blast_output/sequences/scaffold_1.temp
DEBUG:busco.Toolset	cmd call: /kmk/scripts/augustus.2.5.5/bin/augustus --codingseq=1 --proteinprofile=/kmk/databases/metazoa_odb10/prfl/608011at33208a.prfl --predictionStart=34867006 --predictionEnd=34879715 --species=fly busco_out/BUSCO_metazoa.fasta/run_metazoa_odb10/blast_output/sequences/scaffold_3.temp
DEBUG:busco.Toolset	cmd call: /kmk/scripts/augustus.2.5.5/bin/augustus --codingseq=1 --proteinprofile=/kmk/databases/metazoa_odb10/prfl/608011at33208a.prfl --predictionStart=30835013 --predictionEnd=30847351 --species=fly busco_out/BUSCO_metazoa.fasta/run_metazoa_odb10/blast_output/sequences/scaffold_1.temp
DEBUG:busco.Toolset	cmd call: /kmk/scripts/augustus.2.5.5/bin/augustus --codingseq=1 --proteinprofile=/kmk/databases/metazoa_odb10/prfl/334272at33208a.prfl --predictionStart=11614673 --predictionEnd=11639226 --species=fly busco_out/BUSCO_metazoa.fasta/run_metazoa_odb10/blast_output/sequences/scaffold_1.temp
DEBUG:busco.Toolset	cmd call: /kmk/scripts/augustus.2.5.5/bin/augustus --codingseq=1 --proteinprofile=/kmk/databases/metazoa_odb10/prfl/365323at33208a.prfl --predictionStart=3150821 --predictionEnd=3168027 --species=fly busco_out/BUSCO_metazoa.fasta/run_metazoa_odb10/blast_output/sequences/scaffold_1.temp
DEBUG:busco.Toolset	cmd call: /kmk/scripts/augustus.2.5.5/bin/augustus --codingseq=1 --proteinprofile=/kmk/databases/metazoa_odb10/prfl/365323at33208a.prfl --predictionStart=31421701 --predictionEnd=31434507 --species=fly busco_out/BUSCO_metazoa.fasta/run_metazoa_odb10/blast_output/sequences/scaffold_4.temp
DEBUG:busco.Toolset	cmd call: /kmk/scripts/augustus.2.5.5/bin/augustus --codingseq=1 --proteinprofile=/kmk/databases/metazoa_odb10/prfl/519030at33208a.prfl --predictionStart=28671081 --predictionEnd=28685502 --species=fly busco_out/BUSCO_metazoa.fasta/run_metazoa_odb10/blast_output/sequences/scaffold_3.temp
DEBUG:busco.Toolset	cmd call: /kmk/scripts/augustus.2.5.5/bin/augustus --codingseq=1 --proteinprofile=/kmk/databases/metazoa_odb10/prfl/505248at33208a.prfl --predictionStart=6539890 --predictionEnd=6552540 --species=fly busco_out/BUSCO_metazoa.fasta/run_metazoa_odb10/blast_output/sequences/scaffold_4.temp
DEBUG:busco.Toolset	cmd call: /kmk/scripts/augustus.2.5.5/bin/augustus --codingseq=1 --proteinprofile=/kmk/databases/metazoa_odb10/prfl/505248at33208a.prfl --predictionStart=19582751 --predictionEnd=19595338 --species=fly busco_out/BUSCO_metazoa.fasta/run_metazoa_odb10/blast_output/sequences/scaffold_5.temp
DEBUG:busco.Toolset	cmd call: /kmk/scripts/augustus.2.5.5/bin/augustus --codingseq=1 --proteinprofile=/kmk/databases/metazoa_odb10/prfl/346541at33208a.prfl --predictionStart=11017879 --predictionEnd=11042803 --species=fly busco_out/BUSCO_metazoa.fasta/run_metazoa_odb10/blast_output/sequences/scaffold_6.temp
DEBUG:busco.Toolset	cmd call: /kmk/scripts/augustus.2.5.5/bin/augustus --codingseq=1 --proteinprofile=/kmk/databases/metazoa_odb10/prfl/452574at33208a.prfl --predictionStart=13407396 --predictionEnd=13425846 --species=fly busco_out/BUSCO_metazoa.fasta/run_metazoa_odb10/blast_output/sequences/scaffold_4.temp
DEBUG:busco.Toolset	cmd call: /kmk/scripts/augustus.2.5.5/bin/augustus --codingseq=1 --proteinprofile=/kmk/databases/metazoa_odb10/prfl/632472at33208a.prfl --predictionStart=45824483 --predictionEnd=45836689 --species=fly busco_out/BUSCO_metazoa.fasta/run_metazoa_odb10/blast_output/sequences/scaffold_2.temp
DEBUG:busco.Toolset	cmd call: /kmk/scripts/augustus.2.5.5/bin/augustus --codingseq=1 --proteinprofile=/kmk/databases/metazoa_odb10/prfl/418979at33208a.prfl --predictionStart=1520116 --predictionEnd=1536203 --species=fly busco_out/BUSCO_metazoa.fasta/run_metazoa_odb10/blast_output/sequences/scaffold_4.temp
DEBUG:busco.Toolset	cmd call: /kmk/scripts/augustus.2.5.5/bin/augustus --codingseq=1 --proteinprofile=/kmk/databases/metazoa_odb10/prfl/92367at33208a.prfl --predictionStart=7745999 --predictionEnd=7768893 --species=fly busco_out/BUSCO_metazoa.fasta/run_metazoa_odb10/blast_output/sequences/scaffold_9.temp
DEBUG:busco.Toolset	cmd call: /kmk/scripts/augustus.2.5.5/bin/augustus --codingseq=1 --proteinprofile=/kmk/databases/metazoa_odb10/prfl/557834at33208a.prfl --predictionStart=7281056 --predictionEnd=7297829 --species=fly busco_out/BUSCO_metazoa.fasta/run_metazoa_odb10/blast_output/sequences/scaffold_1.temp
DEBUG:busco.Toolset	cmd call: /kmk/scripts/augustus.2.5.5/bin/augustus --codingseq=1 --proteinprofile=/kmk/databases/metazoa_odb10/prfl/585078at33208a.prfl --predictionStart=1118710 --predictionEnd=1130919 --species=fly busco_out/BUSCO_metazoa.fasta/run_metazoa_odb10/blast_output/sequences/scaffold_6.temp
DEBUG:busco.Toolset	cmd call: /kmk/scripts/augustus.2.5.5/bin/augustus --codingseq=1 --proteinprofile=/kmk/databases/metazoa_odb10/prfl/580288at33208a.prfl --predictionStart=27570919 --predictionEnd=27586020 --species=fly busco_out/BUSCO_metazoa.fasta/run_metazoa_odb10/blast_output/sequences/scaffold_4.temp
DEBUG:busco.Toolset	cmd call: /kmk/scripts/augustus.2.5.5/bin/augustus --codingseq=1 --proteinprofile=/kmk/databases/metazoa_odb10/prfl/147873at33208a.prfl --predictionStart=20249772 --predictionEnd=20278292 --species=fly busco_out/BUSCO_metazoa.fasta/run_metazoa_odb10/blast_output/sequences/scaffold_6.temp
DEBUG:busco.Toolset	cmd call: /kmk/scripts/augustus.2.5.5/bin/augustus --codingseq=1 --proteinprofile=/kmk/databases/metazoa_odb10/prfl/331186at33208a.prfl --predictionStart=28033657 --predictionEnd=28047915 --species=fly busco_out/BUSCO_metazoa.fasta/run_metazoa_odb10/blast_output/sequences/scaffold_2.temp
DEBUG:busco.Toolset	cmd call: /kmk/scripts/augustus.2.5.5/bin/augustus --codingseq=1 --proteinprofile=/kmk/databases/metazoa_odb10/prfl/331186at33208a.prfl --predictionStart=51305688 --predictionEnd=51319519 --species=fly busco_out/BUSCO_metazoa.fasta/run_metazoa_odb10/blast_output/sequences/scaffold_1.temp
DEBUG:busco.Toolset	cmd call: /kmk/scripts/augustus.2.5.5/bin/augustus --codingseq=1 --proteinprofile=/kmk/databases/metazoa_odb10/prfl/348544at33208a.prfl --predictionStart=3331902 --predictionEnd=3350434 --species=fly busco_out/BUSCO_metazoa.fasta/run_metazoa_odb10/blast_output/sequences/scaffold_6.temp
DEBUG:busco.Toolset	cmd call: /kmk/scripts/augustus.2.5.5/bin/augustus --codingseq=1 --proteinprofile=/kmk/databases/metazoa_odb10/prfl/433216at33208a.prfl --predictionStart=1309767 --predictionEnd=1324626 --species=fly busco_out/BUSCO_metazoa.fasta/run_metazoa_odb10/blast_output/sequences/scaffold_4.temp
DEBUG:busco.Toolset	cmd call: /kmk/scripts/augustus.2.5.5/bin/augustus --codingseq=1 --proteinprofile=/kmk/databases/metazoa_odb10/prfl/433216at33208a.prfl --predictionStart=20137203 --predictionEnd=20149961 --species=fly busco_out/BUSCO_metazoa.fasta/run_metazoa_odb10/blast_output/sequences/scaffold_6.temp
DEBUG:busco.Toolset	cmd call: /kmk/scripts/augustus.2.5.5/bin/augustus --codingseq=1 --proteinprofile=/kmk/databases/metazoa_odb10/prfl/421396at33208a.prfl --predictionStart=6234207 --predictionEnd=6249327 --species=fly busco_out/BUSCO_metazoa.fasta/run_metazoa_odb10/blast_output/sequences/scaffold_3.temp
DEBUG:busco.Toolset	cmd call: /kmk/scripts/augustus.2.5.5/bin/augustus --codingseq=1 --proteinprofile=/kmk/databases/metazoa_odb10/prfl/184717at33208a.prfl --predictionStart=4694880 --predictionEnd=4714422 --species=fly busco_out/BUSCO_metazoa.fasta/run_metazoa_odb10/blast_output/sequences/scaffold_7.temp
DEBUG:busco.Toolset	cmd call: /kmk/scripts/augustus.2.5.5/bin/augustus --codingseq=1 --proteinprofile=/kmk/databases/metazoa_odb10/prfl/450643at33208a.prfl --predictionStart=14060046 --predictionEnd=14073448 --species=fly busco_out/BUSCO_metazoa.fasta/run_metazoa_odb10/blast_output/sequences/scaffold_1.temp
DEBUG:busco.Toolset	cmd call: /kmk/scripts/augustus.2.5.5/bin/augustus --codingseq=1 --proteinprofile=/kmk/databases/metazoa_odb10/prfl/251076at33208a.prfl --predictionStart=22523866 --predictionEnd=22539513 --species=fly busco_out/BUSCO_metazoa.fasta/run_metazoa_odb10/blast_output/sequences/scaffold_4.temp
DEBUG:busco.Toolset	cmd call: /kmk/scripts/augustus.2.5.5/bin/augustus --codingseq=1 --proteinprofile=/kmk/databases/metazoa_odb10/prfl/360753at33208a.prfl --predictionStart=6291068 --predictionEnd=6304873 --species=fly busco_out/BUSCO_metazoa.fasta/run_metazoa_odb10/blast_output/sequences/scaffold_9.temp
DEBUG:busco.Toolset	cmd call: /kmk/scripts/augustus.2.5.5/bin/augustus --codingseq=1 --proteinprofile=/kmk/databases/metazoa_odb10/prfl/563426at33208a.prfl --predictionStart=27694945 --predictionEnd=27708876 --species=fly busco_out/BUSCO_metazoa.fasta/run_metazoa_odb10/blast_output/sequences/scaffold_4.temp
DEBUG:busco.Toolset	cmd call: /kmk/scripts/augustus.2.5.5/bin/augustus --codingseq=1 --proteinprofile=/kmk/databases/metazoa_odb10/prfl/449189at33208a.prfl --predictionStart=11904271 --predictionEnd=11922201 --species=fly busco_out/BUSCO_metazoa.fasta/run_metazoa_odb10/blast_output/sequences/scaffold_4.temp
DEBUG:busco.Toolset	cmd call: /kmk/scripts/augustus.2.5.5/bin/augustus --codingseq=1 --proteinprofile=/kmk/databases/metazoa_odb10/prfl/495100at33208a.prfl --predictionStart=12873048 --predictionEnd=12889243 --species=fly busco_out/BUSCO_metazoa.fasta/run_metazoa_odb10/blast_output/sequences/scaffold_8.temp
DEBUG:busco.Toolset	cmd call: /kmk/scripts/augustus.2.5.5/bin/augustus --codingseq=1 --proteinprofile=/kmk/databases/metazoa_odb10/prfl/558791at33208a.prfl --predictionStart=20428913 --predictionEnd=20442452 --species=fly busco_out/BUSCO_metazoa.fasta/run_metazoa_odb10/blast_output/sequences/scaffold_4.temp
DEBUG:busco.Toolset	cmd call: /kmk/scripts/augustus.2.5.5/bin/augustus --codingseq=1 --proteinprofile=/kmk/databases/metazoa_odb10/prfl/389570at33208a.prfl --predictionStart=1222369 --predictionEnd=1239914 --species=fly busco_out/BUSCO_metazoa.fasta/run_metazoa_odb10/blast_output/sequences/scaffold_8.temp
DEBUG:busco.Toolset	cmd call: /kmk/scripts/augustus.2.5.5/bin/augustus --codingseq=1 --proteinprofile=/kmk/databases/metazoa_odb10/prfl/524148at33208a.prfl --predictionStart=1035938 --predictionEnd=1048743 --species=fly busco_out/BUSCO_metazoa.fasta/run_metazoa_odb10/blast_output/sequences/scaffold_8.temp
DEBUG:busco.Toolset	cmd call: /kmk/scripts/augustus.2.5.5/bin/augustus --codingseq=1 --proteinprofile=/kmk/databases/metazoa_odb10/prfl/450785at33208a.prfl --predictionStart=20182538 --predictionEnd=20194729 --species=fly busco_out/BUSCO_metazoa.fasta/run_metazoa_odb10/blast_output/sequences/scaffold_8.temp
DEBUG:busco.Toolset	cmd call: /kmk/scripts/augustus.2.5.5/bin/augustus --codingseq=1 --proteinprofile=/kmk/databases/metazoa_odb10/prfl/50756at33208a.prfl --predictionStart=33482184 --predictionEnd=33530322 --species=fly busco_out/BUSCO_metazoa.fasta/run_metazoa_odb10/blast_output/sequences/scaffold_3.temp
DEBUG:busco.Toolset	cmd call: /kmk/scripts/augustus.2.5.5/bin/augustus --codingseq=1 --proteinprofile=/kmk/databases/metazoa_odb10/prfl/438133at33208a.prfl --predictionStart=3752091 --predictionEnd=3768159 --species=fly busco_out/BUSCO_metazoa.fasta/run_metazoa_odb10/blast_output/sequences/scaffold_1.temp
DEBUG:busco.Toolset	cmd call: /kmk/scripts/augustus.2.5.5/bin/augustus --codingseq=1 --proteinprofile=/kmk/databases/metazoa_odb10/prfl/351226at33208a.prfl --predictionStart=20342949 --predictionEnd=20355245 --species=fly busco_out/BUSCO_metazoa.fasta/run_metazoa_odb10/blast_output/sequences/scaffold_6.temp
DEBUG:busco.Toolset	cmd call: /kmk/scripts/augustus.2.5.5/bin/augustus --codingseq=1 --proteinprofile=/kmk/databases/metazoa_odb10/prfl/435678at33208a.prfl --predictionStart=22681317 --predictionEnd=22696532 --species=fly busco_out/BUSCO_metazoa.fasta/run_metazoa_odb10/blast_output/sequences/scaffold_2.temp
DEBUG:busco.Toolset	cmd call: /kmk/scripts/augustus.2.5.5/bin/augustus --codingseq=1 --proteinprofile=/kmk/databases/metazoa_odb10/prfl/549156at33208a.prfl --predictionStart=7032341 --predictionEnd=7047069 --species=fly busco_out/BUSCO_metazoa.fasta/run_metazoa_odb10/blast_output/sequences/scaffold_8.temp
DEBUG:busco.Toolset	cmd call: /kmk/scripts/augustus.2.5.5/bin/augustus --codingseq=1 --proteinprofile=/kmk/databases/metazoa_odb10/prfl/549156at33208a.prfl --predictionStart=8131761 --predictionEnd=8144456 --species=fly busco_out/BUSCO_metazoa.fasta/run_metazoa_odb10/blast_output/sequences/scaffold_2.temp
DEBUG:busco.Toolset	cmd call: /kmk/scripts/augustus.2.5.5/bin/augustus --codingseq=1 --proteinprofile=/kmk/databases/metazoa_odb10/prfl/632566at33208a.prfl --predictionStart=7694434 --predictionEnd=7709026 --species=fly busco_out/BUSCO_metazoa.fasta/run_metazoa_odb10/blast_output/sequences/scaffold_7.temp
DEBUG:busco.Toolset	cmd call: /kmk/scripts/augustus.2.5.5/bin/augustus --codingseq=1 --proteinprofile=/kmk/databases/metazoa_odb10/prfl/257141at33208a.prfl --predictionStart=1890571 --predictionEnd=1905518 --species=fly busco_out/BUSCO_metazoa.fasta/run_metazoa_odb10/blast_output/sequences/scaffold_4.temp
DEBUG:busco.Toolset	cmd call: /kmk/scripts/augustus.2.5.5/bin/augustus --codingseq=1 --proteinprofile=/kmk/databases/metazoa_odb10/prfl/455512at33208a.prfl --predictionStart=23047470 --predictionEnd=23061306 --species=fly busco_out/BUSCO_metazoa.fasta/run_metazoa_odb10/blast_output/sequences/scaffold_6.temp
DEBUG:busco.Toolset	cmd call: /kmk/scripts/augustus.2.5.5/bin/augustus --codingseq=1 --proteinprofile=/kmk/databases/metazoa_odb10/prfl/631662at33208a.prfl --predictionStart=27081156 --predictionEnd=27093951 --species=fly busco_out/BUSCO_metazoa.fasta/run_metazoa_odb10/blast_output/sequences/scaffold_1.temp
DEBUG:busco.Toolset	cmd call: /kmk/scripts/augustus.2.5.5/bin/augustus --codingseq=1 --proteinprofile=/kmk/databases/metazoa_odb10/prfl/537718at33208a.prfl --predictionStart=1827859 --predictionEnd=1842973 --species=fly busco_out/BUSCO_metazoa.fasta/run_metazoa_odb10/blast_output/sequences/scaffold_2.temp
DEBUG:busco.Toolset	cmd call: /kmk/scripts/augustus.2.5.5/bin/augustus --codingseq=1 --proteinprofile=/kmk/databases/metazoa_odb10/prfl/537718at33208a.prfl --predictionStart=31421887 --predictionEnd=31434498 --species=fly busco_out/BUSCO_metazoa.fasta/run_metazoa_odb10/blast_output/sequences/scaffold_4.temp
DEBUG:busco.Toolset	cmd call: /kmk/scripts/augustus.2.5.5/bin/augustus --codingseq=1 --proteinprofile=/kmk/databases/metazoa_odb10/prfl/537718at33208a.prfl --predictionStart=23449708 --predictionEnd=23462070 --species=fly busco_out/BUSCO_metazoa.fasta/run_metazoa_odb10/blast_output/sequences/scaffold_7.temp
DEBUG:busco.Toolset	cmd call: /kmk/scripts/augustus.2.5.5/bin/augustus --codingseq=1 --proteinprofile=/kmk/databases/metazoa_odb10/prfl/371297at33208a.prfl --predictionStart=17613629 --predictionEnd=17634613 --species=fly busco_out/BUSCO_metazoa.fasta/run_metazoa_odb10/blast_output/sequences/scaffold_7.temp
DEBUG:busco.Toolset	cmd call: /kmk/scripts/augustus.2.5.5/bin/augustus --codingseq=1 --proteinprofile=/kmk/databases/metazoa_odb10/prfl/139188at33208a.prfl --predictionStart=19485796 --predictionEnd=19518048 --species=fly busco_out/BUSCO_metazoa.fasta/run_metazoa_odb10/blast_output/sequences/scaffold_8.temp
DEBUG:busco.Toolset	cmd call: /kmk/scripts/augustus.2.5.5/bin/augustus --codingseq=1 --proteinprofile=/kmk/databases/metazoa_odb10/prfl/249486at33208a.prfl --predictionStart=4195769 --predictionEnd=4212022 --species=fly busco_out/BUSCO_metazoa.fasta/run_metazoa_odb10/blast_output/sequences/scaffold_6.temp
DEBUG:busco.Toolset	cmd call: /kmk/scripts/augustus.2.5.5/bin/augustus --codingseq=1 --proteinprofile=/kmk/databases/metazoa_odb10/prfl/393419at33208a.prfl --predictionStart=7960503 --predictionEnd=7982703 --species=fly busco_out/BUSCO_metazoa.fasta/run_metazoa_odb10/blast_output/sequences/scaffold_8.temp
DEBUG:busco.Toolset	cmd call: /kmk/scripts/augustus.2.5.5/bin/augustus --codingseq=1 --proteinprofile=/kmk/databases/metazoa_odb10/prfl/411664at33208a.prfl --predictionStart=5471192 --predictionEnd=5486440 --species=fly busco_out/BUSCO_metazoa.fasta/run_metazoa_odb10/blast_output/sequences/scaffold_6.temp
DEBUG:busco.Toolset	cmd call: /kmk/scripts/augustus.2.5.5/bin/augustus --codingseq=1 --proteinprofile=/kmk/databases/metazoa_odb10/prfl/88053at33208a.prfl --predictionStart=684240 --predictionEnd=708892 --species=fly busco_out/BUSCO_metazoa.fasta/run_metazoa_odb10/blast_output/sequences/scaffold_8.temp
DEBUG:busco.Toolset	cmd call: /kmk/scripts/augustus.2.5.5/bin/augustus --codingseq=1 --proteinprofile=/kmk/databases/metazoa_odb10/prfl/76852at33208a.prfl --predictionStart=3780220 --predictionEnd=3809126 --species=fly busco_out/BUSCO_metazoa.fasta/run_metazoa_odb10/blast_output/sequences/scaffold_8.temp
DEBUG:busco.Toolset	cmd call: /kmk/scripts/augustus.2.5.5/bin/augustus --codingseq=1 --proteinprofile=/kmk/databases/metazoa_odb10/prfl/305260at33208a.prfl --predictionStart=17780955 --predictionEnd=17799412 --species=fly busco_out/BUSCO_metazoa.fasta/run_metazoa_odb10/blast_output/sequences/scaffold_4.temp
DEBUG:busco.Toolset	cmd call: /kmk/scripts/augustus.2.5.5/bin/augustus --codingseq=1 --proteinprofile=/kmk/databases/metazoa_odb10/prfl/582341at33208a.prfl --predictionStart=26151615 --predictionEnd=26168363 --species=fly busco_out/BUSCO_metazoa.fasta/run_metazoa_odb10/blast_output/sequences/scaffold_3.temp
INFO:busco.Toolset	[augustus]	192 of 956 task(s) completed
DEBUG:busco.Toolset	cmd call: /kmk/scripts/augustus.2.5.5/bin/augustus --codingseq=1 --proteinprofile=/kmk/databases/metazoa_odb10/prfl/558385at33208a.prfl --predictionStart=5808189 --predictionEnd=5822183 --species=fly busco_out/BUSCO_metazoa.fasta/run_metazoa_odb10/blast_output/sequences/scaffold_6.temp
DEBUG:busco.Toolset	cmd call: /kmk/scripts/augustus.2.5.5/bin/augustus --codingseq=1 --proteinprofile=/kmk/databases/metazoa_odb10/prfl/279992at33208a.prfl --predictionStart=20207269 --predictionEnd=20231029 --species=fly busco_out/BUSCO_metazoa.fasta/run_metazoa_odb10/blast_output/sequences/scaffold_2.temp
DEBUG:busco.Toolset	cmd call: /kmk/scripts/augustus.2.5.5/bin/augustus --codingseq=1 --proteinprofile=/kmk/databases/metazoa_odb10/prfl/453056at33208a.prfl --predictionStart=16283638 --predictionEnd=16305728 --species=fly busco_out/BUSCO_metazoa.fasta/run_metazoa_odb10/blast_output/sequences/scaffold_5.temp
DEBUG:busco.Toolset	cmd call: /kmk/scripts/augustus.2.5.5/bin/augustus --codingseq=1 --proteinprofile=/kmk/databases/metazoa_odb10/prfl/508986at33208a.prfl --predictionStart=49415662 --predictionEnd=49428272 --species=fly busco_out/BUSCO_metazoa.fasta/run_metazoa_odb10/blast_output/sequences/scaffold_1.temp
DEBUG:busco.Toolset	cmd call: /kmk/scripts/augustus.2.5.5/bin/augustus --codingseq=1 --proteinprofile=/kmk/databases/metazoa_odb10/prfl/613580at33208a.prfl --predictionStart=9595068 --predictionEnd=9608075 --species=fly busco_out/BUSCO_metazoa.fasta/run_metazoa_odb10/blast_output/sequences/scaffold_1.temp
DEBUG:busco.Toolset	cmd call: /kmk/scripts/augustus.2.5.5/bin/augustus --codingseq=1 --proteinprofile=/kmk/databases/metazoa_odb10/prfl/240437at33208a.prfl --predictionStart=297826 --predictionEnd=314084 --species=fly busco_out/BUSCO_metazoa.fasta/run_metazoa_odb10/blast_output/sequences/scaffold_2.temp
DEBUG:busco.Toolset	cmd call: /kmk/scripts/augustus.2.5.5/bin/augustus --codingseq=1 --proteinprofile=/kmk/databases/metazoa_odb10/prfl/437653at33208a.prfl --predictionStart=32723708 --predictionEnd=32736466 --species=fly busco_out/BUSCO_metazoa.fasta/run_metazoa_odb10/blast_output/sequences/scaffold_3.temp
DEBUG:busco.Toolset	cmd call: /kmk/scripts/augustus.2.5.5/bin/augustus --codingseq=1 --proteinprofile=/kmk/databases/metazoa_odb10/prfl/365561at33208a.prfl --predictionStart=13253913 --predictionEnd=13270518 --species=fly busco_out/BUSCO_metazoa.fasta/run_metazoa_odb10/blast_output/sequences/scaffold_6.temp
DEBUG:busco.Toolset	cmd call: /kmk/scripts/augustus.2.5.5/bin/augustus --codingseq=1 --proteinprofile=/kmk/databases/metazoa_odb10/prfl/552764at33208a.prfl --predictionStart=14646454 --predictionEnd=14659014 --species=fly busco_out/BUSCO_metazoa.fasta/run_metazoa_odb10/blast_output/sequences/scaffold_7.temp
DEBUG:busco.Toolset	cmd call: /kmk/scripts/augustus.2.5.5/bin/augustus --codingseq=1 --proteinprofile=/kmk/databases/metazoa_odb10/prfl/552764at33208a.prfl --predictionStart=9754337 --predictionEnd=9766909 --species=fly busco_out/BUSCO_metazoa.fasta/run_metazoa_odb10/blast_output/sequences/scaffold_8.temp
DEBUG:busco.Toolset	cmd call: /kmk/scripts/augustus.2.5.5/bin/augustus --codingseq=1 --proteinprofile=/kmk/databases/metazoa_odb10/prfl/552764at33208a.prfl --predictionStart=29302623 --predictionEnd=29315144 --species=fly busco_out/BUSCO_metazoa.fasta/run_metazoa_odb10/blast_output/sequences/scaffold_3.temp
DEBUG:busco.Toolset	cmd call: /kmk/scripts/augustus.2.5.5/bin/augustus --codingseq=1 --proteinprofile=/kmk/databases/metazoa_odb10/prfl/349064at33208a.prfl --predictionStart=5920835 --predictionEnd=5937028 --species=fly busco_out/BUSCO_metazoa.fasta/run_metazoa_odb10/blast_output/sequences/scaffold_3.temp
DEBUG:busco.Toolset	cmd call: /kmk/scripts/augustus.2.5.5/bin/augustus --codingseq=1 --proteinprofile=/kmk/databases/metazoa_odb10/prfl/45934at33208a.prfl --predictionStart=6597393 --predictionEnd=6623232 --species=fly busco_out/BUSCO_metazoa.fasta/run_metazoa_odb10/blast_output/sequences/scaffold_4.temp
DEBUG:busco.Toolset	cmd call: /kmk/scripts/augustus.2.5.5/bin/augustus --codingseq=1 --proteinprofile=/kmk/databases/metazoa_odb10/prfl/461193at33208a.prfl --predictionStart=1873085 --predictionEnd=1885823 --species=fly busco_out/BUSCO_metazoa.fasta/run_metazoa_odb10/blast_output/sequences/scaffold_4.temp
DEBUG:busco.Toolset	cmd call: /kmk/scripts/augustus.2.5.5/bin/augustus --codingseq=1 --proteinprofile=/kmk/databases/metazoa_odb10/prfl/478073at33208a.prfl --predictionStart=6290269 --predictionEnd=6304903 --species=fly busco_out/BUSCO_metazoa.fasta/run_metazoa_odb10/blast_output/sequences/scaffold_3.temp
DEBUG:busco.Toolset	cmd call: /kmk/scripts/augustus.2.5.5/bin/augustus --codingseq=1 --proteinprofile=/kmk/databases/metazoa_odb10/prfl/353286at33208a.prfl --predictionStart=311171 --predictionEnd=328764 --species=fly busco_out/BUSCO_metazoa.fasta/run_metazoa_odb10/blast_output/sequences/scaffold_4.temp
DEBUG:busco.Toolset	cmd call: /kmk/scripts/augustus.2.5.5/bin/augustus --codingseq=1 --proteinprofile=/kmk/databases/metazoa_odb10/prfl/606748at33208a.prfl --predictionStart=12065647 --predictionEnd=12079740 --species=fly busco_out/BUSCO_metazoa.fasta/run_metazoa_odb10/blast_output/sequences/scaffold_4.temp
DEBUG:busco.Toolset	cmd call: /kmk/scripts/augustus.2.5.5/bin/augustus --codingseq=1 --proteinprofile=/kmk/databases/metazoa_odb10/prfl/560584at33208a.prfl --predictionStart=10128102 --predictionEnd=10140623 --species=fly busco_out/BUSCO_metazoa.fasta/run_metazoa_odb10/blast_output/sequences/scaffold_2.temp
DEBUG:busco.Toolset	cmd call: /kmk/scripts/augustus.2.5.5/bin/augustus --codingseq=1 --proteinprofile=/kmk/databases/metazoa_odb10/prfl/334342at33208a.prfl --predictionStart=25859384 --predictionEnd=25896616 --species=fly busco_out/BUSCO_metazoa.fasta/run_metazoa_odb10/blast_output/sequences/scaffold_1.temp
DEBUG:busco.Toolset	cmd call: /kmk/scripts/augustus.2.5.5/bin/augustus --codingseq=1 --proteinprofile=/kmk/databases/metazoa_odb10/prfl/356175at33208a.prfl --predictionStart=32274817 --predictionEnd=32287155 --species=fly busco_out/BUSCO_metazoa.fasta/run_metazoa_odb10/blast_output/sequences/scaffold_2.temp
DEBUG:busco.Toolset	cmd call: /kmk/scripts/augustus.2.5.5/bin/augustus --codingseq=1 --proteinprofile=/kmk/databases/metazoa_odb10/prfl/378316at33208a.prfl --predictionStart=4547336 --predictionEnd=4564045 --species=fly busco_out/BUSCO_metazoa.fasta/run_metazoa_odb10/blast_output/sequences/scaffold_8.temp
DEBUG:busco.Toolset	cmd call: /kmk/scripts/augustus.2.5.5/bin/augustus --codingseq=1 --proteinprofile=/kmk/databases/metazoa_odb10/prfl/373040at33208a.prfl --predictionStart=14335479 --predictionEnd=14349848 --species=fly busco_out/BUSCO_metazoa.fasta/run_metazoa_odb10/blast_output/sequences/scaffold_4.temp
DEBUG:busco.Toolset	cmd call: /kmk/scripts/augustus.2.5.5/bin/augustus --codingseq=1 --proteinprofile=/kmk/databases/metazoa_odb10/prfl/196950at33208a.prfl --predictionStart=28033627 --predictionEnd=28047918 --species=fly busco_out/BUSCO_metazoa.fasta/run_metazoa_odb10/blast_output/sequences/scaffold_2.temp
DEBUG:busco.Toolset	cmd call: /kmk/scripts/augustus.2.5.5/bin/augustus --codingseq=1 --proteinprofile=/kmk/databases/metazoa_odb10/prfl/523206at33208a.prfl --predictionStart=23792677 --predictionEnd=23808156 --species=fly busco_out/BUSCO_metazoa.fasta/run_metazoa_odb10/blast_output/sequences/scaffold_7.temp
DEBUG:busco.Toolset	cmd call: /kmk/scripts/augustus.2.5.5/bin/augustus --codingseq=1 --proteinprofile=/kmk/databases/metazoa_odb10/prfl/331112at33208a.prfl --predictionStart=20409638 --predictionEnd=20427518 --species=fly busco_out/BUSCO_metazoa.fasta/run_metazoa_odb10/blast_output/sequences/scaffold_9.temp
DEBUG:busco.Toolset	cmd call: /kmk/scripts/augustus.2.5.5/bin/augustus --codingseq=1 --proteinprofile=/kmk/databases/metazoa_odb10/prfl/268134at33208a.prfl --predictionStart=13751112 --predictionEnd=13777654 --species=fly busco_out/BUSCO_metazoa.fasta/run_metazoa_odb10/blast_output/sequences/scaffold_6.temp
DEBUG:busco.Toolset	cmd call: /kmk/scripts/augustus.2.5.5/bin/augustus --codingseq=1 --proteinprofile=/kmk/databases/metazoa_odb10/prfl/615585at33208a.prfl --predictionStart=33175145 --predictionEnd=33187468 --species=fly busco_out/BUSCO_metazoa.fasta/run_metazoa_odb10/blast_output/sequences/scaffold_1.temp
DEBUG:busco.Toolset	cmd call: /kmk/scripts/augustus.2.5.5/bin/augustus --codingseq=1 --proteinprofile=/kmk/databases/metazoa_odb10/prfl/129179at33208a.prfl --predictionStart=18927229 --predictionEnd=18964598 --species=fly busco_out/BUSCO_metazoa.fasta/run_metazoa_odb10/blast_output/sequences/scaffold_6.temp
DEBUG:busco.Toolset	cmd call: /kmk/scripts/augustus.2.5.5/bin/augustus --codingseq=1 --proteinprofile=/kmk/databases/metazoa_odb10/prfl/587399at33208a.prfl --predictionStart=45365526 --predictionEnd=45379661 --species=fly busco_out/BUSCO_metazoa.fasta/run_metazoa_odb10/blast_output/sequences/scaffold_1.temp
DEBUG:busco.Toolset	cmd call: /kmk/scripts/augustus.2.5.5/bin/augustus --codingseq=1 --proteinprofile=/kmk/databases/metazoa_odb10/prfl/304388at33208a.prfl --predictionStart=20177820 --predictionEnd=20227070 --species=fly busco_out/BUSCO_metazoa.fasta/run_metazoa_odb10/blast_output/sequences/scaffold_1.temp
DEBUG:busco.Toolset	cmd call: /kmk/scripts/augustus.2.5.5/bin/augustus --codingseq=1 --proteinprofile=/kmk/databases/metazoa_odb10/prfl/578734at33208a.prfl --predictionStart=16382898 --predictionEnd=16400378 --species=fly busco_out/BUSCO_metazoa.fasta/run_metazoa_odb10/blast_output/sequences/scaffold_6.temp
DEBUG:busco.Toolset	cmd call: /kmk/scripts/augustus.2.5.5/bin/augustus --codingseq=1 --proteinprofile=/kmk/databases/metazoa_odb10/prfl/578734at33208a.prfl --predictionStart=37560683 --predictionEnd=37573240 --species=fly busco_out/BUSCO_metazoa.fasta/run_metazoa_odb10/blast_output/sequences/scaffold_2.temp
DEBUG:busco.Toolset	cmd call: /kmk/scripts/augustus.2.5.5/bin/augustus --codingseq=1 --proteinprofile=/kmk/databases/metazoa_odb10/prfl/578734at33208a.prfl --predictionStart=19824189 --predictionEnd=19836962 --species=fly busco_out/BUSCO_metazoa.fasta/run_metazoa_odb10/blast_output/sequences/scaffold_9.temp
DEBUG:busco.Toolset	cmd call: /kmk/scripts/augustus.2.5.5/bin/augustus --codingseq=1 --proteinprofile=/kmk/databases/metazoa_odb10/prfl/423799at33208a.prfl --predictionStart=30328369 --predictionEnd=30341869 --species=fly busco_out/BUSCO_metazoa.fasta/run_metazoa_odb10/blast_output/sequences/scaffold_2.temp
DEBUG:busco.Toolset	cmd call: /kmk/scripts/augustus.2.5.5/bin/augustus --codingseq=1 --proteinprofile=/kmk/databases/metazoa_odb10/prfl/556189at33208a.prfl --predictionStart=30220163 --predictionEnd=30234613 --species=fly busco_out/BUSCO_metazoa.fasta/run_metazoa_odb10/blast_output/sequences/scaffold_2.temp
DEBUG:busco.Toolset	cmd call: /kmk/scripts/augustus.2.5.5/bin/augustus --codingseq=1 --proteinprofile=/kmk/databases/metazoa_odb10/prfl/245567at33208a.prfl --predictionStart=13918238 --predictionEnd=13935922 --species=fly busco_out/BUSCO_metazoa.fasta/run_metazoa_odb10/blast_output/sequences/scaffold_4.temp
DEBUG:busco.Toolset	cmd call: /kmk/scripts/augustus.2.5.5/bin/augustus --codingseq=1 --proteinprofile=/kmk/databases/metazoa_odb10/prfl/317470at33208a.prfl --predictionStart=5698729 --predictionEnd=5714900 --species=fly busco_out/BUSCO_metazoa.fasta/run_metazoa_odb10/blast_output/sequences/scaffold_3.temp
DEBUG:busco.Toolset	cmd call: /kmk/scripts/augustus.2.5.5/bin/augustus --codingseq=1 --proteinprofile=/kmk/databases/metazoa_odb10/prfl/442169at33208a.prfl --predictionStart=18253433 --predictionEnd=18272546 --species=fly busco_out/BUSCO_metazoa.fasta/run_metazoa_odb10/blast_output/sequences/scaffold_5.temp
DEBUG:busco.Toolset	cmd call: /kmk/scripts/augustus.2.5.5/bin/augustus --codingseq=1 --proteinprofile=/kmk/databases/metazoa_odb10/prfl/285146at33208a.prfl --predictionStart=3111711 --predictionEnd=3128852 --species=fly busco_out/BUSCO_metazoa.fasta/run_metazoa_odb10/blast_output/sequences/scaffold_5.temp
DEBUG:busco.Toolset	cmd call: /kmk/scripts/augustus.2.5.5/bin/augustus --codingseq=1 --proteinprofile=/kmk/databases/metazoa_odb10/prfl/393219at33208a.prfl --predictionStart=39255584 --predictionEnd=39268807 --species=fly busco_out/BUSCO_metazoa.fasta/run_metazoa_odb10/blast_output/sequences/scaffold_1.temp
DEBUG:busco.Toolset	cmd call: /kmk/scripts/augustus.2.5.5/bin/augustus --codingseq=1 --proteinprofile=/kmk/databases/metazoa_odb10/prfl/439736at33208a.prfl --predictionStart=30339650 --predictionEnd=30355274 --species=fly busco_out/BUSCO_metazoa.fasta/run_metazoa_odb10/blast_output/sequences/scaffold_3.temp
DEBUG:busco.Toolset	cmd call: /kmk/scripts/augustus.2.5.5/bin/augustus --codingseq=1 --proteinprofile=/kmk/databases/metazoa_odb10/prfl/439736at33208a.prfl --predictionStart=31421758 --predictionEnd=31434567 --species=fly busco_out/BUSCO_metazoa.fasta/run_metazoa_odb10/blast_output/sequences/scaffold_4.temp
DEBUG:busco.Toolset	cmd call: /kmk/scripts/augustus.2.5.5/bin/augustus --codingseq=1 --proteinprofile=/kmk/databases/metazoa_odb10/prfl/366124at33208a.prfl --predictionStart=19813013 --predictionEnd=19827017 --species=fly busco_out/BUSCO_metazoa.fasta/run_metazoa_odb10/blast_output/sequences/scaffold_2.temp
DEBUG:busco.Toolset	cmd call: /kmk/scripts/augustus.2.5.5/bin/augustus --codingseq=1 --proteinprofile=/kmk/databases/metazoa_odb10/prfl/575360at33208a.prfl --predictionStart=6102595 --predictionEnd=6117297 --species=fly busco_out/BUSCO_metazoa.fasta/run_metazoa_odb10/blast_output/sequences/scaffold_1.temp
DEBUG:busco.Toolset	cmd call: /kmk/scripts/augustus.2.5.5/bin/augustus --codingseq=1 --proteinprofile=/kmk/databases/metazoa_odb10/prfl/496219at33208a.prfl --predictionStart=9478522 --predictionEnd=9510433 --species=fly busco_out/BUSCO_metazoa.fasta/run_metazoa_odb10/blast_output/sequences/scaffold_5.temp
DEBUG:busco.Toolset	cmd call: /kmk/scripts/augustus.2.5.5/bin/augustus --codingseq=1 --proteinprofile=/kmk/databases/metazoa_odb10/prfl/568839at33208a.prfl --predictionStart=11663263 --predictionEnd=11677615 --species=fly busco_out/BUSCO_metazoa.fasta/run_metazoa_odb10/blast_output/sequences/scaffold_7.temp
DEBUG:busco.Toolset	cmd call: /kmk/scripts/augustus.2.5.5/bin/augustus --codingseq=1 --proteinprofile=/kmk/databases/metazoa_odb10/prfl/449139at33208a.prfl --predictionStart=50348349 --predictionEnd=50371310 --species=fly busco_out/BUSCO_metazoa.fasta/run_metazoa_odb10/blast_output/sequences/scaffold_1.temp
DEBUG:busco.Toolset	cmd call: /kmk/scripts/augustus.2.5.5/bin/augustus --codingseq=1 --proteinprofile=/kmk/databases/metazoa_odb10/prfl/251577at33208a.prfl --predictionStart=48269316 --predictionEnd=48283039 --species=fly busco_out/BUSCO_metazoa.fasta/run_metazoa_odb10/blast_output/sequences/scaffold_1.temp
DEBUG:busco.Toolset	cmd call: /kmk/scripts/augustus.2.5.5/bin/augustus --codingseq=1 --proteinprofile=/kmk/databases/metazoa_odb10/prfl/108764at33208a.prfl --predictionStart=1186908 --predictionEnd=1213904 --species=fly busco_out/BUSCO_metazoa.fasta/run_metazoa_odb10/blast_output/sequences/scaffold_2.temp
DEBUG:busco.Toolset	cmd call: /kmk/scripts/augustus.2.5.5/bin/augustus --codingseq=1 --proteinprofile=/kmk/databases/metazoa_odb10/prfl/595404at33208a.prfl --predictionStart=9727546 --predictionEnd=9741108 --species=fly busco_out/BUSCO_metazoa.fasta/run_metazoa_odb10/blast_output/sequences/scaffold_3.temp
DEBUG:busco.Toolset	cmd call: /kmk/scripts/augustus.2.5.5/bin/augustus --codingseq=1 --proteinprofile=/kmk/databases/metazoa_odb10/prfl/557962at33208a.prfl --predictionStart=19538686 --predictionEnd=19553849 --species=fly busco_out/BUSCO_metazoa.fasta/run_metazoa_odb10/blast_output/sequences/scaffold_1.temp
DEBUG:busco.Toolset	cmd call: /kmk/scripts/augustus.2.5.5/bin/augustus --codingseq=1 --proteinprofile=/kmk/databases/metazoa_odb10/prfl/576997at33208a.prfl --predictionStart=53602150 --predictionEnd=53615203 --species=fly busco_out/BUSCO_metazoa.fasta/run_metazoa_odb10/blast_output/sequences/scaffold_1.temp
DEBUG:busco.Toolset	cmd call: /kmk/scripts/augustus.2.5.5/bin/augustus --codingseq=1 --proteinprofile=/kmk/databases/metazoa_odb10/prfl/474387at33208a.prfl --predictionStart=26870868 --predictionEnd=26885823 --species=fly busco_out/BUSCO_metazoa.fasta/run_metazoa_odb10/blast_output/sequences/scaffold_2.temp
DEBUG:busco.Toolset	cmd call: /kmk/scripts/augustus.2.5.5/bin/augustus --codingseq=1 --proteinprofile=/kmk/databases/metazoa_odb10/prfl/285902at33208a.prfl --predictionStart=26886995 --predictionEnd=26902563 --species=fly busco_out/BUSCO_metazoa.fasta/run_metazoa_odb10/blast_output/sequences/scaffold_4.temp
DEBUG:busco.Toolset	cmd call: /kmk/scripts/augustus.2.5.5/bin/augustus --codingseq=1 --proteinprofile=/kmk/databases/metazoa_odb10/prfl/460518at33208a.prfl --predictionStart=3569875 --predictionEnd=3592545 --species=fly busco_out/BUSCO_metazoa.fasta/run_metazoa_odb10/blast_output/sequences/scaffold_1.temp
DEBUG:busco.Toolset	cmd call: /kmk/scripts/augustus.2.5.5/bin/augustus --codingseq=1 --proteinprofile=/kmk/databases/metazoa_odb10/prfl/569812at33208a.prfl --predictionStart=16055665 --predictionEnd=16068610 --species=fly busco_out/BUSCO_metazoa.fasta/run_metazoa_odb10/blast_output/sequences/scaffold_1.temp
DEBUG:busco.Toolset	cmd call: /kmk/scripts/augustus.2.5.5/bin/augustus --codingseq=1 --proteinprofile=/kmk/databases/metazoa_odb10/prfl/464987at33208a.prfl --predictionStart=39772903 --predictionEnd=39787590 --species=fly busco_out/BUSCO_metazoa.fasta/run_metazoa_odb10/blast_output/sequences/scaffold_1.temp
DEBUG:busco.Toolset	cmd call: /kmk/scripts/augustus.2.5.5/bin/augustus --codingseq=1 --proteinprofile=/kmk/databases/metazoa_odb10/prfl/477939at33208a.prfl --predictionStart=1483214 --predictionEnd=1500514 --species=fly busco_out/BUSCO_metazoa.fasta/run_metazoa_odb10/blast_output/sequences/scaffold_4.temp
DEBUG:busco.Toolset	cmd call: /kmk/scripts/augustus.2.5.5/bin/augustus --codingseq=1 --proteinprofile=/kmk/databases/metazoa_odb10/prfl/334331at33208a.prfl --predictionStart=19501468 --predictionEnd=19522067 --species=fly busco_out/BUSCO_metazoa.fasta/run_metazoa_odb10/blast_output/sequences/scaffold_1.temp
DEBUG:busco.Toolset	cmd call: /kmk/scripts/augustus.2.5.5/bin/augustus --codingseq=1 --proteinprofile=/kmk/databases/metazoa_odb10/prfl/349627at33208a.prfl --predictionStart=45240982 --predictionEnd=45257711 --species=fly busco_out/BUSCO_metazoa.fasta/run_metazoa_odb10/blast_output/sequences/scaffold_2.temp
DEBUG:busco.Toolset	cmd call: /kmk/scripts/augustus.2.5.5/bin/augustus --codingseq=1 --proteinprofile=/kmk/databases/metazoa_odb10/prfl/587958at33208a.prfl --predictionStart=46252841 --predictionEnd=46265920 --species=fly busco_out/BUSCO_metazoa.fasta/run_metazoa_odb10/blast_output/sequences/scaffold_2.temp
DEBUG:busco.Toolset	cmd call: /kmk/scripts/augustus.2.5.5/bin/augustus --codingseq=1 --proteinprofile=/kmk/databases/metazoa_odb10/prfl/468631at33208a.prfl --predictionStart=17382051 --predictionEnd=17396063 --species=fly busco_out/BUSCO_metazoa.fasta/run_metazoa_odb10/blast_output/sequences/scaffold_5.temp
DEBUG:busco.Toolset	cmd call: /kmk/scripts/augustus.2.5.5/bin/augustus --codingseq=1 --proteinprofile=/kmk/databases/metazoa_odb10/prfl/578354at33208a.prfl --predictionStart=15636878 --predictionEnd=15649732 --species=fly busco_out/BUSCO_metazoa.fasta/run_metazoa_odb10/blast_output/sequences/scaffold_2.temp
DEBUG:busco.Toolset	cmd call: /kmk/scripts/augustus.2.5.5/bin/augustus --codingseq=1 --proteinprofile=/kmk/databases/metazoa_odb10/prfl/419502at33208a.prfl --predictionStart=40449228 --predictionEnd=40463926 --species=fly busco_out/BUSCO_metazoa.fasta/run_metazoa_odb10/blast_output/sequences/scaffold_1.temp
DEBUG:busco.Toolset	cmd call: /kmk/scripts/augustus.2.5.5/bin/augustus --codingseq=1 --proteinprofile=/kmk/databases/metazoa_odb10/prfl/231700at33208a.prfl --predictionStart=13262342 --predictionEnd=13278346 --species=fly busco_out/BUSCO_metazoa.fasta/run_metazoa_odb10/blast_output/sequences/scaffold_6.temp
DEBUG:busco.Toolset	cmd call: /kmk/scripts/augustus.2.5.5/bin/augustus --codingseq=1 --proteinprofile=/kmk/databases/metazoa_odb10/prfl/359369at33208a.prfl --predictionStart=19152337 --predictionEnd=19169542 --species=fly busco_out/BUSCO_metazoa.fasta/run_metazoa_odb10/blast_output/sequences/scaffold_6.temp
DEBUG:busco.Toolset	cmd call: /kmk/scripts/augustus.2.5.5/bin/augustus --codingseq=1 --proteinprofile=/kmk/databases/metazoa_odb10/prfl/422158at33208a.prfl --predictionStart=12996477 --predictionEnd=13011410 --species=fly busco_out/BUSCO_metazoa.fasta/run_metazoa_odb10/blast_output/sequences/scaffold_4.temp
DEBUG:busco.Toolset	cmd call: /kmk/scripts/augustus.2.5.5/bin/augustus --codingseq=1 --proteinprofile=/kmk/databases/metazoa_odb10/prfl/422158at33208a.prfl --predictionStart=13253027 --predictionEnd=13265812 --species=fly busco_out/BUSCO_metazoa.fasta/run_metazoa_odb10/blast_output/sequences/scaffold_8.temp
DEBUG:busco.Toolset	cmd call: /kmk/scripts/augustus.2.5.5/bin/augustus --codingseq=1 --proteinprofile=/kmk/databases/metazoa_odb10/prfl/323399at33208a.prfl --predictionStart=7965109 --predictionEnd=7979458 --species=fly busco_out/BUSCO_metazoa.fasta/run_metazoa_odb10/blast_output/sequences/scaffold_2.temp
DEBUG:busco.Toolset	cmd call: /kmk/scripts/augustus.2.5.5/bin/augustus --codingseq=1 --proteinprofile=/kmk/databases/metazoa_odb10/prfl/218441at33208a.prfl --predictionStart=4839022 --predictionEnd=4852227 --species=fly busco_out/BUSCO_metazoa.fasta/run_metazoa_odb10/blast_output/sequences/scaffold_6.temp
DEBUG:busco.Toolset	cmd call: /kmk/scripts/augustus.2.5.5/bin/augustus --codingseq=1 --proteinprofile=/kmk/databases/metazoa_odb10/prfl/603370at33208a.prfl --predictionStart=47546051 --predictionEnd=47558797 --species=fly busco_out/BUSCO_metazoa.fasta/run_metazoa_odb10/blast_output/sequences/scaffold_1.temp
DEBUG:busco.Toolset	cmd call: /kmk/scripts/augustus.2.5.5/bin/augustus --codingseq=1 --proteinprofile=/kmk/databases/metazoa_odb10/prfl/563084at33208a.prfl --predictionStart=16471473 --predictionEnd=16484574 --species=fly busco_out/BUSCO_metazoa.fasta/run_metazoa_odb10/blast_output/sequences/scaffold_2.temp
DEBUG:busco.Toolset	cmd call: /kmk/scripts/augustus.2.5.5/bin/augustus --codingseq=1 --proteinprofile=/kmk/databases/metazoa_odb10/prfl/577068at33208a.prfl --predictionStart=10155566 --predictionEnd=10167790 --species=fly busco_out/BUSCO_metazoa.fasta/run_metazoa_odb10/blast_output/sequences/scaffold_3.temp
DEBUG:busco.Toolset	cmd call: /kmk/scripts/augustus.2.5.5/bin/augustus --codingseq=1 --proteinprofile=/kmk/databases/metazoa_odb10/prfl/286553at33208a.prfl --predictionStart=29016782 --predictionEnd=29034850 --species=fly busco_out/BUSCO_metazoa.fasta/run_metazoa_odb10/blast_output/sequences/scaffold_3.temp
DEBUG:busco.Toolset	cmd call: /kmk/scripts/augustus.2.5.5/bin/augustus --codingseq=1 --proteinprofile=/kmk/databases/metazoa_odb10/prfl/559883at33208a.prfl --predictionStart=8739530 --predictionEnd=8755924 --species=fly busco_out/BUSCO_metazoa.fasta/run_metazoa_odb10/blast_output/sequences/scaffold_8.temp
DEBUG:busco.Toolset	cmd call: /kmk/scripts/augustus.2.5.5/bin/augustus --codingseq=1 --proteinprofile=/kmk/databases/metazoa_odb10/prfl/584023at33208a.prfl --predictionStart=8124202 --predictionEnd=8137771 --species=fly busco_out/BUSCO_metazoa.fasta/run_metazoa_odb10/blast_output/sequences/scaffold_4.temp
DEBUG:busco.Toolset	cmd call: /kmk/scripts/augustus.2.5.5/bin/augustus --codingseq=1 --proteinprofile=/kmk/databases/metazoa_odb10/prfl/158845at33208a.prfl --predictionStart=1763392 --predictionEnd=1785457 --species=fly busco_out/BUSCO_metazoa.fasta/run_metazoa_odb10/blast_output/sequences/scaffold_4.temp
DEBUG:busco.Toolset	cmd call: /kmk/scripts/augustus.2.5.5/bin/augustus --codingseq=1 --proteinprofile=/kmk/databases/metazoa_odb10/prfl/318483at33208a.prfl --predictionStart=13069764 --predictionEnd=13084838 --species=fly busco_out/BUSCO_metazoa.fasta/run_metazoa_odb10/blast_output/sequences/scaffold_4.temp
DEBUG:busco.Toolset	cmd call: /kmk/scripts/augustus.2.5.5/bin/augustus --codingseq=1 --proteinprofile=/kmk/databases/metazoa_odb10/prfl/371241at33208a.prfl --predictionStart=12822724 --predictionEnd=12838014 --species=fly busco_out/BUSCO_metazoa.fasta/run_metazoa_odb10/blast_output/sequences/scaffold_6.temp
DEBUG:busco.Toolset	cmd call: /kmk/scripts/augustus.2.5.5/bin/augustus --codingseq=1 --proteinprofile=/kmk/databases/metazoa_odb10/prfl/581717at33208a.prfl --predictionStart=1106838 --predictionEnd=1121222 --species=fly busco_out/BUSCO_metazoa.fasta/run_metazoa_odb10/blast_output/sequences/scaffold_6.temp
DEBUG:busco.Toolset	cmd call: /kmk/scripts/augustus.2.5.5/bin/augustus --codingseq=1 --proteinprofile=/kmk/databases/metazoa_odb10/prfl/360379at33208a.prfl --predictionStart=9365749 --predictionEnd=9379566 --species=fly busco_out/BUSCO_metazoa.fasta/run_metazoa_odb10/blast_output/sequences/scaffold_4.temp
DEBUG:busco.Toolset	cmd call: /kmk/scripts/augustus.2.5.5/bin/augustus --codingseq=1 --proteinprofile=/kmk/databases/metazoa_odb10/prfl/257339at33208a.prfl --predictionStart=15393459 --predictionEnd=15413548 --species=fly busco_out/BUSCO_metazoa.fasta/run_metazoa_odb10/blast_output/sequences/scaffold_5.temp
DEBUG:busco.Toolset	cmd call: /kmk/scripts/augustus.2.5.5/bin/augustus --codingseq=1 --proteinprofile=/kmk/databases/metazoa_odb10/prfl/578959at33208a.prfl --predictionStart=5670351 --predictionEnd=5682755 --species=fly busco_out/BUSCO_metazoa.fasta/run_metazoa_odb10/blast_output/sequences/scaffold_8.temp
DEBUG:busco.Toolset	cmd call: /kmk/scripts/augustus.2.5.5/bin/augustus --codingseq=1 --proteinprofile=/kmk/databases/metazoa_odb10/prfl/598405at33208a.prfl --predictionStart=18251390 --predictionEnd=18263632 --species=fly busco_out/BUSCO_metazoa.fasta/run_metazoa_odb10/blast_output/sequences/scaffold_4.temp
DEBUG:busco.Toolset	cmd call: /kmk/scripts/augustus.2.5.5/bin/augustus --codingseq=1 --proteinprofile=/kmk/databases/metazoa_odb10/prfl/458988at33208a.prfl --predictionStart=17494634 --predictionEnd=17509919 --species=fly busco_out/BUSCO_metazoa.fasta/run_metazoa_odb10/blast_output/sequences/scaffold_8.temp
DEBUG:busco.Toolset	cmd call: /kmk/scripts/augustus.2.5.5/bin/augustus --codingseq=1 --proteinprofile=/kmk/databases/metazoa_odb10/prfl/327301at33208a.prfl --predictionStart=22724035 --predictionEnd=22740728 --species=fly busco_out/BUSCO_metazoa.fasta/run_metazoa_odb10/blast_output/sequences/scaffold_7.temp
DEBUG:busco.Toolset	cmd call: /kmk/scripts/augustus.2.5.5/bin/augustus --codingseq=1 --proteinprofile=/kmk/databases/metazoa_odb10/prfl/327301at33208a.prfl --predictionStart=31421740 --predictionEnd=31434540 --species=fly busco_out/BUSCO_metazoa.fasta/run_metazoa_odb10/blast_output/sequences/scaffold_4.temp
DEBUG:busco.Toolset	cmd call: /kmk/scripts/augustus.2.5.5/bin/augustus --codingseq=1 --proteinprofile=/kmk/databases/metazoa_odb10/prfl/340558at33208a.prfl --predictionStart=14104669 --predictionEnd=14119688 --species=fly busco_out/BUSCO_metazoa.fasta/run_metazoa_odb10/blast_output/sequences/scaffold_2.temp
DEBUG:busco.Toolset	cmd call: /kmk/scripts/augustus.2.5.5/bin/augustus --codingseq=1 --proteinprofile=/kmk/databases/metazoa_odb10/prfl/119252at33208a.prfl --predictionStart=16824160 --predictionEnd=16848144 --species=fly busco_out/BUSCO_metazoa.fasta/run_metazoa_odb10/blast_output/sequences/scaffold_9.temp
DEBUG:busco.Toolset	cmd call: /kmk/scripts/augustus.2.5.5/bin/augustus --codingseq=1 --proteinprofile=/kmk/databases/metazoa_odb10/prfl/318532at33208a.prfl --predictionStart=3240537 --predictionEnd=3256365 --species=fly busco_out/BUSCO_metazoa.fasta/run_metazoa_odb10/blast_output/sequences/scaffold_3.temp
DEBUG:busco.Toolset	cmd call: /kmk/scripts/augustus.2.5.5/bin/augustus --codingseq=1 --proteinprofile=/kmk/databases/metazoa_odb10/prfl/521343at33208a.prfl --predictionStart=9916667 --predictionEnd=9929835 --species=fly busco_out/BUSCO_metazoa.fasta/run_metazoa_odb10/blast_output/sequences/scaffold_5.temp
DEBUG:busco.Toolset	cmd call: /kmk/scripts/augustus.2.5.5/bin/augustus --codingseq=1 --proteinprofile=/kmk/databases/metazoa_odb10/prfl/526673at33208a.prfl --predictionStart=31340129 --predictionEnd=31355212 --species=fly busco_out/BUSCO_metazoa.fasta/run_metazoa_odb10/blast_output/sequences/scaffold_1.temp
DEBUG:busco.Toolset	cmd call: /kmk/scripts/augustus.2.5.5/bin/augustus --codingseq=1 --proteinprofile=/kmk/databases/metazoa_odb10/prfl/235430at33208a.prfl --predictionStart=50025873 --predictionEnd=50046857 --species=fly busco_out/BUSCO_metazoa.fasta/run_metazoa_odb10/blast_output/sequences/scaffold_1.temp
DEBUG:busco.Toolset	cmd call: /kmk/scripts/augustus.2.5.5/bin/augustus --codingseq=1 --proteinprofile=/kmk/databases/metazoa_odb10/prfl/511386at33208a.prfl --predictionStart=47905878 --predictionEnd=47920310 --species=fly busco_out/BUSCO_metazoa.fasta/run_metazoa_odb10/blast_output/sequences/scaffold_2.temp
DEBUG:busco.Toolset	cmd call: /kmk/scripts/augustus.2.5.5/bin/augustus --codingseq=1 --proteinprofile=/kmk/databases/metazoa_odb10/prfl/573203at33208a.prfl --predictionStart=6955155 --predictionEnd=6967475 --species=fly busco_out/BUSCO_metazoa.fasta/run_metazoa_odb10/blast_output/sequences/scaffold_8.temp
INFO:busco.Toolset	[augustus]	287 of 956 task(s) completed
DEBUG:busco.Toolset	cmd call: /kmk/scripts/augustus.2.5.5/bin/augustus --codingseq=1 --proteinprofile=/kmk/databases/metazoa_odb10/prfl/444160at33208a.prfl --predictionStart=4693585 --predictionEnd=4707596 --species=fly busco_out/BUSCO_metazoa.fasta/run_metazoa_odb10/blast_output/sequences/scaffold_2.temp
DEBUG:busco.Toolset	cmd call: /kmk/scripts/augustus.2.5.5/bin/augustus --codingseq=1 --proteinprofile=/kmk/databases/metazoa_odb10/prfl/583626at33208a.prfl --predictionStart=2090489 --predictionEnd=2105359 --species=fly busco_out/BUSCO_metazoa.fasta/run_metazoa_odb10/blast_output/sequences/scaffold_9.temp
DEBUG:busco.Toolset	cmd call: /kmk/scripts/augustus.2.5.5/bin/augustus --codingseq=1 --proteinprofile=/kmk/databases/metazoa_odb10/prfl/311438at33208a.prfl --predictionStart=36619558 --predictionEnd=36639195 --species=fly busco_out/BUSCO_metazoa.fasta/run_metazoa_odb10/blast_output/sequences/scaffold_1.temp
DEBUG:busco.Toolset	cmd call: /kmk/scripts/augustus.2.5.5/bin/augustus --codingseq=1 --proteinprofile=/kmk/databases/metazoa_odb10/prfl/389367at33208a.prfl --predictionStart=10664293 --predictionEnd=10680391 --species=fly busco_out/BUSCO_metazoa.fasta/run_metazoa_odb10/blast_output/sequences/scaffold_7.temp
DEBUG:busco.Toolset	cmd call: /kmk/scripts/augustus.2.5.5/bin/augustus --codingseq=1 --proteinprofile=/kmk/databases/metazoa_odb10/prfl/611891at33208a.prfl --predictionStart=7629472 --predictionEnd=7641690 --species=fly busco_out/BUSCO_metazoa.fasta/run_metazoa_odb10/blast_output/sequences/scaffold_6.temp
DEBUG:busco.Toolset	cmd call: /kmk/scripts/augustus.2.5.5/bin/augustus --codingseq=1 --proteinprofile=/kmk/databases/metazoa_odb10/prfl/611258at33208a.prfl --predictionStart=46893992 --predictionEnd=46909042 --species=fly busco_out/BUSCO_metazoa.fasta/run_metazoa_odb10/blast_output/sequences/scaffold_1.temp
DEBUG:busco.Toolset	cmd call: /kmk/scripts/augustus.2.5.5/bin/augustus --codingseq=1 --proteinprofile=/kmk/databases/metazoa_odb10/prfl/611258at33208a.prfl --predictionStart=5982220 --predictionEnd=5994489 --species=fly busco_out/BUSCO_metazoa.fasta/run_metazoa_odb10/blast_output/sequences/scaffold_6.temp
DEBUG:busco.Toolset	cmd call: /kmk/scripts/augustus.2.5.5/bin/augustus --codingseq=1 --proteinprofile=/kmk/databases/metazoa_odb10/prfl/611258at33208a.prfl --predictionStart=7393657 --predictionEnd=7405926 --species=fly busco_out/BUSCO_metazoa.fasta/run_metazoa_odb10/blast_output/sequences/scaffold_2.temp
DEBUG:busco.Toolset	cmd call: /kmk/scripts/augustus.2.5.5/bin/augustus --codingseq=1 --proteinprofile=/kmk/databases/metazoa_odb10/prfl/639252at33208a.prfl --predictionStart=41225518 --predictionEnd=41238580 --species=fly busco_out/BUSCO_metazoa.fasta/run_metazoa_odb10/blast_output/sequences/scaffold_1.temp
DEBUG:busco.Toolset	cmd call: /kmk/scripts/augustus.2.5.5/bin/augustus --codingseq=1 --proteinprofile=/kmk/databases/metazoa_odb10/prfl/534808at33208a.prfl --predictionStart=15617447 --predictionEnd=15633610 --species=fly busco_out/BUSCO_metazoa.fasta/run_metazoa_odb10/blast_output/sequences/scaffold_8.temp
DEBUG:busco.Toolset	cmd call: /kmk/scripts/augustus.2.5.5/bin/augustus --codingseq=1 --proteinprofile=/kmk/databases/metazoa_odb10/prfl/320390at33208a.prfl --predictionStart=6216899 --predictionEnd=6235946 --species=fly busco_out/BUSCO_metazoa.fasta/run_metazoa_odb10/blast_output/sequences/scaffold_1.temp
DEBUG:busco.Toolset	cmd call: /kmk/scripts/augustus.2.5.5/bin/augustus --codingseq=1 --proteinprofile=/kmk/databases/metazoa_odb10/prfl/245482at33208a.prfl --predictionStart=31180927 --predictionEnd=31197412 --species=fly busco_out/BUSCO_metazoa.fasta/run_metazoa_odb10/blast_output/sequences/scaffold_1.temp
DEBUG:busco.Toolset	cmd call: /kmk/scripts/augustus.2.5.5/bin/augustus --codingseq=1 --proteinprofile=/kmk/databases/metazoa_odb10/prfl/535268at33208a.prfl --predictionStart=46063406 --predictionEnd=46076533 --species=fly busco_out/BUSCO_metazoa.fasta/run_metazoa_odb10/blast_output/sequences/scaffold_1.temp
DEBUG:busco.Toolset	cmd call: /kmk/scripts/augustus.2.5.5/bin/augustus --codingseq=1 --proteinprofile=/kmk/databases/metazoa_odb10/prfl/356334at33208a.prfl --predictionStart=17714684 --predictionEnd=17735625 --species=fly busco_out/BUSCO_metazoa.fasta/run_metazoa_odb10/blast_output/sequences/scaffold_2.temp
DEBUG:busco.Toolset	cmd call: /kmk/scripts/augustus.2.5.5/bin/augustus --codingseq=1 --proteinprofile=/kmk/databases/metazoa_odb10/prfl/533690at33208a.prfl --predictionStart=2188649 --predictionEnd=2204021 --species=fly busco_out/BUSCO_metazoa.fasta/run_metazoa_odb10/blast_output/sequences/scaffold_2.temp
DEBUG:busco.Toolset	cmd call: /kmk/scripts/augustus.2.5.5/bin/augustus --codingseq=1 --proteinprofile=/kmk/databases/metazoa_odb10/prfl/260752at33208a.prfl --predictionStart=10062470 --predictionEnd=10076907 --species=fly busco_out/BUSCO_metazoa.fasta/run_metazoa_odb10/blast_output/sequences/scaffold_6.temp
DEBUG:busco.Toolset	cmd call: /kmk/scripts/augustus.2.5.5/bin/augustus --codingseq=1 --proteinprofile=/kmk/databases/metazoa_odb10/prfl/372707at33208a.prfl --predictionStart=7722169 --predictionEnd=7735842 --species=fly busco_out/BUSCO_metazoa.fasta/run_metazoa_odb10/blast_output/sequences/scaffold_9.temp
DEBUG:busco.Toolset	cmd call: /kmk/scripts/augustus.2.5.5/bin/augustus --codingseq=1 --proteinprofile=/kmk/databases/metazoa_odb10/prfl/572845at33208a.prfl --predictionStart=28504396 --predictionEnd=28518018 --species=fly busco_out/BUSCO_metazoa.fasta/run_metazoa_odb10/blast_output/sequences/scaffold_2.temp
DEBUG:busco.Toolset	cmd call: /kmk/scripts/augustus.2.5.5/bin/augustus --codingseq=1 --proteinprofile=/kmk/databases/metazoa_odb10/prfl/557292at33208a.prfl --predictionStart=31451087 --predictionEnd=31464477 --species=fly busco_out/BUSCO_metazoa.fasta/run_metazoa_odb10/blast_output/sequences/scaffold_3.temp
DEBUG:busco.Toolset	cmd call: /kmk/scripts/augustus.2.5.5/bin/augustus --codingseq=1 --proteinprofile=/kmk/databases/metazoa_odb10/prfl/557292at33208a.prfl --predictionStart=29590261 --predictionEnd=29602872 --species=fly busco_out/BUSCO_metazoa.fasta/run_metazoa_odb10/blast_output/sequences/scaffold_2.temp
DEBUG:busco.Toolset	cmd call: /kmk/scripts/augustus.2.5.5/bin/augustus --codingseq=1 --proteinprofile=/kmk/databases/metazoa_odb10/prfl/452208at33208a.prfl --predictionStart=14793065 --predictionEnd=14808332 --species=fly busco_out/BUSCO_metazoa.fasta/run_metazoa_odb10/blast_output/sequences/scaffold_7.temp
DEBUG:busco.Toolset	cmd call: /kmk/scripts/augustus.2.5.5/bin/augustus --codingseq=1 --proteinprofile=/kmk/databases/metazoa_odb10/prfl/603673at33208a.prfl --predictionStart=11671191 --predictionEnd=11686249 --species=fly busco_out/BUSCO_metazoa.fasta/run_metazoa_odb10/blast_output/sequences/scaffold_1.temp
DEBUG:busco.Toolset	cmd call: /kmk/scripts/augustus.2.5.5/bin/augustus --codingseq=1 --proteinprofile=/kmk/databases/metazoa_odb10/prfl/448196at33208a.prfl --predictionStart=26955774 --predictionEnd=26985455 --species=fly busco_out/BUSCO_metazoa.fasta/run_metazoa_odb10/blast_output/sequences/scaffold_1.temp
DEBUG:busco.Toolset	cmd call: /kmk/scripts/augustus.2.5.5/bin/augustus --codingseq=1 --proteinprofile=/kmk/databases/metazoa_odb10/prfl/568022at33208a.prfl --predictionStart=7240808 --predictionEnd=7255420 --species=fly busco_out/BUSCO_metazoa.fasta/run_metazoa_odb10/blast_output/sequences/scaffold_7.temp
DEBUG:busco.Toolset	cmd call: /kmk/scripts/augustus.2.5.5/bin/augustus --codingseq=1 --proteinprofile=/kmk/databases/metazoa_odb10/prfl/532728at33208a.prfl --predictionStart=42810286 --predictionEnd=42824453 --species=fly busco_out/BUSCO_metazoa.fasta/run_metazoa_odb10/blast_output/sequences/scaffold_2.temp
DEBUG:busco.Toolset	cmd call: /kmk/scripts/augustus.2.5.5/bin/augustus --codingseq=1 --proteinprofile=/kmk/databases/metazoa_odb10/prfl/407472at33208a.prfl --predictionStart=255428 --predictionEnd=270260 --species=fly busco_out/BUSCO_metazoa.fasta/run_metazoa_odb10/blast_output/sequences/scaffold_2.temp
DEBUG:busco.Toolset	cmd call: /kmk/scripts/augustus.2.5.5/bin/augustus --codingseq=1 --proteinprofile=/kmk/databases/metazoa_odb10/prfl/590470at33208a.prfl --predictionStart=19343948 --predictionEnd=19356199 --species=fly busco_out/BUSCO_metazoa.fasta/run_metazoa_odb10/blast_output/sequences/scaffold_5.temp
DEBUG:busco.Toolset	cmd call: /kmk/scripts/augustus.2.5.5/bin/augustus --codingseq=1 --proteinprofile=/kmk/databases/metazoa_odb10/prfl/395147at33208a.prfl --predictionStart=13218561 --predictionEnd=13233919 --species=fly busco_out/BUSCO_metazoa.fasta/run_metazoa_odb10/blast_output/sequences/scaffold_5.temp
DEBUG:busco.Toolset	cmd call: /kmk/scripts/augustus.2.5.5/bin/augustus --codingseq=1 --proteinprofile=/kmk/databases/metazoa_odb10/prfl/272605at33208a.prfl --predictionStart=5684177 --predictionEnd=5698667 --species=fly busco_out/BUSCO_metazoa.fasta/run_metazoa_odb10/blast_output/sequences/scaffold_1.temp
DEBUG:busco.Toolset	cmd call: /kmk/scripts/augustus.2.5.5/bin/augustus --codingseq=1 --proteinprofile=/kmk/databases/metazoa_odb10/prfl/345959at33208a.prfl --predictionStart=17706176 --predictionEnd=17721215 --species=fly busco_out/BUSCO_metazoa.fasta/run_metazoa_odb10/blast_output/sequences/scaffold_5.temp
DEBUG:busco.Toolset	cmd call: /kmk/scripts/augustus.2.5.5/bin/augustus --codingseq=1 --proteinprofile=/kmk/databases/metazoa_odb10/prfl/378913at33208a.prfl --predictionStart=6773217 --predictionEnd=6791000 --species=fly busco_out/BUSCO_metazoa.fasta/run_metazoa_odb10/blast_output/sequences/scaffold_2.temp
DEBUG:busco.Toolset	cmd call: /kmk/scripts/augustus.2.5.5/bin/augustus --codingseq=1 --proteinprofile=/kmk/databases/metazoa_odb10/prfl/566116at33208a.prfl --predictionStart=15946634 --predictionEnd=15959488 --species=fly busco_out/BUSCO_metazoa.fasta/run_metazoa_odb10/blast_output/sequences/scaffold_2.temp
DEBUG:busco.Toolset	cmd call: /kmk/scripts/augustus.2.5.5/bin/augustus --codingseq=1 --proteinprofile=/kmk/databases/metazoa_odb10/prfl/352854at33208a.prfl --predictionStart=5257658 --predictionEnd=5276407 --species=fly busco_out/BUSCO_metazoa.fasta/run_metazoa_odb10/blast_output/sequences/scaffold_2.temp
DEBUG:busco.Toolset	cmd call: /kmk/scripts/augustus.2.5.5/bin/augustus --codingseq=1 --proteinprofile=/kmk/databases/metazoa_odb10/prfl/586156at33208a.prfl --predictionStart=35232361 --predictionEnd=35245242 --species=fly busco_out/BUSCO_metazoa.fasta/run_metazoa_odb10/blast_output/sequences/scaffold_3.temp
DEBUG:busco.Toolset	cmd call: /kmk/scripts/augustus.2.5.5/bin/augustus --codingseq=1 --proteinprofile=/kmk/databases/metazoa_odb10/prfl/606539at33208a.prfl --predictionStart=12391299 --predictionEnd=12404066 --species=fly busco_out/BUSCO_metazoa.fasta/run_metazoa_odb10/blast_output/sequences/scaffold_8.temp
DEBUG:busco.Toolset	cmd call: /kmk/scripts/augustus.2.5.5/bin/augustus --codingseq=1 --proteinprofile=/kmk/databases/metazoa_odb10/prfl/381303at33208a.prfl --predictionStart=43116549 --predictionEnd=43128782 --species=fly busco_out/BUSCO_metazoa.fasta/run_metazoa_odb10/blast_output/sequences/scaffold_2.temp
DEBUG:busco.Toolset	cmd call: /kmk/scripts/augustus.2.5.5/bin/augustus --codingseq=1 --proteinprofile=/kmk/databases/metazoa_odb10/prfl/9639at33208a.prfl --predictionStart=5607058 --predictionEnd=5646813 --species=fly busco_out/BUSCO_metazoa.fasta/run_metazoa_odb10/blast_output/sequences/scaffold_4.temp
DEBUG:busco.Toolset	cmd call: /kmk/scripts/augustus.2.5.5/bin/augustus --codingseq=1 --proteinprofile=/kmk/databases/metazoa_odb10/prfl/514565at33208a.prfl --predictionStart=14973273 --predictionEnd=14995279 --species=fly busco_out/BUSCO_metazoa.fasta/run_metazoa_odb10/blast_output/sequences/scaffold_9.temp
DEBUG:busco.Toolset	cmd call: /kmk/scripts/augustus.2.5.5/bin/augustus --codingseq=1 --proteinprofile=/kmk/databases/metazoa_odb10/prfl/577929at33208a.prfl --predictionStart=3036669 --predictionEnd=3048953 --species=fly busco_out/BUSCO_metazoa.fasta/run_metazoa_odb10/blast_output/sequences/scaffold_1.temp
DEBUG:busco.Toolset	cmd call: /kmk/scripts/augustus.2.5.5/bin/augustus --codingseq=1 --proteinprofile=/kmk/databases/metazoa_odb10/prfl/502128at33208a.prfl --predictionStart=3029306 --predictionEnd=3044935 --species=fly busco_out/BUSCO_metazoa.fasta/run_metazoa_odb10/blast_output/sequences/scaffold_1.temp
DEBUG:busco.Toolset	cmd call: /kmk/scripts/augustus.2.5.5/bin/augustus --codingseq=1 --proteinprofile=/kmk/databases/metazoa_odb10/prfl/502128at33208a.prfl --predictionStart=31421758 --predictionEnd=31434498 --species=fly busco_out/BUSCO_metazoa.fasta/run_metazoa_odb10/blast_output/sequences/scaffold_4.temp
DEBUG:busco.Toolset	cmd call: /kmk/scripts/augustus.2.5.5/bin/augustus --codingseq=1 --proteinprofile=/kmk/databases/metazoa_odb10/prfl/569303at33208a.prfl --predictionStart=49721756 --predictionEnd=49751403 --species=fly busco_out/BUSCO_metazoa.fasta/run_metazoa_odb10/blast_output/sequences/scaffold_1.temp
DEBUG:busco.Toolset	cmd call: /kmk/scripts/augustus.2.5.5/bin/augustus --codingseq=1 --proteinprofile=/kmk/databases/metazoa_odb10/prfl/601242at33208a.prfl --predictionStart=12076968 --predictionEnd=12089171 --species=fly busco_out/BUSCO_metazoa.fasta/run_metazoa_odb10/blast_output/sequences/scaffold_3.temp
DEBUG:busco.Toolset	cmd call: /kmk/scripts/augustus.2.5.5/bin/augustus --codingseq=1 --proteinprofile=/kmk/databases/metazoa_odb10/prfl/636423at33208a.prfl --predictionStart=32496904 --predictionEnd=32509891 --species=fly busco_out/BUSCO_metazoa.fasta/run_metazoa_odb10/blast_output/sequences/scaffold_3.temp
DEBUG:busco.Toolset	cmd call: /kmk/scripts/augustus.2.5.5/bin/augustus --codingseq=1 --proteinprofile=/kmk/databases/metazoa_odb10/prfl/515425at33208a.prfl --predictionStart=5702874 --predictionEnd=5715533 --species=fly busco_out/BUSCO_metazoa.fasta/run_metazoa_odb10/blast_output/sequences/scaffold_5.temp
DEBUG:busco.Toolset	cmd call: /kmk/scripts/augustus.2.5.5/bin/augustus --codingseq=1 --proteinprofile=/kmk/databases/metazoa_odb10/prfl/200997at33208a.prfl --predictionStart=5042919 --predictionEnd=5059690 --species=fly busco_out/BUSCO_metazoa.fasta/run_metazoa_odb10/blast_output/sequences/scaffold_4.temp
DEBUG:busco.Toolset	cmd call: /kmk/scripts/augustus.2.5.5/bin/augustus --codingseq=1 --proteinprofile=/kmk/databases/metazoa_odb10/prfl/395919at33208a.prfl --predictionStart=9371717 --predictionEnd=9391860 --species=fly busco_out/BUSCO_metazoa.fasta/run_metazoa_odb10/blast_output/sequences/scaffold_4.temp
DEBUG:busco.Toolset	cmd call: /kmk/scripts/augustus.2.5.5/bin/augustus --codingseq=1 --proteinprofile=/kmk/databases/metazoa_odb10/prfl/607862at33208a.prfl --predictionStart=28357141 --predictionEnd=28369458 --species=fly busco_out/BUSCO_metazoa.fasta/run_metazoa_odb10/blast_output/sequences/scaffold_3.temp
DEBUG:busco.Toolset	cmd call: /kmk/scripts/augustus.2.5.5/bin/augustus --codingseq=1 --proteinprofile=/kmk/databases/metazoa_odb10/prfl/359532at33208a.prfl --predictionStart=11397227 --predictionEnd=11424037 --species=fly busco_out/BUSCO_metazoa.fasta/run_metazoa_odb10/blast_output/sequences/scaffold_8.temp
DEBUG:busco.Toolset	cmd call: /kmk/scripts/augustus.2.5.5/bin/augustus --codingseq=1 --proteinprofile=/kmk/databases/metazoa_odb10/prfl/359532at33208a.prfl --predictionStart=43279932 --predictionEnd=43292732 --species=fly busco_out/BUSCO_metazoa.fasta/run_metazoa_odb10/blast_output/sequences/scaffold_2.temp
DEBUG:busco.Toolset	cmd call: /kmk/scripts/augustus.2.5.5/bin/augustus --codingseq=1 --proteinprofile=/kmk/databases/metazoa_odb10/prfl/529708at33208a.prfl --predictionStart=20156859 --predictionEnd=20174746 --species=fly busco_out/BUSCO_metazoa.fasta/run_metazoa_odb10/blast_output/sequences/scaffold_6.temp
DEBUG:busco.Toolset	cmd call: /kmk/scripts/augustus.2.5.5/bin/augustus --codingseq=1 --proteinprofile=/kmk/databases/metazoa_odb10/prfl/491252at33208a.prfl --predictionStart=34538975 --predictionEnd=34555622 --species=fly busco_out/BUSCO_metazoa.fasta/run_metazoa_odb10/blast_output/sequences/scaffold_3.temp
DEBUG:busco.Toolset	cmd call: /kmk/scripts/augustus.2.5.5/bin/augustus --codingseq=1 --proteinprofile=/kmk/databases/metazoa_odb10/prfl/545641at33208a.prfl --predictionStart=14182894 --predictionEnd=14197774 --species=fly busco_out/BUSCO_metazoa.fasta/run_metazoa_odb10/blast_output/sequences/scaffold_4.temp
DEBUG:busco.Toolset	cmd call: /kmk/scripts/augustus.2.5.5/bin/augustus --codingseq=1 --proteinprofile=/kmk/databases/metazoa_odb10/prfl/464204at33208a.prfl --predictionStart=16204351 --predictionEnd=16227566 --species=fly busco_out/BUSCO_metazoa.fasta/run_metazoa_odb10/blast_output/sequences/scaffold_7.temp
DEBUG:busco.Toolset	cmd call: /kmk/scripts/augustus.2.5.5/bin/augustus --codingseq=1 --proteinprofile=/kmk/databases/metazoa_odb10/prfl/121127at33208a.prfl --predictionStart=4579005 --predictionEnd=4592523 --species=fly busco_out/BUSCO_metazoa.fasta/run_metazoa_odb10/blast_output/sequences/scaffold_1.temp
DEBUG:busco.Toolset	cmd call: /kmk/scripts/augustus.2.5.5/bin/augustus --codingseq=1 --proteinprofile=/kmk/databases/metazoa_odb10/prfl/235149at33208a.prfl --predictionStart=53716743 --predictionEnd=53732820 --species=fly busco_out/BUSCO_metazoa.fasta/run_metazoa_odb10/blast_output/sequences/scaffold_1.temp
DEBUG:busco.Toolset	cmd call: /kmk/scripts/augustus.2.5.5/bin/augustus --codingseq=1 --proteinprofile=/kmk/databases/metazoa_odb10/prfl/371526at33208a.prfl --predictionStart=19026071 --predictionEnd=19047011 --species=fly busco_out/BUSCO_metazoa.fasta/run_metazoa_odb10/blast_output/sequences/scaffold_9.temp
DEBUG:busco.Toolset	cmd call: /kmk/scripts/augustus.2.5.5/bin/augustus --codingseq=1 --proteinprofile=/kmk/databases/metazoa_odb10/prfl/395948at33208a.prfl --predictionStart=25961686 --predictionEnd=25979953 --species=fly busco_out/BUSCO_metazoa.fasta/run_metazoa_odb10/blast_output/sequences/scaffold_7.temp
DEBUG:busco.Toolset	cmd call: /kmk/scripts/augustus.2.5.5/bin/augustus --codingseq=1 --proteinprofile=/kmk/databases/metazoa_odb10/prfl/434068at33208a.prfl --predictionStart=21688157 --predictionEnd=21702163 --species=fly busco_out/BUSCO_metazoa.fasta/run_metazoa_odb10/blast_output/sequences/scaffold_5.temp
DEBUG:busco.Toolset	cmd call: /kmk/scripts/augustus.2.5.5/bin/augustus --codingseq=1 --proteinprofile=/kmk/databases/metazoa_odb10/prfl/547099at33208a.prfl --predictionStart=11536250 --predictionEnd=11549739 --species=fly busco_out/BUSCO_metazoa.fasta/run_metazoa_odb10/blast_output/sequences/scaffold_4.temp
DEBUG:busco.Toolset	cmd call: /kmk/scripts/augustus.2.5.5/bin/augustus --codingseq=1 --proteinprofile=/kmk/databases/metazoa_odb10/prfl/502584at33208a.prfl --predictionStart=25819365 --predictionEnd=25831667 --species=fly busco_out/BUSCO_metazoa.fasta/run_metazoa_odb10/blast_output/sequences/scaffold_7.temp
DEBUG:busco.Toolset	cmd call: /kmk/scripts/augustus.2.5.5/bin/augustus --codingseq=1 --proteinprofile=/kmk/databases/metazoa_odb10/prfl/581621at33208a.prfl --predictionStart=47000788 --predictionEnd=47014750 --species=fly busco_out/BUSCO_metazoa.fasta/run_metazoa_odb10/blast_output/sequences/scaffold_1.temp
DEBUG:busco.Toolset	cmd call: /kmk/scripts/augustus.2.5.5/bin/augustus --codingseq=1 --proteinprofile=/kmk/databases/metazoa_odb10/prfl/558368at33208a.prfl --predictionStart=43061764 --predictionEnd=43075768 --species=fly busco_out/BUSCO_metazoa.fasta/run_metazoa_odb10/blast_output/sequences/scaffold_2.temp
DEBUG:busco.Toolset	cmd call: /kmk/scripts/augustus.2.5.5/bin/augustus --codingseq=1 --proteinprofile=/kmk/databases/metazoa_odb10/prfl/390402at33208a.prfl --predictionStart=691745 --predictionEnd=707515 --species=fly busco_out/BUSCO_metazoa.fasta/run_metazoa_odb10/blast_output/sequences/scaffold_1.temp
DEBUG:busco.Toolset	cmd call: /kmk/scripts/augustus.2.5.5/bin/augustus --codingseq=1 --proteinprofile=/kmk/databases/metazoa_odb10/prfl/359532at33208a.prfl --predictionStart=35740534 --predictionEnd=35753364 --species=fly busco_out/BUSCO_metazoa.fasta/run_metazoa_odb10/blast_output/sequences/scaffold_3.temp
DEBUG:busco.Toolset	cmd call: /kmk/scripts/augustus.2.5.5/bin/augustus --codingseq=1 --proteinprofile=/kmk/databases/metazoa_odb10/prfl/203698at33208a.prfl --predictionStart=9009704 --predictionEnd=9023925 --species=fly busco_out/BUSCO_metazoa.fasta/run_metazoa_odb10/blast_output/sequences/scaffold_8.temp
DEBUG:busco.Toolset	cmd call: /kmk/scripts/augustus.2.5.5/bin/augustus --codingseq=1 --proteinprofile=/kmk/databases/metazoa_odb10/prfl/40200at33208a.prfl --predictionStart=8404837 --predictionEnd=8425085 --species=fly busco_out/BUSCO_metazoa.fasta/run_metazoa_odb10/blast_output/sequences/scaffold_1.temp
DEBUG:busco.Toolset	cmd call: /kmk/scripts/augustus.2.5.5/bin/augustus --codingseq=1 --proteinprofile=/kmk/databases/metazoa_odb10/prfl/608669at33208a.prfl --predictionStart=872905 --predictionEnd=885183 --species=fly busco_out/BUSCO_metazoa.fasta/run_metazoa_odb10/blast_output/sequences/scaffold_3.temp
DEBUG:busco.Toolset	cmd call: /kmk/scripts/augustus.2.5.5/bin/augustus --codingseq=1 --proteinprofile=/kmk/databases/metazoa_odb10/prfl/622461at33208a.prfl --predictionStart=14269092 --predictionEnd=14281376 --species=fly busco_out/BUSCO_metazoa.fasta/run_metazoa_odb10/blast_output/sequences/scaffold_2.temp
DEBUG:busco.Toolset	cmd call: /kmk/scripts/augustus.2.5.5/bin/augustus --codingseq=1 --proteinprofile=/kmk/databases/metazoa_odb10/prfl/485003at33208a.prfl --predictionStart=48839004 --predictionEnd=48854550 --species=fly busco_out/BUSCO_metazoa.fasta/run_metazoa_odb10/blast_output/sequences/scaffold_1.temp
DEBUG:busco.Toolset	cmd call: /kmk/scripts/augustus.2.5.5/bin/augustus --codingseq=1 --proteinprofile=/kmk/databases/metazoa_odb10/prfl/119591at33208a.prfl --predictionStart=2061894 --predictionEnd=2086366 --species=fly busco_out/BUSCO_metazoa.fasta/run_metazoa_odb10/blast_output/sequences/scaffold_5.temp
DEBUG:busco.Toolset	cmd call: /kmk/scripts/augustus.2.5.5/bin/augustus --codingseq=1 --proteinprofile=/kmk/databases/metazoa_odb10/prfl/511575at33208a.prfl --predictionStart=16668547 --predictionEnd=16681536 --species=fly busco_out/BUSCO_metazoa.fasta/run_metazoa_odb10/blast_output/sequences/scaffold_3.temp
DEBUG:busco.Toolset	cmd call: /kmk/scripts/augustus.2.5.5/bin/augustus --codingseq=1 --proteinprofile=/kmk/databases/metazoa_odb10/prfl/289235at33208a.prfl --predictionStart=35350150 --predictionEnd=35365680 --species=fly busco_out/BUSCO_metazoa.fasta/run_metazoa_odb10/blast_output/sequences/scaffold_1.temp
DEBUG:busco.Toolset	cmd call: /kmk/scripts/augustus.2.5.5/bin/augustus --codingseq=1 --proteinprofile=/kmk/databases/metazoa_odb10/prfl/634446at33208a.prfl --predictionStart=3588956 --predictionEnd=3602403 --species=fly busco_out/BUSCO_metazoa.fasta/run_metazoa_odb10/blast_output/sequences/scaffold_9.temp
DEBUG:busco.Toolset	cmd call: /kmk/scripts/augustus.2.5.5/bin/augustus --codingseq=1 --proteinprofile=/kmk/databases/metazoa_odb10/prfl/281693at33208a.prfl --predictionStart=12166563 --predictionEnd=12203982 --species=fly busco_out/BUSCO_metazoa.fasta/run_metazoa_odb10/blast_output/sequences/scaffold_7.temp
DEBUG:busco.Toolset	cmd call: /kmk/scripts/augustus.2.5.5/bin/augustus --codingseq=1 --proteinprofile=/kmk/databases/metazoa_odb10/prfl/547099at33208a.prfl --predictionStart=11066170 --predictionEnd=11078526 --species=fly busco_out/BUSCO_metazoa.fasta/run_metazoa_odb10/blast_output/sequences/scaffold_5.temp
DEBUG:busco.Toolset	cmd call: /kmk/scripts/augustus.2.5.5/bin/augustus --codingseq=1 --proteinprofile=/kmk/databases/metazoa_odb10/prfl/458974at33208a.prfl --predictionStart=23015638 --predictionEnd=23028368 --species=fly busco_out/BUSCO_metazoa.fasta/run_metazoa_odb10/blast_output/sequences/scaffold_4.temp
DEBUG:busco.Toolset	cmd call: /kmk/scripts/augustus.2.5.5/bin/augustus --codingseq=1 --proteinprofile=/kmk/databases/metazoa_odb10/prfl/634447at33208a.prfl --predictionStart=11140089 --predictionEnd=11153376 --species=fly busco_out/BUSCO_metazoa.fasta/run_metazoa_odb10/blast_output/sequences/scaffold_5.temp
DEBUG:busco.Toolset	cmd call: /kmk/scripts/augustus.2.5.5/bin/augustus --codingseq=1 --proteinprofile=/kmk/databases/metazoa_odb10/prfl/384187at33208a.prfl --predictionStart=15017657 --predictionEnd=15035617 --species=fly busco_out/BUSCO_metazoa.fasta/run_metazoa_odb10/blast_output/sequences/scaffold_6.temp
DEBUG:busco.Toolset	cmd call: /kmk/scripts/augustus.2.5.5/bin/augustus --codingseq=1 --proteinprofile=/kmk/databases/metazoa_odb10/prfl/84980at33208a.prfl --predictionStart=12996142 --predictionEnd=13014675 --species=fly busco_out/BUSCO_metazoa.fasta/run_metazoa_odb10/blast_output/sequences/scaffold_3.temp
DEBUG:busco.Toolset	cmd call: /kmk/scripts/augustus.2.5.5/bin/augustus --codingseq=1 --proteinprofile=/kmk/databases/metazoa_odb10/prfl/57158at33208a.prfl --predictionStart=19510695 --predictionEnd=19541410 --species=fly busco_out/BUSCO_metazoa.fasta/run_metazoa_odb10/blast_output/sequences/scaffold_8.temp
DEBUG:busco.Toolset	cmd call: /kmk/scripts/augustus.2.5.5/bin/augustus --codingseq=1 --proteinprofile=/kmk/databases/metazoa_odb10/prfl/255924at33208a.prfl --predictionStart=33197019 --predictionEnd=33218957 --species=fly busco_out/BUSCO_metazoa.fasta/run_metazoa_odb10/blast_output/sequences/scaffold_2.temp
DEBUG:busco.Toolset	cmd call: /kmk/scripts/augustus.2.5.5/bin/augustus --codingseq=1 --proteinprofile=/kmk/databases/metazoa_odb10/prfl/516659at33208a.prfl --predictionStart=7021776 --predictionEnd=7043156 --species=fly busco_out/BUSCO_metazoa.fasta/run_metazoa_odb10/blast_output/sequences/scaffold_8.temp
DEBUG:busco.Toolset	cmd call: /kmk/scripts/augustus.2.5.5/bin/augustus --codingseq=1 --proteinprofile=/kmk/databases/metazoa_odb10/prfl/339319at33208a.prfl --predictionStart=57282589 --predictionEnd=57296748 --species=fly busco_out/BUSCO_metazoa.fasta/run_metazoa_odb10/blast_output/sequences/scaffold_1.temp
DEBUG:busco.Toolset	cmd call: /kmk/scripts/augustus.2.5.5/bin/augustus --codingseq=1 --proteinprofile=/kmk/databases/metazoa_odb10/prfl/268397at33208a.prfl --predictionStart=29661628 --predictionEnd=29684054 --species=fly busco_out/BUSCO_metazoa.fasta/run_metazoa_odb10/blast_output/sequences/scaffold_1.temp
DEBUG:busco.Toolset	cmd call: /kmk/scripts/augustus.2.5.5/bin/augustus --codingseq=1 --proteinprofile=/kmk/databases/metazoa_odb10/prfl/561878at33208a.prfl --predictionStart=11379916 --predictionEnd=11392215 --species=fly busco_out/BUSCO_metazoa.fasta/run_metazoa_odb10/blast_output/sequences/scaffold_5.temp
DEBUG:busco.Toolset	cmd call: /kmk/scripts/augustus.2.5.5/bin/augustus --codingseq=1 --proteinprofile=/kmk/databases/metazoa_odb10/prfl/514892at33208a.prfl --predictionStart=43180965 --predictionEnd=43195712 --species=fly busco_out/BUSCO_metazoa.fasta/run_metazoa_odb10/blast_output/sequences/scaffold_1.temp
DEBUG:busco.Toolset	cmd call: /kmk/scripts/augustus.2.5.5/bin/augustus --codingseq=1 --proteinprofile=/kmk/databases/metazoa_odb10/prfl/158962at33208a.prfl --predictionStart=185537 --predictionEnd=245182 --species=fly busco_out/BUSCO_metazoa.fasta/run_metazoa_odb10/blast_output/sequences/scaffold_9.temp
DEBUG:busco.Toolset	cmd call: /kmk/scripts/augustus.2.5.5/bin/augustus --codingseq=1 --proteinprofile=/kmk/databases/metazoa_odb10/prfl/517686at33208a.prfl --predictionStart=35364159 --predictionEnd=35377448 --species=fly busco_out/BUSCO_metazoa.fasta/run_metazoa_odb10/blast_output/sequences/scaffold_3.temp
DEBUG:busco.Toolset	cmd call: /kmk/scripts/augustus.2.5.5/bin/augustus --codingseq=1 --proteinprofile=/kmk/databases/metazoa_odb10/prfl/554010at33208a.prfl --predictionStart=20150996 --predictionEnd=20164770 --species=fly busco_out/BUSCO_metazoa.fasta/run_metazoa_odb10/blast_output/sequences/scaffold_6.temp
DEBUG:busco.Toolset	cmd call: /kmk/scripts/augustus.2.5.5/bin/augustus --codingseq=1 --proteinprofile=/kmk/databases/metazoa_odb10/prfl/642552at33208a.prfl --predictionStart=21433662 --predictionEnd=21445880 --species=fly busco_out/BUSCO_metazoa.fasta/run_metazoa_odb10/blast_output/sequences/scaffold_6.temp
DEBUG:busco.Toolset	cmd call: /kmk/scripts/augustus.2.5.5/bin/augustus --codingseq=1 --proteinprofile=/kmk/databases/metazoa_odb10/prfl/492033at33208a.prfl --predictionStart=17387504 --predictionEnd=17403313 --species=fly busco_out/BUSCO_metazoa.fasta/run_metazoa_odb10/blast_output/sequences/scaffold_5.temp
DEBUG:busco.Toolset	cmd call: /kmk/scripts/augustus.2.5.5/bin/augustus --codingseq=1 --proteinprofile=/kmk/databases/metazoa_odb10/prfl/611279at33208a.prfl --predictionStart=16953115 --predictionEnd=16972844 --species=fly busco_out/BUSCO_metazoa.fasta/run_metazoa_odb10/blast_output/sequences/scaffold_1.temp
DEBUG:busco.Toolset	cmd call: /kmk/scripts/augustus.2.5.5/bin/augustus --codingseq=1 --proteinprofile=/kmk/databases/metazoa_odb10/prfl/514675at33208a.prfl --predictionStart=11023616 --predictionEnd=11036369 --species=fly busco_out/BUSCO_metazoa.fasta/run_metazoa_odb10/blast_output/sequences/scaffold_4.temp
DEBUG:busco.Toolset	cmd call: /kmk/scripts/augustus.2.5.5/bin/augustus --codingseq=1 --proteinprofile=/kmk/databases/metazoa_odb10/prfl/592087at33208a.prfl --predictionStart=4987820 --predictionEnd=5009629 --species=fly busco_out/BUSCO_metazoa.fasta/run_metazoa_odb10/blast_output/sequences/scaffold_4.temp
DEBUG:busco.Toolset	cmd call: /kmk/scripts/augustus.2.5.5/bin/augustus --codingseq=1 --proteinprofile=/kmk/databases/metazoa_odb10/prfl/553585at33208a.prfl --predictionStart=35946382 --predictionEnd=35985792 --species=fly busco_out/BUSCO_metazoa.fasta/run_metazoa_odb10/blast_output/sequences/scaffold_2.temp
INFO:busco.Toolset	[augustus]	383 of 956 task(s) completed
DEBUG:busco.Toolset	cmd call: /kmk/scripts/augustus.2.5.5/bin/augustus --codingseq=1 --proteinprofile=/kmk/databases/metazoa_odb10/prfl/446000at33208a.prfl --predictionStart=32399484 --predictionEnd=32416711 --species=fly busco_out/BUSCO_metazoa.fasta/run_metazoa_odb10/blast_output/sequences/scaffold_4.temp
DEBUG:busco.Toolset	cmd call: /kmk/scripts/augustus.2.5.5/bin/augustus --codingseq=1 --proteinprofile=/kmk/databases/metazoa_odb10/prfl/555390at33208a.prfl --predictionStart=43285699 --predictionEnd=43298352 --species=fly busco_out/BUSCO_metazoa.fasta/run_metazoa_odb10/blast_output/sequences/scaffold_2.temp
DEBUG:busco.Toolset	cmd call: /kmk/scripts/augustus.2.5.5/bin/augustus --codingseq=1 --proteinprofile=/kmk/databases/metazoa_odb10/prfl/14776at33208a.prfl --predictionStart=38141435 --predictionEnd=38173283 --species=fly busco_out/BUSCO_metazoa.fasta/run_metazoa_odb10/blast_output/sequences/scaffold_1.temp
DEBUG:busco.Toolset	cmd call: /kmk/scripts/augustus.2.5.5/bin/augustus --codingseq=1 --proteinprofile=/kmk/databases/metazoa_odb10/prfl/495389at33208a.prfl --predictionStart=14309984 --predictionEnd=14326652 --species=fly busco_out/BUSCO_metazoa.fasta/run_metazoa_odb10/blast_output/sequences/scaffold_3.temp
DEBUG:busco.Toolset	cmd call: /kmk/scripts/augustus.2.5.5/bin/augustus --codingseq=1 --proteinprofile=/kmk/databases/metazoa_odb10/prfl/644034at33208a.prfl --predictionStart=43263628 --predictionEnd=43277224 --species=fly busco_out/BUSCO_metazoa.fasta/run_metazoa_odb10/blast_output/sequences/scaffold_1.temp
DEBUG:busco.Toolset	cmd call: /kmk/scripts/augustus.2.5.5/bin/augustus --codingseq=1 --proteinprofile=/kmk/databases/metazoa_odb10/prfl/514698at33208a.prfl --predictionStart=28188830 --predictionEnd=28204530 --species=fly busco_out/BUSCO_metazoa.fasta/run_metazoa_odb10/blast_output/sequences/scaffold_3.temp
DEBUG:busco.Toolset	cmd call: /kmk/scripts/augustus.2.5.5/bin/augustus --codingseq=1 --proteinprofile=/kmk/databases/metazoa_odb10/prfl/222489at33208a.prfl --predictionStart=10140686 --predictionEnd=10164455 --species=fly busco_out/BUSCO_metazoa.fasta/run_metazoa_odb10/blast_output/sequences/scaffold_7.temp
DEBUG:busco.Toolset	cmd call: /kmk/scripts/augustus.2.5.5/bin/augustus --codingseq=1 --proteinprofile=/kmk/databases/metazoa_odb10/prfl/602148at33208a.prfl --predictionStart=2059880 --predictionEnd=2072209 --species=fly busco_out/BUSCO_metazoa.fasta/run_metazoa_odb10/blast_output/sequences/scaffold_8.temp
DEBUG:busco.Toolset	cmd call: /kmk/scripts/augustus.2.5.5/bin/augustus --codingseq=1 --proteinprofile=/kmk/databases/metazoa_odb10/prfl/295556at33208a.prfl --predictionStart=18120004 --predictionEnd=18143231 --species=fly busco_out/BUSCO_metazoa.fasta/run_metazoa_odb10/blast_output/sequences/scaffold_6.temp
DEBUG:busco.Toolset	cmd call: /kmk/scripts/augustus.2.5.5/bin/augustus --codingseq=1 --proteinprofile=/kmk/databases/metazoa_odb10/prfl/534206at33208a.prfl --predictionStart=44662653 --predictionEnd=44675699 --species=fly busco_out/BUSCO_metazoa.fasta/run_metazoa_odb10/blast_output/sequences/scaffold_1.temp
DEBUG:busco.Toolset	cmd call: /kmk/scripts/augustus.2.5.5/bin/augustus --codingseq=1 --proteinprofile=/kmk/databases/metazoa_odb10/prfl/445091at33208a.prfl --predictionStart=5938868 --predictionEnd=5951056 --species=fly busco_out/BUSCO_metazoa.fasta/run_metazoa_odb10/blast_output/sequences/scaffold_1.temp
DEBUG:busco.Toolset	cmd call: /kmk/scripts/augustus.2.5.5/bin/augustus --codingseq=1 --proteinprofile=/kmk/databases/metazoa_odb10/prfl/582473at33208a.prfl --predictionStart=11818221 --predictionEnd=11832051 --species=fly busco_out/BUSCO_metazoa.fasta/run_metazoa_odb10/blast_output/sequences/scaffold_7.temp
DEBUG:busco.Toolset	cmd call: /kmk/scripts/augustus.2.5.5/bin/augustus --codingseq=1 --proteinprofile=/kmk/databases/metazoa_odb10/prfl/541421at33208a.prfl --predictionStart=7408974 --predictionEnd=7423502 --species=fly busco_out/BUSCO_metazoa.fasta/run_metazoa_odb10/blast_output/sequences/scaffold_7.temp
DEBUG:busco.Toolset	cmd call: /kmk/scripts/augustus.2.5.5/bin/augustus --codingseq=1 --proteinprofile=/kmk/databases/metazoa_odb10/prfl/563679at33208a.prfl --predictionStart=12980284 --predictionEnd=12994390 --species=fly busco_out/BUSCO_metazoa.fasta/run_metazoa_odb10/blast_output/sequences/scaffold_6.temp
DEBUG:busco.Toolset	cmd call: /kmk/scripts/augustus.2.5.5/bin/augustus --codingseq=1 --proteinprofile=/kmk/databases/metazoa_odb10/prfl/435939at33208a.prfl --predictionStart=14446325 --predictionEnd=14479672 --species=fly busco_out/BUSCO_metazoa.fasta/run_metazoa_odb10/blast_output/sequences/scaffold_6.temp
DEBUG:busco.Toolset	cmd call: /kmk/scripts/augustus.2.5.5/bin/augustus --codingseq=1 --proteinprofile=/kmk/databases/metazoa_odb10/prfl/435939at33208a.prfl --predictionStart=33443340 --predictionEnd=33457125 --species=fly busco_out/BUSCO_metazoa.fasta/run_metazoa_odb10/blast_output/sequences/scaffold_2.temp
DEBUG:busco.Toolset	cmd call: /kmk/scripts/augustus.2.5.5/bin/augustus --codingseq=1 --proteinprofile=/kmk/databases/metazoa_odb10/prfl/432287at33208a.prfl --predictionStart=43699095 --predictionEnd=43713808 --species=fly busco_out/BUSCO_metazoa.fasta/run_metazoa_odb10/blast_output/sequences/scaffold_2.temp
DEBUG:busco.Toolset	cmd call: /kmk/scripts/augustus.2.5.5/bin/augustus --codingseq=1 --proteinprofile=/kmk/databases/metazoa_odb10/prfl/551620at33208a.prfl --predictionStart=46024156 --predictionEnd=46036479 --species=fly busco_out/BUSCO_metazoa.fasta/run_metazoa_odb10/blast_output/sequences/scaffold_1.temp
DEBUG:busco.Toolset	cmd call: /kmk/scripts/augustus.2.5.5/bin/augustus --codingseq=1 --proteinprofile=/kmk/databases/metazoa_odb10/prfl/500808at33208a.prfl --predictionStart=5376378 --predictionEnd=5392003 --species=fly busco_out/BUSCO_metazoa.fasta/run_metazoa_odb10/blast_output/sequences/scaffold_1.temp
DEBUG:busco.Toolset	cmd call: /kmk/scripts/augustus.2.5.5/bin/augustus --codingseq=1 --proteinprofile=/kmk/databases/metazoa_odb10/prfl/453049at33208a.prfl --predictionStart=18039927 --predictionEnd=18056279 --species=fly busco_out/BUSCO_metazoa.fasta/run_metazoa_odb10/blast_output/sequences/scaffold_3.temp
DEBUG:busco.Toolset	cmd call: /kmk/scripts/augustus.2.5.5/bin/augustus --codingseq=1 --proteinprofile=/kmk/databases/metazoa_odb10/prfl/581543at33208a.prfl --predictionStart=50039676 --predictionEnd=50053178 --species=fly busco_out/BUSCO_metazoa.fasta/run_metazoa_odb10/blast_output/sequences/scaffold_1.temp
DEBUG:busco.Toolset	cmd call: /kmk/scripts/augustus.2.5.5/bin/augustus --codingseq=1 --proteinprofile=/kmk/databases/metazoa_odb10/prfl/548444at33208a.prfl --predictionStart=15058811 --predictionEnd=15072248 --species=fly busco_out/BUSCO_metazoa.fasta/run_metazoa_odb10/blast_output/sequences/scaffold_2.temp
DEBUG:busco.Toolset	cmd call: /kmk/scripts/augustus.2.5.5/bin/augustus --codingseq=1 --proteinprofile=/kmk/databases/metazoa_odb10/prfl/551166at33208a.prfl --predictionStart=4402323 --predictionEnd=4414841 --species=fly busco_out/BUSCO_metazoa.fasta/run_metazoa_odb10/blast_output/sequences/scaffold_2.temp
DEBUG:busco.Toolset	cmd call: /kmk/scripts/augustus.2.5.5/bin/augustus --codingseq=1 --proteinprofile=/kmk/databases/metazoa_odb10/prfl/452499at33208a.prfl --predictionStart=2578874 --predictionEnd=2595982 --species=fly busco_out/BUSCO_metazoa.fasta/run_metazoa_odb10/blast_output/sequences/scaffold_4.temp
DEBUG:busco.Toolset	cmd call: /kmk/scripts/augustus.2.5.5/bin/augustus --codingseq=1 --proteinprofile=/kmk/databases/metazoa_odb10/prfl/514834at33208a.prfl --predictionStart=5335218 --predictionEnd=5347985 --species=fly busco_out/BUSCO_metazoa.fasta/run_metazoa_odb10/blast_output/sequences/scaffold_8.temp
DEBUG:busco.Toolset	cmd call: /kmk/scripts/augustus.2.5.5/bin/augustus --codingseq=1 --proteinprofile=/kmk/databases/metazoa_odb10/prfl/586719at33208a.prfl --predictionStart=25752970 --predictionEnd=25768471 --species=fly busco_out/BUSCO_metazoa.fasta/run_metazoa_odb10/blast_output/sequences/scaffold_1.temp
DEBUG:busco.Toolset	cmd call: /kmk/scripts/augustus.2.5.5/bin/augustus --codingseq=1 --proteinprofile=/kmk/databases/metazoa_odb10/prfl/590221at33208a.prfl --predictionStart=7431961 --predictionEnd=7444428 --species=fly busco_out/BUSCO_metazoa.fasta/run_metazoa_odb10/blast_output/sequences/scaffold_2.temp
DEBUG:busco.Toolset	cmd call: /kmk/scripts/augustus.2.5.5/bin/augustus --codingseq=1 --proteinprofile=/kmk/databases/metazoa_odb10/prfl/517525at33208a.prfl --predictionStart=28656634 --predictionEnd=28675895 --species=fly busco_out/BUSCO_metazoa.fasta/run_metazoa_odb10/blast_output/sequences/scaffold_2.temp
DEBUG:busco.Toolset	cmd call: /kmk/scripts/augustus.2.5.5/bin/augustus --codingseq=1 --proteinprofile=/kmk/databases/metazoa_odb10/prfl/517525at33208a.prfl --predictionStart=5398259 --predictionEnd=5411164 --species=fly busco_out/BUSCO_metazoa.fasta/run_metazoa_odb10/blast_output/sequences/scaffold_6.temp
DEBUG:busco.Toolset	cmd call: /kmk/scripts/augustus.2.5.5/bin/augustus --codingseq=1 --proteinprofile=/kmk/databases/metazoa_odb10/prfl/517525at33208a.prfl --predictionStart=19611556 --predictionEnd=19624350 --species=fly busco_out/BUSCO_metazoa.fasta/run_metazoa_odb10/blast_output/sequences/scaffold_8.temp
DEBUG:busco.Toolset	cmd call: /kmk/scripts/augustus.2.5.5/bin/augustus --codingseq=1 --proteinprofile=/kmk/databases/metazoa_odb10/prfl/344346at33208a.prfl --predictionStart=22301122 --predictionEnd=22313331 --species=fly busco_out/BUSCO_metazoa.fasta/run_metazoa_odb10/blast_output/sequences/scaffold_1.temp
DEBUG:busco.Toolset	cmd call: /kmk/scripts/augustus.2.5.5/bin/augustus --codingseq=1 --proteinprofile=/kmk/databases/metazoa_odb10/prfl/631173at33208a.prfl --predictionStart=7070501 --predictionEnd=7083493 --species=fly busco_out/BUSCO_metazoa.fasta/run_metazoa_odb10/blast_output/sequences/scaffold_5.temp
DEBUG:busco.Toolset	cmd call: /kmk/scripts/augustus.2.5.5/bin/augustus --codingseq=1 --proteinprofile=/kmk/databases/metazoa_odb10/prfl/162821at33208a.prfl --predictionStart=38892783 --predictionEnd=38907413 --species=fly busco_out/BUSCO_metazoa.fasta/run_metazoa_odb10/blast_output/sequences/scaffold_1.temp
DEBUG:busco.Toolset	cmd call: /kmk/scripts/augustus.2.5.5/bin/augustus --codingseq=1 --proteinprofile=/kmk/databases/metazoa_odb10/prfl/552359at33208a.prfl --predictionStart=2215526 --predictionEnd=2239419 --species=fly busco_out/BUSCO_metazoa.fasta/run_metazoa_odb10/blast_output/sequences/scaffold_3.temp
DEBUG:busco.Toolset	cmd call: /kmk/scripts/augustus.2.5.5/bin/augustus --codingseq=1 --proteinprofile=/kmk/databases/metazoa_odb10/prfl/471787at33208a.prfl --predictionStart=55361640 --predictionEnd=55380526 --species=fly busco_out/BUSCO_metazoa.fasta/run_metazoa_odb10/blast_output/sequences/scaffold_1.temp
DEBUG:busco.Toolset	cmd call: /kmk/scripts/augustus.2.5.5/bin/augustus --codingseq=1 --proteinprofile=/kmk/databases/metazoa_odb10/prfl/312577at33208a.prfl --predictionStart=38990906 --predictionEnd=39006906 --species=fly busco_out/BUSCO_metazoa.fasta/run_metazoa_odb10/blast_output/sequences/scaffold_1.temp
DEBUG:busco.Toolset	cmd call: /kmk/scripts/augustus.2.5.5/bin/augustus --codingseq=1 --proteinprofile=/kmk/databases/metazoa_odb10/prfl/130245at33208a.prfl --predictionStart=25667214 --predictionEnd=25702171 --species=fly busco_out/BUSCO_metazoa.fasta/run_metazoa_odb10/blast_output/sequences/scaffold_1.temp
DEBUG:busco.Toolset	cmd call: /kmk/scripts/augustus.2.5.5/bin/augustus --codingseq=1 --proteinprofile=/kmk/databases/metazoa_odb10/prfl/590416at33208a.prfl --predictionStart=22970621 --predictionEnd=22983787 --species=fly busco_out/BUSCO_metazoa.fasta/run_metazoa_odb10/blast_output/sequences/scaffold_1.temp
DEBUG:busco.Toolset	cmd call: /kmk/scripts/augustus.2.5.5/bin/augustus --codingseq=1 --proteinprofile=/kmk/databases/metazoa_odb10/prfl/545889at33208a.prfl --predictionStart=2052871 --predictionEnd=2065633 --species=fly busco_out/BUSCO_metazoa.fasta/run_metazoa_odb10/blast_output/sequences/scaffold_1.temp
DEBUG:busco.Toolset	cmd call: /kmk/scripts/augustus.2.5.5/bin/augustus --codingseq=1 --proteinprofile=/kmk/databases/metazoa_odb10/prfl/642323at33208a.prfl --predictionStart=1578747 --predictionEnd=1591079 --species=fly busco_out/BUSCO_metazoa.fasta/run_metazoa_odb10/blast_output/sequences/scaffold_1.temp
DEBUG:busco.Toolset	cmd call: /kmk/scripts/augustus.2.5.5/bin/augustus --codingseq=1 --proteinprofile=/kmk/databases/metazoa_odb10/prfl/445034at33208a.prfl --predictionStart=13231983 --predictionEnd=13246377 --species=fly busco_out/BUSCO_metazoa.fasta/run_metazoa_odb10/blast_output/sequences/scaffold_4.temp
DEBUG:busco.Toolset	cmd call: /kmk/scripts/augustus.2.5.5/bin/augustus --codingseq=1 --proteinprofile=/kmk/databases/metazoa_odb10/prfl/608924at33208a.prfl --predictionStart=7095586 --predictionEnd=7108127 --species=fly busco_out/BUSCO_metazoa.fasta/run_metazoa_odb10/blast_output/sequences/scaffold_9.temp
DEBUG:busco.Toolset	cmd call: /kmk/scripts/augustus.2.5.5/bin/augustus --codingseq=1 --proteinprofile=/kmk/databases/metazoa_odb10/prfl/262757at33208a.prfl --predictionStart=4132948 --predictionEnd=4145250 --species=fly busco_out/BUSCO_metazoa.fasta/run_metazoa_odb10/blast_output/sequences/scaffold_6.temp
DEBUG:busco.Toolset	cmd call: /kmk/scripts/augustus.2.5.5/bin/augustus --codingseq=1 --proteinprofile=/kmk/databases/metazoa_odb10/prfl/434863at33208a.prfl --predictionStart=32310387 --predictionEnd=32326691 --species=fly busco_out/BUSCO_metazoa.fasta/run_metazoa_odb10/blast_output/sequences/scaffold_1.temp
DEBUG:busco.Toolset	cmd call: /kmk/scripts/augustus.2.5.5/bin/augustus --codingseq=1 --proteinprofile=/kmk/databases/metazoa_odb10/prfl/414571at33208a.prfl --predictionStart=7923249 --predictionEnd=7938227 --species=fly busco_out/BUSCO_metazoa.fasta/run_metazoa_odb10/blast_output/sequences/scaffold_3.temp
DEBUG:busco.Toolset	cmd call: /kmk/scripts/augustus.2.5.5/bin/augustus --codingseq=1 --proteinprofile=/kmk/databases/metazoa_odb10/prfl/619326at33208a.prfl --predictionStart=56074686 --predictionEnd=56087263 --species=fly busco_out/BUSCO_metazoa.fasta/run_metazoa_odb10/blast_output/sequences/scaffold_1.temp
DEBUG:busco.Toolset	cmd call: /kmk/scripts/augustus.2.5.5/bin/augustus --codingseq=1 --proteinprofile=/kmk/databases/metazoa_odb10/prfl/103854at33208a.prfl --predictionStart=9167232 --predictionEnd=9200334 --species=fly busco_out/BUSCO_metazoa.fasta/run_metazoa_odb10/blast_output/sequences/scaffold_9.temp
DEBUG:busco.Toolset	cmd call: /kmk/scripts/augustus.2.5.5/bin/augustus --codingseq=1 --proteinprofile=/kmk/databases/metazoa_odb10/prfl/514296at33208a.prfl --predictionStart=16340925 --predictionEnd=16366740 --species=fly busco_out/BUSCO_metazoa.fasta/run_metazoa_odb10/blast_output/sequences/scaffold_7.temp
DEBUG:busco.Toolset	cmd call: /kmk/scripts/augustus.2.5.5/bin/augustus --codingseq=1 --proteinprofile=/kmk/databases/metazoa_odb10/prfl/178537at33208a.prfl --predictionStart=31184434 --predictionEnd=31211351 --species=fly busco_out/BUSCO_metazoa.fasta/run_metazoa_odb10/blast_output/sequences/scaffold_2.temp
DEBUG:busco.Toolset	cmd call: /kmk/scripts/augustus.2.5.5/bin/augustus --codingseq=1 --proteinprofile=/kmk/databases/metazoa_odb10/prfl/387079at33208a.prfl --predictionStart=3584359 --predictionEnd=3599826 --species=fly busco_out/BUSCO_metazoa.fasta/run_metazoa_odb10/blast_output/sequences/scaffold_9.temp
DEBUG:busco.Toolset	cmd call: /kmk/scripts/augustus.2.5.5/bin/augustus --codingseq=1 --proteinprofile=/kmk/databases/metazoa_odb10/prfl/274992at33208a.prfl --predictionStart=5990320 --predictionEnd=6008167 --species=fly busco_out/BUSCO_metazoa.fasta/run_metazoa_odb10/blast_output/sequences/scaffold_5.temp
DEBUG:busco.Toolset	cmd call: /kmk/scripts/augustus.2.5.5/bin/augustus --codingseq=1 --proteinprofile=/kmk/databases/metazoa_odb10/prfl/539600at33208a.prfl --predictionStart=16015392 --predictionEnd=16027865 --species=fly busco_out/BUSCO_metazoa.fasta/run_metazoa_odb10/blast_output/sequences/scaffold_1.temp
DEBUG:busco.Toolset	cmd call: /kmk/scripts/augustus.2.5.5/bin/augustus --codingseq=1 --proteinprofile=/kmk/databases/metazoa_odb10/prfl/582823at33208a.prfl --predictionStart=56705311 --predictionEnd=56718821 --species=fly busco_out/BUSCO_metazoa.fasta/run_metazoa_odb10/blast_output/sequences/scaffold_1.temp
DEBUG:busco.Toolset	cmd call: /kmk/scripts/augustus.2.5.5/bin/augustus --codingseq=1 --proteinprofile=/kmk/databases/metazoa_odb10/prfl/208219at33208a.prfl --predictionStart=17846682 --predictionEnd=17861132 --species=fly busco_out/BUSCO_metazoa.fasta/run_metazoa_odb10/blast_output/sequences/scaffold_5.temp
DEBUG:busco.Toolset	cmd call: /kmk/scripts/augustus.2.5.5/bin/augustus --codingseq=1 --proteinprofile=/kmk/databases/metazoa_odb10/prfl/440195at33208a.prfl --predictionStart=3794630 --predictionEnd=3807555 --species=fly busco_out/BUSCO_metazoa.fasta/run_metazoa_odb10/blast_output/sequences/scaffold_6.temp
DEBUG:busco.Toolset	cmd call: /kmk/scripts/augustus.2.5.5/bin/augustus --codingseq=1 --proteinprofile=/kmk/databases/metazoa_odb10/prfl/75406at33208a.prfl --predictionStart=24478673 --predictionEnd=24494039 --species=fly busco_out/BUSCO_metazoa.fasta/run_metazoa_odb10/blast_output/sequences/scaffold_6.temp
DEBUG:busco.Toolset	cmd call: /kmk/scripts/augustus.2.5.5/bin/augustus --codingseq=1 --proteinprofile=/kmk/databases/metazoa_odb10/prfl/271742at33208a.prfl --predictionStart=4564286 --predictionEnd=4579810 --species=fly busco_out/BUSCO_metazoa.fasta/run_metazoa_odb10/blast_output/sequences/scaffold_4.temp
DEBUG:busco.Toolset	cmd call: /kmk/scripts/augustus.2.5.5/bin/augustus --codingseq=1 --proteinprofile=/kmk/databases/metazoa_odb10/prfl/409186at33208a.prfl --predictionStart=5203388 --predictionEnd=5266541 --species=fly busco_out/BUSCO_metazoa.fasta/run_metazoa_odb10/blast_output/sequences/scaffold_6.temp
DEBUG:busco.Toolset	cmd call: /kmk/scripts/augustus.2.5.5/bin/augustus --codingseq=1 --proteinprofile=/kmk/databases/metazoa_odb10/prfl/505718at33208a.prfl --predictionStart=19558975 --predictionEnd=19573345 --species=fly busco_out/BUSCO_metazoa.fasta/run_metazoa_odb10/blast_output/sequences/scaffold_1.temp
DEBUG:busco.Toolset	cmd call: /kmk/scripts/augustus.2.5.5/bin/augustus --codingseq=1 --proteinprofile=/kmk/databases/metazoa_odb10/prfl/227087at33208a.prfl --predictionStart=303454 --predictionEnd=315723 --species=fly busco_out/BUSCO_metazoa.fasta/run_metazoa_odb10/blast_output/sequences/scaffold_2.temp
DEBUG:busco.Toolset	cmd call: /kmk/scripts/augustus.2.5.5/bin/augustus --codingseq=1 --proteinprofile=/kmk/databases/metazoa_odb10/prfl/638541at33208a.prfl --predictionStart=15944729 --predictionEnd=15956953 --species=fly busco_out/BUSCO_metazoa.fasta/run_metazoa_odb10/blast_output/sequences/scaffold_2.temp
DEBUG:busco.Toolset	cmd call: /kmk/scripts/augustus.2.5.5/bin/augustus --codingseq=1 --proteinprofile=/kmk/databases/metazoa_odb10/prfl/266460at33208a.prfl --predictionStart=6502388 --predictionEnd=6518228 --species=fly busco_out/BUSCO_metazoa.fasta/run_metazoa_odb10/blast_output/sequences/scaffold_4.temp
DEBUG:busco.Toolset	cmd call: /kmk/scripts/augustus.2.5.5/bin/augustus --codingseq=1 --proteinprofile=/kmk/databases/metazoa_odb10/prfl/518569at33208a.prfl --predictionStart=17271826 --predictionEnd=17286748 --species=fly busco_out/BUSCO_metazoa.fasta/run_metazoa_odb10/blast_output/sequences/scaffold_1.temp
DEBUG:busco.Toolset	cmd call: /kmk/scripts/augustus.2.5.5/bin/augustus --codingseq=1 --proteinprofile=/kmk/databases/metazoa_odb10/prfl/559501at33208a.prfl --predictionStart=37579144 --predictionEnd=37596287 --species=fly busco_out/BUSCO_metazoa.fasta/run_metazoa_odb10/blast_output/sequences/scaffold_1.temp
DEBUG:busco.Toolset	cmd call: /kmk/scripts/augustus.2.5.5/bin/augustus --codingseq=1 --proteinprofile=/kmk/databases/metazoa_odb10/prfl/315393at33208a.prfl --predictionStart=1228510 --predictionEnd=1244332 --species=fly busco_out/BUSCO_metazoa.fasta/run_metazoa_odb10/blast_output/sequences/scaffold_1.temp
DEBUG:busco.Toolset	cmd call: /kmk/scripts/augustus.2.5.5/bin/augustus --codingseq=1 --proteinprofile=/kmk/databases/metazoa_odb10/prfl/602089at33208a.prfl --predictionStart=771363 --predictionEnd=784200 --species=fly busco_out/BUSCO_metazoa.fasta/run_metazoa_odb10/blast_output/sequences/scaffold_8.temp
DEBUG:busco.Toolset	cmd call: /kmk/scripts/augustus.2.5.5/bin/augustus --codingseq=1 --proteinprofile=/kmk/databases/metazoa_odb10/prfl/379076at33208a.prfl --predictionStart=11845381 --predictionEnd=11859283 --species=fly busco_out/BUSCO_metazoa.fasta/run_metazoa_odb10/blast_output/sequences/scaffold_7.temp
DEBUG:busco.Toolset	cmd call: /kmk/scripts/augustus.2.5.5/bin/augustus --codingseq=1 --proteinprofile=/kmk/databases/metazoa_odb10/prfl/378768at33208a.prfl --predictionStart=30312746 --predictionEnd=30326958 --species=fly busco_out/BUSCO_metazoa.fasta/run_metazoa_odb10/blast_output/sequences/scaffold_3.temp
DEBUG:busco.Toolset	cmd call: /kmk/scripts/augustus.2.5.5/bin/augustus --codingseq=1 --proteinprofile=/kmk/databases/metazoa_odb10/prfl/190726at33208a.prfl --predictionStart=24705502 --predictionEnd=24723218 --species=fly busco_out/BUSCO_metazoa.fasta/run_metazoa_odb10/blast_output/sequences/scaffold_4.temp
DEBUG:busco.Toolset	cmd call: /kmk/scripts/augustus.2.5.5/bin/augustus --codingseq=1 --proteinprofile=/kmk/databases/metazoa_odb10/prfl/99987at33208a.prfl --predictionStart=27259440 --predictionEnd=27296784 --species=fly busco_out/BUSCO_metazoa.fasta/run_metazoa_odb10/blast_output/sequences/scaffold_1.temp
DEBUG:busco.Toolset	cmd call: /kmk/scripts/augustus.2.5.5/bin/augustus --codingseq=1 --proteinprofile=/kmk/databases/metazoa_odb10/prfl/99987at33208a.prfl --predictionStart=31421737 --predictionEnd=31434552 --species=fly busco_out/BUSCO_metazoa.fasta/run_metazoa_odb10/blast_output/sequences/scaffold_4.temp
DEBUG:busco.Toolset	cmd call: /kmk/scripts/augustus.2.5.5/bin/augustus --codingseq=1 --proteinprofile=/kmk/databases/metazoa_odb10/prfl/464286at33208a.prfl --predictionStart=13218117 --predictionEnd=13234634 --species=fly busco_out/BUSCO_metazoa.fasta/run_metazoa_odb10/blast_output/sequences/scaffold_2.temp
DEBUG:busco.Toolset	cmd call: /kmk/scripts/augustus.2.5.5/bin/augustus --codingseq=1 --proteinprofile=/kmk/databases/metazoa_odb10/prfl/435921at33208a.prfl --predictionStart=11196847 --predictionEnd=11210905 --species=fly busco_out/BUSCO_metazoa.fasta/run_metazoa_odb10/blast_output/sequences/scaffold_6.temp
DEBUG:busco.Toolset	cmd call: /kmk/scripts/augustus.2.5.5/bin/augustus --codingseq=1 --proteinprofile=/kmk/databases/metazoa_odb10/prfl/177718at33208a.prfl --predictionStart=13740220 --predictionEnd=13756848 --species=fly busco_out/BUSCO_metazoa.fasta/run_metazoa_odb10/blast_output/sequences/scaffold_2.temp
DEBUG:busco.Toolset	cmd call: /kmk/scripts/augustus.2.5.5/bin/augustus --codingseq=1 --proteinprofile=/kmk/databases/metazoa_odb10/prfl/618339at33208a.prfl --predictionStart=223049 --predictionEnd=235219 --species=fly busco_out/BUSCO_metazoa.fasta/run_metazoa_odb10/blast_output/sequences/scaffold_5.temp
DEBUG:busco.Toolset	cmd call: /kmk/scripts/augustus.2.5.5/bin/augustus --codingseq=1 --proteinprofile=/kmk/databases/metazoa_odb10/prfl/273367at33208a.prfl --predictionStart=34504558 --predictionEnd=34518015 --species=fly busco_out/BUSCO_metazoa.fasta/run_metazoa_odb10/blast_output/sequences/scaffold_3.temp
DEBUG:busco.Toolset	cmd call: /kmk/scripts/augustus.2.5.5/bin/augustus --codingseq=1 --proteinprofile=/kmk/databases/metazoa_odb10/prfl/344442at33208a.prfl --predictionStart=43216813 --predictionEnd=43231682 --species=fly busco_out/BUSCO_metazoa.fasta/run_metazoa_odb10/blast_output/sequences/scaffold_2.temp
DEBUG:busco.Toolset	cmd call: /kmk/scripts/augustus.2.5.5/bin/augustus --codingseq=1 --proteinprofile=/kmk/databases/metazoa_odb10/prfl/148325at33208a.prfl --predictionStart=25569537 --predictionEnd=25587596 --species=fly busco_out/BUSCO_metazoa.fasta/run_metazoa_odb10/blast_output/sequences/scaffold_2.temp
DEBUG:busco.Toolset	cmd call: /kmk/scripts/augustus.2.5.5/bin/augustus --codingseq=1 --proteinprofile=/kmk/databases/metazoa_odb10/prfl/589773at33208a.prfl --predictionStart=16773155 --predictionEnd=16785394 --species=fly busco_out/BUSCO_metazoa.fasta/run_metazoa_odb10/blast_output/sequences/scaffold_5.temp
DEBUG:busco.Toolset	cmd call: /kmk/scripts/augustus.2.5.5/bin/augustus --codingseq=1 --proteinprofile=/kmk/databases/metazoa_odb10/prfl/376982at33208a.prfl --predictionStart=5240630 --predictionEnd=5255506 --species=fly busco_out/BUSCO_metazoa.fasta/run_metazoa_odb10/blast_output/sequences/scaffold_2.temp
DEBUG:busco.Toolset	cmd call: /kmk/scripts/augustus.2.5.5/bin/augustus --codingseq=1 --proteinprofile=/kmk/databases/metazoa_odb10/prfl/239149at33208a.prfl --predictionStart=44821600 --predictionEnd=44833947 --species=fly busco_out/BUSCO_metazoa.fasta/run_metazoa_odb10/blast_output/sequences/scaffold_1.temp
DEBUG:busco.Toolset	cmd call: /kmk/scripts/augustus.2.5.5/bin/augustus --codingseq=1 --proteinprofile=/kmk/databases/metazoa_odb10/prfl/274044at33208a.prfl --predictionStart=10175814 --predictionEnd=10191836 --species=fly busco_out/BUSCO_metazoa.fasta/run_metazoa_odb10/blast_output/sequences/scaffold_6.temp
DEBUG:busco.Toolset	cmd call: /kmk/scripts/augustus.2.5.5/bin/augustus --codingseq=1 --proteinprofile=/kmk/databases/metazoa_odb10/prfl/599320at33208a.prfl --predictionStart=25374154 --predictionEnd=25387283 --species=fly busco_out/BUSCO_metazoa.fasta/run_metazoa_odb10/blast_output/sequences/scaffold_3.temp
DEBUG:busco.Toolset	cmd call: /kmk/scripts/augustus.2.5.5/bin/augustus --codingseq=1 --proteinprofile=/kmk/databases/metazoa_odb10/prfl/383313at33208a.prfl --predictionStart=24371948 --predictionEnd=24393774 --species=fly busco_out/BUSCO_metazoa.fasta/run_metazoa_odb10/blast_output/sequences/scaffold_2.temp
DEBUG:busco.Toolset	cmd call: /kmk/scripts/augustus.2.5.5/bin/augustus --codingseq=1 --proteinprofile=/kmk/databases/metazoa_odb10/prfl/401679at33208a.prfl --predictionStart=14129971 --predictionEnd=14143117 --species=fly busco_out/BUSCO_metazoa.fasta/run_metazoa_odb10/blast_output/sequences/scaffold_2.temp
DEBUG:busco.Toolset	cmd call: /kmk/scripts/augustus.2.5.5/bin/augustus --codingseq=1 --proteinprofile=/kmk/databases/metazoa_odb10/prfl/453052at33208a.prfl --predictionStart=31421740 --predictionEnd=31434552 --species=fly busco_out/BUSCO_metazoa.fasta/run_metazoa_odb10/blast_output/sequences/scaffold_4.temp
DEBUG:busco.Toolset	cmd call: /kmk/scripts/augustus.2.5.5/bin/augustus --codingseq=1 --proteinprofile=/kmk/databases/metazoa_odb10/prfl/561688at33208a.prfl --predictionStart=45881128 --predictionEnd=45894968 --species=fly busco_out/BUSCO_metazoa.fasta/run_metazoa_odb10/blast_output/sequences/scaffold_1.temp
DEBUG:busco.Toolset	cmd call: /kmk/scripts/augustus.2.5.5/bin/augustus --codingseq=1 --proteinprofile=/kmk/databases/metazoa_odb10/prfl/570262at33208a.prfl --predictionStart=18774068 --predictionEnd=18789830 --species=fly busco_out/BUSCO_metazoa.fasta/run_metazoa_odb10/blast_output/sequences/scaffold_5.temp
DEBUG:busco.Toolset	cmd call: /kmk/scripts/augustus.2.5.5/bin/augustus --codingseq=1 --proteinprofile=/kmk/databases/metazoa_odb10/prfl/338191at33208a.prfl --predictionStart=34086821 --predictionEnd=34108361 --species=fly busco_out/BUSCO_metazoa.fasta/run_metazoa_odb10/blast_output/sequences/scaffold_3.temp
DEBUG:busco.Toolset	cmd call: /kmk/scripts/augustus.2.5.5/bin/augustus --codingseq=1 --proteinprofile=/kmk/databases/metazoa_odb10/prfl/168924at33208a.prfl --predictionStart=24518453 --predictionEnd=24537672 --species=fly busco_out/BUSCO_metazoa.fasta/run_metazoa_odb10/blast_output/sequences/scaffold_5.temp
DEBUG:busco.Toolset	cmd call: /kmk/scripts/augustus.2.5.5/bin/augustus --codingseq=1 --proteinprofile=/kmk/databases/metazoa_odb10/prfl/166097at33208a.prfl --predictionStart=27301070 --predictionEnd=27344859 --species=fly busco_out/BUSCO_metazoa.fasta/run_metazoa_odb10/blast_output/sequences/scaffold_3.temp
DEBUG:busco.Toolset	cmd call: /kmk/scripts/augustus.2.5.5/bin/augustus --codingseq=1 --proteinprofile=/kmk/databases/metazoa_odb10/prfl/445031at33208a.prfl --predictionStart=26830834 --predictionEnd=26843280 --species=fly busco_out/BUSCO_metazoa.fasta/run_metazoa_odb10/blast_output/sequences/scaffold_4.temp
DEBUG:busco.Toolset	cmd call: /kmk/scripts/augustus.2.5.5/bin/augustus --codingseq=1 --proteinprofile=/kmk/databases/metazoa_odb10/prfl/5951at33208a.prfl --predictionStart=29916984 --predictionEnd=29933562 --species=fly busco_out/BUSCO_metazoa.fasta/run_metazoa_odb10/blast_output/sequences/scaffold_1.temp
DEBUG:busco.Toolset	cmd call: /kmk/scripts/augustus.2.5.5/bin/augustus --codingseq=1 --proteinprofile=/kmk/databases/metazoa_odb10/prfl/495802at33208a.prfl --predictionStart=473547 --predictionEnd=485834 --species=fly busco_out/BUSCO_metazoa.fasta/run_metazoa_odb10/blast_output/sequences/scaffold_1.temp
DEBUG:busco.Toolset	cmd call: /kmk/scripts/augustus.2.5.5/bin/augustus --codingseq=1 --proteinprofile=/kmk/databases/metazoa_odb10/prfl/227453at33208a.prfl --predictionStart=26146817 --predictionEnd=26162435 --species=fly busco_out/BUSCO_metazoa.fasta/run_metazoa_odb10/blast_output/sequences/scaffold_1.temp
INFO:busco.Toolset	[augustus]	478 of 956 task(s) completed
DEBUG:busco.Toolset	cmd call: /kmk/scripts/augustus.2.5.5/bin/augustus --codingseq=1 --proteinprofile=/kmk/databases/metazoa_odb10/prfl/477052at33208a.prfl --predictionStart=32446923 --predictionEnd=32459957 --species=fly busco_out/BUSCO_metazoa.fasta/run_metazoa_odb10/blast_output/sequences/scaffold_4.temp
DEBUG:busco.Toolset	cmd call: /kmk/scripts/augustus.2.5.5/bin/augustus --codingseq=1 --proteinprofile=/kmk/databases/metazoa_odb10/prfl/502407at33208a.prfl --predictionStart=2477653 --predictionEnd=2493424 --species=fly busco_out/BUSCO_metazoa.fasta/run_metazoa_odb10/blast_output/sequences/scaffold_1.temp
DEBUG:busco.Toolset	cmd call: /kmk/scripts/augustus.2.5.5/bin/augustus --codingseq=1 --proteinprofile=/kmk/databases/metazoa_odb10/prfl/278227at33208a.prfl --predictionStart=4251437 --predictionEnd=4268799 --species=fly busco_out/BUSCO_metazoa.fasta/run_metazoa_odb10/blast_output/sequences/scaffold_1.temp
DEBUG:busco.Toolset	cmd call: /kmk/scripts/augustus.2.5.5/bin/augustus --codingseq=1 --proteinprofile=/kmk/databases/metazoa_odb10/prfl/482691at33208a.prfl --predictionStart=32942694 --predictionEnd=32959087 --species=fly busco_out/BUSCO_metazoa.fasta/run_metazoa_odb10/blast_output/sequences/scaffold_3.temp
DEBUG:busco.Toolset	cmd call: /kmk/scripts/augustus.2.5.5/bin/augustus --codingseq=1 --proteinprofile=/kmk/databases/metazoa_odb10/prfl/585726at33208a.prfl --predictionStart=5743362 --predictionEnd=5758932 --species=fly busco_out/BUSCO_metazoa.fasta/run_metazoa_odb10/blast_output/sequences/scaffold_9.temp
DEBUG:busco.Toolset	cmd call: /kmk/scripts/augustus.2.5.5/bin/augustus --codingseq=1 --proteinprofile=/kmk/databases/metazoa_odb10/prfl/428754at33208a.prfl --predictionStart=28782429 --predictionEnd=28798471 --species=fly busco_out/BUSCO_metazoa.fasta/run_metazoa_odb10/blast_output/sequences/scaffold_2.temp
DEBUG:busco.Toolset	cmd call: /kmk/scripts/augustus.2.5.5/bin/augustus --codingseq=1 --proteinprofile=/kmk/databases/metazoa_odb10/prfl/177858at33208a.prfl --predictionStart=4647063 --predictionEnd=4721030 --species=fly busco_out/BUSCO_metazoa.fasta/run_metazoa_odb10/blast_output/sequences/scaffold_8.temp
DEBUG:busco.Toolset	cmd call: /kmk/scripts/augustus.2.5.5/bin/augustus --codingseq=1 --proteinprofile=/kmk/databases/metazoa_odb10/prfl/247905at33208a.prfl --predictionStart=27270693 --predictionEnd=27289466 --species=fly busco_out/BUSCO_metazoa.fasta/run_metazoa_odb10/blast_output/sequences/scaffold_2.temp
DEBUG:busco.Toolset	cmd call: /kmk/scripts/augustus.2.5.5/bin/augustus --codingseq=1 --proteinprofile=/kmk/databases/metazoa_odb10/prfl/558552at33208a.prfl --predictionStart=11747096 --predictionEnd=11759712 --species=fly busco_out/BUSCO_metazoa.fasta/run_metazoa_odb10/blast_output/sequences/scaffold_4.temp
DEBUG:busco.Toolset	cmd call: /kmk/scripts/augustus.2.5.5/bin/augustus --codingseq=1 --proteinprofile=/kmk/databases/metazoa_odb10/prfl/610427at33208a.prfl --predictionStart=23754198 --predictionEnd=23767447 --species=fly busco_out/BUSCO_metazoa.fasta/run_metazoa_odb10/blast_output/sequences/scaffold_3.temp
DEBUG:busco.Toolset	cmd call: /kmk/scripts/augustus.2.5.5/bin/augustus --codingseq=1 --proteinprofile=/kmk/databases/metazoa_odb10/prfl/157109at33208a.prfl --predictionStart=24614571 --predictionEnd=24630575 --species=fly busco_out/BUSCO_metazoa.fasta/run_metazoa_odb10/blast_output/sequences/scaffold_4.temp
DEBUG:busco.Toolset	cmd call: /kmk/scripts/augustus.2.5.5/bin/augustus --codingseq=1 --proteinprofile=/kmk/databases/metazoa_odb10/prfl/382750at33208a.prfl --predictionStart=19486037 --predictionEnd=19506095 --species=fly busco_out/BUSCO_metazoa.fasta/run_metazoa_odb10/blast_output/sequences/scaffold_9.temp
DEBUG:busco.Toolset	cmd call: /kmk/scripts/augustus.2.5.5/bin/augustus --codingseq=1 --proteinprofile=/kmk/databases/metazoa_odb10/prfl/573313at33208a.prfl --predictionStart=30461708 --predictionEnd=30485334 --species=fly busco_out/BUSCO_metazoa.fasta/run_metazoa_odb10/blast_output/sequences/scaffold_3.temp
DEBUG:busco.Toolset	cmd call: /kmk/scripts/augustus.2.5.5/bin/augustus --codingseq=1 --proteinprofile=/kmk/databases/metazoa_odb10/prfl/568949at33208a.prfl --predictionStart=19489214 --predictionEnd=19505099 --species=fly busco_out/BUSCO_metazoa.fasta/run_metazoa_odb10/blast_output/sequences/scaffold_1.temp
