RepeatModeler Version 2.0.1
===========================
Search Engine = rmblast 2.11.0+
Dependencies: TRF 4.09, RECON , RepeatScout 1.0.6, RepeatMasker 4.1.2
LTR Structural Analysis: Enabled ( GenomeTools 1.6.5, LTR_Retriever v3.0.1,
                                   Ninja , MAFFT 7.490,
                                   CD-HIT 4.8.1 )
Random Number Seed: 1728049479
Database = repeats .
  - Sequences = 9
  - Bases = 297482005
Using output directory = /home/wirenia/projects/Discradisca/2024-10-03_BRAKER3/RM_2483503.FriOct40844482024
Storage Throughput = excellent ( 1114.79 MB/s )

Ready to start the sampling process.
INFO: The runtime of RepeatModeler heavily depends on the quality of the assembly
      and the repetitive content of the sequences.  It is not imperative
      that RepeatModeler completes all rounds in order to obtain useful
      results.  At the completion of each round, the files ( consensi.fa, and
      families.stk ) found in:
      /home/wirenia/projects/Discradisca/2024-10-03_BRAKER3/RM_2483503.FriOct40844482024/ 
      will contain all results produced thus far. These files may be 
      manually copied and run through RepeatClassifier should the program
      be terminated early.


RepeatModeler Round # 1
========================
Searching for Repeats
 -- Sampling from the database...
   - Gathering up to 40000000 bp
   - Final Sample Size = 40011027 bp ( 40011027 non ambiguous )
   - Num Contigs Represented = 9
   - Sequence extraction : 00:00:18 (hh:mm:ss) Elapsed Time
 -- Running RepeatScout on the sequences...
   - RepeatScout: Running build_lmer_table ( l = 14 )..
   - RepeatScout: Running RepeatScout.. : 2097 raw families identified
   - RepeatScout: Running filtering stage.. 1939 families remaining
   - RepeatScout: 00:11:28 (hh:mm:ss) Elapsed Time
   - Large Satellite Filtering.. : 6 found in 00:00:27 (hh:mm:ss) Elapsed Time
   - Collecting repeat instances...
 -- Refining Family R=6 / 0 ( RS Elements: 3718, Using 100 )
 -- Refining Family R=689 / 1 ( RS Elements: 3599, Using 100 )
 -- Refining Family R=411 / 2 ( RS Elements: 3238, Using 100 )
 -- Refining Family R=84 / 3 ( RS Elements: 2915, Using 100 )
 -- Refining Family R=137 / 4 ( RS Elements: 2594, Using 100 )
 -- Refining Family R=37 / 5 ( RS Elements: 2365, Using 100 )
 -- Refining Family R=833 / 6 ( RS Elements: 2210, Using 100 )
 -- Refining Family R=533 / 7 ( RS Elements: 2039, Using 100 )
 -- Refining Family R=199 / 8 ( RS Elements: 1995, Using 100 )
 -- Refining Family R=338 / 9 ( RS Elements: 1989, Using 100 )
 -- Refining Family R=451 / 10 ( RS Elements: 1883, Using 100 )
 -- Refining Family R=907 / 11 ( RS Elements: 1833, Using 100 )
 -- Refining Family R=311 / 12 ( RS Elements: 1832, Using 100 )
 -- Refining Family R=1799 / 13 ( RS Elements: 1793, Using 100 )
 -- Refining Family R=265 / 14 ( RS Elements: 1739, Using 100 )
 -- Refining Family R=241 / 15 ( RS Elements: 1728, Using 100 )
 -- Refining Family R=404 / 16 ( RS Elements: 1653, Using 100 )
 -- Refining Family R=1056 / 17 ( RS Elements: 1575, Using 100 )
 -- Refining Family R=823 / 18 ( RS Elements: 1555, Using 100 )
 -- Refining Family R=253 / 19 ( RS Elements: 1541, Using 100 )
 -- Refining Family R=0 / 20 ( RS Elements: 1480, Using 100 )
 -- Refining Family R=473 / 21 ( RS Elements: 1355, Using 100 )
 -- Refining Family R=1880 / 22 ( RS Elements: 1333, Using 100 )
 -- Refining Family R=447 / 23 ( RS Elements: 1330, Using 100 )
 -- Refining Family R=954 / 24 ( RS Elements: 1296, Using 100 )
 -- Refining Family R=10 / 25 ( RS Elements: 1295, Using 100 )
 -- Refining Family R=756 / 26 ( RS Elements: 1294, Using 100 )
 -- Refining Family R=517 / 27 ( RS Elements: 1275, Using 100 )
 -- Refining Family R=1681 / 28 ( RS Elements: 1265, Using 100 )
 -- Refining Family R=749 / 29 ( RS Elements: 1243, Using 100 )
 -- Refining Family R=1890 / 30 ( RS Elements: 1235, Using 100 )
 -- Refining Family R=395 / 31 ( RS Elements: 1191, Using 100 )
 -- Refining Family R=249 / 32 ( RS Elements: 1186, Using 100 )
 -- Refining Family R=869 / 33 ( RS Elements: 1159, Using 100 )
 -- Refining Family R=840 / 34 ( RS Elements: 1147, Using 100 )
 -- Refining Family R=536 / 35 ( RS Elements: 1100, Using 100 )
 -- Refining Family R=476 / 36 ( RS Elements: 1075, Using 100 )
 -- Refining Family R=834 / 37 ( RS Elements: 1046, Using 100 )
 -- Refining Family R=752 / 38 ( RS Elements: 1038, Using 100 )
 -- Refining Family R=506 / 39 ( RS Elements: 1010, Using 100 )
 -- Refining Family R=712 / 40 ( RS Elements: 1004, Using 100 )
 -- Refining Family R=861 / 41 ( RS Elements: 970, Using 100 )
 -- Refining Family R=1375 / 42 ( RS Elements: 953, Using 100 )
 -- Refining Family R=456 / 43 ( RS Elements: 946, Using 100 )
 -- Refining Family R=422 / 44 ( RS Elements: 915, Using 100 )
 -- Refining Family R=210 / 45 ( RS Elements: 912, Using 100 )
 -- Refining Family R=68 / 46 ( RS Elements: 882, Using 100 )
 -- Refining Family R=1727 / 47 ( RS Elements: 879, Using 100 )
 -- Refining Family R=4 / 48 ( RS Elements: 877, Using 100 )
 -- Refining Family R=815 / 49 ( RS Elements: 864, Using 100 )
 -- Refining Family R=9 / 50 ( RS Elements: 861, Using 100 )
 -- Refining Family R=1179 / 51 ( RS Elements: 824, Using 100 )
 -- Refining Family R=437 / 52 ( RS Elements: 777, Using 100 )
 -- Refining Family R=1233 / 53 ( RS Elements: 756, Using 100 )
 -- Refining Family R=1773 / 54 ( RS Elements: 746, Using 100 )
 -- Refining Family R=503 / 55 ( RS Elements: 736, Using 100 )
 -- Refining Family R=98 / 56 ( RS Elements: 735, Using 100 )
 -- Refining Family R=131 / 57 ( RS Elements: 729, Using 100 )
 -- Refining Family R=67 / 58 ( RS Elements: 729, Using 100 )
 -- Refining Family R=390 / 59 ( RS Elements: 728, Using 100 )
 -- Refining Family R=392 / 60 ( RS Elements: 727, Using 100 )
 -- Refining Family R=1949 / 61 ( RS Elements: 718, Using 100 )
 -- Refining Family R=1584 / 62 ( RS Elements: 716, Using 100 )
 -- Refining Family R=1478 / 63 ( RS Elements: 716, Using 100 )
 -- Refining Family R=161 / 64 ( RS Elements: 710, Using 100 )
 -- Refining Family R=344 / 65 ( RS Elements: 702, Using 100 )
 -- Refining Family R=130 / 66 ( RS Elements: 694, Using 100 )
 -- Refining Family R=69 / 67 ( RS Elements: 690, Using 100 )
 -- Refining Family R=421 / 68 ( RS Elements: 689, Using 100 )
 -- Refining Family R=863 / 69 ( RS Elements: 682, Using 100 )
 -- Refining Family R=38 / 70 ( RS Elements: 673, Using 100 )
 -- Refining Family R=24 / 71 ( RS Elements: 661, Using 100 )
 -- Refining Family R=410 / 72 ( RS Elements: 659, Using 100 )
 -- Refining Family R=12 / 73 ( RS Elements: 654, Using 100 )
 -- Refining Family R=125 / 74 ( RS Elements: 654, Using 100 )
 -- Refining Family R=1588 / 75 ( RS Elements: 640, Using 100 )
 -- Refining Family R=351 / 76 ( RS Elements: 626, Using 100 )
 -- Refining Family R=953 / 77 ( RS Elements: 621, Using 100 )
 -- Refining Family R=66 / 78 ( RS Elements: 619, Using 100 )
 -- Refining Family R=622 / 79 ( RS Elements: 593, Using 100 )
 -- Refining Family R=28 / 80 ( RS Elements: 585, Using 100 )
 -- Refining Family R=1 / 81 ( RS Elements: 585, Using 100 )
 -- Refining Family R=1973 / 82 ( RS Elements: 576, Using 100 )
 -- Refining Family R=48 / 83 ( RS Elements: 574, Using 100 )
 -- Refining Family R=206 / 84 ( RS Elements: 570, Using 100 )
 -- Refining Family R=27 / 85 ( RS Elements: 570, Using 100 )
 -- Refining Family R=857 / 86 ( RS Elements: 566, Using 100 )
 -- Refining Family R=25 / 87 ( RS Elements: 566, Using 100 )
 -- Refining Family R=1037 / 88 ( RS Elements: 562, Using 100 )
 -- Refining Family R=158 / 89 ( RS Elements: 552, Using 100 )
 -- Refining Family R=60 / 90 ( RS Elements: 535, Using 100 )
 -- Refining Family R=564 / 91 ( RS Elements: 531, Using 100 )
 -- Refining Family R=943 / 92 ( RS Elements: 509, Using 100 )
 -- Refining Family R=50 / 93 ( RS Elements: 491, Using 100 )
 -- Refining Family R=75 / 94 ( RS Elements: 491, Using 100 )
 -- Refining Family R=7 / 95 ( RS Elements: 489, Using 100 )
 -- Refining Family R=1324 / 96 ( RS Elements: 486, Using 100 )
 -- Refining Family R=63 / 97 ( RS Elements: 483, Using 100 )
 -- Refining Family R=30 / 98 ( RS Elements: 478, Using 100 )
 -- Refining Family R=178 / 99 ( RS Elements: 474, Using 100 )
 -- Refining Family R=238 / 100 ( RS Elements: 472, Using 100 )
 -- Refining Family R=142 / 101 ( RS Elements: 457, Using 100 )
 -- Refining Family R=246 / 102 ( RS Elements: 455, Using 100 )
 -- Refining Family R=148 / 103 ( RS Elements: 452, Using 100 )
 -- Refining Family R=79 / 104 ( RS Elements: 451, Using 100 )
 -- Refining Family R=235 / 105 ( RS Elements: 443, Using 100 )
 -- Refining Family R=21 / 106 ( RS Elements: 442, Using 100 )
 -- Refining Family R=87 / 107 ( RS Elements: 439, Using 100 )
 -- Refining Family R=719 / 108 ( RS Elements: 437, Using 100 )
 -- Refining Family R=111 / 109 ( RS Elements: 436, Using 100 )
 -- Refining Family R=13 / 110 ( RS Elements: 433, Using 100 )
 -- Refining Family R=53 / 111 ( RS Elements: 420, Using 100 )
 -- Refining Family R=738 / 112 ( RS Elements: 419, Using 100 )
 -- Refining Family R=2012 / 113 ( RS Elements: 418, Using 100 )
 -- Refining Family R=62 / 114 ( RS Elements: 418, Using 100 )
 -- Refining Family R=1596 / 115 ( RS Elements: 417, Using 100 )
 -- Refining Family R=201 / 116 ( RS Elements: 416, Using 100 )
 -- Refining Family R=1365 / 117 ( RS Elements: 413, Using 100 )
 -- Refining Family R=1263 / 118 ( RS Elements: 409, Using 100 )
 -- Refining Family R=556 / 119 ( RS Elements: 408, Using 100 )
 -- Refining Family R=16 / 120 ( RS Elements: 407, Using 100 )
 -- Refining Family R=1061 / 121 ( RS Elements: 393, Using 100 )
 -- Refining Family R=1516 / 122 ( RS Elements: 380, Using 100 )
 -- Refining Family R=353 / 123 ( RS Elements: 378, Using 100 )
 -- Refining Family R=740 / 124 ( RS Elements: 370, Using 100 )
 -- Refining Family R=504 / 125 ( RS Elements: 369, Using 100 )
 -- Refining Family R=215 / 126 ( RS Elements: 369, Using 100 )
 -- Refining Family R=802 / 127 ( RS Elements: 368, Using 100 )
 -- Refining Family R=59 / 128 ( RS Elements: 365, Using 100 )
 -- Refining Family R=525 / 129 ( RS Elements: 362, Using 100 )
 -- Refining Family R=8 / 130 ( RS Elements: 361, Using 100 )
 -- Refining Family R=914 / 131 ( RS Elements: 361, Using 100 )
 -- Refining Family R=97 / 132 ( RS Elements: 354, Using 100 )
 -- Refining Family R=147 / 133 ( RS Elements: 354, Using 100 )
 -- Refining Family R=655 / 134 ( RS Elements: 354, Using 100 )
 -- Refining Family R=997 / 135 ( RS Elements: 353, Using 100 )
 -- Refining Family R=93 / 136 ( RS Elements: 348, Using 100 )
 -- Refining Family R=33 / 137 ( RS Elements: 345, Using 100 )
 -- Refining Family R=711 / 138 ( RS Elements: 341, Using 100 )
 -- Refining Family R=1306 / 139 ( RS Elements: 338, Using 100 )
 -- Refining Family R=355 / 140 ( RS Elements: 337, Using 100 )
 -- Refining Family R=940 / 141 ( RS Elements: 333, Using 100 )
 -- Refining Family R=17 / 142 ( RS Elements: 329, Using 100 )
 -- Refining Family R=989 / 143 ( RS Elements: 327, Using 100 )
 -- Refining Family R=40 / 144 ( RS Elements: 324, Using 100 )
 -- Refining Family R=1962 / 145 ( RS Elements: 324, Using 100 )
 -- Refining Family R=266 / 146 ( RS Elements: 323, Using 100 )
 -- Refining Family R=128 / 147 ( RS Elements: 323, Using 100 )
 -- Refining Family R=461 / 148 ( RS Elements: 321, Using 100 )
 -- Refining Family R=34 / 149 ( RS Elements: 320, Using 100 )
 -- Refining Family R=423 / 150 ( RS Elements: 319, Using 100 )
 -- Refining Family R=15 / 151 ( RS Elements: 319, Using 100 )
 -- Refining Family R=679 / 152 ( RS Elements: 317, Using 100 )
 -- Refining Family R=23 / 153 ( RS Elements: 317, Using 100 )
 -- Refining Family R=716 / 154 ( RS Elements: 316, Using 100 )
 -- Refining Family R=1329 / 155 ( RS Elements: 315, Using 100 )
 -- Refining Family R=319 / 156 ( RS Elements: 314, Using 100 )
 -- Refining Family R=250 / 157 ( RS Elements: 310, Using 100 )
 -- Refining Family R=1418 / 158 ( RS Elements: 308, Using 100 )
 -- Refining Family R=472 / 159 ( RS Elements: 307, Using 100 )
 -- Refining Family R=999 / 160 ( RS Elements: 306, Using 100 )
 -- Refining Family R=333 / 161 ( RS Elements: 306, Using 100 )
 -- Refining Family R=211 / 162 ( RS Elements: 303, Using 100 )
 -- Refining Family R=183 / 163 ( RS Elements: 302, Using 100 )
 -- Refining Family R=1123 / 164 ( RS Elements: 300, Using 100 )
 -- Refining Family R=1141 / 165 ( RS Elements: 299, Using 100 )
 -- Refining Family R=1167 / 166 ( RS Elements: 297, Using 100 )
 -- Refining Family R=926 / 167 ( RS Elements: 297, Using 100 )
 -- Refining Family R=140 / 168 ( RS Elements: 297, Using 100 )
 -- Refining Family R=653 / 169 ( RS Elements: 295, Using 100 )
 -- Refining Family R=1992 / 170 ( RS Elements: 293, Using 100 )
 -- Refining Family R=343 / 171 ( RS Elements: 293, Using 100 )
 -- Refining Family R=595 / 172 ( RS Elements: 291, Using 100 )
 -- Refining Family R=82 / 173 ( RS Elements: 286, Using 100 )
 -- Refining Family R=133 / 174 ( RS Elements: 285, Using 100 )
 -- Refining Family R=1754 / 175 ( RS Elements: 284, Using 100 )
 -- Refining Family R=123 / 176 ( RS Elements: 280, Using 100 )
 -- Refining Family R=485 / 177 ( RS Elements: 277, Using 100 )
 -- Refining Family R=312 / 178 ( RS Elements: 274, Using 100 )
 -- Refining Family R=58 / 179 ( RS Elements: 271, Using 100 )
 -- Refining Family R=198 / 180 ( RS Elements: 269, Using 100 )
 -- Refining Family R=1643 / 181 ( RS Elements: 266, Using 100 )
 -- Refining Family R=242 / 182 ( RS Elements: 263, Using 100 )
 -- Refining Family R=561 / 183 ( RS Elements: 263, Using 100 )
 -- Refining Family R=1038 / 184 ( RS Elements: 261, Using 100 )
 -- Refining Family R=31 / 185 ( RS Elements: 260, Using 100 )
 -- Refining Family R=1531 / 186 ( RS Elements: 258, Using 100 )
 -- Refining Family R=1054 / 187 ( RS Elements: 258, Using 100 )
 -- Refining Family R=1075 / 188 ( RS Elements: 254, Using 100 )
 -- Refining Family R=385 / 189 ( RS Elements: 254, Using 100 )
 -- Refining Family R=710 / 190 ( RS Elements: 253, Using 100 )
 -- Refining Family R=112 / 191 ( RS Elements: 252, Using 100 )
 -- Refining Family R=46 / 192 ( RS Elements: 249, Using 100 )
 -- Refining Family R=808 / 193 ( RS Elements: 247, Using 100 )
 -- Refining Family R=1348 / 194 ( RS Elements: 245, Using 100 )
 -- Refining Family R=400 / 195 ( RS Elements: 244, Using 100 )
 -- Refining Family R=150 / 196 ( RS Elements: 244, Using 100 )
 -- Refining Family R=77 / 197 ( RS Elements: 244, Using 100 )
 -- Refining Family R=45 / 198 ( RS Elements: 243, Using 100 )
 -- Refining Family R=575 / 199 ( RS Elements: 239, Using 100 )
 -- Refining Family R=1203 / 200 ( RS Elements: 238, Using 100 )
 -- Refining Family R=526 / 201 ( RS Elements: 238, Using 100 )
 -- Refining Family R=298 / 202 ( RS Elements: 236, Using 100 )
 -- Refining Family R=718 / 203 ( RS Elements: 235, Using 100 )
 -- Refining Family R=86 / 204 ( RS Elements: 232, Using 100 )
 -- Refining Family R=1858 / 205 ( RS Elements: 229, Using 100 )
 -- Refining Family R=811 / 206 ( RS Elements: 228, Using 100 )
 -- Refining Family R=65 / 207 ( RS Elements: 228, Using 100 )
 -- Refining Family R=54 / 208 ( RS Elements: 227, Using 100 )
 -- Refining Family R=968 / 209 ( RS Elements: 227, Using 100 )
 -- Refining Family R=85 / 210 ( RS Elements: 226, Using 100 )
 -- Refining Family R=78 / 211 ( RS Elements: 226, Using 100 )
 -- Refining Family R=172 / 212 ( RS Elements: 224, Using 100 )
 -- Refining Family R=832 / 213 ( RS Elements: 222, Using 100 )
 -- Refining Family R=124 / 214 ( RS Elements: 221, Using 100 )
 -- Refining Family R=194 / 215 ( RS Elements: 221, Using 100 )
 -- Refining Family R=438 / 216 ( RS Elements: 220, Using 100 )
 -- Refining Family R=967 / 217 ( RS Elements: 220, Using 100 )
 -- Refining Family R=308 / 218 ( RS Elements: 219, Using 100 )
 -- Refining Family R=191 / 219 ( RS Elements: 218, Using 100 )
 -- Refining Family R=39 / 220 ( RS Elements: 215, Using 100 )
 -- Refining Family R=661 / 221 ( RS Elements: 214, Using 100 )
 -- Refining Family R=1630 / 222 ( RS Elements: 214, Using 100 )
 -- Refining Family R=492 / 223 ( RS Elements: 212, Using 100 )
 -- Refining Family R=488 / 224 ( RS Elements: 212, Using 100 )
 -- Refining Family R=554 / 225 ( RS Elements: 211, Using 100 )
 -- Refining Family R=605 / 226 ( RS Elements: 211, Using 100 )
 -- Refining Family R=1072 / 227 ( RS Elements: 209, Using 100 )
 -- Refining Family R=26 / 228 ( RS Elements: 206, Using 100 )
 -- Refining Family R=263 / 229 ( RS Elements: 206, Using 100 )
 -- Refining Family R=1315 / 230 ( RS Elements: 206, Using 100 )
 -- Refining Family R=55 / 231 ( RS Elements: 205, Using 100 )
 -- Refining Family R=285 / 232 ( RS Elements: 205, Using 100 )
 -- Refining Family R=106 / 233 ( RS Elements: 204, Using 100 )
 -- Refining Family R=61 / 234 ( RS Elements: 204, Using 100 )
 -- Refining Family R=1505 / 235 ( RS Elements: 203, Using 100 )
 -- Refining Family R=283 / 236 ( RS Elements: 202, Using 100 )
 -- Refining Family R=234 / 237 ( RS Elements: 200, Using 100 )
 -- Refining Family R=104 / 238 ( RS Elements: 199, Using 100 )
 -- Refining Family R=143 / 239 ( RS Elements: 195, Using 100 )
 -- Refining Family R=713 / 240 ( RS Elements: 192, Using 100 )
 -- Refining Family R=139 / 241 ( RS Elements: 192, Using 100 )
 -- Refining Family R=377 / 242 ( RS Elements: 188, Using 100 )
 -- Refining Family R=35 / 243 ( RS Elements: 187, Using 100 )
 -- Refining Family R=986 / 244 ( RS Elements: 186, Using 100 )
 -- Refining Family R=1084 / 245 ( RS Elements: 186, Using 100 )
 -- Refining Family R=237 / 246 ( RS Elements: 185, Using 100 )
 -- Refining Family R=590 / 247 ( RS Elements: 182, Using 100 )
 -- Refining Family R=537 / 248 ( RS Elements: 182, Using 100 )
 -- Refining Family R=122 / 249 ( RS Elements: 180, Using 100 )
 -- Refining Family R=224 / 250 ( RS Elements: 180, Using 100 )
 -- Refining Family R=316 / 251 ( RS Elements: 180, Using 100 )
 -- Refining Family R=647 / 252 ( RS Elements: 180, Using 100 )
 -- Refining Family R=691 / 253 ( RS Elements: 178, Using 100 )
 -- Refining Family R=457 / 254 ( RS Elements: 176, Using 100 )
 -- Refining Family R=187 / 255 ( RS Elements: 174, Using 100 )
 -- Refining Family R=89 / 256 ( RS Elements: 173, Using 100 )
 -- Refining Family R=101 / 257 ( RS Elements: 173, Using 100 )
 -- Refining Family R=1230 / 258 ( RS Elements: 173, Using 100 )
 -- Refining Family R=274 / 259 ( RS Elements: 172, Using 100 )
 -- Refining Family R=258 / 260 ( RS Elements: 172, Using 100 )
 -- Refining Family R=160 / 261 ( RS Elements: 171, Using 100 )
 -- Refining Family R=2053 / 262 ( RS Elements: 170, Using 100 )
 -- Refining Family R=107 / 263 ( RS Elements: 167, Using 100 )
 -- Refining Family R=233 / 264 ( RS Elements: 166, Using 100 )
 -- Refining Family R=271 / 265 ( RS Elements: 166, Using 100 )
 -- Refining Family R=970 / 266 ( RS Elements: 165, Using 100 )
 -- Refining Family R=1619 / 267 ( RS Elements: 165, Using 100 )
 -- Refining Family R=330 / 268 ( RS Elements: 165, Using 100 )
 -- Refining Family R=854 / 269 ( RS Elements: 164, Using 100 )
 -- Refining Family R=442 / 270 ( RS Elements: 163, Using 100 )
 -- Refining Family R=1322 / 271 ( RS Elements: 162, Using 100 )
 -- Refining Family R=386 / 272 ( RS Elements: 162, Using 100 )
 -- Refining Family R=764 / 273 ( RS Elements: 160, Using 100 )
 -- Refining Family R=600 / 274 ( RS Elements: 160, Using 100 )
 -- Refining Family R=1355 / 275 ( RS Elements: 159, Using 100 )
 -- Refining Family R=580 / 276 ( RS Elements: 158, Using 100 )
 -- Refining Family R=988 / 277 ( RS Elements: 158, Using 100 )
 -- Refining Family R=790 / 278 ( RS Elements: 158, Using 100 )
 -- Refining Family R=547 / 279 ( RS Elements: 158, Using 100 )
 -- Refining Family R=996 / 280 ( RS Elements: 157, Using 100 )
 -- Refining Family R=1635 / 281 ( RS Elements: 157, Using 100 )
 -- Refining Family R=88 / 282 ( RS Elements: 156, Using 100 )
 -- Refining Family R=545 / 283 ( RS Elements: 154, Using 100 )
 -- Refining Family R=1412 / 284 ( RS Elements: 154, Using 100 )
 -- Refining Family R=592 / 285 ( RS Elements: 153, Using 100 )
 -- Refining Family R=99 / 286 ( RS Elements: 153, Using 100 )
 -- Refining Family R=156 / 287 ( RS Elements: 151, Using 100 )
 -- Refining Family R=425 / 288 ( RS Elements: 149, Using 100 )
 -- Refining Family R=657 / 289 ( RS Elements: 149, Using 100 )
 -- Refining Family R=177 / 290 ( RS Elements: 149, Using 100 )
 -- Refining Family R=1235 / 291 ( RS Elements: 149, Using 100 )
 -- Refining Family R=699 / 292 ( RS Elements: 148, Using 100 )
 -- Refining Family R=1034 / 293 ( RS Elements: 148, Using 100 )
 -- Refining Family R=548 / 294 ( RS Elements: 147, Using 100 )
 -- Refining Family R=180 / 295 ( RS Elements: 147, Using 100 )
 -- Refining Family R=136 / 296 ( RS Elements: 146, Using 100 )
 -- Refining Family R=394 / 297 ( RS Elements: 145, Using 100 )
 -- Refining Family R=558 / 298 ( RS Elements: 144, Using 100 )
 -- Refining Family R=189 / 299 ( RS Elements: 144, Using 100 )
 -- Refining Family R=185 / 300 ( RS Elements: 144, Using 100 )
 -- Refining Family R=227 / 301 ( RS Elements: 144, Using 100 )
 -- Refining Family R=117 / 302 ( RS Elements: 143, Using 100 )
 -- Refining Family R=71 / 303 ( RS Elements: 141, Using 100 )
 -- Refining Family R=950 / 304 ( RS Elements: 140, Using 100 )
 -- Refining Family R=72 / 305 ( RS Elements: 140, Using 100 )
 -- Refining Family R=1917 / 306 ( RS Elements: 138, Using 100 )
 -- Refining Family R=707 / 307 ( RS Elements: 136, Using 100 )
 -- Refining Family R=132 / 308 ( RS Elements: 135, Using 100 )
 -- Refining Family R=440 / 309 ( RS Elements: 135, Using 100 )
 -- Refining Family R=255 / 310 ( RS Elements: 135, Using 100 )
 -- Refining Family R=342 / 311 ( RS Elements: 134, Using 100 )
 -- Refining Family R=899 / 312 ( RS Elements: 134, Using 100 )
 -- Refining Family R=226 / 313 ( RS Elements: 132, Using 100 )
 -- Refining Family R=606 / 314 ( RS Elements: 132, Using 100 )
 -- Refining Family R=1017 / 315 ( RS Elements: 132, Using 100 )
 -- Refining Family R=669 / 316 ( RS Elements: 132, Using 100 )
 -- Refining Family R=219 / 317 ( RS Elements: 131, Using 100 )
 -- Refining Family R=507 / 318 ( RS Elements: 131, Using 100 )
 -- Refining Family R=949 / 319 ( RS Elements: 131, Using 100 )
 -- Refining Family R=577 / 320 ( RS Elements: 130, Using 100 )
 -- Refining Family R=1364 / 321 ( RS Elements: 129, Using 100 )
 -- Refining Family R=138 / 322 ( RS Elements: 127, Using 100 )
 -- Refining Family R=144 / 323 ( RS Elements: 127, Using 100 )
 -- Refining Family R=1592 / 324 ( RS Elements: 126, Using 100 )
 -- Refining Family R=465 / 325 ( RS Elements: 126, Using 100 )
 -- Refining Family R=518 / 326 ( RS Elements: 125, Using 100 )
 -- Refining Family R=851 / 327 ( RS Elements: 125, Using 100 )
 -- Refining Family R=81 / 328 ( RS Elements: 125, Using 100 )
 -- Refining Family R=388 / 329 ( RS Elements: 125, Using 100 )
 -- Refining Family R=116 / 330 ( RS Elements: 124, Using 100 )
 -- Refining Family R=193 / 331 ( RS Elements: 123, Using 100 )
 -- Refining Family R=95 / 332 ( RS Elements: 122, Using 100 )
 -- Refining Family R=2052 / 333 ( RS Elements: 121, Using 100 )
 -- Refining Family R=464 / 334 ( RS Elements: 121, Using 100 )
 -- Refining Family R=925 / 335 ( RS Elements: 121, Using 100 )
 -- Refining Family R=80 / 336 ( RS Elements: 119, Using 100 )
 -- Refining Family R=969 / 337 ( RS Elements: 118, Using 100 )
 -- Refining Family R=358 / 338 ( RS Elements: 118, Using 100 )
 -- Refining Family R=758 / 339 ( RS Elements: 118, Using 100 )
 -- Refining Family R=587 / 340 ( RS Elements: 118, Using 100 )
 -- Refining Family R=733 / 341 ( RS Elements: 117, Using 100 )
 -- Refining Family R=468 / 342 ( RS Elements: 117, Using 100 )
 -- Refining Family R=687 / 343 ( RS Elements: 115, Using 100 )
 -- Refining Family R=486 / 344 ( RS Elements: 115, Using 100 )
 -- Refining Family R=1115 / 345 ( RS Elements: 114, Using 100 )
 -- Refining Family R=276 / 346 ( RS Elements: 113, Using 100 )
 -- Refining Family R=828 / 347 ( RS Elements: 113, Using 100 )
 -- Refining Family R=846 / 348 ( RS Elements: 112, Using 100 )
 -- Refining Family R=164 / 349 ( RS Elements: 112, Using 100 )
 -- Refining Family R=706 / 350 ( RS Elements: 112, Using 100 )
 -- Refining Family R=190 / 351 ( RS Elements: 112, Using 100 )
 -- Refining Family R=445 / 352 ( RS Elements: 111, Using 100 )
 -- Refining Family R=1122 / 353 ( RS Elements: 110, Using 100 )
 -- Refining Family R=1328 / 354 ( RS Elements: 110, Using 100 )
 -- Refining Family R=418 / 355 ( RS Elements: 109, Using 100 )
 -- Refining Family R=453 / 356 ( RS Elements: 109, Using 100 )
 -- Refining Family R=184 / 357 ( RS Elements: 109, Using 100 )
 -- Refining Family R=825 / 358 ( RS Elements: 108, Using 100 )
 -- Refining Family R=1224 / 359 ( RS Elements: 108, Using 100 )
 -- Refining Family R=159 / 360 ( RS Elements: 107, Using 100 )
 -- Refining Family R=541 / 361 ( RS Elements: 106, Using 100 )
 -- Refining Family R=428 / 362 ( RS Elements: 106, Using 100 )
 -- Refining Family R=696 / 363 ( RS Elements: 106, Using 100 )
 -- Refining Family R=324 / 364 ( RS Elements: 106, Using 100 )
 -- Refining Family R=568 / 365 ( RS Elements: 106, Using 100 )
 -- Refining Family R=579 / 366 ( RS Elements: 106, Using 100 )
 -- Refining Family R=625 / 367 ( RS Elements: 105, Using 100 )
 -- Refining Family R=412 / 368 ( RS Elements: 105, Using 100 )
 -- Refining Family R=94 / 369 ( RS Elements: 104, Using 100 )
 -- Refining Family R=723 / 370 ( RS Elements: 103, Using 100 )
 -- Refining Family R=398 / 371 ( RS Elements: 103, Using 100 )
 -- Refining Family R=2073 / 372 ( RS Elements: 102, Using 100 )
 -- Refining Family R=275 / 373 ( RS Elements: 102, Using 100 )
 -- Refining Family R=1595 / 374 ( RS Elements: 101, Using 100 )
 -- Refining Family R=221 / 375 ( RS Elements: 100, Using 100 )
 -- Refining Family R=516 / 376 ( RS Elements: 99, Using 99 )
 -- Refining Family R=818 / 377 ( RS Elements: 99, Using 99 )
 -- Refining Family R=824 / 378 ( RS Elements: 99, Using 99 )
 -- Refining Family R=794 / 379 ( RS Elements: 99, Using 99 )
 -- Refining Family R=102 / 380 ( RS Elements: 98, Using 98 )
 -- Refining Family R=1652 / 381 ( RS Elements: 98, Using 98 )
 -- Refining Family R=1383 / 382 ( RS Elements: 98, Using 98 )
 -- Refining Family R=407 / 383 ( RS Elements: 98, Using 98 )
 -- Refining Family R=539 / 384 ( RS Elements: 96, Using 96 )
 -- Refining Family R=1559 / 385 ( RS Elements: 96, Using 96 )
 -- Refining Family R=1117 / 386 ( RS Elements: 96, Using 96 )
 -- Refining Family R=109 / 387 ( RS Elements: 96, Using 96 )
 -- Refining Family R=896 / 388 ( RS Elements: 95, Using 95 )
 -- Refining Family R=297 / 389 ( RS Elements: 95, Using 95 )
 -- Refining Family R=1101 / 390 ( RS Elements: 94, Using 94 )
 -- Refining Family R=573 / 391 ( RS Elements: 93, Using 93 )
 -- Refining Family R=686 / 392 ( RS Elements: 93, Using 93 )
 -- Refining Family R=334 / 393 ( RS Elements: 93, Using 93 )
 -- Refining Family R=1012 / 394 ( RS Elements: 92, Using 92 )
 -- Refining Family R=791 / 395 ( RS Elements: 92, Using 92 )
 -- Refining Family R=454 / 396 ( RS Elements: 92, Using 92 )
 -- Refining Family R=393 / 397 ( RS Elements: 90, Using 90 )
 -- Refining Family R=685 / 398 ( RS Elements: 90, Using 90 )
 -- Refining Family R=678 / 399 ( RS Elements: 90, Using 90 )
 -- Refining Family R=376 / 400 ( RS Elements: 89, Using 89 )
 -- Refining Family R=1835 / 401 ( RS Elements: 88, Using 88 )
 -- Refining Family R=763 / 402 ( RS Elements: 87, Using 87 )
 -- Refining Family R=118 / 403 ( RS Elements: 87, Using 87 )
 -- Refining Family R=259 / 404 ( RS Elements: 86, Using 86 )
 -- Refining Family R=145 / 405 ( RS Elements: 86, Using 86 )
 -- Refining Family R=1100 / 406 ( RS Elements: 85, Using 85 )
 -- Refining Family R=1710 / 407 ( RS Elements: 84, Using 84 )
 -- Refining Family R=514 / 408 ( RS Elements: 84, Using 84 )
 -- Refining Family R=2011 / 409 ( RS Elements: 84, Using 84 )
 -- Refining Family R=1625 / 410 ( RS Elements: 84, Using 84 )
 -- Refining Family R=170 / 411 ( RS Elements: 84, Using 84 )
 -- Refining Family R=327 / 412 ( RS Elements: 82, Using 82 )
 -- Refining Family R=1938 / 413 ( RS Elements: 82, Using 82 )
 -- Refining Family R=129 / 414 ( RS Elements: 82, Using 82 )
 -- Refining Family R=748 / 415 ( RS Elements: 82, Using 82 )
 -- Refining Family R=218 / 416 ( RS Elements: 82, Using 82 )
 -- Refining Family R=141 / 417 ( RS Elements: 82, Using 82 )
 -- Refining Family R=1488 / 418 ( RS Elements: 81, Using 81 )
 -- Refining Family R=284 / 419 ( RS Elements: 81, Using 81 )
 -- Refining Family R=186 / 420 ( RS Elements: 80, Using 80 )
 -- Refining Family R=731 / 421 ( RS Elements: 79, Using 79 )
 -- Refining Family R=596 / 422 ( RS Elements: 79, Using 79 )
 -- Refining Family R=290 / 423 ( RS Elements: 79, Using 79 )
 -- Refining Family R=350 / 424 ( RS Elements: 78, Using 78 )
 -- Refining Family R=120 / 425 ( RS Elements: 78, Using 78 )
 -- Refining Family R=897 / 426 ( RS Elements: 78, Using 78 )
 -- Refining Family R=1422 / 427 ( RS Elements: 78, Using 78 )
 -- Refining Family R=1126 / 428 ( RS Elements: 78, Using 78 )
 -- Refining Family R=203 / 429 ( RS Elements: 77, Using 77 )
 -- Refining Family R=1486 / 430 ( RS Elements: 77, Using 77 )
 -- Refining Family R=331 / 431 ( RS Elements: 77, Using 77 )
 -- Refining Family R=609 / 432 ( RS Elements: 76, Using 76 )
 -- Refining Family R=167 / 433 ( RS Elements: 76, Using 76 )
 -- Refining Family R=188 / 434 ( RS Elements: 75, Using 75 )
 -- Refining Family R=753 / 435 ( RS Elements: 74, Using 74 )
 -- Refining Family R=240 / 436 ( RS Elements: 74, Using 74 )
 -- Refining Family R=295 / 437 ( RS Elements: 73, Using 73 )
 -- Refining Family R=321 / 438 ( RS Elements: 73, Using 73 )
 -- Refining Family R=366 / 439 ( RS Elements: 73, Using 73 )
 -- Refining Family R=1543 / 440 ( RS Elements: 73, Using 73 )
 -- Refining Family R=1157 / 441 ( RS Elements: 72, Using 72 )
 -- Refining Family R=166 / 442 ( RS Elements: 72, Using 72 )
 -- Refining Family R=83 / 443 ( RS Elements: 72, Using 72 )
 -- Refining Family R=389 / 444 ( RS Elements: 72, Using 72 )
 -- Refining Family R=1182 / 445 ( RS Elements: 72, Using 72 )
 -- Refining Family R=269 / 446 ( RS Elements: 72, Using 72 )
 -- Refining Family R=379 / 447 ( RS Elements: 72, Using 72 )
 -- Refining Family R=279 / 448 ( RS Elements: 71, Using 71 )
 -- Refining Family R=315 / 449 ( RS Elements: 71, Using 71 )
 -- Refining Family R=1720 / 450 ( RS Elements: 71, Using 71 )
 -- Refining Family R=974 / 451 ( RS Elements: 71, Using 71 )
 -- Refining Family R=431 / 452 ( RS Elements: 71, Using 71 )
 -- Refining Family R=179 / 453 ( RS Elements: 70, Using 70 )
 -- Refining Family R=546 / 454 ( RS Elements: 70, Using 70 )
 -- Refining Family R=168 / 455 ( RS Elements: 70, Using 70 )
 -- Refining Family R=341 / 456 ( RS Elements: 69, Using 69 )
 -- Refining Family R=403 / 457 ( RS Elements: 69, Using 69 )
 -- Refining Family R=1665 / 458 ( RS Elements: 69, Using 69 )
 -- Refining Family R=369 / 459 ( RS Elements: 68, Using 68 )
 -- Refining Family R=1677 / 460 ( RS Elements: 68, Using 68 )
 -- Refining Family R=381 / 461 ( RS Elements: 68, Using 68 )
 -- Refining Family R=1647 / 462 ( RS Elements: 68, Using 68 )
 -- Refining Family R=361 / 463 ( RS Elements: 68, Using 68 )
 -- Refining Family R=429 / 464 ( RS Elements: 68, Using 68 )
 -- Refining Family R=356 / 465 ( RS Elements: 67, Using 67 )
 -- Refining Family R=872 / 466 ( RS Elements: 67, Using 67 )
 -- Refining Family R=1191 / 467 ( RS Elements: 66, Using 66 )
 -- Refining Family R=491 / 468 ( RS Elements: 66, Using 66 )
 -- Refining Family R=320 / 469 ( RS Elements: 65, Using 65 )
 -- Refining Family R=868 / 470 ( RS Elements: 65, Using 65 )
 -- Refining Family R=928 / 471 ( RS Elements: 65, Using 65 )
 -- Refining Family R=417 / 472 ( RS Elements: 64, Using 64 )
 -- Refining Family R=893 / 473 ( RS Elements: 64, Using 64 )
 -- Refining Family R=838 / 474 ( RS Elements: 64, Using 64 )
 -- Refining Family R=1761 / 475 ( RS Elements: 64, Using 64 )
 -- Refining Family R=813 / 476 ( RS Elements: 62, Using 62 )
 -- Refining Family R=244 / 477 ( RS Elements: 62, Using 62 )
 -- Refining Family R=360 / 478 ( RS Elements: 62, Using 62 )
 -- Refining Family R=345 / 479 ( RS Elements: 61, Using 61 )
 -- Refining Family R=1011 / 480 ( RS Elements: 61, Using 61 )
 -- Refining Family R=247 / 481 ( RS Elements: 61, Using 61 )
 -- Refining Family R=505 / 482 ( RS Elements: 61, Using 61 )
 -- Refining Family R=1466 / 483 ( RS Elements: 61, Using 61 )
 -- Refining Family R=902 / 484 ( RS Elements: 61, Using 61 )
 -- Refining Family R=916 / 485 ( RS Elements: 60, Using 60 )
 -- Refining Family R=1210 / 486 ( RS Elements: 60, Using 60 )
 -- Refining Family R=195 / 487 ( RS Elements: 60, Using 60 )
 -- Refining Family R=597 / 488 ( RS Elements: 60, Using 60 )
 -- Refining Family R=651 / 489 ( RS Elements: 60, Using 60 )
 -- Refining Family R=1114 / 490 ( RS Elements: 59, Using 59 )
 -- Refining Family R=119 / 491 ( RS Elements: 59, Using 59 )
 -- Refining Family R=108 / 492 ( RS Elements: 59, Using 59 )
 -- Refining Family R=228 / 493 ( RS Elements: 58, Using 58 )
 -- Refining Family R=430 / 494 ( RS Elements: 58, Using 58 )
 -- Refining Family R=1178 / 495 ( RS Elements: 58, Using 58 )
 -- Refining Family R=1509 / 496 ( RS Elements: 57, Using 57 )
 -- Refining Family R=1651 / 497 ( RS Elements: 57, Using 57 )
 -- Refining Family R=2057 / 498 ( RS Elements: 57, Using 57 )
 -- Refining Family R=1133 / 499 ( RS Elements: 57, Using 57 )
 -- Refining Family R=1066 / 500 ( RS Elements: 56, Using 56 )
 -- Refining Family R=1690 / 501 ( RS Elements: 56, Using 56 )
 -- Refining Family R=70 / 502 ( RS Elements: 56, Using 56 )
 -- Refining Family R=174 / 503 ( RS Elements: 56, Using 56 )
 -- Refining Family R=1388 / 504 ( RS Elements: 56, Using 56 )
 -- Refining Family R=966 / 505 ( RS Elements: 56, Using 56 )
 -- Refining Family R=257 / 506 ( RS Elements: 55, Using 55 )
 -- Refining Family R=780 / 507 ( RS Elements: 55, Using 55 )
 -- Refining Family R=675 / 508 ( RS Elements: 55, Using 55 )
 -- Refining Family R=510 / 509 ( RS Elements: 54, Using 54 )
 -- Refining Family R=2084 / 510 ( RS Elements: 54, Using 54 )
 -- Refining Family R=1257 / 511 ( RS Elements: 54, Using 54 )
 -- Refining Family R=1685 / 512 ( RS Elements: 54, Using 54 )
 -- Refining Family R=288 / 513 ( RS Elements: 54, Using 54 )
 -- Refining Family R=291 / 514 ( RS Elements: 54, Using 54 )
 -- Refining Family R=639 / 515 ( RS Elements: 54, Using 54 )
 -- Refining Family R=898 / 516 ( RS Elements: 53, Using 53 )
 -- Refining Family R=845 / 517 ( RS Elements: 53, Using 53 )
 -- Refining Family R=477 / 518 ( RS Elements: 52, Using 52 )
 -- Refining Family R=1361 / 519 ( RS Elements: 52, Using 52 )
 -- Refining Family R=990 / 520 ( RS Elements: 52, Using 52 )
 -- Refining Family R=1363 / 521 ( RS Elements: 52, Using 52 )
 -- Refining Family R=871 / 522 ( RS Elements: 52, Using 52 )
 -- Refining Family R=1171 / 523 ( RS Elements: 52, Using 52 )
 -- Refining Family R=470 / 524 ( RS Elements: 52, Using 52 )
 -- Refining Family R=212 / 525 ( RS Elements: 52, Using 52 )
 -- Refining Family R=1174 / 526 ( RS Elements: 52, Using 52 )
 -- Refining Family R=1494 / 527 ( RS Elements: 52, Using 52 )
 -- Refining Family R=1180 / 528 ( RS Elements: 51, Using 51 )
 -- Refining Family R=406 / 529 ( RS Elements: 51, Using 51 )
 -- Refining Family R=608 / 530 ( RS Elements: 51, Using 51 )
 -- Refining Family R=509 / 531 ( RS Elements: 51, Using 51 )
 -- Refining Family R=471 / 532 ( RS Elements: 51, Using 51 )
 -- Refining Family R=152 / 533 ( RS Elements: 51, Using 51 )
 -- Refining Family R=1338 / 534 ( RS Elements: 51, Using 51 )
 -- Refining Family R=1070 / 535 ( RS Elements: 50, Using 50 )
 -- Refining Family R=231 / 536 ( RS Elements: 50, Using 50 )
 -- Refining Family R=626 / 537 ( RS Elements: 50, Using 50 )
 -- Refining Family R=1768 / 538 ( RS Elements: 50, Using 50 )
 -- Refining Family R=677 / 539 ( RS Elements: 50, Using 50 )
 -- Refining Family R=1683 / 540 ( RS Elements: 50, Using 50 )
 -- Refining Family R=750 / 541 ( RS Elements: 50, Using 50 )
 -- Refining Family R=293 / 542 ( RS Elements: 50, Using 50 )
 -- Refining Family R=217 / 543 ( RS Elements: 49, Using 49 )
 -- Refining Family R=1520 / 544 ( RS Elements: 49, Using 49 )
 -- Refining Family R=213 / 545 ( RS Elements: 49, Using 49 )
 -- Refining Family R=865 / 546 ( RS Elements: 49, Using 49 )
 -- Refining Family R=115 / 547 ( RS Elements: 49, Using 49 )
 -- Refining Family R=649 / 548 ( RS Elements: 48, Using 48 )
 -- Refining Family R=1074 / 549 ( RS Elements: 48, Using 48 )
 -- Refining Family R=1656 / 550 ( RS Elements: 48, Using 48 )
 -- Refining Family R=252 / 551 ( RS Elements: 48, Using 48 )
 -- Refining Family R=2096 / 552 ( RS Elements: 48, Using 48 )
 -- Refining Family R=641 / 553 ( RS Elements: 48, Using 48 )
 -- Refining Family R=146 / 554 ( RS Elements: 48, Using 48 )
 -- Refining Family R=248 / 555 ( RS Elements: 48, Using 48 )
 -- Refining Family R=1237 / 556 ( RS Elements: 48, Using 48 )
 -- Refining Family R=956 / 557 ( RS Elements: 47, Using 47 )
 -- Refining Family R=436 / 558 ( RS Elements: 47, Using 47 )
 -- Refining Family R=1495 / 559 ( RS Elements: 47, Using 47 )
 -- Refining Family R=1582 / 560 ( RS Elements: 47, Using 47 )
 -- Refining Family R=209 / 561 ( RS Elements: 47, Using 47 )
 -- Refining Family R=282 / 562 ( RS Elements: 47, Using 47 )
 -- Refining Family R=1231 / 563 ( RS Elements: 46, Using 46 )
 -- Refining Family R=1460 / 564 ( RS Elements: 46, Using 46 )
 -- Refining Family R=730 / 565 ( RS Elements: 46, Using 46 )
 -- Refining Family R=192 / 566 ( RS Elements: 46, Using 46 )
 -- Refining Family R=405 / 567 ( RS Elements: 45, Using 45 )
 -- Refining Family R=1428 / 568 ( RS Elements: 45, Using 45 )
 -- Refining Family R=583 / 569 ( RS Elements: 45, Using 45 )
 -- Refining Family R=162 / 570 ( RS Elements: 45, Using 45 )
 -- Refining Family R=220 / 571 ( RS Elements: 45, Using 45 )
 -- Refining Family R=1001 / 572 ( RS Elements: 45, Using 45 )
 -- Refining Family R=805 / 573 ( RS Elements: 45, Using 45 )
 -- Refining Family R=519 / 574 ( RS Elements: 45, Using 45 )
 -- Refining Family R=499 / 575 ( RS Elements: 44, Using 44 )
 -- Refining Family R=1358 / 576 ( RS Elements: 44, Using 44 )
 -- Refining Family R=363 / 577 ( RS Elements: 44, Using 44 )
 -- Refining Family R=1259 / 578 ( RS Elements: 44, Using 44 )
 -- Refining Family R=1209 / 579 ( RS Elements: 44, Using 44 )
 -- Refining Family R=611 / 580 ( RS Elements: 44, Using 44 )
 -- Refining Family R=523 / 581 ( RS Elements: 44, Using 44 )
 -- Refining Family R=1614 / 582 ( RS Elements: 44, Using 44 )
 -- Refining Family R=270 / 583 ( RS Elements: 44, Using 44 )
 -- Refining Family R=1211 / 584 ( RS Elements: 43, Using 43 )
 -- Refining Family R=391 / 585 ( RS Elements: 43, Using 43 )
 -- Refining Family R=1349 / 586 ( RS Elements: 43, Using 43 )
 -- Refining Family R=155 / 587 ( RS Elements: 43, Using 43 )
 -- Refining Family R=531 / 588 ( RS Elements: 43, Using 43 )
 -- Refining Family R=176 / 589 ( RS Elements: 43, Using 43 )
 -- Refining Family R=806 / 590 ( RS Elements: 43, Using 43 )
 -- Refining Family R=952 / 591 ( RS Elements: 42, Using 42 )
 -- Refining Family R=985 / 592 ( RS Elements: 42, Using 42 )
 -- Refining Family R=932 / 593 ( RS Elements: 42, Using 42 )
 -- Refining Family R=326 / 594 ( RS Elements: 42, Using 42 )
 -- Refining Family R=1639 / 595 ( RS Elements: 42, Using 42 )
 -- Refining Family R=2068 / 596 ( RS Elements: 42, Using 42 )
 -- Refining Family R=223 / 597 ( RS Elements: 41, Using 41 )
 -- Refining Family R=551 / 598 ( RS Elements: 41, Using 41 )
 -- Refining Family R=1342 / 599 ( RS Elements: 41, Using 41 )
 -- Refining Family R=261 / 600 ( RS Elements: 41, Using 41 )
 -- Refining Family R=1033 / 601 ( RS Elements: 41, Using 41 )
 -- Refining Family R=157 / 602 ( RS Elements: 41, Using 41 )
 -- Refining Family R=856 / 603 ( RS Elements: 41, Using 41 )
 -- Refining Family R=663 / 604 ( RS Elements: 41, Using 41 )
 -- Refining Family R=267 / 605 ( RS Elements: 41, Using 41 )
 -- Refining Family R=439 / 606 ( RS Elements: 41, Using 41 )
 -- Refining Family R=1035 / 607 ( RS Elements: 41, Using 41 )
 -- Refining Family R=640 / 608 ( RS Elements: 41, Using 41 )
 -- Refining Family R=225 / 609 ( RS Elements: 40, Using 40 )
 -- Refining Family R=1019 / 610 ( RS Elements: 40, Using 40 )
 -- Refining Family R=830 / 611 ( RS Elements: 40, Using 40 )
 -- Refining Family R=901 / 612 ( RS Elements: 40, Using 40 )
 -- Refining Family R=1609 / 613 ( RS Elements: 40, Using 40 )
 -- Refining Family R=200 / 614 ( RS Elements: 39, Using 39 )
 -- Refining Family R=479 / 615 ( RS Elements: 39, Using 39 )
 -- Refining Family R=232 / 616 ( RS Elements: 39, Using 39 )
 -- Refining Family R=1513 / 617 ( RS Elements: 39, Using 39 )
 -- Refining Family R=494 / 618 ( RS Elements: 39, Using 39 )
 -- Refining Family R=524 / 619 ( RS Elements: 39, Using 39 )
 -- Refining Family R=322 / 620 ( RS Elements: 39, Using 39 )
 -- Refining Family R=660 / 621 ( RS Elements: 38, Using 38 )
 -- Refining Family R=874 / 622 ( RS Elements: 38, Using 38 )
 -- Refining Family R=449 / 623 ( RS Elements: 38, Using 38 )
 -- Refining Family R=367 / 624 ( RS Elements: 38, Using 38 )
 -- Refining Family R=229 / 625 ( RS Elements: 38, Using 38 )
 -- Refining Family R=493 / 626 ( RS Elements: 38, Using 38 )
 -- Refining Family R=1050 / 627 ( RS Elements: 38, Using 38 )
 -- Refining Family R=618 / 628 ( RS Elements: 38, Using 38 )
 -- Refining Family R=670 / 629 ( RS Elements: 38, Using 38 )
 -- Refining Family R=903 / 630 ( RS Elements: 38, Using 38 )
 -- Refining Family R=462 / 631 ( RS Elements: 37, Using 37 )
 -- Refining Family R=1440 / 632 ( RS Elements: 37, Using 37 )
 -- Refining Family R=1737 / 633 ( RS Elements: 37, Using 37 )
 -- Refining Family R=589 / 634 ( RS Elements: 37, Using 37 )
 -- Refining Family R=1712 / 635 ( RS Elements: 37, Using 37 )
 -- Refining Family R=961 / 636 ( RS Elements: 37, Using 37 )
 -- Refining Family R=817 / 637 ( RS Elements: 37, Using 37 )
 -- Refining Family R=783 / 638 ( RS Elements: 37, Using 37 )
 -- Refining Family R=778 / 639 ( RS Elements: 37, Using 37 )
 -- Refining Family R=894 / 640 ( RS Elements: 36, Using 36 )
 -- Refining Family R=2028 / 641 ( RS Elements: 36, Using 36 )
 -- Refining Family R=196 / 642 ( RS Elements: 36, Using 36 )
 -- Refining Family R=508 / 643 ( RS Elements: 36, Using 36 )
 -- Refining Family R=692 / 644 ( RS Elements: 36, Using 36 )
 -- Refining Family R=522 / 645 ( RS Elements: 36, Using 36 )
 -- Refining Family R=433 / 646 ( RS Elements: 35, Using 35 )
 -- Refining Family R=260 / 647 ( RS Elements: 35, Using 35 )
 -- Refining Family R=635 / 648 ( RS Elements: 35, Using 35 )
 -- Refining Family R=884 / 649 ( RS Elements: 35, Using 35 )
 -- Refining Family R=1261 / 650 ( RS Elements: 35, Using 35 )
 -- Refining Family R=208 / 651 ( RS Elements: 35, Using 35 )
 -- Refining Family R=1214 / 652 ( RS Elements: 35, Using 35 )
 -- Refining Family R=924 / 653 ( RS Elements: 35, Using 35 )
 -- Refining Family R=1205 / 654 ( RS Elements: 35, Using 35 )
 -- Refining Family R=169 / 655 ( RS Elements: 35, Using 35 )
 -- Refining Family R=2085 / 656 ( RS Elements: 35, Using 35 )
 -- Refining Family R=1213 / 657 ( RS Elements: 34, Using 34 )
 -- Refining Family R=1253 / 658 ( RS Elements: 34, Using 34 )
 -- Refining Family R=277 / 659 ( RS Elements: 34, Using 34 )
 -- Refining Family R=262 / 660 ( RS Elements: 34, Using 34 )
 -- Refining Family R=173 / 661 ( RS Elements: 34, Using 34 )
 -- Refining Family R=254 / 662 ( RS Elements: 34, Using 34 )
 -- Refining Family R=774 / 663 ( RS Elements: 34, Using 34 )
 -- Refining Family R=296 / 664 ( RS Elements: 34, Using 34 )
 -- Refining Family R=923 / 665 ( RS Elements: 34, Using 34 )
 -- Refining Family R=1208 / 666 ( RS Elements: 34, Using 34 )
 -- Refining Family R=1963 / 667 ( RS Elements: 34, Using 34 )
 -- Refining Family R=432 / 668 ( RS Elements: 33, Using 33 )
 -- Refining Family R=309 / 669 ( RS Elements: 33, Using 33 )
 -- Refining Family R=337 / 670 ( RS Elements: 33, Using 33 )
 -- Refining Family R=563 / 671 ( RS Elements: 33, Using 33 )
 -- Refining Family R=602 / 672 ( RS Elements: 32, Using 32 )
 -- Refining Family R=515 / 673 ( RS Elements: 32, Using 32 )
 -- Refining Family R=426 / 674 ( RS Elements: 32, Using 32 )
 -- Refining Family R=352 / 675 ( RS Elements: 32, Using 32 )
 -- Refining Family R=876 / 676 ( RS Elements: 32, Using 32 )
 -- Refining Family R=612 / 677 ( RS Elements: 32, Using 32 )
 -- Refining Family R=1000 / 678 ( RS Elements: 32, Using 32 )
 -- Refining Family R=1667 / 679 ( RS Elements: 32, Using 32 )
 -- Refining Family R=387 / 680 ( RS Elements: 32, Using 32 )
 -- Refining Family R=502 / 681 ( RS Elements: 32, Using 32 )
 -- Refining Family R=409 / 682 ( RS Elements: 32, Using 32 )
 -- Refining Family R=481 / 683 ( RS Elements: 32, Using 32 )
 -- Refining Family R=318 / 684 ( RS Elements: 31, Using 31 )
 -- Refining Family R=396 / 685 ( RS Elements: 31, Using 31 )
 -- Refining Family R=1692 / 686 ( RS Elements: 31, Using 31 )
 -- Refining Family R=1198 / 687 ( RS Elements: 31, Using 31 )
 -- Refining Family R=1102 / 688 ( RS Elements: 31, Using 31 )
 -- Refining Family R=957 / 689 ( RS Elements: 31, Using 31 )
 -- Refining Family R=1452 / 690 ( RS Elements: 31, Using 31 )
 -- Refining Family R=455 / 691 ( RS Elements: 31, Using 31 )
 -- Refining Family R=397 / 692 ( RS Elements: 31, Using 31 )
 -- Refining Family R=335 / 693 ( RS Elements: 31, Using 31 )
 -- Refining Family R=535 / 694 ( RS Elements: 31, Using 31 )
 -- Refining Family R=1860 / 695 ( RS Elements: 30, Using 30 )
 -- Refining Family R=621 / 696 ( RS Elements: 30, Using 30 )
 -- Refining Family R=205 / 697 ( RS Elements: 30, Using 30 )
 -- Refining Family R=362 / 698 ( RS Elements: 30, Using 30 )
 -- Refining Family R=1073 / 699 ( RS Elements: 30, Using 30 )
 -- Refining Family R=1200 / 700 ( RS Elements: 30, Using 30 )
 -- Refining Family R=964 / 701 ( RS Elements: 30, Using 30 )
 -- Refining Family R=450 / 702 ( RS Elements: 30, Using 30 )
 -- Refining Family R=444 / 703 ( RS Elements: 30, Using 30 )
 -- Refining Family R=222 / 704 ( RS Elements: 29, Using 29 )
 -- Refining Family R=202 / 705 ( RS Elements: 29, Using 29 )
 -- Refining Family R=310 / 706 ( RS Elements: 29, Using 29 )
 -- Refining Family R=807 / 707 ( RS Elements: 29, Using 29 )
 -- Refining Family R=1544 / 708 ( RS Elements: 29, Using 29 )
 -- Refining Family R=581 / 709 ( RS Elements: 29, Using 29 )
 -- Refining Family R=632 / 710 ( RS Elements: 29, Using 29 )
 -- Refining Family R=1453 / 711 ( RS Elements: 29, Using 29 )
 -- Refining Family R=153 / 712 ( RS Elements: 29, Using 29 )
 -- Refining Family R=1551 / 713 ( RS Elements: 29, Using 29 )
 -- Refining Family R=864 / 714 ( RS Elements: 29, Using 29 )
 -- Refining Family R=1082 / 715 ( RS Elements: 28, Using 28 )
 -- Refining Family R=1472 / 716 ( RS Elements: 28, Using 28 )
 -- Refining Family R=299 / 717 ( RS Elements: 28, Using 28 )
 -- Refining Family R=920 / 718 ( RS Elements: 28, Using 28 )
 -- Refining Family R=1219 / 719 ( RS Elements: 28, Using 28 )
 -- Refining Family R=1911 / 720 ( RS Elements: 28, Using 28 )
 -- Refining Family R=709 / 721 ( RS Elements: 28, Using 28 )
 -- Refining Family R=616 / 722 ( RS Elements: 28, Using 28 )
 -- Refining Family R=251 / 723 ( RS Elements: 28, Using 28 )
 -- Refining Family R=1672 / 724 ( RS Elements: 28, Using 28 )
 -- Refining Family R=230 / 725 ( RS Elements: 27, Using 27 )
 -- Refining Family R=993 / 726 ( RS Elements: 27, Using 27 )
 -- Refining Family R=885 / 727 ( RS Elements: 27, Using 27 )
 -- Refining Family R=837 / 728 ( RS Elements: 27, Using 27 )
 -- Refining Family R=571 / 729 ( RS Elements: 27, Using 27 )
 -- Refining Family R=1686 / 730 ( RS Elements: 27, Using 27 )
 -- Refining Family R=586 / 731 ( RS Elements: 27, Using 27 )
 -- Refining Family R=272 / 732 ( RS Elements: 27, Using 27 )
 -- Refining Family R=1446 / 733 ( RS Elements: 27, Using 27 )
 -- Refining Family R=1443 / 734 ( RS Elements: 27, Using 27 )
 -- Refining Family R=1931 / 735 ( RS Elements: 27, Using 27 )
 -- Refining Family R=889 / 736 ( RS Elements: 27, Using 27 )
 -- Refining Family R=1633 / 737 ( RS Elements: 26, Using 26 )
 -- Refining Family R=629 / 738 ( RS Elements: 26, Using 26 )
 -- Refining Family R=1376 / 739 ( RS Elements: 26, Using 26 )
 -- Refining Family R=1015 / 740 ( RS Elements: 26, Using 26 )
 -- Refining Family R=384 / 741 ( RS Elements: 25, Using 25 )
 -- Refining Family R=1760 / 742 ( RS Elements: 25, Using 25 )
 -- Refining Family R=779 / 743 ( RS Elements: 25, Using 25 )
 -- Refining Family R=401 / 744 ( RS Elements: 25, Using 25 )
 -- Refining Family R=578 / 745 ( RS Elements: 25, Using 25 )
 -- Refining Family R=1105 / 746 ( RS Elements: 25, Using 25 )
 -- Refining Family R=1925 / 747 ( RS Elements: 25, Using 25 )
 -- Refining Family R=1976 / 748 ( RS Elements: 25, Using 25 )
 -- Refining Family R=633 / 749 ( RS Elements: 25, Using 25 )
 -- Refining Family R=937 / 750 ( RS Elements: 25, Using 25 )
 -- Refining Family R=850 / 751 ( RS Elements: 25, Using 25 )
 -- Refining Family R=313 / 752 ( RS Elements: 25, Using 25 )
 -- Refining Family R=572 / 753 ( RS Elements: 25, Using 25 )
 -- Refining Family R=673 / 754 ( RS Elements: 25, Using 25 )
 -- Refining Family R=1337 / 755 ( RS Elements: 25, Using 25 )
 -- Refining Family R=1010 / 756 ( RS Elements: 25, Using 25 )
 -- Refining Family R=364 / 757 ( RS Elements: 25, Using 25 )
 -- Refining Family R=682 / 758 ( RS Elements: 25, Using 25 )
 -- Refining Family R=1068 / 759 ( RS Elements: 25, Using 25 )
 -- Refining Family R=368 / 760 ( RS Elements: 25, Using 25 )
 -- Refining Family R=207 / 761 ( RS Elements: 25, Using 25 )
 -- Refining Family R=413 / 762 ( RS Elements: 25, Using 25 )
 -- Refining Family R=1065 / 763 ( RS Elements: 25, Using 25 )
 -- Refining Family R=610 / 764 ( RS Elements: 25, Using 25 )
 -- Refining Family R=348 / 765 ( RS Elements: 24, Using 24 )
 -- Refining Family R=1417 / 766 ( RS Elements: 24, Using 24 )
 -- Refining Family R=842 / 767 ( RS Elements: 24, Using 24 )
 -- Refining Family R=1725 / 768 ( RS Elements: 24, Using 24 )
 -- Refining Family R=511 / 769 ( RS Elements: 24, Using 24 )
 -- Refining Family R=1135 / 770 ( RS Elements: 24, Using 24 )
 -- Refining Family R=994 / 771 ( RS Elements: 24, Using 24 )
 -- Refining Family R=287 / 772 ( RS Elements: 24, Using 24 )
 -- Refining Family R=870 / 773 ( RS Elements: 24, Using 24 )
 -- Refining Family R=721 / 774 ( RS Elements: 24, Using 24 )
 -- Refining Family R=567 / 775 ( RS Elements: 24, Using 24 )
 -- Refining Family R=1524 / 776 ( RS Elements: 24, Using 24 )
 -- Refining Family R=1562 / 777 ( RS Elements: 24, Using 24 )
 -- Refining Family R=613 / 778 ( RS Elements: 24, Using 24 )
 -- Refining Family R=1327 / 779 ( RS Elements: 24, Using 24 )
 -- Refining Family R=1104 / 780 ( RS Elements: 23, Using 23 )
 -- Refining Family R=378 / 781 ( RS Elements: 23, Using 23 )
 -- Refining Family R=340 / 782 ( RS Elements: 23, Using 23 )
 -- Refining Family R=268 / 783 ( RS Elements: 23, Using 23 )
 -- Refining Family R=892 / 784 ( RS Elements: 23, Using 23 )
 -- Refining Family R=799 / 785 ( RS Elements: 23, Using 23 )
 -- Refining Family R=374 / 786 ( RS Elements: 23, Using 23 )
 -- Refining Family R=591 / 787 ( RS Elements: 23, Using 23 )
 -- Refining Family R=289 / 788 ( RS Elements: 23, Using 23 )
 -- Refining Family R=882 / 789 ( RS Elements: 23, Using 23 )
 -- Refining Family R=1995 / 790 ( RS Elements: 23, Using 23 )
 -- Refining Family R=216 / 791 ( RS Elements: 23, Using 23 )
 -- Refining Family R=1387 / 792 ( RS Elements: 23, Using 23 )
 -- Refining Family R=1411 / 793 ( RS Elements: 23, Using 23 )
 -- Refining Family R=1433 / 794 ( RS Elements: 23, Using 23 )
 -- Refining Family R=1265 / 795 ( RS Elements: 23, Using 23 )
 -- Refining Family R=489 / 796 ( RS Elements: 22, Using 22 )
 -- Refining Family R=978 / 797 ( RS Elements: 22, Using 22 )
 -- Refining Family R=264 / 798 ( RS Elements: 22, Using 22 )
 -- Refining Family R=424 / 799 ( RS Elements: 22, Using 22 )
 -- Refining Family R=747 / 800 ( RS Elements: 22, Using 22 )
 -- Refining Family R=1022 / 801 ( RS Elements: 22, Using 22 )
 -- Refining Family R=1340 / 802 ( RS Elements: 22, Using 22 )
 -- Refining Family R=1842 / 803 ( RS Elements: 22, Using 22 )
 -- Refining Family R=441 / 804 ( RS Elements: 22, Using 22 )
 -- Refining Family R=1762 / 805 ( RS Elements: 22, Using 22 )
 -- Refining Family R=301 / 806 ( RS Elements: 22, Using 22 )
 -- Refining Family R=803 / 807 ( RS Elements: 22, Using 22 )
 -- Refining Family R=347 / 808 ( RS Elements: 22, Using 22 )
 -- Refining Family R=643 / 809 ( RS Elements: 22, Using 22 )
 -- Refining Family R=443 / 810 ( RS Elements: 22, Using 22 )
 -- Refining Family R=294 / 811 ( RS Elements: 22, Using 22 )
 -- Refining Family R=474 / 812 ( RS Elements: 22, Using 22 )
 -- Refining Family R=304 / 813 ( RS Elements: 22, Using 22 )
 -- Refining Family R=565 / 814 ( RS Elements: 22, Using 22 )
 -- Refining Family R=1262 / 815 ( RS Elements: 21, Using 21 )
 -- Refining Family R=1419 / 816 ( RS Elements: 21, Using 21 )
 -- Refining Family R=809 / 817 ( RS Elements: 21, Using 21 )
 -- Refining Family R=1147 / 818 ( RS Elements: 21, Using 21 )
 -- Refining Family R=601 / 819 ( RS Elements: 21, Using 21 )
 -- Refining Family R=1026 / 820 ( RS Elements: 21, Using 21 )
 -- Refining Family R=1724 / 821 ( RS Elements: 21, Using 21 )
 -- Refining Family R=314 / 822 ( RS Elements: 21, Using 21 )
 -- Refining Family R=329 / 823 ( RS Elements: 21, Using 21 )
 -- Refining Family R=617 / 824 ( RS Elements: 21, Using 21 )
 -- Refining Family R=544 / 825 ( RS Elements: 21, Using 21 )
 -- Refining Family R=416 / 826 ( RS Elements: 21, Using 21 )
 -- Refining Family R=614 / 827 ( RS Elements: 21, Using 21 )
 -- Refining Family R=676 / 828 ( RS Elements: 21, Using 21 )
 -- Refining Family R=1005 / 829 ( RS Elements: 21, Using 21 )
 -- Refining Family R=245 / 830 ( RS Elements: 21, Using 21 )
 -- Refining Family R=1597 / 831 ( RS Elements: 21, Using 21 )
 -- Refining Family R=1304 / 832 ( RS Elements: 21, Using 21 )
 -- Refining Family R=627 / 833 ( RS Elements: 21, Using 21 )
 -- Refining Family R=1689 / 834 ( RS Elements: 21, Using 21 )
 -- Refining Family R=703 / 835 ( RS Elements: 20, Using 20 )
 -- Refining Family R=760 / 836 ( RS Elements: 20, Using 20 )
 -- Refining Family R=204 / 837 ( RS Elements: 20, Using 20 )
 -- Refining Family R=434 / 838 ( RS Elements: 20, Using 20 )
 -- Refining Family R=1270 / 839 ( RS Elements: 20, Using 20 )
 -- Refining Family R=1036 / 840 ( RS Elements: 20, Using 20 )
 -- Refining Family R=373 / 841 ( RS Elements: 20, Using 20 )
 -- Refining Family R=1352 / 842 ( RS Elements: 20, Using 20 )
 -- Refining Family R=1091 / 843 ( RS Elements: 20, Using 20 )
 -- Refining Family R=1875 / 844 ( RS Elements: 20, Using 20 )
 -- Refining Family R=528 / 845 ( RS Elements: 20, Using 20 )
 -- Refining Family R=182 / 846 ( RS Elements: 20, Using 20 )
 -- Refining Family R=1190 / 847 ( RS Elements: 20, Using 20 )
 -- Refining Family R=303 / 848 ( RS Elements: 20, Using 20 )
 -- Refining Family R=1277 / 849 ( RS Elements: 19, Using 19 )
 -- Refining Family R=1164 / 850 ( RS Elements: 19, Using 19 )
 -- Refining Family R=1457 / 851 ( RS Elements: 19, Using 19 )
 -- Refining Family R=1311 / 852 ( RS Elements: 19, Using 19 )
 -- Refining Family R=1793 / 853 ( RS Elements: 19, Using 19 )
 -- Refining Family R=1129 / 854 ( RS Elements: 19, Using 19 )
 -- Refining Family R=858 / 855 ( RS Elements: 19, Using 19 )
 -- Refining Family R=734 / 856 ( RS Elements: 19, Using 19 )
 -- Refining Family R=435 / 857 ( RS Elements: 19, Using 19 )
 -- Refining Family R=460 / 858 ( RS Elements: 19, Using 19 )
 -- Refining Family R=1014 / 859 ( RS Elements: 19, Using 19 )
 -- Refining Family R=688 / 860 ( RS Elements: 19, Using 19 )
 -- Refining Family R=1045 / 861 ( RS Elements: 19, Using 19 )
 -- Refining Family R=743 / 862 ( RS Elements: 19, Using 19 )
 -- Refining Family R=1371 / 863 ( RS Elements: 19, Using 19 )
 -- Refining Family R=1421 / 864 ( RS Elements: 19, Using 19 )
 -- Refining Family R=478 / 865 ( RS Elements: 19, Using 19 )
 -- Refining Family R=1170 / 866 ( RS Elements: 19, Using 19 )
 -- Refining Family R=800 / 867 ( RS Elements: 19, Using 19 )
 -- Refining Family R=1451 / 868 ( RS Elements: 19, Using 19 )
 -- Refining Family R=323 / 869 ( RS Elements: 19, Using 19 )
 -- Refining Family R=648 / 870 ( RS Elements: 19, Using 19 )
 -- Refining Family R=951 / 871 ( RS Elements: 18, Using 18 )
 -- Refining Family R=1031 / 872 ( RS Elements: 18, Using 18 )
 -- Refining Family R=1682 / 873 ( RS Elements: 18, Using 18 )
 -- Refining Family R=725 / 874 ( RS Elements: 18, Using 18 )
 -- Refining Family R=912 / 875 ( RS Elements: 18, Using 18 )
 -- Refining Family R=708 / 876 ( RS Elements: 18, Using 18 )
 -- Refining Family R=1313 / 877 ( RS Elements: 18, Using 18 )
 -- Refining Family R=332 / 878 ( RS Elements: 18, Using 18 )
 -- Refining Family R=654 / 879 ( RS Elements: 18, Using 18 )
 -- Refining Family R=1121 / 880 ( RS Elements: 18, Using 18 )
 -- Refining Family R=399 / 881 ( RS Elements: 18, Using 18 )
 -- Refining Family R=908 / 882 ( RS Elements: 18, Using 18 )
 -- Refining Family R=1250 / 883 ( RS Elements: 18, Using 18 )
 -- Refining Family R=302 / 884 ( RS Elements: 18, Using 18 )
 -- Refining Family R=1360 / 885 ( RS Elements: 18, Using 18 )
 -- Refining Family R=1146 / 886 ( RS Elements: 18, Using 18 )
 -- Refining Family R=151 / 887 ( RS Elements: 18, Using 18 )
 -- Refining Family R=1343 / 888 ( RS Elements: 17, Using 17 )
 -- Refining Family R=619 / 889 ( RS Elements: 17, Using 17 )
 -- Refining Family R=1847 / 890 ( RS Elements: 17, Using 17 )
 -- Refining Family R=307 / 891 ( RS Elements: 17, Using 17 )
 -- Refining Family R=1003 / 892 ( RS Elements: 17, Using 17 )
 -- Refining Family R=594 / 893 ( RS Elements: 17, Using 17 )
 -- Refining Family R=588 / 894 ( RS Elements: 17, Using 17 )
 -- Refining Family R=714 / 895 ( RS Elements: 17, Using 17 )
 -- Refining Family R=475 / 896 ( RS Elements: 17, Using 17 )
 -- Refining Family R=1766 / 897 ( RS Elements: 17, Using 17 )
 -- Refining Family R=1067 / 898 ( RS Elements: 17, Using 17 )
 -- Refining Family R=786 / 899 ( RS Elements: 17, Using 17 )
 -- Refining Family R=280 / 900 ( RS Elements: 17, Using 17 )
 -- Refining Family R=521 / 901 ( RS Elements: 17, Using 17 )
 -- Refining Family R=741 / 902 ( RS Elements: 17, Using 17 )
 -- Refining Family R=755 / 903 ( RS Elements: 17, Using 17 )
 -- Refining Family R=1021 / 904 ( RS Elements: 16, Using 16 )
 -- Refining Family R=1400 / 905 ( RS Elements: 16, Using 16 )
 -- Refining Family R=1295 / 906 ( RS Elements: 16, Using 16 )
 -- Refining Family R=408 / 907 ( RS Elements: 16, Using 16 )
 -- Refining Family R=466 / 908 ( RS Elements: 16, Using 16 )
 -- Refining Family R=1788 / 909 ( RS Elements: 16, Using 16 )
 -- Refining Family R=2023 / 910 ( RS Elements: 16, Using 16 )
 -- Refining Family R=720 / 911 ( RS Elements: 16, Using 16 )
 -- Refining Family R=848 / 912 ( RS Elements: 16, Using 16 )
 -- Refining Family R=662 / 913 ( RS Elements: 16, Using 16 )
 -- Refining Family R=1876 / 914 ( RS Elements: 16, Using 16 )
 -- Refining Family R=1496 / 915 ( RS Elements: 16, Using 16 )
 -- Refining Family R=944 / 916 ( RS Elements: 16, Using 16 )
 -- Refining Family R=458 / 917 ( RS Elements: 16, Using 16 )
 -- Refining Family R=448 / 918 ( RS Elements: 16, Using 16 )
 -- Refining Family R=2050 / 919 ( RS Elements: 16, Using 16 )
 -- Refining Family R=1218 / 920 ( RS Elements: 16, Using 16 )
 -- Refining Family R=877 / 921 ( RS Elements: 16, Using 16 )
 -- Refining Family R=1268 / 922 ( RS Elements: 16, Using 16 )
 -- Refining Family R=683 / 923 ( RS Elements: 16, Using 16 )
 -- Refining Family R=775 / 924 ( RS Elements: 16, Using 16 )
Family Refinement: 03:16:14 (hh:mm:ss) Elapsed Time


RepeatModeler Round # 2
========================
Searching for Repeats
 -- Sampling from the database...
   - Gathering up to 3000000 bp
   - Sequence extraction : 00:00:01 (hh:mm:ss) Elapsed Time
 -- Running TRFMask on the sequence...
       553 Tandem Repeats Masked
   - TRFMask time 00:00:08 (hh:mm:ss) Elapsed Time
 -- Masking repeats from the previous rounds...
  - Masking 1 - 5 of 75
  - Masking 16 - 30 of 75
  - Masking 41 - 65 of 75
   - TE Masking time 00:00:30 (hh:mm:ss) Elapsed Time
 -- Sample Stats:
       Sample Size 3000679 bp
       Num Contigs Represented = 9
       Non ambiguous bp:
             Initial: 3000679 bp
             After Masking: 2446255 bp
             Masked: 18.48 % 
 -- Input Database Coverage: 3000679 bp out of 297482005 bp ( 1.01 % )
Sampling Time: 00:00:40 (hh:mm:ss) Elapsed Time
Running all-by-other comparisons...
        2% completed,  00:3:02 (hh:mm:ss) est. time remaining.
        5% completed,  00:1:30 (hh:mm:ss) est. time remaining.
        7% completed,  00:1:10 (hh:mm:ss) est. time remaining.
       10% completed,  00:0:51 (hh:mm:ss) est. time remaining.
       12% completed,  00:0:41 (hh:mm:ss) est. time remaining.
       15% completed,  00:0:33 (hh:mm:ss) est. time remaining.
       17% completed,  00:0:28 (hh:mm:ss) est. time remaining.
       19% completed,  00:0:24 (hh:mm:ss) est. time remaining.
       22% completed,  00:0:20 (hh:mm:ss) est. time remaining.
       24% completed,  00:0:18 (hh:mm:ss) est. time remaining.
       27% completed,  00:0:16 (hh:mm:ss) est. time remaining.
       29% completed,  00:0:14 (hh:mm:ss) est. time remaining.
       31% completed,  00:0:12 (hh:mm:ss) est. time remaining.
       33% completed,  00:0:11 (hh:mm:ss) est. time remaining.
       36% completed,  00:0:12 (hh:mm:ss) est. time remaining.
       38% completed,  00:0:11 (hh:mm:ss) est. time remaining.
       40% completed,  00:0:13 (hh:mm:ss) est. time remaining.
       42% completed,  00:0:13 (hh:mm:ss) est. time remaining.
       44% completed,  00:0:12 (hh:mm:ss) est. time remaining.
       46% completed,  00:0:11 (hh:mm:ss) est. time remaining.
       48% completed,  00:0:10 (hh:mm:ss) est. time remaining.
       50% completed,  00:0:09 (hh:mm:ss) est. time remaining.
       51% completed,  00:0:09 (hh:mm:ss) est. time remaining.
       53% completed,  00:0:08 (hh:mm:ss) est. time remaining.
       55% completed,  00:0:08 (hh:mm:ss) est. time remaining.
       57% completed,  00:0:08 (hh:mm:ss) est. time remaining.
       58% completed,  00:0:07 (hh:mm:ss) est. time remaining.
       60% completed,  00:0:07 (hh:mm:ss) est. time remaining.
       62% completed,  00:0:06 (hh:mm:ss) est. time remaining.
       64% completed,  00:0:06 (hh:mm:ss) est. time remaining.
       65% completed,  00:0:05 (hh:mm:ss) est. time remaining.
       67% completed,  00:0:05 (hh:mm:ss) est. time remaining.
       68% completed,  00:0:05 (hh:mm:ss) est. time remaining.
       70% completed,  00:0:05 (hh:mm:ss) est. time remaining.
       71% completed,  00:0:05 (hh:mm:ss) est. time remaining.
       73% completed,  00:0:05 (hh:mm:ss) est. time remaining.
       74% completed,  00:0:04 (hh:mm:ss) est. time remaining.
       75% completed,  00:0:04 (hh:mm:ss) est. time remaining.
       76% completed,  00:0:04 (hh:mm:ss) est. time remaining.
       78% completed,  00:0:04 (hh:mm:ss) est. time remaining.
       79% completed,  00:0:03 (hh:mm:ss) est. time remaining.
       80% completed,  00:0:03 (hh:mm:ss) est. time remaining.
       82% completed,  00:0:03 (hh:mm:ss) est. time remaining.
       83% completed,  00:0:03 (hh:mm:ss) est. time remaining.
       84% completed,  00:0:02 (hh:mm:ss) est. time remaining.
       85% completed,  00:0:02 (hh:mm:ss) est. time remaining.
       86% completed,  00:0:02 (hh:mm:ss) est. time remaining.
       87% completed,  00:0:02 (hh:mm:ss) est. time remaining.
       88% completed,  00:0:02 (hh:mm:ss) est. time remaining.
       89% completed,  00:0:02 (hh:mm:ss) est. time remaining.
       90% completed,  00:0:01 (hh:mm:ss) est. time remaining.
       90% completed,  00:0:01 (hh:mm:ss) est. time remaining.
       91% completed,  00:0:01 (hh:mm:ss) est. time remaining.
       92% completed,  00:0:01 (hh:mm:ss) est. time remaining.
       93% completed,  00:0:01 (hh:mm:ss) est. time remaining.
       93% completed,  00:0:01 (hh:mm:ss) est. time remaining.
       94% completed,  00:0:00 (hh:mm:ss) est. time remaining.
       95% completed,  00:0:00 (hh:mm:ss) est. time remaining.
       95% completed,  00:0:00 (hh:mm:ss) est. time remaining.
       96% completed,  00:0:00 (hh:mm:ss) est. time remaining.
       96% completed,  00:0:00 (hh:mm:ss) est. time remaining.
       97% completed,  00:0:00 (hh:mm:ss) est. time remaining.
       97% completed,  00:0:00 (hh:mm:ss) est. time remaining.
       98% completed,  00:0:00 (hh:mm:ss) est. time remaining.
       98% completed,  00:0:00 (hh:mm:ss) est. time remaining.
       98% completed,  00:0:00 (hh:mm:ss) est. time remaining.
       98% completed,  00:0:00 (hh:mm:ss) est. time remaining.
       99% completed,  00:0:00 (hh:mm:ss) est. time remaining.
       99% completed,  00:0:00 (hh:mm:ss) est. time remaining.
       99% completed,  00:0:00 (hh:mm:ss) est. time remaining.
       99% completed,  00:0:00 (hh:mm:ss) est. time remaining.
       99% completed,  00:0:00 (hh:mm:ss) est. time remaining.
       99% completed,  00:0:00 (hh:mm:ss) est. time remaining.
      100% completed,  00:0:00 (hh:mm:ss) est. time remaining.
Comparison Time: 00:00:20 (hh:mm:ss) Elapsed Time, 6070 HSPs Collected
  - RECON: Running imagespread..
RECON Elapsed: 00:00:00 (hh:mm:ss) Elapsed Time
  - RECON: Running initial definition of elements ( eledef )..
RECON Elapsed: 00:00:00 (hh:mm:ss) Elapsed Time
  - RECON: Running re-definition of elements ( eleredef )..
RECON Elapsed: 00:00:02 (hh:mm:ss) Elapsed Time
  - RECON: Running re-definition of edges ( edgeredef )..
RECON Elapsed: 00:00:11 (hh:mm:ss) Elapsed Time
  - RECON: Running family definition ( famdef )..
RECON Elapsed: 00:00:00 (hh:mm:ss) Elapsed Time
  - Obtaining element sequences
Number of families returned by RECON: 423
Processing families with greater than 15 elements

Processing RECON family: 79
  - Saving 63 elements
  - Refining family-79 model...

Processing RECON family: 47
  - Saving 62 elements
  - Refining family-47 model...

Processing RECON family: 18
  - Saving 27 elements
  - Refining family-18 model...

Processing RECON family: 49
  - Saving 22 elements
  - Refining family-49 model...

Processing RECON family: 263
  - Saving 21 elements
  - Refining family-263 model...

Processing RECON family: 235
  - Saving 20 elements
  - Refining family-235 model...

Processing RECON family: 23
  - Saving 20 elements
  - Refining family-23 model...

Processing RECON family: 2
  - Saving 19 elements
  - Refining family-2 model...

Processing RECON family: 212
  - Saving 18 elements
  - Refining family-212 model...

Processing RECON family: 73
  - Saving 16 elements
  - Refining family-73 model...

Processing RECON family: 241
  - Saving 16 elements
  - Refining family-241 model...
Family Refinement: 00:01:29 (hh:mm:ss) Elapsed Time
Round Time: 00:02:44 (hh:mm:ss) Elapsed Time


RepeatModeler Round # 3
========================
Searching for Repeats
 -- Sampling from the database...
   - Gathering up to 9000000 bp
   - Sequence extraction : 00:00:04 (hh:mm:ss) Elapsed Time
 -- Running TRFMask on the sequence...
       1641 Tandem Repeats Masked
   - TRFMask time 00:00:23 (hh:mm:ss) Elapsed Time
 -- Masking repeats from the previous rounds...
  - Masking 1 - 5 of 226
  - Masking 16 - 30 of 226
  - Masking 41 - 65 of 226
  - Masking 76 - 110 of 226
  - Masking 121 - 165 of 226
  - Masking 176 - 226 of 226
   - TE Masking time 00:01:40 (hh:mm:ss) Elapsed Time
 -- Sample Stats:
       Sample Size 9002246 bp
       Num Contigs Represented = 9
       Non ambiguous bp:
             Initial: 9002246 bp
             After Masking: 7154743 bp
             Masked: 20.52 % 
 -- Input Database Coverage: 12002925 bp out of 297482005 bp ( 4.03 % )
Sampling Time: 00:02:08 (hh:mm:ss) Elapsed Time
Running all-by-other comparisons...
        0% completed,  00:26:07 (hh:mm:ss) est. time remaining.
        1% completed,  00:13:54 (hh:mm:ss) est. time remaining.
        2% completed,  00:9:14 (hh:mm:ss) est. time remaining.
        3% completed,  00:6:52 (hh:mm:ss) est. time remaining.
        4% completed,  00:5:30 (hh:mm:ss) est. time remaining.
        5% completed,  00:5:09 (hh:mm:ss) est. time remaining.
        6% completed,  00:4:24 (hh:mm:ss) est. time remaining.
        6% completed,  00:3:49 (hh:mm:ss) est. time remaining.
        7% completed,  00:3:22 (hh:mm:ss) est. time remaining.
        8% completed,  00:3:11 (hh:mm:ss) est. time remaining.
        9% completed,  00:2:52 (hh:mm:ss) est. time remaining.
       10% completed,  00:2:36 (hh:mm:ss) est. time remaining.
       11% completed,  00:2:23 (hh:mm:ss) est. time remaining.
       11% completed,  00:2:12 (hh:mm:ss) est. time remaining.
       12% completed,  00:2:08 (hh:mm:ss) est. time remaining.
       13% completed,  00:2:06 (hh:mm:ss) est. time remaining.
       14% completed,  00:2:33 (hh:mm:ss) est. time remaining.
       15% completed,  00:2:29 (hh:mm:ss) est. time remaining.
       16% completed,  00:2:20 (hh:mm:ss) est. time remaining.
       16% completed,  00:2:12 (hh:mm:ss) est. time remaining.
       17% completed,  00:2:05 (hh:mm:ss) est. time remaining.
       18% completed,  00:2:02 (hh:mm:ss) est. time remaining.
       19% completed,  00:1:56 (hh:mm:ss) est. time remaining.
       20% completed,  00:1:55 (hh:mm:ss) est. time remaining.
       20% completed,  00:1:53 (hh:mm:ss) est. time remaining.
       21% completed,  00:1:48 (hh:mm:ss) est. time remaining.
       22% completed,  00:1:43 (hh:mm:ss) est. time remaining.
       23% completed,  00:1:42 (hh:mm:ss) est. time remaining.
       24% completed,  00:1:40 (hh:mm:ss) est. time remaining.
       24% completed,  00:1:36 (hh:mm:ss) est. time remaining.
       25% completed,  00:1:38 (hh:mm:ss) est. time remaining.
       26% completed,  00:1:37 (hh:mm:ss) est. time remaining.
       27% completed,  00:1:47 (hh:mm:ss) est. time remaining.
       27% completed,  00:1:46 (hh:mm:ss) est. time remaining.
       28% completed,  00:1:42 (hh:mm:ss) est. time remaining.
       29% completed,  00:1:41 (hh:mm:ss) est. time remaining.
       30% completed,  00:1:37 (hh:mm:ss) est. time remaining.
       30% completed,  00:1:34 (hh:mm:ss) est. time remaining.
       31% completed,  00:1:31 (hh:mm:ss) est. time remaining.
       32% completed,  00:1:28 (hh:mm:ss) est. time remaining.
       32% completed,  00:1:27 (hh:mm:ss) est. time remaining.
       33% completed,  00:1:24 (hh:mm:ss) est. time remaining.
       34% completed,  00:1:21 (hh:mm:ss) est. time remaining.
       35% completed,  00:1:19 (hh:mm:ss) est. time remaining.
       35% completed,  00:1:16 (hh:mm:ss) est. time remaining.
       36% completed,  00:1:14 (hh:mm:ss) est. time remaining.
       37% completed,  00:1:17 (hh:mm:ss) est. time remaining.
       38% completed,  00:1:14 (hh:mm:ss) est. time remaining.
       38% completed,  00:1:14 (hh:mm:ss) est. time remaining.
       39% completed,  00:1:19 (hh:mm:ss) est. time remaining.
       40% completed,  00:1:17 (hh:mm:ss) est. time remaining.
       40% completed,  00:1:15 (hh:mm:ss) est. time remaining.
       41% completed,  00:1:14 (hh:mm:ss) est. time remaining.
       42% completed,  00:1:12 (hh:mm:ss) est. time remaining.
       42% completed,  00:1:10 (hh:mm:ss) est. time remaining.
       43% completed,  00:1:09 (hh:mm:ss) est. time remaining.
       44% completed,  00:1:07 (hh:mm:ss) est. time remaining.
       44% completed,  00:1:06 (hh:mm:ss) est. time remaining.
       45% completed,  00:1:04 (hh:mm:ss) est. time remaining.
       46% completed,  00:1:04 (hh:mm:ss) est. time remaining.
       46% completed,  00:1:02 (hh:mm:ss) est. time remaining.
       47% completed,  00:1:00 (hh:mm:ss) est. time remaining.
       48% completed,  00:1:00 (hh:mm:ss) est. time remaining.
       48% completed,  00:0:58 (hh:mm:ss) est. time remaining.
       49% completed,  00:0:58 (hh:mm:ss) est. time remaining.
       49% completed,  00:1:04 (hh:mm:ss) est. time remaining.
       50% completed,  00:1:02 (hh:mm:ss) est. time remaining.
       51% completed,  00:1:01 (hh:mm:ss) est. time remaining.
       51% completed,  00:0:59 (hh:mm:ss) est. time remaining.
       52% completed,  00:0:58 (hh:mm:ss) est. time remaining.
       52% completed,  00:0:57 (hh:mm:ss) est. time remaining.
       53% completed,  00:0:56 (hh:mm:ss) est. time remaining.
       54% completed,  00:0:54 (hh:mm:ss) est. time remaining.
       54% completed,  00:0:53 (hh:mm:ss) est. time remaining.
       55% completed,  00:0:52 (hh:mm:ss) est. time remaining.
       56% completed,  00:0:51 (hh:mm:ss) est. time remaining.
       56% completed,  00:0:49 (hh:mm:ss) est. time remaining.
       57% completed,  00:0:48 (hh:mm:ss) est. time remaining.
       57% completed,  00:0:48 (hh:mm:ss) est. time remaining.
       58% completed,  00:0:47 (hh:mm:ss) est. time remaining.
       58% completed,  00:0:45 (hh:mm:ss) est. time remaining.
       59% completed,  00:0:48 (hh:mm:ss) est. time remaining.
       60% completed,  00:0:47 (hh:mm:ss) est. time remaining.
       60% completed,  00:0:46 (hh:mm:ss) est. time remaining.
       61% completed,  00:0:45 (hh:mm:ss) est. time remaining.
       61% completed,  00:0:45 (hh:mm:ss) est. time remaining.
       62% completed,  00:0:45 (hh:mm:ss) est. time remaining.
       62% completed,  00:0:43 (hh:mm:ss) est. time remaining.
       63% completed,  00:0:42 (hh:mm:ss) est. time remaining.
       63% completed,  00:0:41 (hh:mm:ss) est. time remaining.
       64% completed,  00:0:40 (hh:mm:ss) est. time remaining.
       64% completed,  00:0:39 (hh:mm:ss) est. time remaining.
       65% completed,  00:0:39 (hh:mm:ss) est. time remaining.
       65% completed,  00:0:38 (hh:mm:ss) est. time remaining.
       66% completed,  00:0:37 (hh:mm:ss) est. time remaining.
       67% completed,  00:0:37 (hh:mm:ss) est. time remaining.
       67% completed,  00:0:36 (hh:mm:ss) est. time remaining.
       68% completed,  00:0:36 (hh:mm:ss) est. time remaining.
       68% completed,  00:0:36 (hh:mm:ss) est. time remaining.
       69% completed,  00:0:35 (hh:mm:ss) est. time remaining.
       69% completed,  00:0:35 (hh:mm:ss) est. time remaining.
       69% completed,  00:0:34 (hh:mm:ss) est. time remaining.
       70% completed,  00:0:33 (hh:mm:ss) est. time remaining.
       70% completed,  00:0:33 (hh:mm:ss) est. time remaining.
       71% completed,  00:0:32 (hh:mm:ss) est. time remaining.
       71% completed,  00:0:31 (hh:mm:ss) est. time remaining.
       72% completed,  00:0:30 (hh:mm:ss) est. time remaining.
       72% completed,  00:0:30 (hh:mm:ss) est. time remaining.
       73% completed,  00:0:29 (hh:mm:ss) est. time remaining.
       73% completed,  00:0:29 (hh:mm:ss) est. time remaining.
       74% completed,  00:0:28 (hh:mm:ss) est. time remaining.
       74% completed,  00:0:28 (hh:mm:ss) est. time remaining.
       75% completed,  00:0:27 (hh:mm:ss) est. time remaining.
       75% completed,  00:0:27 (hh:mm:ss) est. time remaining.
       75% completed,  00:0:26 (hh:mm:ss) est. time remaining.
       76% completed,  00:0:26 (hh:mm:ss) est. time remaining.
       76% completed,  00:0:26 (hh:mm:ss) est. time remaining.
       77% completed,  00:0:25 (hh:mm:ss) est. time remaining.
       77% completed,  00:0:25 (hh:mm:ss) est. time remaining.
       78% completed,  00:0:24 (hh:mm:ss) est. time remaining.
       78% completed,  00:0:24 (hh:mm:ss) est. time remaining.
       78% completed,  00:0:23 (hh:mm:ss) est. time remaining.
       79% completed,  00:0:22 (hh:mm:ss) est. time remaining.
       79% completed,  00:0:22 (hh:mm:ss) est. time remaining.
       80% completed,  00:0:21 (hh:mm:ss) est. time remaining.
       80% completed,  00:0:21 (hh:mm:ss) est. time remaining.
       80% completed,  00:0:21 (hh:mm:ss) est. time remaining.
       81% completed,  00:0:20 (hh:mm:ss) est. time remaining.
       81% completed,  00:0:20 (hh:mm:ss) est. time remaining.
       82% completed,  00:0:19 (hh:mm:ss) est. time remaining.
       82% completed,  00:0:19 (hh:mm:ss) est. time remaining.
       82% completed,  00:0:19 (hh:mm:ss) est. time remaining.
       83% completed,  00:0:18 (hh:mm:ss) est. time remaining.
       83% completed,  00:0:18 (hh:mm:ss) est. time remaining.
       83% completed,  00:0:18 (hh:mm:ss) est. time remaining.
       84% completed,  00:0:17 (hh:mm:ss) est. time remaining.
       84% completed,  00:0:17 (hh:mm:ss) est. time remaining.
       84% completed,  00:0:16 (hh:mm:ss) est. time remaining.
       85% completed,  00:0:16 (hh:mm:ss) est. time remaining.
       85% completed,  00:0:15 (hh:mm:ss) est. time remaining.
       85% completed,  00:0:15 (hh:mm:ss) est. time remaining.
       86% completed,  00:0:14 (hh:mm:ss) est. time remaining.
       86% completed,  00:0:14 (hh:mm:ss) est. time remaining.
       86% completed,  00:0:14 (hh:mm:ss) est. time remaining.
       87% completed,  00:0:13 (hh:mm:ss) est. time remaining.
       87% completed,  00:0:13 (hh:mm:ss) est. time remaining.
       87% completed,  00:0:13 (hh:mm:ss) est. time remaining.
       88% completed,  00:0:13 (hh:mm:ss) est. time remaining.
       88% completed,  00:0:12 (hh:mm:ss) est. time remaining.
       88% completed,  00:0:12 (hh:mm:ss) est. time remaining.
       89% completed,  00:0:12 (hh:mm:ss) est. time remaining.
       89% completed,  00:0:11 (hh:mm:ss) est. time remaining.
       89% completed,  00:0:11 (hh:mm:ss) est. time remaining.
       89% completed,  00:0:11 (hh:mm:ss) est. time remaining.
       90% completed,  00:0:10 (hh:mm:ss) est. time remaining.
       90% completed,  00:0:10 (hh:mm:ss) est. time remaining.
       90% completed,  00:0:10 (hh:mm:ss) est. time remaining.
       91% completed,  00:0:09 (hh:mm:ss) est. time remaining.
       91% completed,  00:0:09 (hh:mm:ss) est. time remaining.
       91% completed,  00:0:09 (hh:mm:ss) est. time remaining.
       91% completed,  00:0:08 (hh:mm:ss) est. time remaining.
       92% completed,  00:0:08 (hh:mm:ss) est. time remaining.
       92% completed,  00:0:08 (hh:mm:ss) est. time remaining.
       92% completed,  00:0:08 (hh:mm:ss) est. time remaining.
       92% completed,  00:0:07 (hh:mm:ss) est. time remaining.
       93% completed,  00:0:07 (hh:mm:ss) est. time remaining.
       93% completed,  00:0:07 (hh:mm:ss) est. time remaining.
       93% completed,  00:0:07 (hh:mm:ss) est. time remaining.
       93% completed,  00:0:06 (hh:mm:ss) est. time remaining.
       93% completed,  00:0:06 (hh:mm:ss) est. time remaining.
       94% completed,  00:0:06 (hh:mm:ss) est. time remaining.
       94% completed,  00:0:06 (hh:mm:ss) est. time remaining.
       94% completed,  00:0:05 (hh:mm:ss) est. time remaining.
       94% completed,  00:0:05 (hh:mm:ss) est. time remaining.
       94% completed,  00:0:05 (hh:mm:ss) est. time remaining.
       95% completed,  00:0:05 (hh:mm:ss) est. time remaining.
       95% completed,  00:0:05 (hh:mm:ss) est. time remaining.
       95% completed,  00:0:04 (hh:mm:ss) est. time remaining.
       95% completed,  00:0:04 (hh:mm:ss) est. time remaining.
       95% completed,  00:0:04 (hh:mm:ss) est. time remaining.
       96% completed,  00:0:04 (hh:mm:ss) est. time remaining.
       96% completed,  00:0:04 (hh:mm:ss) est. time remaining.
       96% completed,  00:0:03 (hh:mm:ss) est. time remaining.
       96% completed,  00:0:03 (hh:mm:ss) est. time remaining.
       96% completed,  00:0:03 (hh:mm:ss) est. time remaining.
       96% completed,  00:0:03 (hh:mm:ss) est. time remaining.
       97% completed,  00:0:03 (hh:mm:ss) est. time remaining.
       97% completed,  00:0:03 (hh:mm:ss) est. time remaining.
       97% completed,  00:0:02 (hh:mm:ss) est. time remaining.
       97% completed,  00:0:02 (hh:mm:ss) est. time remaining.
       97% completed,  00:0:02 (hh:mm:ss) est. time remaining.
       97% completed,  00:0:02 (hh:mm:ss) est. time remaining.
       97% completed,  00:0:02 (hh:mm:ss) est. time remaining.
       98% completed,  00:0:02 (hh:mm:ss) est. time remaining.
       98% completed,  00:0:02 (hh:mm:ss) est. time remaining.
       98% completed,  00:0:01 (hh:mm:ss) est. time remaining.
       98% completed,  00:0:01 (hh:mm:ss) est. time remaining.
       98% completed,  00:0:01 (hh:mm:ss) est. time remaining.
       98% completed,  00:0:01 (hh:mm:ss) est. time remaining.
       98% completed,  00:0:01 (hh:mm:ss) est. time remaining.
       98% completed,  00:0:01 (hh:mm:ss) est. time remaining.
       98% completed,  00:0:01 (hh:mm:ss) est. time remaining.
       99% completed,  00:0:01 (hh:mm:ss) est. time remaining.
       99% completed,  00:0:01 (hh:mm:ss) est. time remaining.
       99% completed,  00:0:00 (hh:mm:ss) est. time remaining.
       99% completed,  00:0:00 (hh:mm:ss) est. time remaining.
       99% completed,  00:0:00 (hh:mm:ss) est. time remaining.
       99% completed,  00:0:00 (hh:mm:ss) est. time remaining.
       99% completed,  00:0:00 (hh:mm:ss) est. time remaining.
       99% completed,  00:0:00 (hh:mm:ss) est. time remaining.
       99% completed,  00:0:00 (hh:mm:ss) est. time remaining.
       99% completed,  00:0:00 (hh:mm:ss) est. time remaining.
       99% completed,  00:0:00 (hh:mm:ss) est. time remaining.
       99% completed,  00:0:00 (hh:mm:ss) est. time remaining.
       99% completed,  00:0:00 (hh:mm:ss) est. time remaining.
       99% completed,  00:0:00 (hh:mm:ss) est. time remaining.
       99% completed,  00:0:00 (hh:mm:ss) est. time remaining.
       99% completed,  00:0:00 (hh:mm:ss) est. time remaining.
       99% completed,  00:0:00 (hh:mm:ss) est. time remaining.
       99% completed,  00:0:00 (hh:mm:ss) est. time remaining.
       99% completed,  00:0:00 (hh:mm:ss) est. time remaining.
       99% completed,  00:0:00 (hh:mm:ss) est. time remaining.
       99% completed,  00:0:00 (hh:mm:ss) est. time remaining.
       99% completed,  00:0:00 (hh:mm:ss) est. time remaining.
      100% completed,  00:0:00 (hh:mm:ss) est. time remaining.
Comparison Time: 00:01:52 (hh:mm:ss) Elapsed Time, 16842 HSPs Collected
  - RECON: Running imagespread..
RECON Elapsed: 00:00:00 (hh:mm:ss) Elapsed Time
  - RECON: Running initial definition of elements ( eledef )..
RECON Elapsed: 00:00:00 (hh:mm:ss) Elapsed Time
  - RECON: Running re-definition of elements ( eleredef )..
RECON Elapsed: 00:00:06 (hh:mm:ss) Elapsed Time
  - RECON: Running re-definition of edges ( edgeredef )..
RECON Elapsed: 00:00:38 (hh:mm:ss) Elapsed Time
  - RECON: Running family definition ( famdef )..
RECON Elapsed: 00:00:01 (hh:mm:ss) Elapsed Time
  - Obtaining element sequences
Number of families returned by RECON: 1226
Processing families with greater than 15 elements

Processing RECON family: 270
  - Saving 84 elements
  - Refining family-270 model...

Processing RECON family: 578
  - Saving 58 elements
  - Refining family-578 model...

Processing RECON family: 197
  - Saving 51 elements
  - Refining family-197 model...

Processing RECON family: 8
  - Saving 50 elements
  - Refining family-8 model...

Processing RECON family: 277
  - Saving 40 elements
  - Refining family-277 model...

Processing RECON family: 286
  - Saving 37 elements
  - Refining family-286 model...

Processing RECON family: 209
  - Saving 32 elements
  - Refining family-209 model...

Processing RECON family: 4
  - Saving 30 elements
  - Refining family-4 model...

Processing RECON family: 1013
  - Saving 28 elements
  - Refining family-1013 model...

Processing RECON family: 677
  - Saving 27 elements
  - Refining family-677 model...

Processing RECON family: 282
  - Saving 25 elements
  - Refining family-282 model...

Processing RECON family: 86
  - Saving 23 elements
  - Refining family-86 model...

Processing RECON family: 42
  - Saving 22 elements
  - Refining family-42 model...

Processing RECON family: 668
  - Saving 22 elements
  - Refining family-668 model...

Processing RECON family: 200
  - Saving 22 elements
  - Refining family-200 model...

Processing RECON family: 20
  - Saving 20 elements
  - Refining family-20 model...

Processing RECON family: 246
  - Saving 18 elements
  - Refining family-246 model...

Processing RECON family: 46
  - Saving 18 elements
  - Refining family-46 model...

Processing RECON family: 352
  - Saving 18 elements
  - Refining family-352 model...

Processing RECON family: 201
  - Saving 17 elements
  - Refining family-201 model...
Family Refinement: 00:02:30 (hh:mm:ss) Elapsed Time
Round Time: 00:07:16 (hh:mm:ss) Elapsed Time


RepeatModeler Round # 4
========================
Searching for Repeats
 -- Sampling from the database...
   - Gathering up to 27000000 bp
   - Sequence extraction : 00:00:13 (hh:mm:ss) Elapsed Time
 -- Running TRFMask on the sequence...
       4973 Tandem Repeats Masked
   - TRFMask time 00:01:24 (hh:mm:ss) Elapsed Time
 -- Masking repeats from the previous rounds...
  - Masking 1 - 5 of 677
  - Masking 16 - 30 of 677
  - Masking 41 - 65 of 677
  - Masking 76 - 110 of 677
  - Masking 121 - 165 of 677
  - Masking 176 - 230 of 677
  - Masking 241 - 305 of 677
  - Masking 316 - 390 of 677
  - Masking 401 - 485 of 677
  - Masking 496 - 590 of 677
  - Masking 596 - 677 of 677
   - TE Masking time 00:05:48 (hh:mm:ss) Elapsed Time
 -- Sample Stats:
       Sample Size 27007566 bp
       Num Contigs Represented = 9
       Non ambiguous bp:
             Initial: 27007566 bp
             After Masking: 20676337 bp
             Masked: 23.44 % 
 -- Input Database Coverage: 39010491 bp out of 297482005 bp ( 13.11 % )
Sampling Time: 00:07:27 (hh:mm:ss) Elapsed Time
Running all-by-other comparisons...
        0% completed,  02:54:38 (hh:mm:ss) est. time remaining.
        0% completed,  01:42:00 (hh:mm:ss) est. time remaining.
        0% completed,  01:11:51 (hh:mm:ss) est. time remaining.
        1% completed,  00:57:46 (hh:mm:ss) est. time remaining.
        1% completed,  00:48:16 (hh:mm:ss) est. time remaining.
        1% completed,  00:40:59 (hh:mm:ss) est. time remaining.
        2% completed,  00:35:01 (hh:mm:ss) est. time remaining.
        2% completed,  00:30:35 (hh:mm:ss) est. time remaining.
        2% completed,  00:28:21 (hh:mm:ss) est. time remaining.
        2% completed,  00:27:39 (hh:mm:ss) est. time remaining.
        3% completed,  00:25:03 (hh:mm:ss) est. time remaining.
        3% completed,  00:22:54 (hh:mm:ss) est. time remaining.
        3% completed,  00:21:30 (hh:mm:ss) est. time remaining.
        4% completed,  00:20:18 (hh:mm:ss) est. time remaining.
        4% completed,  00:18:54 (hh:mm:ss) est. time remaining.
        4% completed,  00:18:00 (hh:mm:ss) est. time remaining.
        4% completed,  00:17:52 (hh:mm:ss) est. time remaining.
        5% completed,  00:20:09 (hh:mm:ss) est. time remaining.
        5% completed,  00:21:36 (hh:mm:ss) est. time remaining.
        5% completed,  00:20:44 (hh:mm:ss) est. time remaining.
        6% completed,  00:19:58 (hh:mm:ss) est. time remaining.
        6% completed,  00:19:30 (hh:mm:ss) est. time remaining.
        6% completed,  00:18:50 (hh:mm:ss) est. time remaining.
        6% completed,  00:18:14 (hh:mm:ss) est. time remaining.
        7% completed,  00:17:28 (hh:mm:ss) est. time remaining.
        7% completed,  00:17:47 (hh:mm:ss) est. time remaining.
        7% completed,  00:17:29 (hh:mm:ss) est. time remaining.
        8% completed,  00:16:49 (hh:mm:ss) est. time remaining.
        8% completed,  00:16:23 (hh:mm:ss) est. time remaining.
        8% completed,  00:15:47 (hh:mm:ss) est. time remaining.
        8% completed,  00:16:26 (hh:mm:ss) est. time remaining.
        9% completed,  00:16:32 (hh:mm:ss) est. time remaining.
        9% completed,  00:16:19 (hh:mm:ss) est. time remaining.
        9% completed,  00:16:16 (hh:mm:ss) est. time remaining.
       10% completed,  00:15:55 (hh:mm:ss) est. time remaining.
       10% completed,  00:17:10 (hh:mm:ss) est. time remaining.
       10% completed,  00:17:05 (hh:mm:ss) est. time remaining.
       10% completed,  00:17:01 (hh:mm:ss) est. time remaining.
       11% completed,  00:16:48 (hh:mm:ss) est. time remaining.
       11% completed,  00:16:21 (hh:mm:ss) est. time remaining.
       11% completed,  00:16:17 (hh:mm:ss) est. time remaining.
       12% completed,  00:15:59 (hh:mm:ss) est. time remaining.
       12% completed,  00:15:35 (hh:mm:ss) est. time remaining.
       12% completed,  00:15:18 (hh:mm:ss) est. time remaining.
       12% completed,  00:14:55 (hh:mm:ss) est. time remaining.
       13% completed,  00:14:40 (hh:mm:ss) est. time remaining.
       13% completed,  00:14:19 (hh:mm:ss) est. time remaining.
       13% completed,  00:14:05 (hh:mm:ss) est. time remaining.
       13% completed,  00:13:51 (hh:mm:ss) est. time remaining.
       14% completed,  00:13:57 (hh:mm:ss) est. time remaining.
       14% completed,  00:13:44 (hh:mm:ss) est. time remaining.
       14% completed,  00:13:38 (hh:mm:ss) est. time remaining.
       15% completed,  00:14:51 (hh:mm:ss) est. time remaining.
       15% completed,  00:14:38 (hh:mm:ss) est. time remaining.
       15% completed,  00:14:31 (hh:mm:ss) est. time remaining.
       15% completed,  00:14:34 (hh:mm:ss) est. time remaining.
       16% completed,  00:14:17 (hh:mm:ss) est. time remaining.
       16% completed,  00:14:00 (hh:mm:ss) est. time remaining.
       16% completed,  00:13:44 (hh:mm:ss) est. time remaining.
       16% completed,  00:13:28 (hh:mm:ss) est. time remaining.
       17% completed,  00:13:22 (hh:mm:ss) est. time remaining.
       17% completed,  00:13:17 (hh:mm:ss) est. time remaining.
       17% completed,  00:13:49 (hh:mm:ss) est. time remaining.
       18% completed,  00:13:34 (hh:mm:ss) est. time remaining.
       18% completed,  00:13:33 (hh:mm:ss) est. time remaining.
       18% completed,  00:13:18 (hh:mm:ss) est. time remaining.
       18% completed,  00:13:13 (hh:mm:ss) est. time remaining.
       19% completed,  00:13:08 (hh:mm:ss) est. time remaining.
       19% completed,  00:13:57 (hh:mm:ss) est. time remaining.
       19% completed,  00:13:47 (hh:mm:ss) est. time remaining.
       19% completed,  00:13:37 (hh:mm:ss) est. time remaining.
       20% completed,  00:13:24 (hh:mm:ss) est. time remaining.
       20% completed,  00:13:19 (hh:mm:ss) est. time remaining.
       20% completed,  00:13:10 (hh:mm:ss) est. time remaining.
       20% completed,  00:13:01 (hh:mm:ss) est. time remaining.
       21% completed,  00:12:52 (hh:mm:ss) est. time remaining.
       21% completed,  00:12:55 (hh:mm:ss) est. time remaining.
       21% completed,  00:12:43 (hh:mm:ss) est. time remaining.
       21% completed,  00:12:56 (hh:mm:ss) est. time remaining.
       22% completed,  00:12:45 (hh:mm:ss) est. time remaining.
       22% completed,  00:12:37 (hh:mm:ss) est. time remaining.
       22% completed,  00:12:29 (hh:mm:ss) est. time remaining.
       23% completed,  00:12:25 (hh:mm:ss) est. time remaining.
       23% completed,  00:12:24 (hh:mm:ss) est. time remaining.
       23% completed,  00:12:23 (hh:mm:ss) est. time remaining.
       23% completed,  00:12:16 (hh:mm:ss) est. time remaining.
       24% completed,  00:12:08 (hh:mm:ss) est. time remaining.
       24% completed,  00:12:01 (hh:mm:ss) est. time remaining.
       24% completed,  00:11:54 (hh:mm:ss) est. time remaining.
       24% completed,  00:12:00 (hh:mm:ss) est. time remaining.
       25% completed,  00:11:53 (hh:mm:ss) est. time remaining.
       25% completed,  00:11:43 (hh:mm:ss) est. time remaining.
       25% completed,  00:11:37 (hh:mm:ss) est. time remaining.
       25% completed,  00:11:39 (hh:mm:ss) est. time remaining.
       26% completed,  00:11:33 (hh:mm:ss) est. time remaining.
       26% completed,  00:11:27 (hh:mm:ss) est. time remaining.
       26% completed,  00:11:20 (hh:mm:ss) est. time remaining.
       26% completed,  00:11:14 (hh:mm:ss) est. time remaining.
       27% completed,  00:11:19 (hh:mm:ss) est. time remaining.
       27% completed,  00:11:29 (hh:mm:ss) est. time remaining.
       27% completed,  00:11:31 (hh:mm:ss) est. time remaining.
       27% completed,  00:11:33 (hh:mm:ss) est. time remaining.
       28% completed,  00:11:24 (hh:mm:ss) est. time remaining.
       28% completed,  00:11:16 (hh:mm:ss) est. time remaining.
       28% completed,  00:11:10 (hh:mm:ss) est. time remaining.
       28% completed,  00:11:09 (hh:mm:ss) est. time remaining.
       29% completed,  00:11:01 (hh:mm:ss) est. time remaining.
       29% completed,  00:10:58 (hh:mm:ss) est. time remaining.
       29% completed,  00:10:53 (hh:mm:ss) est. time remaining.
       29% completed,  00:10:52 (hh:mm:ss) est. time remaining.
       30% completed,  00:11:08 (hh:mm:ss) est. time remaining.
       30% completed,  00:11:04 (hh:mm:ss) est. time remaining.
       30% completed,  00:10:57 (hh:mm:ss) est. time remaining.
       30% completed,  00:10:51 (hh:mm:ss) est. time remaining.
       31% completed,  00:10:48 (hh:mm:ss) est. time remaining.
       31% completed,  00:10:48 (hh:mm:ss) est. time remaining.
       31% completed,  00:10:51 (hh:mm:ss) est. time remaining.
       31% completed,  00:10:44 (hh:mm:ss) est. time remaining.
       32% completed,  00:10:41 (hh:mm:ss) est. time remaining.
       32% completed,  00:10:34 (hh:mm:ss) est. time remaining.
       32% completed,  00:10:33 (hh:mm:ss) est. time remaining.
       32% completed,  00:10:30 (hh:mm:ss) est. time remaining.
       33% completed,  00:10:23 (hh:mm:ss) est. time remaining.
       33% completed,  00:10:16 (hh:mm:ss) est. time remaining.
       33% completed,  00:10:20 (hh:mm:ss) est. time remaining.
       33% completed,  00:10:13 (hh:mm:ss) est. time remaining.
       34% completed,  00:10:07 (hh:mm:ss) est. time remaining.
       34% completed,  00:10:04 (hh:mm:ss) est. time remaining.
       34% completed,  00:10:05 (hh:mm:ss) est. time remaining.
       34% completed,  00:10:01 (hh:mm:ss) est. time remaining.
       34% completed,  00:10:05 (hh:mm:ss) est. time remaining.
       35% completed,  00:10:05 (hh:mm:ss) est. time remaining.
       35% completed,  00:9:59 (hh:mm:ss) est. time remaining.
       35% completed,  00:9:54 (hh:mm:ss) est. time remaining.
       35% completed,  00:9:53 (hh:mm:ss) est. time remaining.
       36% completed,  00:9:51 (hh:mm:ss) est. time remaining.
       36% completed,  00:9:47 (hh:mm:ss) est. time remaining.
       36% completed,  00:9:49 (hh:mm:ss) est. time remaining.
       36% completed,  00:9:49 (hh:mm:ss) est. time remaining.
       37% completed,  00:9:43 (hh:mm:ss) est. time remaining.
       37% completed,  00:9:37 (hh:mm:ss) est. time remaining.
       37% completed,  00:9:33 (hh:mm:ss) est. time remaining.
       37% completed,  00:9:27 (hh:mm:ss) est. time remaining.
       38% completed,  00:9:23 (hh:mm:ss) est. time remaining.
       38% completed,  00:9:18 (hh:mm:ss) est. time remaining.
       38% completed,  00:9:22 (hh:mm:ss) est. time remaining.
       38% completed,  00:9:23 (hh:mm:ss) est. time remaining.
       38% completed,  00:9:19 (hh:mm:ss) est. time remaining.
       39% completed,  00:9:15 (hh:mm:ss) est. time remaining.
       39% completed,  00:9:11 (hh:mm:ss) est. time remaining.
       39% completed,  00:9:13 (hh:mm:ss) est. time remaining.
       39% completed,  00:9:08 (hh:mm:ss) est. time remaining.
       40% completed,  00:9:07 (hh:mm:ss) est. time remaining.
       40% completed,  00:9:02 (hh:mm:ss) est. time remaining.
       40% completed,  00:9:00 (hh:mm:ss) est. time remaining.
       40% completed,  00:8:55 (hh:mm:ss) est. time remaining.
       41% completed,  00:8:53 (hh:mm:ss) est. time remaining.
       41% completed,  00:8:51 (hh:mm:ss) est. time remaining.
       41% completed,  00:8:47 (hh:mm:ss) est. time remaining.
       41% completed,  00:8:48 (hh:mm:ss) est. time remaining.
       41% completed,  00:8:46 (hh:mm:ss) est. time remaining.
       42% completed,  00:8:44 (hh:mm:ss) est. time remaining.
       42% completed,  00:8:39 (hh:mm:ss) est. time remaining.
       42% completed,  00:8:40 (hh:mm:ss) est. time remaining.
       42% completed,  00:8:37 (hh:mm:ss) est. time remaining.
       43% completed,  00:8:33 (hh:mm:ss) est. time remaining.
       43% completed,  00:8:37 (hh:mm:ss) est. time remaining.
       43% completed,  00:8:34 (hh:mm:ss) est. time remaining.
       43% completed,  00:8:31 (hh:mm:ss) est. time remaining.
       43% completed,  00:8:31 (hh:mm:ss) est. time remaining.
       44% completed,  00:8:27 (hh:mm:ss) est. time remaining.
       44% completed,  00:8:28 (hh:mm:ss) est. time remaining.
       44% completed,  00:8:26 (hh:mm:ss) est. time remaining.
       44% completed,  00:8:24 (hh:mm:ss) est. time remaining.
       45% completed,  00:8:21 (hh:mm:ss) est. time remaining.
       45% completed,  00:8:18 (hh:mm:ss) est. time remaining.
       45% completed,  00:8:13 (hh:mm:ss) est. time remaining.
       45% completed,  00:8:10 (hh:mm:ss) est. time remaining.
       45% completed,  00:8:06 (hh:mm:ss) est. time remaining.
       46% completed,  00:8:05 (hh:mm:ss) est. time remaining.
       46% completed,  00:8:03 (hh:mm:ss) est. time remaining.
       46% completed,  00:8:00 (hh:mm:ss) est. time remaining.
       46% completed,  00:7:57 (hh:mm:ss) est. time remaining.
       46% completed,  00:7:54 (hh:mm:ss) est. time remaining.
       47% completed,  00:7:57 (hh:mm:ss) est. time remaining.
       47% completed,  00:7:53 (hh:mm:ss) est. time remaining.
       47% completed,  00:7:50 (hh:mm:ss) est. time remaining.
       47% completed,  00:7:49 (hh:mm:ss) est. time remaining.
       48% completed,  00:7:47 (hh:mm:ss) est. time remaining.
       48% completed,  00:7:48 (hh:mm:ss) est. time remaining.
       48% completed,  00:7:45 (hh:mm:ss) est. time remaining.
       48% completed,  00:7:41 (hh:mm:ss) est. time remaining.
       48% completed,  00:7:38 (hh:mm:ss) est. time remaining.
       49% completed,  00:7:35 (hh:mm:ss) est. time remaining.
       49% completed,  00:7:33 (hh:mm:ss) est. time remaining.
       49% completed,  00:7:32 (hh:mm:ss) est. time remaining.
       49% completed,  00:7:29 (hh:mm:ss) est. time remaining.
       49% completed,  00:7:25 (hh:mm:ss) est. time remaining.
       50% completed,  00:7:21 (hh:mm:ss) est. time remaining.
       50% completed,  00:7:21 (hh:mm:ss) est. time remaining.
       50% completed,  00:7:18 (hh:mm:ss) est. time remaining.
       50% completed,  00:7:14 (hh:mm:ss) est. time remaining.
       51% completed,  00:7:12 (hh:mm:ss) est. time remaining.
       51% completed,  00:7:14 (hh:mm:ss) est. time remaining.
       51% completed,  00:7:12 (hh:mm:ss) est. time remaining.
       51% completed,  00:7:10 (hh:mm:ss) est. time remaining.
       51% completed,  00:7:09 (hh:mm:ss) est. time remaining.
       52% completed,  00:7:05 (hh:mm:ss) est. time remaining.
       52% completed,  00:7:04 (hh:mm:ss) est. time remaining.
       52% completed,  00:7:03 (hh:mm:ss) est. time remaining.
       52% completed,  00:7:01 (hh:mm:ss) est. time remaining.
       52% completed,  00:6:58 (hh:mm:ss) est. time remaining.
       53% completed,  00:6:55 (hh:mm:ss) est. time remaining.
       53% completed,  00:6:54 (hh:mm:ss) est. time remaining.
       53% completed,  00:6:50 (hh:mm:ss) est. time remaining.
       53% completed,  00:6:48 (hh:mm:ss) est. time remaining.
       53% completed,  00:6:47 (hh:mm:ss) est. time remaining.
       54% completed,  00:6:44 (hh:mm:ss) est. time remaining.
       54% completed,  00:6:42 (hh:mm:ss) est. time remaining.
       54% completed,  00:6:39 (hh:mm:ss) est. time remaining.
       54% completed,  00:6:43 (hh:mm:ss) est. time remaining.
       54% completed,  00:6:41 (hh:mm:ss) est. time remaining.
       55% completed,  00:6:39 (hh:mm:ss) est. time remaining.
       55% completed,  00:6:35 (hh:mm:ss) est. time remaining.
       55% completed,  00:6:33 (hh:mm:ss) est. time remaining.
       55% completed,  00:6:32 (hh:mm:ss) est. time remaining.
       55% completed,  00:6:30 (hh:mm:ss) est. time remaining.
       56% completed,  00:6:27 (hh:mm:ss) est. time remaining.
       56% completed,  00:6:25 (hh:mm:ss) est. time remaining.
       56% completed,  00:6:22 (hh:mm:ss) est. time remaining.
       56% completed,  00:6:27 (hh:mm:ss) est. time remaining.
       56% completed,  00:6:25 (hh:mm:ss) est. time remaining.
       57% completed,  00:6:24 (hh:mm:ss) est. time remaining.
       57% completed,  00:6:22 (hh:mm:ss) est. time remaining.
       57% completed,  00:6:20 (hh:mm:ss) est. time remaining.
       57% completed,  00:6:18 (hh:mm:ss) est. time remaining.
       57% completed,  00:6:16 (hh:mm:ss) est. time remaining.
       57% completed,  00:6:15 (hh:mm:ss) est. time remaining.
       58% completed,  00:6:13 (hh:mm:ss) est. time remaining.
       58% completed,  00:6:10 (hh:mm:ss) est. time remaining.
       58% completed,  00:6:08 (hh:mm:ss) est. time remaining.
       58% completed,  00:6:05 (hh:mm:ss) est. time remaining.
       58% completed,  00:6:04 (hh:mm:ss) est. time remaining.
       59% completed,  00:6:01 (hh:mm:ss) est. time remaining.
       59% completed,  00:6:00 (hh:mm:ss) est. time remaining.
       59% completed,  00:5:57 (hh:mm:ss) est. time remaining.
       59% completed,  00:5:55 (hh:mm:ss) est. time remaining.
       59% completed,  00:5:52 (hh:mm:ss) est. time remaining.
       60% completed,  00:5:53 (hh:mm:ss) est. time remaining.
       60% completed,  00:5:50 (hh:mm:ss) est. time remaining.
       60% completed,  00:5:49 (hh:mm:ss) est. time remaining.
       60% completed,  00:5:46 (hh:mm:ss) est. time remaining.
       60% completed,  00:5:44 (hh:mm:ss) est. time remaining.
       60% completed,  00:5:44 (hh:mm:ss) est. time remaining.
       61% completed,  00:5:42 (hh:mm:ss) est. time remaining.
       61% completed,  00:5:41 (hh:mm:ss) est. time remaining.
       61% completed,  00:5:39 (hh:mm:ss) est. time remaining.
       61% completed,  00:5:38 (hh:mm:ss) est. time remaining.
       61% completed,  00:5:35 (hh:mm:ss) est. time remaining.
       62% completed,  00:5:35 (hh:mm:ss) est. time remaining.
       62% completed,  00:5:32 (hh:mm:ss) est. time remaining.
       62% completed,  00:5:30 (hh:mm:ss) est. time remaining.
       62% completed,  00:5:28 (hh:mm:ss) est. time remaining.
       62% completed,  00:5:26 (hh:mm:ss) est. time remaining.
       62% completed,  00:5:24 (hh:mm:ss) est. time remaining.
       63% completed,  00:5:26 (hh:mm:ss) est. time remaining.
       63% completed,  00:5:23 (hh:mm:ss) est. time remaining.
       63% completed,  00:5:23 (hh:mm:ss) est. time remaining.
       63% completed,  00:5:21 (hh:mm:ss) est. time remaining.
       63% completed,  00:5:19 (hh:mm:ss) est. time remaining.
       64% completed,  00:5:17 (hh:mm:ss) est. time remaining.
       64% completed,  00:5:15 (hh:mm:ss) est. time remaining.
       64% completed,  00:5:13 (hh:mm:ss) est. time remaining.
       64% completed,  00:5:10 (hh:mm:ss) est. time remaining.
       64% completed,  00:5:08 (hh:mm:ss) est. time remaining.
       64% completed,  00:5:07 (hh:mm:ss) est. time remaining.
       65% completed,  00:5:05 (hh:mm:ss) est. time remaining.
       65% completed,  00:5:03 (hh:mm:ss) est. time remaining.
       65% completed,  00:5:02 (hh:mm:ss) est. time remaining.
       65% completed,  00:5:00 (hh:mm:ss) est. time remaining.
       65% completed,  00:5:00 (hh:mm:ss) est. time remaining.
       65% completed,  00:4:58 (hh:mm:ss) est. time remaining.
       66% completed,  00:4:57 (hh:mm:ss) est. time remaining.
       66% completed,  00:4:57 (hh:mm:ss) est. time remaining.
       66% completed,  00:4:56 (hh:mm:ss) est. time remaining.
       66% completed,  00:4:54 (hh:mm:ss) est. time remaining.
       66% completed,  00:4:52 (hh:mm:ss) est. time remaining.
       67% completed,  00:4:49 (hh:mm:ss) est. time remaining.
       67% completed,  00:4:47 (hh:mm:ss) est. time remaining.
       67% completed,  00:4:45 (hh:mm:ss) est. time remaining.
       67% completed,  00:4:43 (hh:mm:ss) est. time remaining.
       67% completed,  00:4:42 (hh:mm:ss) est. time remaining.
       67% completed,  00:4:40 (hh:mm:ss) est. time remaining.
       68% completed,  00:4:38 (hh:mm:ss) est. time remaining.
       68% completed,  00:4:36 (hh:mm:ss) est. time remaining.
       68% completed,  00:4:36 (hh:mm:ss) est. time remaining.
       68% completed,  00:4:35 (hh:mm:ss) est. time remaining.
       68% completed,  00:4:33 (hh:mm:ss) est. time remaining.
       68% completed,  00:4:31 (hh:mm:ss) est. time remaining.
       69% completed,  00:4:32 (hh:mm:ss) est. time remaining.
       69% completed,  00:4:32 (hh:mm:ss) est. time remaining.
       69% completed,  00:4:30 (hh:mm:ss) est. time remaining.
       69% completed,  00:4:27 (hh:mm:ss) est. time remaining.
       69% completed,  00:4:26 (hh:mm:ss) est. time remaining.
       69% completed,  00:4:24 (hh:mm:ss) est. time remaining.
       70% completed,  00:4:23 (hh:mm:ss) est. time remaining.
       70% completed,  00:4:22 (hh:mm:ss) est. time remaining.
       70% completed,  00:4:20 (hh:mm:ss) est. time remaining.
       70% completed,  00:4:19 (hh:mm:ss) est. time remaining.
       70% completed,  00:4:17 (hh:mm:ss) est. time remaining.
       70% completed,  00:4:16 (hh:mm:ss) est. time remaining.
       70% completed,  00:4:14 (hh:mm:ss) est. time remaining.
       71% completed,  00:4:13 (hh:mm:ss) est. time remaining.
       71% completed,  00:4:12 (hh:mm:ss) est. time remaining.
       71% completed,  00:4:11 (hh:mm:ss) est. time remaining.
       71% completed,  00:4:09 (hh:mm:ss) est. time remaining.
       71% completed,  00:4:07 (hh:mm:ss) est. time remaining.
       71% completed,  00:4:06 (hh:mm:ss) est. time remaining.
       72% completed,  00:4:06 (hh:mm:ss) est. time remaining.
       72% completed,  00:4:05 (hh:mm:ss) est. time remaining.
       72% completed,  00:4:04 (hh:mm:ss) est. time remaining.
       72% completed,  00:4:02 (hh:mm:ss) est. time remaining.
       72% completed,  00:4:00 (hh:mm:ss) est. time remaining.
       72% completed,  00:3:59 (hh:mm:ss) est. time remaining.
       73% completed,  00:3:57 (hh:mm:ss) est. time remaining.
       73% completed,  00:3:55 (hh:mm:ss) est. time remaining.
       73% completed,  00:3:54 (hh:mm:ss) est. time remaining.
       73% completed,  00:3:52 (hh:mm:ss) est. time remaining.
       73% completed,  00:3:50 (hh:mm:ss) est. time remaining.
       73% completed,  00:3:49 (hh:mm:ss) est. time remaining.
       73% completed,  00:3:47 (hh:mm:ss) est. time remaining.
       74% completed,  00:3:45 (hh:mm:ss) est. time remaining.
       74% completed,  00:3:46 (hh:mm:ss) est. time remaining.
       74% completed,  00:3:44 (hh:mm:ss) est. time remaining.
       74% completed,  00:3:43 (hh:mm:ss) est. time remaining.
       74% completed,  00:3:42 (hh:mm:ss) est. time remaining.
       74% completed,  00:3:41 (hh:mm:ss) est. time remaining.
       74% completed,  00:3:39 (hh:mm:ss) est. time remaining.
       75% completed,  00:3:38 (hh:mm:ss) est. time remaining.
       75% completed,  00:3:36 (hh:mm:ss) est. time remaining.
       75% completed,  00:3:34 (hh:mm:ss) est. time remaining.
       75% completed,  00:3:33 (hh:mm:ss) est. time remaining.
       75% completed,  00:3:32 (hh:mm:ss) est. time remaining.
       75% completed,  00:3:30 (hh:mm:ss) est. time remaining.
       75% completed,  00:3:29 (hh:mm:ss) est. time remaining.
       76% completed,  00:3:28 (hh:mm:ss) est. time remaining.
       76% completed,  00:3:26 (hh:mm:ss) est. time remaining.
       76% completed,  00:3:25 (hh:mm:ss) est. time remaining.
       76% completed,  00:3:25 (hh:mm:ss) est. time remaining.
       76% completed,  00:3:24 (hh:mm:ss) est. time remaining.
       76% completed,  00:3:23 (hh:mm:ss) est. time remaining.
       76% completed,  00:3:22 (hh:mm:ss) est. time remaining.
       77% completed,  00:3:21 (hh:mm:ss) est. time remaining.
       77% completed,  00:3:19 (hh:mm:ss) est. time remaining.
       77% completed,  00:3:18 (hh:mm:ss) est. time remaining.
       77% completed,  00:3:16 (hh:mm:ss) est. time remaining.
       77% completed,  00:3:15 (hh:mm:ss) est. time remaining.
       77% completed,  00:3:13 (hh:mm:ss) est. time remaining.
       77% completed,  00:3:12 (hh:mm:ss) est. time remaining.
       78% completed,  00:3:10 (hh:mm:ss) est. time remaining.
       78% completed,  00:3:09 (hh:mm:ss) est. time remaining.
       78% completed,  00:3:08 (hh:mm:ss) est. time remaining.
       78% completed,  00:3:06 (hh:mm:ss) est. time remaining.
       78% completed,  00:3:06 (hh:mm:ss) est. time remaining.
       78% completed,  00:3:06 (hh:mm:ss) est. time remaining.
       78% completed,  00:3:04 (hh:mm:ss) est. time remaining.
       79% completed,  00:3:03 (hh:mm:ss) est. time remaining.
       79% completed,  00:3:02 (hh:mm:ss) est. time remaining.
       79% completed,  00:3:01 (hh:mm:ss) est. time remaining.
       79% completed,  00:2:59 (hh:mm:ss) est. time remaining.
       79% completed,  00:2:58 (hh:mm:ss) est. time remaining.
       79% completed,  00:2:57 (hh:mm:ss) est. time remaining.
       79% completed,  00:2:55 (hh:mm:ss) est. time remaining.
       80% completed,  00:2:54 (hh:mm:ss) est. time remaining.
       80% completed,  00:2:53 (hh:mm:ss) est. time remaining.
       80% completed,  00:2:52 (hh:mm:ss) est. time remaining.
       80% completed,  00:2:50 (hh:mm:ss) est. time remaining.
       80% completed,  00:2:49 (hh:mm:ss) est. time remaining.
       80% completed,  00:2:48 (hh:mm:ss) est. time remaining.
       80% completed,  00:2:47 (hh:mm:ss) est. time remaining.
       80% completed,  00:2:46 (hh:mm:ss) est. time remaining.
       81% completed,  00:2:45 (hh:mm:ss) est. time remaining.
       81% completed,  00:2:44 (hh:mm:ss) est. time remaining.
       81% completed,  00:2:43 (hh:mm:ss) est. time remaining.
       81% completed,  00:2:41 (hh:mm:ss) est. time remaining.
       81% completed,  00:2:40 (hh:mm:ss) est. time remaining.
       81% completed,  00:2:39 (hh:mm:ss) est. time remaining.
       81% completed,  00:2:38 (hh:mm:ss) est. time remaining.
       81% completed,  00:2:36 (hh:mm:ss) est. time remaining.
       82% completed,  00:2:37 (hh:mm:ss) est. time remaining.
       82% completed,  00:2:36 (hh:mm:ss) est. time remaining.
       82% completed,  00:2:35 (hh:mm:ss) est. time remaining.
       82% completed,  00:2:34 (hh:mm:ss) est. time remaining.
       82% completed,  00:2:32 (hh:mm:ss) est. time remaining.
       82% completed,  00:2:31 (hh:mm:ss) est. time remaining.
       82% completed,  00:2:30 (hh:mm:ss) est. time remaining.
       82% completed,  00:2:29 (hh:mm:ss) est. time remaining.
       83% completed,  00:2:28 (hh:mm:ss) est. time remaining.
       83% completed,  00:2:26 (hh:mm:ss) est. time remaining.
       83% completed,  00:2:25 (hh:mm:ss) est. time remaining.
       83% completed,  00:2:24 (hh:mm:ss) est. time remaining.
       83% completed,  00:2:23 (hh:mm:ss) est. time remaining.
       83% completed,  00:2:22 (hh:mm:ss) est. time remaining.
       83% completed,  00:2:20 (hh:mm:ss) est. time remaining.
       83% completed,  00:2:19 (hh:mm:ss) est. time remaining.
       84% completed,  00:2:18 (hh:mm:ss) est. time remaining.
       84% completed,  00:2:18 (hh:mm:ss) est. time remaining.
       84% completed,  00:2:17 (hh:mm:ss) est. time remaining.
       84% completed,  00:2:16 (hh:mm:ss) est. time remaining.
       84% completed,  00:2:15 (hh:mm:ss) est. time remaining.
       84% completed,  00:2:14 (hh:mm:ss) est. time remaining.
       84% completed,  00:2:13 (hh:mm:ss) est. time remaining.
       84% completed,  00:2:12 (hh:mm:ss) est. time remaining.
       84% completed,  00:2:11 (hh:mm:ss) est. time remaining.
       85% completed,  00:2:10 (hh:mm:ss) est. time remaining.
       85% completed,  00:2:09 (hh:mm:ss) est. time remaining.
       85% completed,  00:2:07 (hh:mm:ss) est. time remaining.
       85% completed,  00:2:06 (hh:mm:ss) est. time remaining.
       85% completed,  00:2:05 (hh:mm:ss) est. time remaining.
       85% completed,  00:2:04 (hh:mm:ss) est. time remaining.
       85% completed,  00:2:03 (hh:mm:ss) est. time remaining.
       85% completed,  00:2:02 (hh:mm:ss) est. time remaining.
       85% completed,  00:2:01 (hh:mm:ss) est. time remaining.
       86% completed,  00:2:01 (hh:mm:ss) est. time remaining.
       86% completed,  00:2:00 (hh:mm:ss) est. time remaining.
       86% completed,  00:1:59 (hh:mm:ss) est. time remaining.
       86% completed,  00:1:58 (hh:mm:ss) est. time remaining.
       86% completed,  00:1:57 (hh:mm:ss) est. time remaining.
       86% completed,  00:1:56 (hh:mm:ss) est. time remaining.
       86% completed,  00:1:55 (hh:mm:ss) est. time remaining.
       86% completed,  00:1:54 (hh:mm:ss) est. time remaining.
       86% completed,  00:1:53 (hh:mm:ss) est. time remaining.
       87% completed,  00:1:52 (hh:mm:ss) est. time remaining.
       87% completed,  00:1:51 (hh:mm:ss) est. time remaining.
       87% completed,  00:1:50 (hh:mm:ss) est. time remaining.
       87% completed,  00:1:49 (hh:mm:ss) est. time remaining.
       87% completed,  00:1:48 (hh:mm:ss) est. time remaining.
       87% completed,  00:1:47 (hh:mm:ss) est. time remaining.
       87% completed,  00:1:47 (hh:mm:ss) est. time remaining.
       87% completed,  00:1:46 (hh:mm:ss) est. time remaining.
       87% completed,  00:1:45 (hh:mm:ss) est. time remaining.
       87% completed,  00:1:44 (hh:mm:ss) est. time remaining.
       88% completed,  00:1:43 (hh:mm:ss) est. time remaining.
       88% completed,  00:1:42 (hh:mm:ss) est. time remaining.
       88% completed,  00:1:41 (hh:mm:ss) est. time remaining.
       88% completed,  00:1:40 (hh:mm:ss) est. time remaining.
       88% completed,  00:1:39 (hh:mm:ss) est. time remaining.
       88% completed,  00:1:39 (hh:mm:ss) est. time remaining.
       88% completed,  00:1:38 (hh:mm:ss) est. time remaining.
       88% completed,  00:1:37 (hh:mm:ss) est. time remaining.
       88% completed,  00:1:36 (hh:mm:ss) est. time remaining.
       88% completed,  00:1:35 (hh:mm:ss) est. time remaining.
       89% completed,  00:1:34 (hh:mm:ss) est. time remaining.
       89% completed,  00:1:34 (hh:mm:ss) est. time remaining.
       89% completed,  00:1:33 (hh:mm:ss) est. time remaining.
       89% completed,  00:1:32 (hh:mm:ss) est. time remaining.
       89% completed,  00:1:31 (hh:mm:ss) est. time remaining.
       89% completed,  00:1:30 (hh:mm:ss) est. time remaining.
       89% completed,  00:1:29 (hh:mm:ss) est. time remaining.
       89% completed,  00:1:29 (hh:mm:ss) est. time remaining.
       89% completed,  00:1:28 (hh:mm:ss) est. time remaining.
       89% completed,  00:1:27 (hh:mm:ss) est. time remaining.
       90% completed,  00:1:26 (hh:mm:ss) est. time remaining.
       90% completed,  00:1:25 (hh:mm:ss) est. time remaining.
       90% completed,  00:1:24 (hh:mm:ss) est. time remaining.
       90% completed,  00:1:23 (hh:mm:ss) est. time remaining.
       90% completed,  00:1:22 (hh:mm:ss) est. time remaining.
       90% completed,  00:1:22 (hh:mm:ss) est. time remaining.
       90% completed,  00:1:21 (hh:mm:ss) est. time remaining.
       90% completed,  00:1:20 (hh:mm:ss) est. time remaining.
       90% completed,  00:1:20 (hh:mm:ss) est. time remaining.
       90% completed,  00:1:19 (hh:mm:ss) est. time remaining.
       90% completed,  00:1:18 (hh:mm:ss) est. time remaining.
       91% completed,  00:1:17 (hh:mm:ss) est. time remaining.
       91% completed,  00:1:17 (hh:mm:ss) est. time remaining.
       91% completed,  00:1:16 (hh:mm:ss) est. time remaining.
       91% completed,  00:1:15 (hh:mm:ss) est. time remaining.
       91% completed,  00:1:14 (hh:mm:ss) est. time remaining.
       91% completed,  00:1:13 (hh:mm:ss) est. time remaining.
       91% completed,  00:1:13 (hh:mm:ss) est. time remaining.
       91% completed,  00:1:12 (hh:mm:ss) est. time remaining.
       91% completed,  00:1:11 (hh:mm:ss) est. time remaining.
       91% completed,  00:1:10 (hh:mm:ss) est. time remaining.
       91% completed,  00:1:10 (hh:mm:ss) est. time remaining.
       91% completed,  00:1:09 (hh:mm:ss) est. time remaining.
       92% completed,  00:1:08 (hh:mm:ss) est. time remaining.
       92% completed,  00:1:08 (hh:mm:ss) est. time remaining.
       92% completed,  00:1:07 (hh:mm:ss) est. time remaining.
       92% completed,  00:1:06 (hh:mm:ss) est. time remaining.
       92% completed,  00:1:06 (hh:mm:ss) est. time remaining.
       92% completed,  00:1:05 (hh:mm:ss) est. time remaining.
       92% completed,  00:1:04 (hh:mm:ss) est. time remaining.
       92% completed,  00:1:03 (hh:mm:ss) est. time remaining.
       92% completed,  00:1:03 (hh:mm:ss) est. time remaining.
       92% completed,  00:1:02 (hh:mm:ss) est. time remaining.
       92% completed,  00:1:01 (hh:mm:ss) est. time remaining.
       92% completed,  00:1:01 (hh:mm:ss) est. time remaining.
       93% completed,  00:1:00 (hh:mm:ss) est. time remaining.
       93% completed,  00:0:59 (hh:mm:ss) est. time remaining.
       93% completed,  00:0:58 (hh:mm:ss) est. time remaining.
       93% completed,  00:0:58 (hh:mm:ss) est. time remaining.
       93% completed,  00:0:57 (hh:mm:ss) est. time remaining.
       93% completed,  00:0:57 (hh:mm:ss) est. time remaining.
       93% completed,  00:0:56 (hh:mm:ss) est. time remaining.
       93% completed,  00:0:55 (hh:mm:ss) est. time remaining.
       93% completed,  00:0:55 (hh:mm:ss) est. time remaining.
       93% completed,  00:0:54 (hh:mm:ss) est. time remaining.
       93% completed,  00:0:53 (hh:mm:ss) est. time remaining.
       93% completed,  00:0:53 (hh:mm:ss) est. time remaining.
       93% completed,  00:0:52 (hh:mm:ss) est. time remaining.
       94% completed,  00:0:51 (hh:mm:ss) est. time remaining.
       94% completed,  00:0:51 (hh:mm:ss) est. time remaining.
       94% completed,  00:0:50 (hh:mm:ss) est. time remaining.
       94% completed,  00:0:49 (hh:mm:ss) est. time remaining.
       94% completed,  00:0:49 (hh:mm:ss) est. time remaining.
       94% completed,  00:0:48 (hh:mm:ss) est. time remaining.
       94% completed,  00:0:48 (hh:mm:ss) est. time remaining.
       94% completed,  00:0:47 (hh:mm:ss) est. time remaining.
       94% completed,  00:0:47 (hh:mm:ss) est. time remaining.
       94% completed,  00:0:46 (hh:mm:ss) est. time remaining.
       94% completed,  00:0:45 (hh:mm:ss) est. time remaining.
       94% completed,  00:0:45 (hh:mm:ss) est. time remaining.
       94% completed,  00:0:44 (hh:mm:ss) est. time remaining.
       94% completed,  00:0:44 (hh:mm:ss) est. time remaining.
       94% completed,  00:0:43 (hh:mm:ss) est. time remaining.
       95% completed,  00:0:42 (hh:mm:ss) est. time remaining.
       95% completed,  00:0:42 (hh:mm:ss) est. time remaining.
       95% completed,  00:0:41 (hh:mm:ss) est. time remaining.
       95% completed,  00:0:41 (hh:mm:ss) est. time remaining.
       95% completed,  00:0:40 (hh:mm:ss) est. time remaining.
       95% completed,  00:0:40 (hh:mm:ss) est. time remaining.
       95% completed,  00:0:39 (hh:mm:ss) est. time remaining.
       95% completed,  00:0:39 (hh:mm:ss) est. time remaining.
       95% completed,  00:0:38 (hh:mm:ss) est. time remaining.
       95% completed,  00:0:37 (hh:mm:ss) est. time remaining.
       95% completed,  00:0:37 (hh:mm:ss) est. time remaining.
       95% completed,  00:0:36 (hh:mm:ss) est. time remaining.
       95% completed,  00:0:36 (hh:mm:ss) est. time remaining.
       95% completed,  00:0:35 (hh:mm:ss) est. time remaining.
       95% completed,  00:0:35 (hh:mm:ss) est. time remaining.
       95% completed,  00:0:34 (hh:mm:ss) est. time remaining.
       96% completed,  00:0:34 (hh:mm:ss) est. time remaining.
       96% completed,  00:0:33 (hh:mm:ss) est. time remaining.
       96% completed,  00:0:33 (hh:mm:ss) est. time remaining.
       96% completed,  00:0:32 (hh:mm:ss) est. time remaining.
       96% completed,  00:0:32 (hh:mm:ss) est. time remaining.
       96% completed,  00:0:31 (hh:mm:ss) est. time remaining.
       96% completed,  00:0:31 (hh:mm:ss) est. time remaining.
       96% completed,  00:0:30 (hh:mm:ss) est. time remaining.
       96% completed,  00:0:30 (hh:mm:ss) est. time remaining.
       96% completed,  00:0:29 (hh:mm:ss) est. time remaining.
       96% completed,  00:0:29 (hh:mm:ss) est. time remaining.
       96% completed,  00:0:28 (hh:mm:ss) est. time remaining.
       96% completed,  00:0:28 (hh:mm:ss) est. time remaining.
       96% completed,  00:0:27 (hh:mm:ss) est. time remaining.
       96% completed,  00:0:27 (hh:mm:ss) est. time remaining.
       96% completed,  00:0:27 (hh:mm:ss) est. time remaining.
       96% completed,  00:0:26 (hh:mm:ss) est. time remaining.
       96% completed,  00:0:26 (hh:mm:ss) est. time remaining.
       97% completed,  00:0:25 (hh:mm:ss) est. time remaining.
       97% completed,  00:0:25 (hh:mm:ss) est. time remaining.
       97% completed,  00:0:24 (hh:mm:ss) est. time remaining.
       97% completed,  00:0:24 (hh:mm:ss) est. time remaining.
       97% completed,  00:0:23 (hh:mm:ss) est. time remaining.
       97% completed,  00:0:23 (hh:mm:ss) est. time remaining.
       97% completed,  00:0:23 (hh:mm:ss) est. time remaining.
       97% completed,  00:0:22 (hh:mm:ss) est. time remaining.
       97% completed,  00:0:22 (hh:mm:ss) est. time remaining.
       97% completed,  00:0:21 (hh:mm:ss) est. time remaining.
       97% completed,  00:0:21 (hh:mm:ss) est. time remaining.
       97% completed,  00:0:21 (hh:mm:ss) est. time remaining.
       97% completed,  00:0:20 (hh:mm:ss) est. time remaining.
       97% completed,  00:0:20 (hh:mm:ss) est. time remaining.
       97% completed,  00:0:19 (hh:mm:ss) est. time remaining.
       97% completed,  00:0:19 (hh:mm:ss) est. time remaining.
       97% completed,  00:0:19 (hh:mm:ss) est. time remaining.
       97% completed,  00:0:18 (hh:mm:ss) est. time remaining.
       97% completed,  00:0:18 (hh:mm:ss) est. time remaining.
       97% completed,  00:0:17 (hh:mm:ss) est. time remaining.
       97% completed,  00:0:17 (hh:mm:ss) est. time remaining.
       98% completed,  00:0:17 (hh:mm:ss) est. time remaining.
       98% completed,  00:0:16 (hh:mm:ss) est. time remaining.
       98% completed,  00:0:16 (hh:mm:ss) est. time remaining.
       98% completed,  00:0:16 (hh:mm:ss) est. time remaining.
       98% completed,  00:0:15 (hh:mm:ss) est. time remaining.
       98% completed,  00:0:15 (hh:mm:ss) est. time remaining.
       98% completed,  00:0:15 (hh:mm:ss) est. time remaining.
       98% completed,  00:0:14 (hh:mm:ss) est. time remaining.
       98% completed,  00:0:14 (hh:mm:ss) est. time remaining.
       98% completed,  00:0:14 (hh:mm:ss) est. time remaining.
       98% completed,  00:0:13 (hh:mm:ss) est. time remaining.
       98% completed,  00:0:13 (hh:mm:ss) est. time remaining.
       98% completed,  00:0:13 (hh:mm:ss) est. time remaining.
       98% completed,  00:0:12 (hh:mm:ss) est. time remaining.
       98% completed,  00:0:12 (hh:mm:ss) est. time remaining.
       98% completed,  00:0:12 (hh:mm:ss) est. time remaining.
       98% completed,  00:0:11 (hh:mm:ss) est. time remaining.
       98% completed,  00:0:11 (hh:mm:ss) est. time remaining.
       98% completed,  00:0:11 (hh:mm:ss) est. time remaining.
       98% completed,  00:0:11 (hh:mm:ss) est. time remaining.
       98% completed,  00:0:10 (hh:mm:ss) est. time remaining.
       98% completed,  00:0:10 (hh:mm:ss) est. time remaining.
       98% completed,  00:0:10 (hh:mm:ss) est. time remaining.
       98% completed,  00:0:09 (hh:mm:ss) est. time remaining.
       98% completed,  00:0:09 (hh:mm:ss) est. time remaining.
       98% completed,  00:0:09 (hh:mm:ss) est. time remaining.
       98% completed,  00:0:09 (hh:mm:ss) est. time remaining.
       98% completed,  00:0:08 (hh:mm:ss) est. time remaining.
       99% completed,  00:0:08 (hh:mm:ss) est. time remaining.
       99% completed,  00:0:08 (hh:mm:ss) est. time remaining.
       99% completed,  00:0:08 (hh:mm:ss) est. time remaining.
       99% completed,  00:0:07 (hh:mm:ss) est. time remaining.
       99% completed,  00:0:07 (hh:mm:ss) est. time remaining.
       99% completed,  00:0:07 (hh:mm:ss) est. time remaining.
       99% completed,  00:0:07 (hh:mm:ss) est. time remaining.
       99% completed,  00:0:06 (hh:mm:ss) est. time remaining.
       99% completed,  00:0:06 (hh:mm:ss) est. time remaining.
       99% completed,  00:0:06 (hh:mm:ss) est. time remaining.
       99% completed,  00:0:06 (hh:mm:ss) est. time remaining.
       99% completed,  00:0:06 (hh:mm:ss) est. time remaining.
       99% completed,  00:0:05 (hh:mm:ss) est. time remaining.
       99% completed,  00:0:05 (hh:mm:ss) est. time remaining.
       99% completed,  00:0:05 (hh:mm:ss) est. time remaining.
       99% completed,  00:0:05 (hh:mm:ss) est. time remaining.
       99% completed,  00:0:05 (hh:mm:ss) est. time remaining.
       99% completed,  00:0:04 (hh:mm:ss) est. time remaining.
       99% completed,  00:0:04 (hh:mm:ss) est. time remaining.
       99% completed,  00:0:04 (hh:mm:ss) est. time remaining.
       99% completed,  00:0:04 (hh:mm:ss) est. time remaining.
       99% completed,  00:0:04 (hh:mm:ss) est. time remaining.
       99% completed,  00:0:03 (hh:mm:ss) est. time remaining.
       99% completed,  00:0:03 (hh:mm:ss) est. time remaining.
       99% completed,  00:0:03 (hh:mm:ss) est. time remaining.
       99% completed,  00:0:03 (hh:mm:ss) est. time remaining.
       99% completed,  00:0:03 (hh:mm:ss) est. time remaining.
       99% completed,  00:0:03 (hh:mm:ss) est. time remaining.
       99% completed,  00:0:02 (hh:mm:ss) est. time remaining.
       99% completed,  00:0:02 (hh:mm:ss) est. time remaining.
       99% completed,  00:0:02 (hh:mm:ss) est. time remaining.
       99% completed,  00:0:02 (hh:mm:ss) est. time remaining.
       99% completed,  00:0:02 (hh:mm:ss) est. time remaining.
       99% completed,  00:0:02 (hh:mm:ss) est. time remaining.
       99% completed,  00:0:02 (hh:mm:ss) est. time remaining.
       99% completed,  00:0:02 (hh:mm:ss) est. time remaining.
       99% completed,  00:0:01 (hh:mm:ss) est. time remaining.
       99% completed,  00:0:01 (hh:mm:ss) est. time remaining.
       99% completed,  00:0:01 (hh:mm:ss) est. time remaining.
       99% completed,  00:0:01 (hh:mm:ss) est. time remaining.
       99% completed,  00:0:01 (hh:mm:ss) est. time remaining.
       99% completed,  00:0:01 (hh:mm:ss) est. time remaining.
       99% completed,  00:0:01 (hh:mm:ss) est. time remaining.
       99% completed,  00:0:01 (hh:mm:ss) est. time remaining.
       99% completed,  00:0:01 (hh:mm:ss) est. time remaining.
       99% completed,  00:0:00 (hh:mm:ss) est. time remaining.
       99% completed,  00:0:00 (hh:mm:ss) est. time remaining.
       99% completed,  00:0:00 (hh:mm:ss) est. time remaining.
       99% completed,  00:0:00 (hh:mm:ss) est. time remaining.
       99% completed,  00:0:00 (hh:mm:ss) est. time remaining.
       99% completed,  00:0:00 (hh:mm:ss) est. time remaining.
       99% completed,  00:0:00 (hh:mm:ss) est. time remaining.
       99% completed,  00:0:00 (hh:mm:ss) est. time remaining.
       99% completed,  00:0:00 (hh:mm:ss) est. time remaining.
       99% completed,  00:0:00 (hh:mm:ss) est. time remaining.
       99% completed,  00:0:00 (hh:mm:ss) est. time remaining.
       99% completed,  00:0:00 (hh:mm:ss) est. time remaining.
       99% completed,  00:0:00 (hh:mm:ss) est. time remaining.
       99% completed,  00:0:00 (hh:mm:ss) est. time remaining.
       99% completed,  00:0:00 (hh:mm:ss) est. time remaining.
       99% completed,  00:0:00 (hh:mm:ss) est. time remaining.
       99% completed,  00:0:00 (hh:mm:ss) est. time remaining.
       99% completed,  00:0:00 (hh:mm:ss) est. time remaining.
       99% completed,  00:0:00 (hh:mm:ss) est. time remaining.
       99% completed,  00:0:00 (hh:mm:ss) est. time remaining.
       99% completed,  00:0:00 (hh:mm:ss) est. time remaining.
       99% completed,  00:0:00 (hh:mm:ss) est. time remaining.
      100% completed,  00:0:00 (hh:mm:ss) est. time remaining.
Comparison Time: 00:14:27 (hh:mm:ss) Elapsed Time, 73916 HSPs Collected
  - RECON: Running imagespread..
RECON Elapsed: 00:00:00 (hh:mm:ss) Elapsed Time
  - RECON: Running initial definition of elements ( eledef )..
RECON Elapsed: 00:00:02 (hh:mm:ss) Elapsed Time
  - RECON: Running re-definition of elements ( eleredef )..
RECON Elapsed: 00:00:22 (hh:mm:ss) Elapsed Time
  - RECON: Running re-definition of edges ( edgeredef )..
RECON Elapsed: 00:03:19 (hh:mm:ss) Elapsed Time
  - RECON: Running family definition ( famdef )..
RECON Elapsed: 00:00:01 (hh:mm:ss) Elapsed Time
  - Obtaining element sequences
Number of families returned by RECON: 4045
Processing families with greater than 15 elements

Processing RECON family: 192
  - Saving 126 elements
  - Refining family-192 model...

Processing RECON family: 239
  - Saving 85 elements
  - Refining family-239 model...

Processing RECON family: 93
  - Saving 79 elements
  - Refining family-93 model...

Processing RECON family: 2452
  - Saving 69 elements
  - Refining family-2452 model...

Processing RECON family: 848
  - Saving 61 elements
  - Refining family-848 model...

Processing RECON family: 1238
  - Saving 51 elements
  - Refining family-1238 model...

Processing RECON family: 408
  - Saving 51 elements
  - Refining family-408 model...

Processing RECON family: 398
  - Saving 49 elements
  - Refining family-398 model...

Processing RECON family: 238
  - Saving 48 elements
  - Refining family-238 model...

Processing RECON family: 31
  - Saving 45 elements
  - Refining family-31 model...

Processing RECON family: 472
  - Saving 44 elements
  - Refining family-472 model...

Processing RECON family: 213
  - Saving 41 elements
  - Refining family-213 model...

Processing RECON family: 226
  - Saving 40 elements
  - Refining family-226 model...

Processing RECON family: 216
  - Saving 38 elements
  - Refining family-216 model...

Processing RECON family: 193
  - Saving 38 elements
  - Refining family-193 model...

Processing RECON family: 377
  - Saving 37 elements
  - Refining family-377 model...

Processing RECON family: 76
  - Saving 36 elements
  - Refining family-76 model...

Processing RECON family: 94
  - Saving 35 elements
  - Refining family-94 model...

Processing RECON family: 303
  - Saving 35 elements
  - Refining family-303 model...

Processing RECON family: 1279
  - Saving 34 elements
  - Refining family-1279 model...

Processing RECON family: 346
  - Saving 34 elements
  - Refining family-346 model...

Processing RECON family: 28
  - Saving 34 elements
  - Refining family-28 model...

Processing RECON family: 101
  - Saving 33 elements
  - Refining family-101 model...

Processing RECON family: 55
  - Saving 33 elements
  - Refining family-55 model...

Processing RECON family: 515
  - Saving 33 elements
  - Refining family-515 model...

Processing RECON family: 421
  - Saving 33 elements
  - Refining family-421 model...

Processing RECON family: 136
  - Saving 32 elements
  - Refining family-136 model...

Processing RECON family: 308
  - Saving 31 elements
  - Refining family-308 model...

Processing RECON family: 170
  - Saving 31 elements
  - Refining family-170 model...

Processing RECON family: 541
  - Saving 30 elements
  - Refining family-541 model...

Processing RECON family: 222
  - Saving 30 elements
  - Refining family-222 model...

Processing RECON family: 70
  - Saving 30 elements
  - Refining family-70 model...

Processing RECON family: 668
  - Saving 29 elements
  - Refining family-668 model...

Processing RECON family: 456
  - Saving 29 elements
  - Refining family-456 model...

Processing RECON family: 103
  - Saving 29 elements
  - Refining family-103 model...

Processing RECON family: 257
  - Saving 27 elements
  - Refining family-257 model...

Processing RECON family: 1023
  - Saving 27 elements
  - Refining family-1023 model...

Processing RECON family: 506
  - Saving 27 elements
  - Refining family-506 model...

Processing RECON family: 583
  - Saving 27 elements
  - Refining family-583 model...

Processing RECON family: 478
  - Saving 26 elements
  - Refining family-478 model...

Processing RECON family: 3582
  - Saving 26 elements
  - Refining family-3582 model...

Processing RECON family: 220
  - Saving 26 elements
  - Refining family-220 model...

Processing RECON family: 384
  - Saving 26 elements
  - Refining family-384 model...

Processing RECON family: 778
  - Saving 26 elements
  - Refining family-778 model...

Processing RECON family: 196
  - Saving 25 elements
  - Refining family-196 model...

Processing RECON family: 412
  - Saving 25 elements
  - Refining family-412 model...

Processing RECON family: 169
  - Saving 25 elements
  - Refining family-169 model...

Processing RECON family: 85
  - Saving 25 elements
  - Refining family-85 model...

Processing RECON family: 378
  - Saving 24 elements
  - Refining family-378 model...

Processing RECON family: 527
  - Saving 24 elements
  - Refining family-527 model...

Processing RECON family: 479
  - Saving 24 elements
  - Refining family-479 model...

Processing RECON family: 318
  - Saving 23 elements
  - Refining family-318 model...

Processing RECON family: 1034
  - Saving 23 elements
  - Refining family-1034 model...

Processing RECON family: 21
  - Saving 22 elements
  - Refining family-21 model...

Processing RECON family: 677
  - Saving 22 elements
  - Refining family-677 model...

Processing RECON family: 485
  - Saving 22 elements
  - Refining family-485 model...

Processing RECON family: 1004
  - Saving 22 elements
  - Refining family-1004 model...

Processing RECON family: 111
  - Saving 21 elements
  - Refining family-111 model...

Processing RECON family: 230
  - Saving 21 elements
  - Refining family-230 model...

Processing RECON family: 231
  - Saving 21 elements
  - Refining family-231 model...

Processing RECON family: 628
  - Saving 20 elements
  - Refining family-628 model...

Processing RECON family: 893
  - Saving 20 elements
  - Refining family-893 model...

Processing RECON family: 489
  - Saving 20 elements
  - Refining family-489 model...

Processing RECON family: 367
  - Saving 20 elements
  - Refining family-367 model...

Processing RECON family: 806
  - Saving 20 elements
  - Refining family-806 model...

Processing RECON family: 249
  - Saving 20 elements
  - Refining family-249 model...

Processing RECON family: 1211
  - Saving 19 elements
  - Refining family-1211 model...

Processing RECON family: 404
  - Saving 19 elements
  - Refining family-404 model...

Processing RECON family: 176
  - Saving 19 elements
  - Refining family-176 model...

Processing RECON family: 1737
  - Saving 19 elements
  - Refining family-1737 model...

Processing RECON family: 426
  - Saving 19 elements
  - Refining family-426 model...

Processing RECON family: 326
  - Saving 19 elements
  - Refining family-326 model...

Processing RECON family: 81
  - Saving 19 elements
  - Refining family-81 model...

Processing RECON family: 1293
  - Saving 18 elements
  - Refining family-1293 model...

Processing RECON family: 964
  - Saving 18 elements
  - Refining family-964 model...

Processing RECON family: 507
  - Saving 18 elements
  - Refining family-507 model...

Processing RECON family: 719
  - Saving 18 elements
  - Refining family-719 model...

Processing RECON family: 469
  - Saving 18 elements
  - Refining family-469 model...

Processing RECON family: 183
  - Saving 18 elements
  - Refining family-183 model...

Processing RECON family: 54
  - Saving 18 elements
  - Refining family-54 model...

Processing RECON family: 7
  - Saving 18 elements
  - Refining family-7 model...

Processing RECON family: 645
  - Saving 17 elements
  - Refining family-645 model...

Processing RECON family: 2297
  - Saving 17 elements
  - Refining family-2297 model...

Processing RECON family: 879
  - Saving 17 elements
  - Refining family-879 model...

Processing RECON family: 148
  - Saving 17 elements
  - Refining family-148 model...

Processing RECON family: 2637
  - Saving 17 elements
  - Refining family-2637 model...

Processing RECON family: 1161
  - Saving 17 elements
  - Refining family-1161 model...

Processing RECON family: 22
  - Saving 17 elements
  - Refining family-22 model...

Processing RECON family: 224
  - Saving 17 elements
  - Refining family-224 model...

Processing RECON family: 1250
  - Saving 17 elements
  - Refining family-1250 model...

Processing RECON family: 2376
  - Saving 17 elements
  - Refining family-2376 model...

Processing RECON family: 435
  - Saving 17 elements
  - Refining family-435 model...

Processing RECON family: 610
  - Saving 17 elements
  - Refining family-610 model...

Processing RECON family: 795
  - Saving 16 elements
  - Refining family-795 model...

Processing RECON family: 2544
  - Saving 16 elements
  - Refining family-2544 model...

Processing RECON family: 212
  - Saving 16 elements
  - Refining family-212 model...

Processing RECON family: 287
  - Saving 16 elements
  - Refining family-287 model...

Processing RECON family: 617
  - Saving 16 elements
  - Refining family-617 model...

Processing RECON family: 270
  - Saving 16 elements
  - Refining family-270 model...

Processing RECON family: 128
  - Saving 16 elements
  - Refining family-128 model...

Processing RECON family: 1920
  - Saving 16 elements
  - Refining family-1920 model...

Processing RECON family: 73
  - Saving 16 elements
  - Refining family-73 model...

Processing RECON family: 352
  - Saving 16 elements
  - Refining family-352 model...
Family Refinement: 00:14:04 (hh:mm:ss) Elapsed Time
Round Time: 00:39:44 (hh:mm:ss) Elapsed Time


RepeatModeler Round # 5
========================
Searching for Repeats
 -- Sampling from the database...
   - Gathering up to 81000000 bp
   - Sequence extraction : 00:00:38 (hh:mm:ss) Elapsed Time
 -- Running TRFMask on the sequence...
       14609 Tandem Repeats Masked
   - TRFMask time 00:03:52 (hh:mm:ss) Elapsed Time
 -- Masking repeats from the previous rounds...
  - Masking 1 - 5 of 2027
  - Masking 16 - 30 of 2027
  - Masking 41 - 65 of 2027
  - Masking 76 - 110 of 2027
  - Masking 121 - 165 of 2027
  - Masking 176 - 230 of 2027
  - Masking 241 - 305 of 2027
  - Masking 316 - 390 of 2027
  - Masking 401 - 485 of 2027
  - Masking 496 - 590 of 2027
  - Masking 596 - 695 of 2027
  - Masking 696 - 795 of 2027
  - Masking 796 - 895 of 2027
  - Masking 896 - 995 of 2027
  - Masking 996 - 1095 of 2027
  - Masking 1096 - 1195 of 2027
  - Masking 1196 - 1295 of 2027
  - Masking 1296 - 1395 of 2027
  - Masking 1396 - 1495 of 2027
  - Masking 1496 - 1595 of 2027
  - Masking 1596 - 1695 of 2027
  - Masking 1696 - 1795 of 2027
  - Masking 1796 - 1895 of 2027
  - Masking 1896 - 1995 of 2027
  - Masking 1996 - 2027 of 2027
   - TE Masking time 00:23:52 (hh:mm:ss) Elapsed Time
 -- Sample Stats:
       Sample Size 81008808 bp
       Num Contigs Represented = 9
       Non ambiguous bp:
             Initial: 81008808 bp
             After Masking: 59523195 bp
             Masked: 26.52 % 
 -- Input Database Coverage: 120019299 bp out of 297482005 bp ( 40.35 % )
Sampling Time: 00:28:28 (hh:mm:ss) Elapsed Time
Running all-by-other comparisons...
        0% completed,  00:50:52 (hh:mm:ss) est. time remaining.
        0% completed,  05:47:49 (hh:mm:ss) est. time remaining.
        0% completed,  10:38:41 (hh:mm:ss) est. time remaining.
        0% completed,  08:18:52 (hh:mm:ss) est. time remaining.
        0% completed,  06:55:12 (hh:mm:ss) est. time remaining.
        0% completed,  05:48:33 (hh:mm:ss) est. time remaining.
        0% completed,  04:58:19 (hh:mm:ss) est. time remaining.
        0% completed,  04:22:48 (hh:mm:ss) est. time remaining.
        0% completed,  03:58:55 (hh:mm:ss) est. time remaining.
        0% completed,  03:44:53 (hh:mm:ss) est. time remaining.
        1% completed,  03:37:57 (hh:mm:ss) est. time remaining.
        1% completed,  03:21:04 (hh:mm:ss) est. time remaining.
        1% completed,  03:5:27 (hh:mm:ss) est. time remaining.
        1% completed,  02:53:13 (hh:mm:ss) est. time remaining.
        1% completed,  02:42:37 (hh:mm:ss) est. time remaining.
        1% completed,  02:33:22 (hh:mm:ss) est. time remaining.
        1% completed,  02:26:11 (hh:mm:ss) est. time remaining.
        1% completed,  02:20:42 (hh:mm:ss) est. time remaining.
        1% completed,  03:13:41 (hh:mm:ss) est. time remaining.
        1% completed,  03:15:33 (hh:mm:ss) est. time remaining.
        2% completed,  03:6:06 (hh:mm:ss) est. time remaining.
        2% completed,  02:58:15 (hh:mm:ss) est. time remaining.
        2% completed,  02:50:22 (hh:mm:ss) est. time remaining.
        2% completed,  02:49:23 (hh:mm:ss) est. time remaining.
        2% completed,  02:42:28 (hh:mm:ss) est. time remaining.
        2% completed,  02:36:06 (hh:mm:ss) est. time remaining.
        2% completed,  02:32:39 (hh:mm:ss) est. time remaining.
        2% completed,  02:30:02 (hh:mm:ss) est. time remaining.
        2% completed,  02:27:01 (hh:mm:ss) est. time remaining.
        2% completed,  02:25:19 (hh:mm:ss) est. time remaining.
        3% completed,  02:33:18 (hh:mm:ss) est. time remaining.
        3% completed,  02:28:55 (hh:mm:ss) est. time remaining.
        3% completed,  02:27:17 (hh:mm:ss) est. time remaining.
        3% completed,  02:24:17 (hh:mm:ss) est. time remaining.
        3% completed,  02:38:53 (hh:mm:ss) est. time remaining.
        3% completed,  02:36:39 (hh:mm:ss) est. time remaining.
        3% completed,  02:38:05 (hh:mm:ss) est. time remaining.
        3% completed,  02:35:59 (hh:mm:ss) est. time remaining.
        3% completed,  02:33:59 (hh:mm:ss) est. time remaining.
        3% completed,  02:31:14 (hh:mm:ss) est. time remaining.
        4% completed,  02:29:02 (hh:mm:ss) est. time remaining.
        4% completed,  02:27:18 (hh:mm:ss) est. time remaining.
        4% completed,  02:30:36 (hh:mm:ss) est. time remaining.
        4% completed,  02:28:10 (hh:mm:ss) est. time remaining.
        4% completed,  02:25:29 (hh:mm:ss) est. time remaining.
        4% completed,  02:23:17 (hh:mm:ss) est. time remaining.
        4% completed,  02:20:28 (hh:mm:ss) est. time remaining.
        4% completed,  02:18:07 (hh:mm:ss) est. time remaining.
        4% completed,  02:15:32 (hh:mm:ss) est. time remaining.
        4% completed,  02:18:16 (hh:mm:ss) est. time remaining.
        4% completed,  02:15:27 (hh:mm:ss) est. time remaining.
        5% completed,  02:19:55 (hh:mm:ss) est. time remaining.
        5% completed,  02:19:56 (hh:mm:ss) est. time remaining.
        5% completed,  02:19:20 (hh:mm:ss) est. time remaining.
        5% completed,  02:22:18 (hh:mm:ss) est. time remaining.
        5% completed,  02:19:56 (hh:mm:ss) est. time remaining.
        5% completed,  02:17:57 (hh:mm:ss) est. time remaining.
        5% completed,  02:16:51 (hh:mm:ss) est. time remaining.
        5% completed,  02:16:21 (hh:mm:ss) est. time remaining.
        5% completed,  02:15:35 (hh:mm:ss) est. time remaining.
        5% completed,  02:14:35 (hh:mm:ss) est. time remaining.
        6% completed,  02:12:34 (hh:mm:ss) est. time remaining.
        6% completed,  02:10:53 (hh:mm:ss) est. time remaining.
        6% completed,  02:12:46 (hh:mm:ss) est. time remaining.
        6% completed,  02:11:07 (hh:mm:ss) est. time remaining.
        6% completed,  02:12:55 (hh:mm:ss) est. time remaining.
        6% completed,  02:12:16 (hh:mm:ss) est. time remaining.
        6% completed,  02:14:28 (hh:mm:ss) est. time remaining.
        6% completed,  02:15:41 (hh:mm:ss) est. time remaining.
        6% completed,  02:14:33 (hh:mm:ss) est. time remaining.
        6% completed,  02:15:02 (hh:mm:ss) est. time remaining.
        6% completed,  02:14:37 (hh:mm:ss) est. time remaining.
        7% completed,  02:13:33 (hh:mm:ss) est. time remaining.
        7% completed,  02:12:43 (hh:mm:ss) est. time remaining.
        7% completed,  02:11:16 (hh:mm:ss) est. time remaining.
        7% completed,  02:12:23 (hh:mm:ss) est. time remaining.
        7% completed,  02:10:58 (hh:mm:ss) est. time remaining.
        7% completed,  02:9:48 (hh:mm:ss) est. time remaining.
        7% completed,  02:9:52 (hh:mm:ss) est. time remaining.
        7% completed,  02:9:20 (hh:mm:ss) est. time remaining.
        7% completed,  02:8:49 (hh:mm:ss) est. time remaining.
        7% completed,  02:8:30 (hh:mm:ss) est. time remaining.
        8% completed,  02:7:48 (hh:mm:ss) est. time remaining.
        8% completed,  02:6:23 (hh:mm:ss) est. time remaining.
        8% completed,  02:4:59 (hh:mm:ss) est. time remaining.
        8% completed,  02:3:26 (hh:mm:ss) est. time remaining.
        8% completed,  02:3:34 (hh:mm:ss) est. time remaining.
        8% completed,  02:4:34 (hh:mm:ss) est. time remaining.
        8% completed,  02:3:36 (hh:mm:ss) est. time remaining.
        8% completed,  02:3:01 (hh:mm:ss) est. time remaining.
        8% completed,  02:2:26 (hh:mm:ss) est. time remaining.
        8% completed,  02:2:43 (hh:mm:ss) est. time remaining.
        8% completed,  02:2:49 (hh:mm:ss) est. time remaining.
        9% completed,  02:2:16 (hh:mm:ss) est. time remaining.
        9% completed,  02:1:23 (hh:mm:ss) est. time remaining.
        9% completed,  02:0:40 (hh:mm:ss) est. time remaining.
        9% completed,  02:3:03 (hh:mm:ss) est. time remaining.
        9% completed,  02:2:49 (hh:mm:ss) est. time remaining.
        9% completed,  02:1:58 (hh:mm:ss) est. time remaining.
        9% completed,  02:1:26 (hh:mm:ss) est. time remaining.
        9% completed,  02:1:03 (hh:mm:ss) est. time remaining.
        9% completed,  02:0:51 (hh:mm:ss) est. time remaining.
        9% completed,  01:59:44 (hh:mm:ss) est. time remaining.
       10% completed,  01:59:59 (hh:mm:ss) est. time remaining.
       10% completed,  01:58:54 (hh:mm:ss) est. time remaining.
       10% completed,  02:0:20 (hh:mm:ss) est. time remaining.
       10% completed,  01:59:07 (hh:mm:ss) est. time remaining.
       10% completed,  01:58:21 (hh:mm:ss) est. time remaining.
       10% completed,  01:57:44 (hh:mm:ss) est. time remaining.
       10% completed,  01:57:34 (hh:mm:ss) est. time remaining.
       10% completed,  02:0:53 (hh:mm:ss) est. time remaining.
       10% completed,  02:2:12 (hh:mm:ss) est. time remaining.
       10% completed,  02:1:35 (hh:mm:ss) est. time remaining.
       10% completed,  02:2:03 (hh:mm:ss) est. time remaining.
       11% completed,  02:1:01 (hh:mm:ss) est. time remaining.
       11% completed,  02:0:09 (hh:mm:ss) est. time remaining.
       11% completed,  01:59:26 (hh:mm:ss) est. time remaining.
       11% completed,  02:0:09 (hh:mm:ss) est. time remaining.
       11% completed,  01:59:02 (hh:mm:ss) est. time remaining.
       11% completed,  01:58:36 (hh:mm:ss) est. time remaining.
       11% completed,  01:57:55 (hh:mm:ss) est. time remaining.
       11% completed,  01:58:07 (hh:mm:ss) est. time remaining.
       11% completed,  01:57:11 (hh:mm:ss) est. time remaining.
       11% completed,  01:56:16 (hh:mm:ss) est. time remaining.
       11% completed,  01:55:14 (hh:mm:ss) est. time remaining.
       12% completed,  01:57:53 (hh:mm:ss) est. time remaining.
       12% completed,  01:58:04 (hh:mm:ss) est. time remaining.
       12% completed,  01:58:15 (hh:mm:ss) est. time remaining.
       12% completed,  01:57:22 (hh:mm:ss) est. time remaining.
       12% completed,  01:56:36 (hh:mm:ss) est. time remaining.
       12% completed,  01:55:37 (hh:mm:ss) est. time remaining.
       12% completed,  01:55:28 (hh:mm:ss) est. time remaining.
       12% completed,  01:54:37 (hh:mm:ss) est. time remaining.
       12% completed,  01:55:02 (hh:mm:ss) est. time remaining.
       12% completed,  01:54:05 (hh:mm:ss) est. time remaining.
       12% completed,  01:54:03 (hh:mm:ss) est. time remaining.
       13% completed,  01:53:21 (hh:mm:ss) est. time remaining.
       13% completed,  01:53:06 (hh:mm:ss) est. time remaining.
       13% completed,  01:52:51 (hh:mm:ss) est. time remaining.
       13% completed,  01:53:02 (hh:mm:ss) est. time remaining.
       13% completed,  01:52:41 (hh:mm:ss) est. time remaining.
       13% completed,  01:52:20 (hh:mm:ss) est. time remaining.
       13% completed,  01:51:46 (hh:mm:ss) est. time remaining.
       13% completed,  01:53:38 (hh:mm:ss) est. time remaining.
       13% completed,  01:53:48 (hh:mm:ss) est. time remaining.
       13% completed,  01:53:33 (hh:mm:ss) est. time remaining.
       13% completed,  01:53:06 (hh:mm:ss) est. time remaining.
       14% completed,  01:53:21 (hh:mm:ss) est. time remaining.
       14% completed,  01:53:07 (hh:mm:ss) est. time remaining.
       14% completed,  01:52:58 (hh:mm:ss) est. time remaining.
       14% completed,  01:52:26 (hh:mm:ss) est. time remaining.
       14% completed,  01:51:36 (hh:mm:ss) est. time remaining.
       14% completed,  01:50:58 (hh:mm:ss) est. time remaining.
       14% completed,  01:51:02 (hh:mm:ss) est. time remaining.
       14% completed,  01:50:37 (hh:mm:ss) est. time remaining.
       14% completed,  01:50:12 (hh:mm:ss) est. time remaining.
       14% completed,  01:49:25 (hh:mm:ss) est. time remaining.
       14% completed,  01:50:14 (hh:mm:ss) est. time remaining.
       15% completed,  01:51:20 (hh:mm:ss) est. time remaining.
       15% completed,  01:51:23 (hh:mm:ss) est. time remaining.
       15% completed,  01:51:32 (hh:mm:ss) est. time remaining.
       15% completed,  01:50:45 (hh:mm:ss) est. time remaining.
       15% completed,  01:50:16 (hh:mm:ss) est. time remaining.
       15% completed,  01:50:08 (hh:mm:ss) est. time remaining.
       15% completed,  01:49:22 (hh:mm:ss) est. time remaining.
       15% completed,  01:51:35 (hh:mm:ss) est. time remaining.
       15% completed,  01:51:48 (hh:mm:ss) est. time remaining.
       15% completed,  01:51:23 (hh:mm:ss) est. time remaining.
       15% completed,  01:51:26 (hh:mm:ss) est. time remaining.
       16% completed,  01:50:41 (hh:mm:ss) est. time remaining.
       16% completed,  01:50:59 (hh:mm:ss) est. time remaining.
       16% completed,  01:50:25 (hh:mm:ss) est. time remaining.
       16% completed,  01:50:12 (hh:mm:ss) est. time remaining.
       16% completed,  01:49:34 (hh:mm:ss) est. time remaining.
       16% completed,  01:48:51 (hh:mm:ss) est. time remaining.
       16% completed,  01:48:54 (hh:mm:ss) est. time remaining.
       16% completed,  01:48:16 (hh:mm:ss) est. time remaining.
       16% completed,  01:48:34 (hh:mm:ss) est. time remaining.
       16% completed,  01:48:02 (hh:mm:ss) est. time remaining.
       16% completed,  01:47:40 (hh:mm:ss) est. time remaining.
       17% completed,  01:47:53 (hh:mm:ss) est. time remaining.
       17% completed,  01:48:20 (hh:mm:ss) est. time remaining.
       17% completed,  01:48:17 (hh:mm:ss) est. time remaining.
       17% completed,  01:48:19 (hh:mm:ss) est. time remaining.
       17% completed,  01:48:26 (hh:mm:ss) est. time remaining.
       17% completed,  01:47:51 (hh:mm:ss) est. time remaining.
       17% completed,  01:47:25 (hh:mm:ss) est. time remaining.
       17% completed,  01:46:55 (hh:mm:ss) est. time remaining.
       17% completed,  01:46:29 (hh:mm:ss) est. time remaining.
       17% completed,  01:46:27 (hh:mm:ss) est. time remaining.
       17% completed,  01:46:06 (hh:mm:ss) est. time remaining.
       18% completed,  01:46:23 (hh:mm:ss) est. time remaining.
       18% completed,  01:46:02 (hh:mm:ss) est. time remaining.
       18% completed,  01:46:27 (hh:mm:ss) est. time remaining.
       18% completed,  01:47:09 (hh:mm:ss) est. time remaining.
       18% completed,  01:46:58 (hh:mm:ss) est. time remaining.
       18% completed,  01:46:28 (hh:mm:ss) est. time remaining.
       18% completed,  01:46:08 (hh:mm:ss) est. time remaining.
       18% completed,  01:46:02 (hh:mm:ss) est. time remaining.
       18% completed,  01:45:42 (hh:mm:ss) est. time remaining.
       18% completed,  01:45:48 (hh:mm:ss) est. time remaining.
       18% completed,  01:45:24 (hh:mm:ss) est. time remaining.
       19% completed,  01:45:13 (hh:mm:ss) est. time remaining.
       19% completed,  01:44:41 (hh:mm:ss) est. time remaining.
       19% completed,  01:44:18 (hh:mm:ss) est. time remaining.
       19% completed,  01:44:03 (hh:mm:ss) est. time remaining.
       19% completed,  01:43:49 (hh:mm:ss) est. time remaining.
       19% completed,  01:43:43 (hh:mm:ss) est. time remaining.
       19% completed,  01:44:09 (hh:mm:ss) est. time remaining.
       19% completed,  01:43:47 (hh:mm:ss) est. time remaining.
       19% completed,  01:44:58 (hh:mm:ss) est. time remaining.
       19% completed,  01:44:27 (hh:mm:ss) est. time remaining.
       19% completed,  01:43:56 (hh:mm:ss) est. time remaining.
       20% completed,  01:43:46 (hh:mm:ss) est. time remaining.
       20% completed,  01:43:24 (hh:mm:ss) est. time remaining.
       20% completed,  01:42:58 (hh:mm:ss) est. time remaining.
       20% completed,  01:42:28 (hh:mm:ss) est. time remaining.
       20% completed,  01:42:26 (hh:mm:ss) est. time remaining.
       20% completed,  01:42:43 (hh:mm:ss) est. time remaining.
       20% completed,  01:42:18 (hh:mm:ss) est. time remaining.
       20% completed,  01:42:00 (hh:mm:ss) est. time remaining.
       20% completed,  01:42:05 (hh:mm:ss) est. time remaining.
       20% completed,  01:42:26 (hh:mm:ss) est. time remaining.
       20% completed,  01:42:01 (hh:mm:ss) est. time remaining.
       20% completed,  01:41:59 (hh:mm:ss) est. time remaining.
       21% completed,  01:41:27 (hh:mm:ss) est. time remaining.
       21% completed,  01:41:43 (hh:mm:ss) est. time remaining.
       21% completed,  01:42:33 (hh:mm:ss) est. time remaining.
       21% completed,  01:42:01 (hh:mm:ss) est. time remaining.
       21% completed,  01:41:32 (hh:mm:ss) est. time remaining.
       21% completed,  01:41:52 (hh:mm:ss) est. time remaining.
       21% completed,  01:41:43 (hh:mm:ss) est. time remaining.
       21% completed,  01:41:26 (hh:mm:ss) est. time remaining.
       21% completed,  01:41:05 (hh:mm:ss) est. time remaining.
       21% completed,  01:41:17 (hh:mm:ss) est. time remaining.
       21% completed,  01:40:46 (hh:mm:ss) est. time remaining.
       22% completed,  01:40:30 (hh:mm:ss) est. time remaining.
       22% completed,  01:40:42 (hh:mm:ss) est. time remaining.
       22% completed,  01:40:18 (hh:mm:ss) est. time remaining.
       22% completed,  01:40:12 (hh:mm:ss) est. time remaining.
       22% completed,  01:39:56 (hh:mm:ss) est. time remaining.
       22% completed,  01:39:37 (hh:mm:ss) est. time remaining.
       22% completed,  01:39:24 (hh:mm:ss) est. time remaining.
       22% completed,  01:39:12 (hh:mm:ss) est. time remaining.
       22% completed,  01:38:56 (hh:mm:ss) est. time remaining.
       22% completed,  01:39:10 (hh:mm:ss) est. time remaining.
       22% completed,  01:39:32 (hh:mm:ss) est. time remaining.
       22% completed,  01:39:13 (hh:mm:ss) est. time remaining.
       23% completed,  01:39:10 (hh:mm:ss) est. time remaining.
       23% completed,  01:38:48 (hh:mm:ss) est. time remaining.
       23% completed,  01:38:56 (hh:mm:ss) est. time remaining.
       23% completed,  01:38:37 (hh:mm:ss) est. time remaining.
       23% completed,  01:38:12 (hh:mm:ss) est. time remaining.
       23% completed,  01:37:53 (hh:mm:ss) est. time remaining.
       23% completed,  01:37:35 (hh:mm:ss) est. time remaining.
       23% completed,  01:37:39 (hh:mm:ss) est. time remaining.
       23% completed,  01:37:27 (hh:mm:ss) est. time remaining.
       23% completed,  01:37:03 (hh:mm:ss) est. time remaining.
       23% completed,  01:36:42 (hh:mm:ss) est. time remaining.
       24% completed,  01:36:40 (hh:mm:ss) est. time remaining.
       24% completed,  01:37:15 (hh:mm:ss) est. time remaining.
       24% completed,  01:37:26 (hh:mm:ss) est. time remaining.
       24% completed,  01:37:05 (hh:mm:ss) est. time remaining.
       24% completed,  01:36:56 (hh:mm:ss) est. time remaining.
       24% completed,  01:37:28 (hh:mm:ss) est. time remaining.
       24% completed,  01:37:16 (hh:mm:ss) est. time remaining.
       24% completed,  01:36:52 (hh:mm:ss) est. time remaining.
       24% completed,  01:36:26 (hh:mm:ss) est. time remaining.
       24% completed,  01:36:05 (hh:mm:ss) est. time remaining.
       24% completed,  01:35:45 (hh:mm:ss) est. time remaining.
       24% completed,  01:35:25 (hh:mm:ss) est. time remaining.
       25% completed,  01:34:59 (hh:mm:ss) est. time remaining.
       25% completed,  01:34:54 (hh:mm:ss) est. time remaining.
       25% completed,  01:34:34 (hh:mm:ss) est. time remaining.
       25% completed,  01:34:41 (hh:mm:ss) est. time remaining.
       25% completed,  01:34:15 (hh:mm:ss) est. time remaining.
       25% completed,  01:34:34 (hh:mm:ss) est. time remaining.
       25% completed,  01:35:30 (hh:mm:ss) est. time remaining.
       25% completed,  01:35:10 (hh:mm:ss) est. time remaining.
       25% completed,  01:34:59 (hh:mm:ss) est. time remaining.
       25% completed,  01:34:46 (hh:mm:ss) est. time remaining.
       25% completed,  01:34:23 (hh:mm:ss) est. time remaining.
       25% completed,  01:34:07 (hh:mm:ss) est. time remaining.
       26% completed,  01:33:59 (hh:mm:ss) est. time remaining.
       26% completed,  01:33:57 (hh:mm:ss) est. time remaining.
       26% completed,  01:34:00 (hh:mm:ss) est. time remaining.
       26% completed,  01:33:38 (hh:mm:ss) est. time remaining.
       26% completed,  01:33:36 (hh:mm:ss) est. time remaining.
       26% completed,  01:33:31 (hh:mm:ss) est. time remaining.
       26% completed,  01:33:15 (hh:mm:ss) est. time remaining.
       26% completed,  01:32:59 (hh:mm:ss) est. time remaining.
       26% completed,  01:32:54 (hh:mm:ss) est. time remaining.
       26% completed,  01:32:33 (hh:mm:ss) est. time remaining.
       26% completed,  01:32:28 (hh:mm:ss) est. time remaining.
       26% completed,  01:32:42 (hh:mm:ss) est. time remaining.
       27% completed,  01:32:24 (hh:mm:ss) est. time remaining.
       27% completed,  01:32:35 (hh:mm:ss) est. time remaining.
       27% completed,  01:32:23 (hh:mm:ss) est. time remaining.
       27% completed,  01:32:15 (hh:mm:ss) est. time remaining.
       27% completed,  01:31:57 (hh:mm:ss) est. time remaining.
       27% completed,  01:32:13 (hh:mm:ss) est. time remaining.
       27% completed,  01:31:58 (hh:mm:ss) est. time remaining.
       27% completed,  01:31:56 (hh:mm:ss) est. time remaining.
       27% completed,  01:31:35 (hh:mm:ss) est. time remaining.
       27% completed,  01:31:56 (hh:mm:ss) est. time remaining.
       27% completed,  01:31:59 (hh:mm:ss) est. time remaining.
       28% completed,  01:31:39 (hh:mm:ss) est. time remaining.
       28% completed,  01:31:47 (hh:mm:ss) est. time remaining.
       28% completed,  01:31:57 (hh:mm:ss) est. time remaining.
       28% completed,  01:32:18 (hh:mm:ss) est. time remaining.
       28% completed,  01:32:00 (hh:mm:ss) est. time remaining.
       28% completed,  01:31:45 (hh:mm:ss) est. time remaining.
       28% completed,  01:31:25 (hh:mm:ss) est. time remaining.
       28% completed,  01:31:10 (hh:mm:ss) est. time remaining.
       28% completed,  01:31:03 (hh:mm:ss) est. time remaining.
       28% completed,  01:30:45 (hh:mm:ss) est. time remaining.
       28% completed,  01:30:23 (hh:mm:ss) est. time remaining.
       28% completed,  01:30:38 (hh:mm:ss) est. time remaining.
       29% completed,  01:30:31 (hh:mm:ss) est. time remaining.
       29% completed,  01:30:36 (hh:mm:ss) est. time remaining.
       29% completed,  01:30:17 (hh:mm:ss) est. time remaining.
       29% completed,  01:30:12 (hh:mm:ss) est. time remaining.
       29% completed,  01:30:00 (hh:mm:ss) est. time remaining.
       29% completed,  01:29:41 (hh:mm:ss) est. time remaining.
       29% completed,  01:29:24 (hh:mm:ss) est. time remaining.
       29% completed,  01:29:10 (hh:mm:ss) est. time remaining.
       29% completed,  01:29:10 (hh:mm:ss) est. time remaining.
       29% completed,  01:28:58 (hh:mm:ss) est. time remaining.
       29% completed,  01:28:40 (hh:mm:ss) est. time remaining.
       29% completed,  01:28:23 (hh:mm:ss) est. time remaining.
       29% completed,  01:28:05 (hh:mm:ss) est. time remaining.
       30% completed,  01:29:03 (hh:mm:ss) est. time remaining.
       30% completed,  01:29:10 (hh:mm:ss) est. time remaining.
       30% completed,  01:28:49 (hh:mm:ss) est. time remaining.
       30% completed,  01:28:31 (hh:mm:ss) est. time remaining.
       30% completed,  01:28:12 (hh:mm:ss) est. time remaining.
       30% completed,  01:27:56 (hh:mm:ss) est. time remaining.
       30% completed,  01:27:43 (hh:mm:ss) est. time remaining.
       30% completed,  01:27:22 (hh:mm:ss) est. time remaining.
       30% completed,  01:27:11 (hh:mm:ss) est. time remaining.
       30% completed,  01:27:20 (hh:mm:ss) est. time remaining.
       30% completed,  01:27:07 (hh:mm:ss) est. time remaining.
       30% completed,  01:26:47 (hh:mm:ss) est. time remaining.
       31% completed,  01:26:49 (hh:mm:ss) est. time remaining.
       31% completed,  01:26:38 (hh:mm:ss) est. time remaining.
       31% completed,  01:26:20 (hh:mm:ss) est. time remaining.
       31% completed,  01:26:29 (hh:mm:ss) est. time remaining.
       31% completed,  01:26:40 (hh:mm:ss) est. time remaining.
       31% completed,  01:26:36 (hh:mm:ss) est. time remaining.
       31% completed,  01:26:29 (hh:mm:ss) est. time remaining.
       31% completed,  01:26:33 (hh:mm:ss) est. time remaining.
       31% completed,  01:26:20 (hh:mm:ss) est. time remaining.
       31% completed,  01:26:05 (hh:mm:ss) est. time remaining.
       31% completed,  01:25:59 (hh:mm:ss) est. time remaining.
       31% completed,  01:25:56 (hh:mm:ss) est. time remaining.
       32% completed,  01:26:00 (hh:mm:ss) est. time remaining.
       32% completed,  01:25:52 (hh:mm:ss) est. time remaining.
       32% completed,  01:25:35 (hh:mm:ss) est. time remaining.
       32% completed,  01:25:15 (hh:mm:ss) est. time remaining.
       32% completed,  01:25:28 (hh:mm:ss) est. time remaining.
       32% completed,  01:25:21 (hh:mm:ss) est. time remaining.
       32% completed,  01:25:13 (hh:mm:ss) est. time remaining.
       32% completed,  01:24:56 (hh:mm:ss) est. time remaining.
       32% completed,  01:24:44 (hh:mm:ss) est. time remaining.
       32% completed,  01:24:45 (hh:mm:ss) est. time remaining.
       32% completed,  01:24:47 (hh:mm:ss) est. time remaining.
       32% completed,  01:24:33 (hh:mm:ss) est. time remaining.
       33% completed,  01:24:26 (hh:mm:ss) est. time remaining.
       33% completed,  01:24:10 (hh:mm:ss) est. time remaining.
       33% completed,  01:24:08 (hh:mm:ss) est. time remaining.
       33% completed,  01:24:05 (hh:mm:ss) est. time remaining.
       33% completed,  01:24:01 (hh:mm:ss) est. time remaining.
       33% completed,  01:24:01 (hh:mm:ss) est. time remaining.
       33% completed,  01:23:45 (hh:mm:ss) est. time remaining.
       33% completed,  01:23:31 (hh:mm:ss) est. time remaining.
       33% completed,  01:23:20 (hh:mm:ss) est. time remaining.
       33% completed,  01:23:16 (hh:mm:ss) est. time remaining.
       33% completed,  01:23:16 (hh:mm:ss) est. time remaining.
       33% completed,  01:23:00 (hh:mm:ss) est. time remaining.
       33% completed,  01:23:15 (hh:mm:ss) est. time remaining.
       34% completed,  01:22:59 (hh:mm:ss) est. time remaining.
       34% completed,  01:22:53 (hh:mm:ss) est. time remaining.
       34% completed,  01:22:43 (hh:mm:ss) est. time remaining.
       34% completed,  01:22:39 (hh:mm:ss) est. time remaining.
       34% completed,  01:22:33 (hh:mm:ss) est. time remaining.
       34% completed,  01:22:15 (hh:mm:ss) est. time remaining.
       34% completed,  01:22:47 (hh:mm:ss) est. time remaining.
       34% completed,  01:22:45 (hh:mm:ss) est. time remaining.
       34% completed,  01:22:29 (hh:mm:ss) est. time remaining.
       34% completed,  01:22:21 (hh:mm:ss) est. time remaining.
       34% completed,  01:22:34 (hh:mm:ss) est. time remaining.
       34% completed,  01:22:22 (hh:mm:ss) est. time remaining.
       35% completed,  01:22:18 (hh:mm:ss) est. time remaining.
       35% completed,  01:22:06 (hh:mm:ss) est. time remaining.
       35% completed,  01:21:53 (hh:mm:ss) est. time remaining.
       35% completed,  01:21:39 (hh:mm:ss) est. time remaining.
       35% completed,  01:21:35 (hh:mm:ss) est. time remaining.
       35% completed,  01:21:35 (hh:mm:ss) est. time remaining.
       35% completed,  01:21:34 (hh:mm:ss) est. time remaining.
       35% completed,  01:21:24 (hh:mm:ss) est. time remaining.
       35% completed,  01:21:35 (hh:mm:ss) est. time remaining.
       35% completed,  01:21:21 (hh:mm:ss) est. time remaining.
       35% completed,  01:21:17 (hh:mm:ss) est. time remaining.
       35% completed,  01:21:11 (hh:mm:ss) est. time remaining.
       35% completed,  01:21:05 (hh:mm:ss) est. time remaining.
       36% completed,  01:20:48 (hh:mm:ss) est. time remaining.
       36% completed,  01:20:35 (hh:mm:ss) est. time remaining.
       36% completed,  01:20:22 (hh:mm:ss) est. time remaining.
       36% completed,  01:20:36 (hh:mm:ss) est. time remaining.
       36% completed,  01:20:25 (hh:mm:ss) est. time remaining.
       36% completed,  01:20:10 (hh:mm:ss) est. time remaining.
       36% completed,  01:19:54 (hh:mm:ss) est. time remaining.
       36% completed,  01:19:46 (hh:mm:ss) est. time remaining.
       36% completed,  01:19:33 (hh:mm:ss) est. time remaining.
       36% completed,  01:19:28 (hh:mm:ss) est. time remaining.
       36% completed,  01:19:32 (hh:mm:ss) est. time remaining.
       36% completed,  01:19:40 (hh:mm:ss) est. time remaining.
       36% completed,  01:19:27 (hh:mm:ss) est. time remaining.
       37% completed,  01:19:25 (hh:mm:ss) est. time remaining.
       37% completed,  01:19:09 (hh:mm:ss) est. time remaining.
       37% completed,  01:19:23 (hh:mm:ss) est. time remaining.
       37% completed,  01:19:21 (hh:mm:ss) est. time remaining.
       37% completed,  01:19:12 (hh:mm:ss) est. time remaining.
       37% completed,  01:18:59 (hh:mm:ss) est. time remaining.
       37% completed,  01:18:50 (hh:mm:ss) est. time remaining.
       37% completed,  01:18:46 (hh:mm:ss) est. time remaining.
       37% completed,  01:18:49 (hh:mm:ss) est. time remaining.
       37% completed,  01:18:35 (hh:mm:ss) est. time remaining.
       37% completed,  01:18:22 (hh:mm:ss) est. time remaining.
       37% completed,  01:18:08 (hh:mm:ss) est. time remaining.
       38% completed,  01:18:01 (hh:mm:ss) est. time remaining.
       38% completed,  01:17:49 (hh:mm:ss) est. time remaining.
       38% completed,  01:17:45 (hh:mm:ss) est. time remaining.
       38% completed,  01:17:44 (hh:mm:ss) est. time remaining.
       38% completed,  01:17:34 (hh:mm:ss) est. time remaining.
       38% completed,  01:17:47 (hh:mm:ss) est. time remaining.
       38% completed,  01:17:37 (hh:mm:ss) est. time remaining.
       38% completed,  01:17:22 (hh:mm:ss) est. time remaining.
       38% completed,  01:17:29 (hh:mm:ss) est. time remaining.
       38% completed,  01:17:17 (hh:mm:ss) est. time remaining.
       38% completed,  01:17:04 (hh:mm:ss) est. time remaining.
       38% completed,  01:16:50 (hh:mm:ss) est. time remaining.
       38% completed,  01:16:35 (hh:mm:ss) est. time remaining.
       39% completed,  01:16:26 (hh:mm:ss) est. time remaining.
       39% completed,  01:16:13 (hh:mm:ss) est. time remaining.
       39% completed,  01:16:25 (hh:mm:ss) est. time remaining.
       39% completed,  01:16:12 (hh:mm:ss) est. time remaining.
       39% completed,  01:16:00 (hh:mm:ss) est. time remaining.
       39% completed,  01:16:02 (hh:mm:ss) est. time remaining.
       39% completed,  01:15:49 (hh:mm:ss) est. time remaining.
       39% completed,  01:15:36 (hh:mm:ss) est. time remaining.
       39% completed,  01:15:38 (hh:mm:ss) est. time remaining.
       39% completed,  01:15:24 (hh:mm:ss) est. time remaining.
       39% completed,  01:15:26 (hh:mm:ss) est. time remaining.
       39% completed,  01:15:13 (hh:mm:ss) est. time remaining.
       39% completed,  01:15:17 (hh:mm:ss) est. time remaining.
       40% completed,  01:15:08 (hh:mm:ss) est. time remaining.
       40% completed,  01:14:56 (hh:mm:ss) est. time remaining.
       40% completed,  01:14:43 (hh:mm:ss) est. time remaining.
       40% completed,  01:14:29 (hh:mm:ss) est. time remaining.
       40% completed,  01:14:29 (hh:mm:ss) est. time remaining.
       40% completed,  01:14:49 (hh:mm:ss) est. time remaining.
       40% completed,  01:14:39 (hh:mm:ss) est. time remaining.
       40% completed,  01:14:34 (hh:mm:ss) est. time remaining.
       40% completed,  01:14:20 (hh:mm:ss) est. time remaining.
       40% completed,  01:14:09 (hh:mm:ss) est. time remaining.
       40% completed,  01:14:09 (hh:mm:ss) est. time remaining.
       40% completed,  01:13:57 (hh:mm:ss) est. time remaining.
       40% completed,  01:13:47 (hh:mm:ss) est. time remaining.
       41% completed,  01:13:43 (hh:mm:ss) est. time remaining.
       41% completed,  01:13:35 (hh:mm:ss) est. time remaining.
       41% completed,  01:13:31 (hh:mm:ss) est. time remaining.
       41% completed,  01:13:26 (hh:mm:ss) est. time remaining.
       41% completed,  01:13:14 (hh:mm:ss) est. time remaining.
       41% completed,  01:13:03 (hh:mm:ss) est. time remaining.
       41% completed,  01:12:55 (hh:mm:ss) est. time remaining.
       41% completed,  01:12:46 (hh:mm:ss) est. time remaining.
       41% completed,  01:12:39 (hh:mm:ss) est. time remaining.
       41% completed,  01:12:57 (hh:mm:ss) est. time remaining.
       41% completed,  01:12:53 (hh:mm:ss) est. time remaining.
       41% completed,  01:12:46 (hh:mm:ss) est. time remaining.
       41% completed,  01:12:38 (hh:mm:ss) est. time remaining.
       41% completed,  01:12:41 (hh:mm:ss) est. time remaining.
       42% completed,  01:12:33 (hh:mm:ss) est. time remaining.
       42% completed,  01:12:24 (hh:mm:ss) est. time remaining.
       42% completed,  01:12:41 (hh:mm:ss) est. time remaining.
       42% completed,  01:12:33 (hh:mm:ss) est. time remaining.
       42% completed,  01:12:22 (hh:mm:ss) est. time remaining.
       42% completed,  01:12:13 (hh:mm:ss) est. time remaining.
       42% completed,  01:12:03 (hh:mm:ss) est. time remaining.
       42% completed,  01:11:53 (hh:mm:ss) est. time remaining.
       42% completed,  01:11:44 (hh:mm:ss) est. time remaining.
       42% completed,  01:11:42 (hh:mm:ss) est. time remaining.
       42% completed,  01:11:29 (hh:mm:ss) est. time remaining.
       42% completed,  01:11:17 (hh:mm:ss) est. time remaining.
       42% completed,  01:11:05 (hh:mm:ss) est. time remaining.
       43% completed,  01:11:08 (hh:mm:ss) est. time remaining.
       43% completed,  01:10:57 (hh:mm:ss) est. time remaining.
       43% completed,  01:10:48 (hh:mm:ss) est. time remaining.
       43% completed,  01:10:51 (hh:mm:ss) est. time remaining.
       43% completed,  01:10:52 (hh:mm:ss) est. time remaining.
       43% completed,  01:11:12 (hh:mm:ss) est. time remaining.
       43% completed,  01:11:04 (hh:mm:ss) est. time remaining.
       43% completed,  01:10:54 (hh:mm:ss) est. time remaining.
       43% completed,  01:10:45 (hh:mm:ss) est. time remaining.
       43% completed,  01:10:34 (hh:mm:ss) est. time remaining.
       43% completed,  01:10:21 (hh:mm:ss) est. time remaining.
       43% completed,  01:10:21 (hh:mm:ss) est. time remaining.
       43% completed,  01:10:16 (hh:mm:ss) est. time remaining.
       43% completed,  01:10:04 (hh:mm:ss) est. time remaining.
       44% completed,  01:9:51 (hh:mm:ss) est. time remaining.
       44% completed,  01:9:41 (hh:mm:ss) est. time remaining.
       44% completed,  01:9:31 (hh:mm:ss) est. time remaining.
       44% completed,  01:9:27 (hh:mm:ss) est. time remaining.
       44% completed,  01:9:22 (hh:mm:ss) est. time remaining.
       44% completed,  01:9:19 (hh:mm:ss) est. time remaining.
       44% completed,  01:9:11 (hh:mm:ss) est. time remaining.
       44% completed,  01:9:30 (hh:mm:ss) est. time remaining.
       44% completed,  01:9:29 (hh:mm:ss) est. time remaining.
       44% completed,  01:9:19 (hh:mm:ss) est. time remaining.
       44% completed,  01:9:07 (hh:mm:ss) est. time remaining.
       44% completed,  01:8:56 (hh:mm:ss) est. time remaining.
       44% completed,  01:8:43 (hh:mm:ss) est. time remaining.
       45% completed,  01:8:36 (hh:mm:ss) est. time remaining.
       45% completed,  01:8:28 (hh:mm:ss) est. time remaining.
       45% completed,  01:8:20 (hh:mm:ss) est. time remaining.
       45% completed,  01:8:09 (hh:mm:ss) est. time remaining.
       45% completed,  01:7:59 (hh:mm:ss) est. time remaining.
       45% completed,  01:7:55 (hh:mm:ss) est. time remaining.
       45% completed,  01:7:55 (hh:mm:ss) est. time remaining.
       45% completed,  01:7:55 (hh:mm:ss) est. time remaining.
       45% completed,  01:7:55 (hh:mm:ss) est. time remaining.
       45% completed,  01:7:51 (hh:mm:ss) est. time remaining.
       45% completed,  01:7:45 (hh:mm:ss) est. time remaining.
       45% completed,  01:7:43 (hh:mm:ss) est. time remaining.
       45% completed,  01:7:34 (hh:mm:ss) est. time remaining.
       45% completed,  01:7:25 (hh:mm:ss) est. time remaining.
       46% completed,  01:7:16 (hh:mm:ss) est. time remaining.
       46% completed,  01:7:04 (hh:mm:ss) est. time remaining.
       46% completed,  01:6:59 (hh:mm:ss) est. time remaining.
       46% completed,  01:6:52 (hh:mm:ss) est. time remaining.
       46% completed,  01:6:45 (hh:mm:ss) est. time remaining.
       46% completed,  01:6:41 (hh:mm:ss) est. time remaining.
       46% completed,  01:6:30 (hh:mm:ss) est. time remaining.
       46% completed,  01:6:32 (hh:mm:ss) est. time remaining.
       46% completed,  01:6:26 (hh:mm:ss) est. time remaining.
       46% completed,  01:6:28 (hh:mm:ss) est. time remaining.
       46% completed,  01:6:16 (hh:mm:ss) est. time remaining.
       46% completed,  01:6:08 (hh:mm:ss) est. time remaining.
       46% completed,  01:6:04 (hh:mm:ss) est. time remaining.
       46% completed,  01:6:01 (hh:mm:ss) est. time remaining.
       47% completed,  01:5:54 (hh:mm:ss) est. time remaining.
       47% completed,  01:5:53 (hh:mm:ss) est. time remaining.
       47% completed,  01:5:44 (hh:mm:ss) est. time remaining.
       47% completed,  01:5:38 (hh:mm:ss) est. time remaining.
       47% completed,  01:5:27 (hh:mm:ss) est. time remaining.
       47% completed,  01:5:23 (hh:mm:ss) est. time remaining.
       47% completed,  01:5:15 (hh:mm:ss) est. time remaining.
       47% completed,  01:5:10 (hh:mm:ss) est. time remaining.
       47% completed,  01:5:03 (hh:mm:ss) est. time remaining.
       47% completed,  01:4:59 (hh:mm:ss) est. time remaining.
       47% completed,  01:5:04 (hh:mm:ss) est. time remaining.
       47% completed,  01:4:55 (hh:mm:ss) est. time remaining.
       47% completed,  01:4:45 (hh:mm:ss) est. time remaining.
       47% completed,  01:4:34 (hh:mm:ss) est. time remaining.
       48% completed,  01:4:32 (hh:mm:ss) est. time remaining.
       48% completed,  01:4:24 (hh:mm:ss) est. time remaining.
       48% completed,  01:4:21 (hh:mm:ss) est. time remaining.
       48% completed,  01:4:20 (hh:mm:ss) est. time remaining.
       48% completed,  01:4:12 (hh:mm:ss) est. time remaining.
       48% completed,  01:4:14 (hh:mm:ss) est. time remaining.
       48% completed,  01:4:04 (hh:mm:ss) est. time remaining.
       48% completed,  01:3:58 (hh:mm:ss) est. time remaining.
       48% completed,  01:3:50 (hh:mm:ss) est. time remaining.
       48% completed,  01:3:50 (hh:mm:ss) est. time remaining.
       48% completed,  01:3:43 (hh:mm:ss) est. time remaining.
       48% completed,  01:3:42 (hh:mm:ss) est. time remaining.
       48% completed,  01:3:33 (hh:mm:ss) est. time remaining.
       48% completed,  01:3:28 (hh:mm:ss) est. time remaining.
       49% completed,  01:3:21 (hh:mm:ss) est. time remaining.
       49% completed,  01:3:13 (hh:mm:ss) est. time remaining.
       49% completed,  01:3:03 (hh:mm:ss) est. time remaining.
       49% completed,  01:2:52 (hh:mm:ss) est. time remaining.
       49% completed,  01:2:45 (hh:mm:ss) est. time remaining.
       49% completed,  01:3:03 (hh:mm:ss) est. time remaining.
       49% completed,  01:2:54 (hh:mm:ss) est. time remaining.
       49% completed,  01:2:54 (hh:mm:ss) est. time remaining.
       49% completed,  01:2:44 (hh:mm:ss) est. time remaining.
       49% completed,  01:2:42 (hh:mm:ss) est. time remaining.
       49% completed,  01:2:36 (hh:mm:ss) est. time remaining.
       49% completed,  01:2:34 (hh:mm:ss) est. time remaining.
       49% completed,  01:2:28 (hh:mm:ss) est. time remaining.
       49% completed,  01:2:20 (hh:mm:ss) est. time remaining.
       50% completed,  01:2:10 (hh:mm:ss) est. time remaining.
       50% completed,  01:2:02 (hh:mm:ss) est. time remaining.
       50% completed,  01:1:53 (hh:mm:ss) est. time remaining.
       50% completed,  01:1:47 (hh:mm:ss) est. time remaining.
       50% completed,  01:1:46 (hh:mm:ss) est. time remaining.
       50% completed,  01:1:47 (hh:mm:ss) est. time remaining.
       50% completed,  01:1:37 (hh:mm:ss) est. time remaining.
       50% completed,  01:1:33 (hh:mm:ss) est. time remaining.
       50% completed,  01:1:44 (hh:mm:ss) est. time remaining.
       50% completed,  01:1:37 (hh:mm:ss) est. time remaining.
       50% completed,  01:1:28 (hh:mm:ss) est. time remaining.
       50% completed,  01:1:24 (hh:mm:ss) est. time remaining.
       50% completed,  01:1:16 (hh:mm:ss) est. time remaining.
       50% completed,  01:1:08 (hh:mm:ss) est. time remaining.
       51% completed,  01:1:00 (hh:mm:ss) est. time remaining.
       51% completed,  01:0:51 (hh:mm:ss) est. time remaining.
       51% completed,  01:0:43 (hh:mm:ss) est. time remaining.
       51% completed,  01:0:34 (hh:mm:ss) est. time remaining.
       51% completed,  01:0:27 (hh:mm:ss) est. time remaining.
       51% completed,  01:0:19 (hh:mm:ss) est. time remaining.
       51% completed,  01:0:16 (hh:mm:ss) est. time remaining.
       51% completed,  01:0:14 (hh:mm:ss) est. time remaining.
       51% completed,  01:0:07 (hh:mm:ss) est. time remaining.
       51% completed,  01:0:06 (hh:mm:ss) est. time remaining.
       51% completed,  01:0:24 (hh:mm:ss) est. time remaining.
       51% completed,  01:0:15 (hh:mm:ss) est. time remaining.
       51% completed,  01:0:09 (hh:mm:ss) est. time remaining.
       51% completed,  00:59:59 (hh:mm:ss) est. time remaining.
       51% completed,  00:59:49 (hh:mm:ss) est. time remaining.
       52% completed,  00:59:39 (hh:mm:ss) est. time remaining.
       52% completed,  00:59:30 (hh:mm:ss) est. time remaining.
       52% completed,  00:59:22 (hh:mm:ss) est. time remaining.
       52% completed,  00:59:18 (hh:mm:ss) est. time remaining.
       52% completed,  00:59:09 (hh:mm:ss) est. time remaining.
       52% completed,  00:59:03 (hh:mm:ss) est. time remaining.
       52% completed,  00:58:58 (hh:mm:ss) est. time remaining.
       52% completed,  00:58:55 (hh:mm:ss) est. time remaining.
       52% completed,  00:59:02 (hh:mm:ss) est. time remaining.
       52% completed,  00:58:53 (hh:mm:ss) est. time remaining.
       52% completed,  00:58:46 (hh:mm:ss) est. time remaining.
       52% completed,  00:58:40 (hh:mm:ss) est. time remaining.
       52% completed,  00:58:34 (hh:mm:ss) est. time remaining.
       52% completed,  00:58:24 (hh:mm:ss) est. time remaining.
       52% completed,  00:58:26 (hh:mm:ss) est. time remaining.
       53% completed,  00:58:26 (hh:mm:ss) est. time remaining.
       53% completed,  00:58:20 (hh:mm:ss) est. time remaining.
       53% completed,  00:58:12 (hh:mm:ss) est. time remaining.
       53% completed,  00:58:02 (hh:mm:ss) est. time remaining.
       53% completed,  00:57:55 (hh:mm:ss) est. time remaining.
       53% completed,  00:57:51 (hh:mm:ss) est. time remaining.
       53% completed,  00:57:44 (hh:mm:ss) est. time remaining.
       53% completed,  00:57:37 (hh:mm:ss) est. time remaining.
       53% completed,  00:57:31 (hh:mm:ss) est. time remaining.
       53% completed,  00:57:29 (hh:mm:ss) est. time remaining.
       53% completed,  00:57:32 (hh:mm:ss) est. time remaining.
       53% completed,  00:57:25 (hh:mm:ss) est. time remaining.
       53% completed,  00:57:20 (hh:mm:ss) est. time remaining.
       53% completed,  00:57:12 (hh:mm:ss) est. time remaining.
       53% completed,  00:57:08 (hh:mm:ss) est. time remaining.
       54% completed,  00:57:05 (hh:mm:ss) est. time remaining.
       54% completed,  00:56:55 (hh:mm:ss) est. time remaining.
       54% completed,  00:56:47 (hh:mm:ss) est. time remaining.
       54% completed,  00:56:46 (hh:mm:ss) est. time remaining.
       54% completed,  00:56:37 (hh:mm:ss) est. time remaining.
       54% completed,  00:56:29 (hh:mm:ss) est. time remaining.
       54% completed,  00:56:31 (hh:mm:ss) est. time remaining.
       54% completed,  00:56:23 (hh:mm:ss) est. time remaining.
       54% completed,  00:56:14 (hh:mm:ss) est. time remaining.
       54% completed,  00:56:09 (hh:mm:ss) est. time remaining.
       54% completed,  00:56:03 (hh:mm:ss) est. time remaining.
       54% completed,  00:55:56 (hh:mm:ss) est. time remaining.
       54% completed,  00:55:49 (hh:mm:ss) est. time remaining.
       54% completed,  00:55:43 (hh:mm:ss) est. time remaining.
       54% completed,  00:55:50 (hh:mm:ss) est. time remaining.
       55% completed,  00:55:43 (hh:mm:ss) est. time remaining.
       55% completed,  00:55:34 (hh:mm:ss) est. time remaining.
       55% completed,  00:55:27 (hh:mm:ss) est. time remaining.
       55% completed,  00:55:18 (hh:mm:ss) est. time remaining.
       55% completed,  00:55:09 (hh:mm:ss) est. time remaining.
       55% completed,  00:55:02 (hh:mm:ss) est. time remaining.
       55% completed,  00:55:06 (hh:mm:ss) est. time remaining.
       55% completed,  00:55:16 (hh:mm:ss) est. time remaining.
       55% completed,  00:55:08 (hh:mm:ss) est. time remaining.
       55% completed,  00:55:02 (hh:mm:ss) est. time remaining.
       55% completed,  00:54:53 (hh:mm:ss) est. time remaining.
       55% completed,  00:54:45 (hh:mm:ss) est. time remaining.
       55% completed,  00:54:39 (hh:mm:ss) est. time remaining.
       55% completed,  00:54:34 (hh:mm:ss) est. time remaining.
       55% completed,  00:54:29 (hh:mm:ss) est. time remaining.
       56% completed,  00:54:32 (hh:mm:ss) est. time remaining.
       56% completed,  00:54:24 (hh:mm:ss) est. time remaining.
       56% completed,  00:54:16 (hh:mm:ss) est. time remaining.
       56% completed,  00:54:10 (hh:mm:ss) est. time remaining.
       56% completed,  00:54:05 (hh:mm:ss) est. time remaining.
       56% completed,  00:54:00 (hh:mm:ss) est. time remaining.
       56% completed,  00:53:53 (hh:mm:ss) est. time remaining.
       56% completed,  00:54:02 (hh:mm:ss) est. time remaining.
       56% completed,  00:53:55 (hh:mm:ss) est. time remaining.
       56% completed,  00:53:48 (hh:mm:ss) est. time remaining.
       56% completed,  00:53:40 (hh:mm:ss) est. time remaining.
       56% completed,  00:53:32 (hh:mm:ss) est. time remaining.
       56% completed,  00:53:25 (hh:mm:ss) est. time remaining.
       56% completed,  00:53:19 (hh:mm:ss) est. time remaining.
       56% completed,  00:53:17 (hh:mm:ss) est. time remaining.
       57% completed,  00:53:11 (hh:mm:ss) est. time remaining.
       57% completed,  00:53:07 (hh:mm:ss) est. time remaining.
       57% completed,  00:53:01 (hh:mm:ss) est. time remaining.
       57% completed,  00:52:55 (hh:mm:ss) est. time remaining.
       57% completed,  00:52:47 (hh:mm:ss) est. time remaining.
       57% completed,  00:52:41 (hh:mm:ss) est. time remaining.
       57% completed,  00:52:34 (hh:mm:ss) est. time remaining.
       57% completed,  00:52:40 (hh:mm:ss) est. time remaining.
       57% completed,  00:52:33 (hh:mm:ss) est. time remaining.
       57% completed,  00:52:28 (hh:mm:ss) est. time remaining.
       57% completed,  00:52:23 (hh:mm:ss) est. time remaining.
       57% completed,  00:52:15 (hh:mm:ss) est. time remaining.
       57% completed,  00:52:11 (hh:mm:ss) est. time remaining.
       57% completed,  00:52:06 (hh:mm:ss) est. time remaining.
       57% completed,  00:51:59 (hh:mm:ss) est. time remaining.
       57% completed,  00:51:55 (hh:mm:ss) est. time remaining.
       58% completed,  00:51:49 (hh:mm:ss) est. time remaining.
       58% completed,  00:51:42 (hh:mm:ss) est. time remaining.
       58% completed,  00:51:35 (hh:mm:ss) est. time remaining.
       58% completed,  00:51:30 (hh:mm:ss) est. time remaining.
       58% completed,  00:51:29 (hh:mm:ss) est. time remaining.
       58% completed,  00:51:27 (hh:mm:ss) est. time remaining.
       58% completed,  00:51:20 (hh:mm:ss) est. time remaining.
       58% completed,  00:51:12 (hh:mm:ss) est. time remaining.
       58% completed,  00:51:09 (hh:mm:ss) est. time remaining.
       58% completed,  00:51:04 (hh:mm:ss) est. time remaining.
       58% completed,  00:50:56 (hh:mm:ss) est. time remaining.
       58% completed,  00:50:48 (hh:mm:ss) est. time remaining.
       58% completed,  00:50:41 (hh:mm:ss) est. time remaining.
       58% completed,  00:50:41 (hh:mm:ss) est. time remaining.
       58% completed,  00:50:34 (hh:mm:ss) est. time remaining.
       59% completed,  00:50:28 (hh:mm:ss) est. time remaining.
       59% completed,  00:50:23 (hh:mm:ss) est. time remaining.
       59% completed,  00:50:16 (hh:mm:ss) est. time remaining.
       59% completed,  00:50:22 (hh:mm:ss) est. time remaining.
       59% completed,  00:50:16 (hh:mm:ss) est. time remaining.
       59% completed,  00:50:14 (hh:mm:ss) est. time remaining.
       59% completed,  00:50:12 (hh:mm:ss) est. time remaining.
       59% completed,  00:50:08 (hh:mm:ss) est. time remaining.
       59% completed,  00:50:00 (hh:mm:ss) est. time remaining.
       59% completed,  00:49:52 (hh:mm:ss) est. time remaining.
       59% completed,  00:49:46 (hh:mm:ss) est. time remaining.
       59% completed,  00:49:41 (hh:mm:ss) est. time remaining.
       59% completed,  00:49:36 (hh:mm:ss) est. time remaining.
       59% completed,  00:49:29 (hh:mm:ss) est. time remaining.
       59% completed,  00:49:24 (hh:mm:ss) est. time remaining.
       59% completed,  00:49:23 (hh:mm:ss) est. time remaining.
       60% completed,  00:49:22 (hh:mm:ss) est. time remaining.
       60% completed,  00:49:16 (hh:mm:ss) est. time remaining.
       60% completed,  00:49:11 (hh:mm:ss) est. time remaining.
       60% completed,  00:49:04 (hh:mm:ss) est. time remaining.
       60% completed,  00:48:58 (hh:mm:ss) est. time remaining.
       60% completed,  00:48:55 (hh:mm:ss) est. time remaining.
       60% completed,  00:48:48 (hh:mm:ss) est. time remaining.
       60% completed,  00:48:45 (hh:mm:ss) est. time remaining.
       60% completed,  00:48:43 (hh:mm:ss) est. time remaining.
       60% completed,  00:48:36 (hh:mm:ss) est. time remaining.
       60% completed,  00:48:29 (hh:mm:ss) est. time remaining.
       60% completed,  00:48:23 (hh:mm:ss) est. time remaining.
       60% completed,  00:48:16 (hh:mm:ss) est. time remaining.
       60% completed,  00:48:20 (hh:mm:ss) est. time remaining.
       60% completed,  00:48:13 (hh:mm:ss) est. time remaining.
       60% completed,  00:48:13 (hh:mm:ss) est. time remaining.
       61% completed,  00:48:07 (hh:mm:ss) est. time remaining.
       61% completed,  00:48:02 (hh:mm:ss) est. time remaining.
       61% completed,  00:48:00 (hh:mm:ss) est. time remaining.
       61% completed,  00:47:54 (hh:mm:ss) est. time remaining.
       61% completed,  00:47:47 (hh:mm:ss) est. time remaining.
       61% completed,  00:47:42 (hh:mm:ss) est. time remaining.
       61% completed,  00:47:36 (hh:mm:ss) est. time remaining.
       61% completed,  00:47:30 (hh:mm:ss) est. time remaining.
       61% completed,  00:47:26 (hh:mm:ss) est. time remaining.
       61% completed,  00:47:21 (hh:mm:ss) est. time remaining.
       61% completed,  00:47:16 (hh:mm:ss) est. time remaining.
       61% completed,  00:47:10 (hh:mm:ss) est. time remaining.
       61% completed,  00:47:04 (hh:mm:ss) est. time remaining.
       61% completed,  00:47:02 (hh:mm:ss) est. time remaining.
       61% completed,  00:46:59 (hh:mm:ss) est. time remaining.
       61% completed,  00:47:03 (hh:mm:ss) est. time remaining.
       61% completed,  00:46:59 (hh:mm:ss) est. time remaining.
       62% completed,  00:46:52 (hh:mm:ss) est. time remaining.
       62% completed,  00:46:48 (hh:mm:ss) est. time remaining.
       62% completed,  00:46:42 (hh:mm:ss) est. time remaining.
       62% completed,  00:46:35 (hh:mm:ss) est. time remaining.
       62% completed,  00:46:31 (hh:mm:ss) est. time remaining.
       62% completed,  00:46:24 (hh:mm:ss) est. time remaining.
       62% completed,  00:46:18 (hh:mm:ss) est. time remaining.
       62% completed,  00:46:12 (hh:mm:ss) est. time remaining.
       62% completed,  00:46:09 (hh:mm:ss) est. time remaining.
       62% completed,  00:46:02 (hh:mm:ss) est. time remaining.
       62% completed,  00:45:57 (hh:mm:ss) est. time remaining.
       62% completed,  00:45:50 (hh:mm:ss) est. time remaining.
       62% completed,  00:45:52 (hh:mm:ss) est. time remaining.
       62% completed,  00:45:49 (hh:mm:ss) est. time remaining.
       62% completed,  00:45:44 (hh:mm:ss) est. time remaining.
       62% completed,  00:45:38 (hh:mm:ss) est. time remaining.
       63% completed,  00:45:35 (hh:mm:ss) est. time remaining.
       63% completed,  00:45:38 (hh:mm:ss) est. time remaining.
       63% completed,  00:45:32 (hh:mm:ss) est. time remaining.
       63% completed,  00:45:25 (hh:mm:ss) est. time remaining.
       63% completed,  00:45:19 (hh:mm:ss) est. time remaining.
       63% completed,  00:45:12 (hh:mm:ss) est. time remaining.
       63% completed,  00:45:09 (hh:mm:ss) est. time remaining.
       63% completed,  00:45:08 (hh:mm:ss) est. time remaining.
       63% completed,  00:45:01 (hh:mm:ss) est. time remaining.
       63% completed,  00:44:58 (hh:mm:ss) est. time remaining.
       63% completed,  00:44:53 (hh:mm:ss) est. time remaining.
       63% completed,  00:44:47 (hh:mm:ss) est. time remaining.
       63% completed,  00:44:41 (hh:mm:ss) est. time remaining.
       63% completed,  00:44:35 (hh:mm:ss) est. time remaining.
       63% completed,  00:44:33 (hh:mm:ss) est. time remaining.
       63% completed,  00:44:28 (hh:mm:ss) est. time remaining.
       63% completed,  00:44:25 (hh:mm:ss) est. time remaining.
       64% completed,  00:44:23 (hh:mm:ss) est. time remaining.
       64% completed,  00:44:17 (hh:mm:ss) est. time remaining.
       64% completed,  00:44:12 (hh:mm:ss) est. time remaining.
       64% completed,  00:44:08 (hh:mm:ss) est. time remaining.
       64% completed,  00:44:04 (hh:mm:ss) est. time remaining.
       64% completed,  00:43:57 (hh:mm:ss) est. time remaining.
       64% completed,  00:43:53 (hh:mm:ss) est. time remaining.
       64% completed,  00:43:47 (hh:mm:ss) est. time remaining.
       64% completed,  00:43:47 (hh:mm:ss) est. time remaining.
       64% completed,  00:43:41 (hh:mm:ss) est. time remaining.
       64% completed,  00:43:36 (hh:mm:ss) est. time remaining.
       64% completed,  00:43:30 (hh:mm:ss) est. time remaining.
       64% completed,  00:43:26 (hh:mm:ss) est. time remaining.
       64% completed,  00:43:19 (hh:mm:ss) est. time remaining.
       64% completed,  00:43:16 (hh:mm:ss) est. time remaining.
       64% completed,  00:43:10 (hh:mm:ss) est. time remaining.
       64% completed,  00:43:08 (hh:mm:ss) est. time remaining.
       65% completed,  00:43:06 (hh:mm:ss) est. time remaining.
       65% completed,  00:43:00 (hh:mm:ss) est. time remaining.
       65% completed,  00:42:57 (hh:mm:ss) est. time remaining.
       65% completed,  00:42:50 (hh:mm:ss) est. time remaining.
       65% completed,  00:42:48 (hh:mm:ss) est. time remaining.
       65% completed,  00:42:41 (hh:mm:ss) est. time remaining.
       65% completed,  00:42:36 (hh:mm:ss) est. time remaining.
       65% completed,  00:42:33 (hh:mm:ss) est. time remaining.
       65% completed,  00:42:27 (hh:mm:ss) est. time remaining.
       65% completed,  00:42:23 (hh:mm:ss) est. time remaining.
       65% completed,  00:42:18 (hh:mm:ss) est. time remaining.
       65% completed,  00:42:14 (hh:mm:ss) est. time remaining.
       65% completed,  00:42:10 (hh:mm:ss) est. time remaining.
       65% completed,  00:42:04 (hh:mm:ss) est. time remaining.
       65% completed,  00:42:00 (hh:mm:ss) est. time remaining.
       65% completed,  00:41:58 (hh:mm:ss) est. time remaining.
       65% completed,  00:41:54 (hh:mm:ss) est. time remaining.
       66% completed,  00:41:53 (hh:mm:ss) est. time remaining.
       66% completed,  00:41:47 (hh:mm:ss) est. time remaining.
       66% completed,  00:41:45 (hh:mm:ss) est. time remaining.
       66% completed,  00:41:39 (hh:mm:ss) est. time remaining.
       66% completed,  00:41:34 (hh:mm:ss) est. time remaining.
       66% completed,  00:41:29 (hh:mm:ss) est. time remaining.
       66% completed,  00:41:23 (hh:mm:ss) est. time remaining.
       66% completed,  00:41:16 (hh:mm:ss) est. time remaining.
       66% completed,  00:41:12 (hh:mm:ss) est. time remaining.
       66% completed,  00:41:07 (hh:mm:ss) est. time remaining.
       66% completed,  00:41:04 (hh:mm:ss) est. time remaining.
       66% completed,  00:41:01 (hh:mm:ss) est. time remaining.
       66% completed,  00:40:56 (hh:mm:ss) est. time remaining.
       66% completed,  00:40:52 (hh:mm:ss) est. time remaining.
       66% completed,  00:40:52 (hh:mm:ss) est. time remaining.
       66% completed,  00:40:47 (hh:mm:ss) est. time remaining.
       66% completed,  00:40:44 (hh:mm:ss) est. time remaining.
       66% completed,  00:40:39 (hh:mm:ss) est. time remaining.
       67% completed,  00:40:34 (hh:mm:ss) est. time remaining.
       67% completed,  00:40:29 (hh:mm:ss) est. time remaining.
       67% completed,  00:40:24 (hh:mm:ss) est. time remaining.
       67% completed,  00:40:19 (hh:mm:ss) est. time remaining.
       67% completed,  00:40:15 (hh:mm:ss) est. time remaining.
       67% completed,  00:40:12 (hh:mm:ss) est. time remaining.
       67% completed,  00:40:06 (hh:mm:ss) est. time remaining.
       67% completed,  00:40:03 (hh:mm:ss) est. time remaining.
       67% completed,  00:39:57 (hh:mm:ss) est. time remaining.
       67% completed,  00:39:54 (hh:mm:ss) est. time remaining.
       67% completed,  00:39:49 (hh:mm:ss) est. time remaining.
       67% completed,  00:39:43 (hh:mm:ss) est. time remaining.
       67% completed,  00:39:40 (hh:mm:ss) est. time remaining.
       67% completed,  00:39:38 (hh:mm:ss) est. time remaining.
       67% completed,  00:39:32 (hh:mm:ss) est. time remaining.
       67% completed,  00:39:32 (hh:mm:ss) est. time remaining.
       67% completed,  00:39:27 (hh:mm:ss) est. time remaining.
       67% completed,  00:39:21 (hh:mm:ss) est. time remaining.
       68% completed,  00:39:16 (hh:mm:ss) est. time remaining.
       68% completed,  00:39:13 (hh:mm:ss) est. time remaining.
       68% completed,  00:39:09 (hh:mm:ss) est. time remaining.
       68% completed,  00:39:05 (hh:mm:ss) est. time remaining.
       68% completed,  00:39:01 (hh:mm:ss) est. time remaining.
       68% completed,  00:38:57 (hh:mm:ss) est. time remaining.
       68% completed,  00:38:54 (hh:mm:ss) est. time remaining.
       68% completed,  00:38:52 (hh:mm:ss) est. time remaining.
       68% completed,  00:38:47 (hh:mm:ss) est. time remaining.
       68% completed,  00:38:43 (hh:mm:ss) est. time remaining.
       68% completed,  00:38:37 (hh:mm:ss) est. time remaining.
       68% completed,  00:38:31 (hh:mm:ss) est. time remaining.
       68% completed,  00:38:31 (hh:mm:ss) est. time remaining.
       68% completed,  00:38:27 (hh:mm:ss) est. time remaining.
       68% completed,  00:38:22 (hh:mm:ss) est. time remaining.
       68% completed,  00:38:16 (hh:mm:ss) est. time remaining.
       68% completed,  00:38:11 (hh:mm:ss) est. time remaining.
       68% completed,  00:38:06 (hh:mm:ss) est. time remaining.
       69% completed,  00:38:01 (hh:mm:ss) est. time remaining.
       69% completed,  00:37:57 (hh:mm:ss) est. time remaining.
       69% completed,  00:37:52 (hh:mm:ss) est. time remaining.
       69% completed,  00:37:47 (hh:mm:ss) est. time remaining.
       69% completed,  00:37:48 (hh:mm:ss) est. time remaining.
       69% completed,  00:37:44 (hh:mm:ss) est. time remaining.
       69% completed,  00:37:44 (hh:mm:ss) est. time remaining.
       69% completed,  00:37:38 (hh:mm:ss) est. time remaining.
       69% completed,  00:37:33 (hh:mm:ss) est. time remaining.
       69% completed,  00:37:30 (hh:mm:ss) est. time remaining.
       69% completed,  00:37:26 (hh:mm:ss) est. time remaining.
       69% completed,  00:37:20 (hh:mm:ss) est. time remaining.
       69% completed,  00:37:14 (hh:mm:ss) est. time remaining.
       69% completed,  00:37:12 (hh:mm:ss) est. time remaining.
       69% completed,  00:37:06 (hh:mm:ss) est. time remaining.
       69% completed,  00:37:02 (hh:mm:ss) est. time remaining.
       69% completed,  00:36:57 (hh:mm:ss) est. time remaining.
       69% completed,  00:36:52 (hh:mm:ss) est. time remaining.
       70% completed,  00:36:47 (hh:mm:ss) est. time remaining.
       70% completed,  00:36:47 (hh:mm:ss) est. time remaining.
       70% completed,  00:36:42 (hh:mm:ss) est. time remaining.
       70% completed,  00:36:39 (hh:mm:ss) est. time remaining.
       70% completed,  00:36:40 (hh:mm:ss) est. time remaining.
       70% completed,  00:36:34 (hh:mm:ss) est. time remaining.
       70% completed,  00:36:28 (hh:mm:ss) est. time remaining.
       70% completed,  00:36:23 (hh:mm:ss) est. time remaining.
       70% completed,  00:36:20 (hh:mm:ss) est. time remaining.
       70% completed,  00:36:15 (hh:mm:ss) est. time remaining.
       70% completed,  00:36:12 (hh:mm:ss) est. time remaining.
       70% completed,  00:36:08 (hh:mm:ss) est. time remaining.
       70% completed,  00:36:03 (hh:mm:ss) est. time remaining.
       70% completed,  00:35:59 (hh:mm:ss) est. time remaining.
       70% completed,  00:35:54 (hh:mm:ss) est. time remaining.
       70% completed,  00:35:49 (hh:mm:ss) est. time remaining.
       70% completed,  00:35:45 (hh:mm:ss) est. time remaining.
       70% completed,  00:35:41 (hh:mm:ss) est. time remaining.
       70% completed,  00:35:37 (hh:mm:ss) est. time remaining.
       71% completed,  00:35:36 (hh:mm:ss) est. time remaining.
       71% completed,  00:35:33 (hh:mm:ss) est. time remaining.
       71% completed,  00:35:32 (hh:mm:ss) est. time remaining.
       71% completed,  00:35:27 (hh:mm:ss) est. time remaining.
       71% completed,  00:35:23 (hh:mm:ss) est. time remaining.
       71% completed,  00:35:18 (hh:mm:ss) est. time remaining.
       71% completed,  00:35:13 (hh:mm:ss) est. time remaining.
       71% completed,  00:35:08 (hh:mm:ss) est. time remaining.
       71% completed,  00:35:03 (hh:mm:ss) est. time remaining.
       71% completed,  00:34:59 (hh:mm:ss) est. time remaining.
       71% completed,  00:34:56 (hh:mm:ss) est. time remaining.
       71% completed,  00:34:51 (hh:mm:ss) est. time remaining.
       71% completed,  00:34:46 (hh:mm:ss) est. time remaining.
       71% completed,  00:34:42 (hh:mm:ss) est. time remaining.
       71% completed,  00:34:39 (hh:mm:ss) est. time remaining.
       71% completed,  00:34:34 (hh:mm:ss) est. time remaining.
       71% completed,  00:34:30 (hh:mm:ss) est. time remaining.
       71% completed,  00:34:30 (hh:mm:ss) est. time remaining.
       71% completed,  00:34:25 (hh:mm:ss) est. time remaining.
       72% completed,  00:34:21 (hh:mm:ss) est. time remaining.
       72% completed,  00:34:17 (hh:mm:ss) est. time remaining.
       72% completed,  00:34:13 (hh:mm:ss) est. time remaining.
       72% completed,  00:34:09 (hh:mm:ss) est. time remaining.
       72% completed,  00:34:06 (hh:mm:ss) est. time remaining.
       72% completed,  00:34:02 (hh:mm:ss) est. time remaining.
       72% completed,  00:33:57 (hh:mm:ss) est. time remaining.
       72% completed,  00:33:51 (hh:mm:ss) est. time remaining.
       72% completed,  00:33:48 (hh:mm:ss) est. time remaining.
       72% completed,  00:33:44 (hh:mm:ss) est. time remaining.
       72% completed,  00:33:40 (hh:mm:ss) est. time remaining.
       72% completed,  00:33:36 (hh:mm:ss) est. time remaining.
       72% completed,  00:33:32 (hh:mm:ss) est. time remaining.
       72% completed,  00:33:28 (hh:mm:ss) est. time remaining.
       72% completed,  00:33:23 (hh:mm:ss) est. time remaining.
       72% completed,  00:33:21 (hh:mm:ss) est. time remaining.
       72% completed,  00:33:18 (hh:mm:ss) est. time remaining.
       72% completed,  00:33:15 (hh:mm:ss) est. time remaining.
       72% completed,  00:33:10 (hh:mm:ss) est. time remaining.
       73% completed,  00:33:05 (hh:mm:ss) est. time remaining.
       73% completed,  00:33:01 (hh:mm:ss) est. time remaining.
       73% completed,  00:32:56 (hh:mm:ss) est. time remaining.
       73% completed,  00:32:54 (hh:mm:ss) est. time remaining.
       73% completed,  00:32:51 (hh:mm:ss) est. time remaining.
       73% completed,  00:32:47 (hh:mm:ss) est. time remaining.
       73% completed,  00:32:43 (hh:mm:ss) est. time remaining.
       73% completed,  00:32:39 (hh:mm:ss) est. time remaining.
       73% completed,  00:32:34 (hh:mm:ss) est. time remaining.
       73% completed,  00:32:29 (hh:mm:ss) est. time remaining.
       73% completed,  00:32:25 (hh:mm:ss) est. time remaining.
       73% completed,  00:32:21 (hh:mm:ss) est. time remaining.
       73% completed,  00:32:17 (hh:mm:ss) est. time remaining.
       73% completed,  00:32:15 (hh:mm:ss) est. time remaining.
       73% completed,  00:32:12 (hh:mm:ss) est. time remaining.
       73% completed,  00:32:09 (hh:mm:ss) est. time remaining.
       73% completed,  00:32:06 (hh:mm:ss) est. time remaining.
       73% completed,  00:32:01 (hh:mm:ss) est. time remaining.
       73% completed,  00:31:56 (hh:mm:ss) est. time remaining.
       73% completed,  00:31:54 (hh:mm:ss) est. time remaining.
       74% completed,  00:31:50 (hh:mm:ss) est. time remaining.
       74% completed,  00:31:46 (hh:mm:ss) est. time remaining.
       74% completed,  00:31:42 (hh:mm:ss) est. time remaining.
       74% completed,  00:31:38 (hh:mm:ss) est. time remaining.
       74% completed,  00:31:34 (hh:mm:ss) est. time remaining.
       74% completed,  00:31:30 (hh:mm:ss) est. time remaining.
       74% completed,  00:31:27 (hh:mm:ss) est. time remaining.
       74% completed,  00:31:23 (hh:mm:ss) est. time remaining.
       74% completed,  00:31:20 (hh:mm:ss) est. time remaining.
       74% completed,  00:31:16 (hh:mm:ss) est. time remaining.
       74% completed,  00:31:12 (hh:mm:ss) est. time remaining.
       74% completed,  00:31:08 (hh:mm:ss) est. time remaining.
       74% completed,  00:31:09 (hh:mm:ss) est. time remaining.
       74% completed,  00:31:04 (hh:mm:ss) est. time remaining.
       74% completed,  00:31:00 (hh:mm:ss) est. time remaining.
       74% completed,  00:30:55 (hh:mm:ss) est. time remaining.
       74% completed,  00:30:51 (hh:mm:ss) est. time remaining.
       74% completed,  00:30:47 (hh:mm:ss) est. time remaining.
       74% completed,  00:30:43 (hh:mm:ss) est. time remaining.
       74% completed,  00:30:42 (hh:mm:ss) est. time remaining.
       75% completed,  00:30:37 (hh:mm:ss) est. time remaining.
       75% completed,  00:30:33 (hh:mm:ss) est. time remaining.
       75% completed,  00:30:28 (hh:mm:ss) est. time remaining.
       75% completed,  00:30:24 (hh:mm:ss) est. time remaining.
       75% completed,  00:30:19 (hh:mm:ss) est. time remaining.
       75% completed,  00:30:14 (hh:mm:ss) est. time remaining.
       75% completed,  00:30:09 (hh:mm:ss) est. time remaining.
       75% completed,  00:30:08 (hh:mm:ss) est. time remaining.
       75% completed,  00:30:10 (hh:mm:ss) est. time remaining.
       75% completed,  00:30:05 (hh:mm:ss) est. time remaining.
       75% completed,  00:30:01 (hh:mm:ss) est. time remaining.
       75% completed,  00:29:57 (hh:mm:ss) est. time remaining.
       75% completed,  00:29:53 (hh:mm:ss) est. time remaining.
       75% completed,  00:29:49 (hh:mm:ss) est. time remaining.
       75% completed,  00:29:45 (hh:mm:ss) est. time remaining.
       75% completed,  00:29:42 (hh:mm:ss) est. time remaining.
       75% completed,  00:29:37 (hh:mm:ss) est. time remaining.
       75% completed,  00:29:33 (hh:mm:ss) est. time remaining.
       75% completed,  00:29:30 (hh:mm:ss) est. time remaining.
       75% completed,  00:29:26 (hh:mm:ss) est. time remaining.
       76% completed,  00:29:22 (hh:mm:ss) est. time remaining.
       76% completed,  00:29:20 (hh:mm:ss) est. time remaining.
       76% completed,  00:29:16 (hh:mm:ss) est. time remaining.
       76% completed,  00:29:15 (hh:mm:ss) est. time remaining.
       76% completed,  00:29:11 (hh:mm:ss) est. time remaining.
       76% completed,  00:29:07 (hh:mm:ss) est. time remaining.
       76% completed,  00:29:04 (hh:mm:ss) est. time remaining.
       76% completed,  00:28:59 (hh:mm:ss) est. time remaining.
       76% completed,  00:28:56 (hh:mm:ss) est. time remaining.
       76% completed,  00:28:52 (hh:mm:ss) est. time remaining.
       76% completed,  00:28:49 (hh:mm:ss) est. time remaining.
       76% completed,  00:28:46 (hh:mm:ss) est. time remaining.
       76% completed,  00:28:42 (hh:mm:ss) est. time remaining.
       76% completed,  00:28:38 (hh:mm:ss) est. time remaining.
       76% completed,  00:28:34 (hh:mm:ss) est. time remaining.
       76% completed,  00:28:30 (hh:mm:ss) est. time remaining.
       76% completed,  00:28:27 (hh:mm:ss) est. time remaining.
       76% completed,  00:28:23 (hh:mm:ss) est. time remaining.
       76% completed,  00:28:18 (hh:mm:ss) est. time remaining.
       76% completed,  00:28:15 (hh:mm:ss) est. time remaining.
       76% completed,  00:28:12 (hh:mm:ss) est. time remaining.
       77% completed,  00:28:08 (hh:mm:ss) est. time remaining.
       77% completed,  00:28:06 (hh:mm:ss) est. time remaining.
       77% completed,  00:28:02 (hh:mm:ss) est. time remaining.
       77% completed,  00:28:01 (hh:mm:ss) est. time remaining.
       77% completed,  00:27:57 (hh:mm:ss) est. time remaining.
       77% completed,  00:27:53 (hh:mm:ss) est. time remaining.
       77% completed,  00:27:48 (hh:mm:ss) est. time remaining.
       77% completed,  00:27:45 (hh:mm:ss) est. time remaining.
       77% completed,  00:27:41 (hh:mm:ss) est. time remaining.
       77% completed,  00:27:38 (hh:mm:ss) est. time remaining.
       77% completed,  00:27:34 (hh:mm:ss) est. time remaining.
       77% completed,  00:27:30 (hh:mm:ss) est. time remaining.
       77% completed,  00:27:27 (hh:mm:ss) est. time remaining.
       77% completed,  00:27:24 (hh:mm:ss) est. time remaining.
       77% completed,  00:27:20 (hh:mm:ss) est. time remaining.
       77% completed,  00:27:17 (hh:mm:ss) est. time remaining.
       77% completed,  00:27:13 (hh:mm:ss) est. time remaining.
       77% completed,  00:27:09 (hh:mm:ss) est. time remaining.
       77% completed,  00:27:06 (hh:mm:ss) est. time remaining.
       77% completed,  00:27:02 (hh:mm:ss) est. time remaining.
       77% completed,  00:27:01 (hh:mm:ss) est. time remaining.
       78% completed,  00:26:57 (hh:mm:ss) est. time remaining.
       78% completed,  00:26:53 (hh:mm:ss) est. time remaining.
       78% completed,  00:26:49 (hh:mm:ss) est. time remaining.
       78% completed,  00:26:46 (hh:mm:ss) est. time remaining.
       78% completed,  00:26:42 (hh:mm:ss) est. time remaining.
       78% completed,  00:26:39 (hh:mm:ss) est. time remaining.
       78% completed,  00:26:36 (hh:mm:ss) est. time remaining.
       78% completed,  00:26:32 (hh:mm:ss) est. time remaining.
       78% completed,  00:26:28 (hh:mm:ss) est. time remaining.
       78% completed,  00:26:24 (hh:mm:ss) est. time remaining.
       78% completed,  00:26:20 (hh:mm:ss) est. time remaining.
       78% completed,  00:26:18 (hh:mm:ss) est. time remaining.
       78% completed,  00:26:15 (hh:mm:ss) est. time remaining.
       78% completed,  00:26:12 (hh:mm:ss) est. time remaining.
       78% completed,  00:26:09 (hh:mm:ss) est. time remaining.
       78% completed,  00:26:05 (hh:mm:ss) est. time remaining.
       78% completed,  00:26:02 (hh:mm:ss) est. time remaining.
       78% completed,  00:25:58 (hh:mm:ss) est. time remaining.
       78% completed,  00:25:55 (hh:mm:ss) est. time remaining.
       78% completed,  00:25:52 (hh:mm:ss) est. time remaining.
       78% completed,  00:25:48 (hh:mm:ss) est. time remaining.
       78% completed,  00:25:45 (hh:mm:ss) est. time remaining.
       79% completed,  00:25:42 (hh:mm:ss) est. time remaining.
       79% completed,  00:25:39 (hh:mm:ss) est. time remaining.
       79% completed,  00:25:36 (hh:mm:ss) est. time remaining.
       79% completed,  00:25:32 (hh:mm:ss) est. time remaining.
       79% completed,  00:25:28 (hh:mm:ss) est. time remaining.
       79% completed,  00:25:25 (hh:mm:ss) est. time remaining.
       79% completed,  00:25:21 (hh:mm:ss) est. time remaining.
       79% completed,  00:25:17 (hh:mm:ss) est. time remaining.
       79% completed,  00:25:15 (hh:mm:ss) est. time remaining.
       79% completed,  00:25:13 (hh:mm:ss) est. time remaining.
       79% completed,  00:25:08 (hh:mm:ss) est. time remaining.
       79% completed,  00:25:04 (hh:mm:ss) est. time remaining.
       79% completed,  00:25:01 (hh:mm:ss) est. time remaining.
       79% completed,  00:24:58 (hh:mm:ss) est. time remaining.
       79% completed,  00:24:55 (hh:mm:ss) est. time remaining.
       79% completed,  00:24:52 (hh:mm:ss) est. time remaining.
       79% completed,  00:24:50 (hh:mm:ss) est. time remaining.
       79% completed,  00:24:46 (hh:mm:ss) est. time remaining.
       79% completed,  00:24:42 (hh:mm:ss) est. time remaining.
       79% completed,  00:24:38 (hh:mm:ss) est. time remaining.
       79% completed,  00:24:35 (hh:mm:ss) est. time remaining.
       79% completed,  00:24:32 (hh:mm:ss) est. time remaining.
       79% completed,  00:24:28 (hh:mm:ss) est. time remaining.
       80% completed,  00:24:25 (hh:mm:ss) est. time remaining.
       80% completed,  00:24:22 (hh:mm:ss) est. time remaining.
       80% completed,  00:24:19 (hh:mm:ss) est. time remaining.
       80% completed,  00:24:15 (hh:mm:ss) est. time remaining.
       80% completed,  00:24:12 (hh:mm:ss) est. time remaining.
       80% completed,  00:24:10 (hh:mm:ss) est. time remaining.
       80% completed,  00:24:08 (hh:mm:ss) est. time remaining.
       80% completed,  00:24:04 (hh:mm:ss) est. time remaining.
       80% completed,  00:24:01 (hh:mm:ss) est. time remaining.
       80% completed,  00:23:57 (hh:mm:ss) est. time remaining.
       80% completed,  00:23:55 (hh:mm:ss) est. time remaining.
       80% completed,  00:23:53 (hh:mm:ss) est. time remaining.
       80% completed,  00:23:49 (hh:mm:ss) est. time remaining.
       80% completed,  00:23:45 (hh:mm:ss) est. time remaining.
       80% completed,  00:23:41 (hh:mm:ss) est. time remaining.
       80% completed,  00:23:38 (hh:mm:ss) est. time remaining.
       80% completed,  00:23:34 (hh:mm:ss) est. time remaining.
       80% completed,  00:23:30 (hh:mm:ss) est. time remaining.
       80% completed,  00:23:27 (hh:mm:ss) est. time remaining.
       80% completed,  00:23:23 (hh:mm:ss) est. time remaining.
       80% completed,  00:23:21 (hh:mm:ss) est. time remaining.
       80% completed,  00:23:17 (hh:mm:ss) est. time remaining.
       80% completed,  00:23:15 (hh:mm:ss) est. time remaining.
       81% completed,  00:23:13 (hh:mm:ss) est. time remaining.
       81% completed,  00:23:10 (hh:mm:ss) est. time remaining.
       81% completed,  00:23:07 (hh:mm:ss) est. time remaining.
       81% completed,  00:23:04 (hh:mm:ss) est. time remaining.
       81% completed,  00:23:01 (hh:mm:ss) est. time remaining.
       81% completed,  00:22:57 (hh:mm:ss) est. time remaining.
       81% completed,  00:22:53 (hh:mm:ss) est. time remaining.
       81% completed,  00:22:50 (hh:mm:ss) est. time remaining.
       81% completed,  00:22:46 (hh:mm:ss) est. time remaining.
       81% completed,  00:22:43 (hh:mm:ss) est. time remaining.
       81% completed,  00:22:39 (hh:mm:ss) est. time remaining.
       81% completed,  00:22:37 (hh:mm:ss) est. time remaining.
       81% completed,  00:22:34 (hh:mm:ss) est. time remaining.
       81% completed,  00:22:31 (hh:mm:ss) est. time remaining.
       81% completed,  00:22:28 (hh:mm:ss) est. time remaining.
       81% completed,  00:22:25 (hh:mm:ss) est. time remaining.
       81% completed,  00:22:21 (hh:mm:ss) est. time remaining.
       81% completed,  00:22:19 (hh:mm:ss) est. time remaining.
       81% completed,  00:22:16 (hh:mm:ss) est. time remaining.
       81% completed,  00:22:12 (hh:mm:ss) est. time remaining.
       81% completed,  00:22:10 (hh:mm:ss) est. time remaining.
       81% completed,  00:22:07 (hh:mm:ss) est. time remaining.
       81% completed,  00:22:03 (hh:mm:ss) est. time remaining.
       82% completed,  00:21:59 (hh:mm:ss) est. time remaining.
       82% completed,  00:21:56 (hh:mm:ss) est. time remaining.
       82% completed,  00:21:52 (hh:mm:ss) est. time remaining.
       82% completed,  00:21:49 (hh:mm:ss) est. time remaining.
       82% completed,  00:21:46 (hh:mm:ss) est. time remaining.
       82% completed,  00:21:46 (hh:mm:ss) est. time remaining.
       82% completed,  00:21:43 (hh:mm:ss) est. time remaining.
       82% completed,  00:21:40 (hh:mm:ss) est. time remaining.
       82% completed,  00:21:37 (hh:mm:ss) est. time remaining.
       82% completed,  00:21:33 (hh:mm:ss) est. time remaining.
       82% completed,  00:21:30 (hh:mm:ss) est. time remaining.
       82% completed,  00:21:27 (hh:mm:ss) est. time remaining.
       82% completed,  00:21:24 (hh:mm:ss) est. time remaining.
       82% completed,  00:21:21 (hh:mm:ss) est. time remaining.
       82% completed,  00:21:18 (hh:mm:ss) est. time remaining.
       82% completed,  00:21:14 (hh:mm:ss) est. time remaining.
       82% completed,  00:21:11 (hh:mm:ss) est. time remaining.
       82% completed,  00:21:07 (hh:mm:ss) est. time remaining.
       82% completed,  00:21:04 (hh:mm:ss) est. time remaining.
       82% completed,  00:21:01 (hh:mm:ss) est. time remaining.
       82% completed,  00:20:57 (hh:mm:ss) est. time remaining.
       82% completed,  00:20:57 (hh:mm:ss) est. time remaining.
       82% completed,  00:20:55 (hh:mm:ss) est. time remaining.
       82% completed,  00:20:53 (hh:mm:ss) est. time remaining.
       83% completed,  00:20:49 (hh:mm:ss) est. time remaining.
       83% completed,  00:20:46 (hh:mm:ss) est. time remaining.
       83% completed,  00:20:42 (hh:mm:ss) est. time remaining.
       83% completed,  00:20:39 (hh:mm:ss) est. time remaining.
       83% completed,  00:20:35 (hh:mm:ss) est. time remaining.
       83% completed,  00:20:32 (hh:mm:ss) est. time remaining.
       83% completed,  00:20:29 (hh:mm:ss) est. time remaining.
       83% completed,  00:20:26 (hh:mm:ss) est. time remaining.
       83% completed,  00:20:24 (hh:mm:ss) est. time remaining.
       83% completed,  00:20:20 (hh:mm:ss) est. time remaining.
       83% completed,  00:20:17 (hh:mm:ss) est. time remaining.
       83% completed,  00:20:15 (hh:mm:ss) est. time remaining.
       83% completed,  00:20:12 (hh:mm:ss) est. time remaining.
       83% completed,  00:20:10 (hh:mm:ss) est. time remaining.
       83% completed,  00:20:08 (hh:mm:ss) est. time remaining.
       83% completed,  00:20:05 (hh:mm:ss) est. time remaining.
       83% completed,  00:20:01 (hh:mm:ss) est. time remaining.
       83% completed,  00:19:58 (hh:mm:ss) est. time remaining.
       83% completed,  00:19:55 (hh:mm:ss) est. time remaining.
       83% completed,  00:19:51 (hh:mm:ss) est. time remaining.
       83% completed,  00:19:48 (hh:mm:ss) est. time remaining.
       83% completed,  00:19:44 (hh:mm:ss) est. time remaining.
       83% completed,  00:19:42 (hh:mm:ss) est. time remaining.
       83% completed,  00:19:39 (hh:mm:ss) est. time remaining.
       83% completed,  00:19:37 (hh:mm:ss) est. time remaining.
       84% completed,  00:19:34 (hh:mm:ss) est. time remaining.
       84% completed,  00:19:32 (hh:mm:ss) est. time remaining.
       84% completed,  00:19:29 (hh:mm:ss) est. time remaining.
       84% completed,  00:19:25 (hh:mm:ss) est. time remaining.
       84% completed,  00:19:22 (hh:mm:ss) est. time remaining.
       84% completed,  00:19:19 (hh:mm:ss) est. time remaining.
       84% completed,  00:19:16 (hh:mm:ss) est. time remaining.
       84% completed,  00:19:14 (hh:mm:ss) est. time remaining.
       84% completed,  00:19:11 (hh:mm:ss) est. time remaining.
       84% completed,  00:19:08 (hh:mm:ss) est. time remaining.
       84% completed,  00:19:04 (hh:mm:ss) est. time remaining.
       84% completed,  00:19:01 (hh:mm:ss) est. time remaining.
       84% completed,  00:18:59 (hh:mm:ss) est. time remaining.
       84% completed,  00:18:56 (hh:mm:ss) est. time remaining.
       84% completed,  00:18:53 (hh:mm:ss) est. time remaining.
       84% completed,  00:18:51 (hh:mm:ss) est. time remaining.
       84% completed,  00:18:48 (hh:mm:ss) est. time remaining.
       84% completed,  00:18:46 (hh:mm:ss) est. time remaining.
       84% completed,  00:18:43 (hh:mm:ss) est. time remaining.
       84% completed,  00:18:40 (hh:mm:ss) est. time remaining.
       84% completed,  00:18:37 (hh:mm:ss) est. time remaining.
       84% completed,  00:18:34 (hh:mm:ss) est. time remaining.
       84% completed,  00:18:31 (hh:mm:ss) est. time remaining.
       84% completed,  00:18:28 (hh:mm:ss) est. time remaining.
       84% completed,  00:18:25 (hh:mm:ss) est. time remaining.
       84% completed,  00:18:22 (hh:mm:ss) est. time remaining.
       85% completed,  00:18:19 (hh:mm:ss) est. time remaining.
       85% completed,  00:18:16 (hh:mm:ss) est. time remaining.
       85% completed,  00:18:13 (hh:mm:ss) est. time remaining.
       85% completed,  00:18:10 (hh:mm:ss) est. time remaining.
       85% completed,  00:18:07 (hh:mm:ss) est. time remaining.
       85% completed,  00:18:04 (hh:mm:ss) est. time remaining.
       85% completed,  00:18:02 (hh:mm:ss) est. time remaining.
       85% completed,  00:17:59 (hh:mm:ss) est. time remaining.
       85% completed,  00:17:56 (hh:mm:ss) est. time remaining.
       85% completed,  00:17:53 (hh:mm:ss) est. time remaining.
       85% completed,  00:17:50 (hh:mm:ss) est. time remaining.
       85% completed,  00:17:47 (hh:mm:ss) est. time remaining.
       85% completed,  00:17:45 (hh:mm:ss) est. time remaining.
       85% completed,  00:17:42 (hh:mm:ss) est. time remaining.
       85% completed,  00:17:39 (hh:mm:ss) est. time remaining.
       85% completed,  00:17:38 (hh:mm:ss) est. time remaining.
       85% completed,  00:17:35 (hh:mm:ss) est. time remaining.
       85% completed,  00:17:32 (hh:mm:ss) est. time remaining.
       85% completed,  00:17:28 (hh:mm:ss) est. time remaining.
       85% completed,  00:17:25 (hh:mm:ss) est. time remaining.
       85% completed,  00:17:22 (hh:mm:ss) est. time remaining.
       85% completed,  00:17:20 (hh:mm:ss) est. time remaining.
       85% completed,  00:17:17 (hh:mm:ss) est. time remaining.
       85% completed,  00:17:15 (hh:mm:ss) est. time remaining.
       85% completed,  00:17:12 (hh:mm:ss) est. time remaining.
       85% completed,  00:17:08 (hh:mm:ss) est. time remaining.
       85% completed,  00:17:06 (hh:mm:ss) est. time remaining.
       86% completed,  00:17:03 (hh:mm:ss) est. time remaining.
       86% completed,  00:17:00 (hh:mm:ss) est. time remaining.
       86% completed,  00:16:58 (hh:mm:ss) est. time remaining.
       86% completed,  00:16:55 (hh:mm:ss) est. time remaining.
       86% completed,  00:16:52 (hh:mm:ss) est. time remaining.
       86% completed,  00:16:50 (hh:mm:ss) est. time remaining.
       86% completed,  00:16:47 (hh:mm:ss) est. time remaining.
       86% completed,  00:16:45 (hh:mm:ss) est. time remaining.
       86% completed,  00:16:42 (hh:mm:ss) est. time remaining.
       86% completed,  00:16:40 (hh:mm:ss) est. time remaining.
       86% completed,  00:16:37 (hh:mm:ss) est. time remaining.
       86% completed,  00:16:34 (hh:mm:ss) est. time remaining.
       86% completed,  00:16:31 (hh:mm:ss) est. time remaining.
       86% completed,  00:16:29 (hh:mm:ss) est. time remaining.
       86% completed,  00:16:26 (hh:mm:ss) est. time remaining.
       86% completed,  00:16:23 (hh:mm:ss) est. time remaining.
       86% completed,  00:16:20 (hh:mm:ss) est. time remaining.
       86% completed,  00:16:17 (hh:mm:ss) est. time remaining.
       86% completed,  00:16:15 (hh:mm:ss) est. time remaining.
       86% completed,  00:16:12 (hh:mm:ss) est. time remaining.
       86% completed,  00:16:09 (hh:mm:ss) est. time remaining.
       86% completed,  00:16:07 (hh:mm:ss) est. time remaining.
       86% completed,  00:16:04 (hh:mm:ss) est. time remaining.
       86% completed,  00:16:02 (hh:mm:ss) est. time remaining.
       86% completed,  00:16:00 (hh:mm:ss) est. time remaining.
       86% completed,  00:15:57 (hh:mm:ss) est. time remaining.
       86% completed,  00:15:55 (hh:mm:ss) est. time remaining.
       87% completed,  00:15:52 (hh:mm:ss) est. time remaining.
       87% completed,  00:15:49 (hh:mm:ss) est. time remaining.
       87% completed,  00:15:47 (hh:mm:ss) est. time remaining.
       87% completed,  00:15:44 (hh:mm:ss) est. time remaining.
       87% completed,  00:15:41 (hh:mm:ss) est. time remaining.
       87% completed,  00:15:38 (hh:mm:ss) est. time remaining.
       87% completed,  00:15:36 (hh:mm:ss) est. time remaining.
       87% completed,  00:15:33 (hh:mm:ss) est. time remaining.
       87% completed,  00:15:30 (hh:mm:ss) est. time remaining.
       87% completed,  00:15:28 (hh:mm:ss) est. time remaining.
       87% completed,  00:15:25 (hh:mm:ss) est. time remaining.
       87% completed,  00:15:22 (hh:mm:ss) est. time remaining.
       87% completed,  00:15:21 (hh:mm:ss) est. time remaining.
       87% completed,  00:15:18 (hh:mm:ss) est. time remaining.
       87% completed,  00:15:16 (hh:mm:ss) est. time remaining.
       87% completed,  00:15:13 (hh:mm:ss) est. time remaining.
       87% completed,  00:15:11 (hh:mm:ss) est. time remaining.
       87% completed,  00:15:08 (hh:mm:ss) est. time remaining.
       87% completed,  00:15:05 (hh:mm:ss) est. time remaining.
       87% completed,  00:15:03 (hh:mm:ss) est. time remaining.
       87% completed,  00:15:00 (hh:mm:ss) est. time remaining.
       87% completed,  00:14:58 (hh:mm:ss) est. time remaining.
       87% completed,  00:14:55 (hh:mm:ss) est. time remaining.
       87% completed,  00:14:52 (hh:mm:ss) est. time remaining.
       87% completed,  00:14:50 (hh:mm:ss) est. time remaining.
       87% completed,  00:14:47 (hh:mm:ss) est. time remaining.
       87% completed,  00:14:45 (hh:mm:ss) est. time remaining.
       87% completed,  00:14:42 (hh:mm:ss) est. time remaining.
       87% completed,  00:14:40 (hh:mm:ss) est. time remaining.
       88% completed,  00:14:38 (hh:mm:ss) est. time remaining.
       88% completed,  00:14:35 (hh:mm:ss) est. time remaining.
       88% completed,  00:14:32 (hh:mm:ss) est. time remaining.
       88% completed,  00:14:30 (hh:mm:ss) est. time remaining.
       88% completed,  00:14:27 (hh:mm:ss) est. time remaining.
       88% completed,  00:14:24 (hh:mm:ss) est. time remaining.
       88% completed,  00:14:21 (hh:mm:ss) est. time remaining.
       88% completed,  00:14:19 (hh:mm:ss) est. time remaining.
       88% completed,  00:14:18 (hh:mm:ss) est. time remaining.
       88% completed,  00:14:15 (hh:mm:ss) est. time remaining.
       88% completed,  00:14:13 (hh:mm:ss) est. time remaining.
       88% completed,  00:14:10 (hh:mm:ss) est. time remaining.
       88% completed,  00:14:07 (hh:mm:ss) est. time remaining.
       88% completed,  00:14:05 (hh:mm:ss) est. time remaining.
       88% completed,  00:14:02 (hh:mm:ss) est. time remaining.
       88% completed,  00:14:00 (hh:mm:ss) est. time remaining.
       88% completed,  00:13:57 (hh:mm:ss) est. time remaining.
       88% completed,  00:13:55 (hh:mm:ss) est. time remaining.
       88% completed,  00:13:52 (hh:mm:ss) est. time remaining.
       88% completed,  00:13:50 (hh:mm:ss) est. time remaining.
       88% completed,  00:13:47 (hh:mm:ss) est. time remaining.
       88% completed,  00:13:45 (hh:mm:ss) est. time remaining.
       88% completed,  00:13:43 (hh:mm:ss) est. time remaining.
       88% completed,  00:13:40 (hh:mm:ss) est. time remaining.
       88% completed,  00:13:38 (hh:mm:ss) est. time remaining.
       88% completed,  00:13:35 (hh:mm:ss) est. time remaining.
       88% completed,  00:13:33 (hh:mm:ss) est. time remaining.
       88% completed,  00:13:30 (hh:mm:ss) est. time remaining.
       88% completed,  00:13:28 (hh:mm:ss) est. time remaining.
       88% completed,  00:13:26 (hh:mm:ss) est. time remaining.
       89% completed,  00:13:24 (hh:mm:ss) est. time remaining.
       89% completed,  00:13:21 (hh:mm:ss) est. time remaining.
       89% completed,  00:13:19 (hh:mm:ss) est. time remaining.
       89% completed,  00:13:16 (hh:mm:ss) est. time remaining.
       89% completed,  00:13:14 (hh:mm:ss) est. time remaining.
       89% completed,  00:13:11 (hh:mm:ss) est. time remaining.
       89% completed,  00:13:09 (hh:mm:ss) est. time remaining.
       89% completed,  00:13:06 (hh:mm:ss) est. time remaining.
       89% completed,  00:13:04 (hh:mm:ss) est. time remaining.
       89% completed,  00:13:02 (hh:mm:ss) est. time remaining.
       89% completed,  00:12:59 (hh:mm:ss) est. time remaining.
       89% completed,  00:12:57 (hh:mm:ss) est. time remaining.
       89% completed,  00:12:55 (hh:mm:ss) est. time remaining.
       89% completed,  00:12:53 (hh:mm:ss) est. time remaining.
       89% completed,  00:12:50 (hh:mm:ss) est. time remaining.
       89% completed,  00:12:48 (hh:mm:ss) est. time remaining.
       89% completed,  00:12:45 (hh:mm:ss) est. time remaining.
       89% completed,  00:12:43 (hh:mm:ss) est. time remaining.
       89% completed,  00:12:40 (hh:mm:ss) est. time remaining.
       89% completed,  00:12:38 (hh:mm:ss) est. time remaining.
       89% completed,  00:12:36 (hh:mm:ss) est. time remaining.
       89% completed,  00:12:33 (hh:mm:ss) est. time remaining.
       89% completed,  00:12:31 (hh:mm:ss) est. time remaining.
       89% completed,  00:12:29 (hh:mm:ss) est. time remaining.
       89% completed,  00:12:27 (hh:mm:ss) est. time remaining.
       89% completed,  00:12:24 (hh:mm:ss) est. time remaining.
       89% completed,  00:12:22 (hh:mm:ss) est. time remaining.
       89% completed,  00:12:19 (hh:mm:ss) est. time remaining.
       89% completed,  00:12:17 (hh:mm:ss) est. time remaining.
       89% completed,  00:12:15 (hh:mm:ss) est. time remaining.
       89% completed,  00:12:13 (hh:mm:ss) est. time remaining.
       90% completed,  00:12:11 (hh:mm:ss) est. time remaining.
       90% completed,  00:12:08 (hh:mm:ss) est. time remaining.
       90% completed,  00:12:06 (hh:mm:ss) est. time remaining.
       90% completed,  00:12:04 (hh:mm:ss) est. time remaining.
       90% completed,  00:12:02 (hh:mm:ss) est. time remaining.
       90% completed,  00:12:00 (hh:mm:ss) est. time remaining.
       90% completed,  00:11:57 (hh:mm:ss) est. time remaining.
       90% completed,  00:11:55 (hh:mm:ss) est. time remaining.
       90% completed,  00:11:52 (hh:mm:ss) est. time remaining.
       90% completed,  00:11:50 (hh:mm:ss) est. time remaining.
       90% completed,  00:11:48 (hh:mm:ss) est. time remaining.
       90% completed,  00:11:45 (hh:mm:ss) est. time remaining.
       90% completed,  00:11:43 (hh:mm:ss) est. time remaining.
       90% completed,  00:11:41 (hh:mm:ss) est. time remaining.
       90% completed,  00:11:38 (hh:mm:ss) est. time remaining.
       90% completed,  00:11:36 (hh:mm:ss) est. time remaining.
       90% completed,  00:11:34 (hh:mm:ss) est. time remaining.
       90% completed,  00:11:32 (hh:mm:ss) est. time remaining.
       90% completed,  00:11:30 (hh:mm:ss) est. time remaining.
       90% completed,  00:11:28 (hh:mm:ss) est. time remaining.
       90% completed,  00:11:26 (hh:mm:ss) est. time remaining.
       90% completed,  00:11:24 (hh:mm:ss) est. time remaining.
       90% completed,  00:11:22 (hh:mm:ss) est. time remaining.
       90% completed,  00:11:19 (hh:mm:ss) est. time remaining.
       90% completed,  00:11:17 (hh:mm:ss) est. time remaining.
       90% completed,  00:11:15 (hh:mm:ss) est. time remaining.
       90% completed,  00:11:13 (hh:mm:ss) est. time remaining.
       90% completed,  00:11:10 (hh:mm:ss) est. time remaining.
       90% completed,  00:11:08 (hh:mm:ss) est. time remaining.
       90% completed,  00:11:05 (hh:mm:ss) est. time remaining.
       90% completed,  00:11:03 (hh:mm:ss) est. time remaining.
       90% completed,  00:11:01 (hh:mm:ss) est. time remaining.
       90% completed,  00:10:59 (hh:mm:ss) est. time remaining.
       91% completed,  00:10:56 (hh:mm:ss) est. time remaining.
       91% completed,  00:10:55 (hh:mm:ss) est. time remaining.
       91% completed,  00:10:53 (hh:mm:ss) est. time remaining.
       91% completed,  00:10:50 (hh:mm:ss) est. time remaining.
       91% completed,  00:10:49 (hh:mm:ss) est. time remaining.
       91% completed,  00:10:47 (hh:mm:ss) est. time remaining.
       91% completed,  00:10:45 (hh:mm:ss) est. time remaining.
       91% completed,  00:10:42 (hh:mm:ss) est. time remaining.
       91% completed,  00:10:40 (hh:mm:ss) est. time remaining.
       91% completed,  00:10:38 (hh:mm:ss) est. time remaining.
       91% completed,  00:10:35 (hh:mm:ss) est. time remaining.
       91% completed,  00:10:33 (hh:mm:ss) est. time remaining.
       91% completed,  00:10:31 (hh:mm:ss) est. time remaining.
       91% completed,  00:10:29 (hh:mm:ss) est. time remaining.
       91% completed,  00:10:27 (hh:mm:ss) est. time remaining.
       91% completed,  00:10:25 (hh:mm:ss) est. time remaining.
       91% completed,  00:10:22 (hh:mm:ss) est. time remaining.
       91% completed,  00:10:21 (hh:mm:ss) est. time remaining.
       91% completed,  00:10:19 (hh:mm:ss) est. time remaining.
       91% completed,  00:10:17 (hh:mm:ss) est. time remaining.
       91% completed,  00:10:15 (hh:mm:ss) est. time remaining.
       91% completed,  00:10:13 (hh:mm:ss) est. time remaining.
       91% completed,  00:10:10 (hh:mm:ss) est. time remaining.
       91% completed,  00:10:08 (hh:mm:ss) est. time remaining.
       91% completed,  00:10:06 (hh:mm:ss) est. time remaining.
       91% completed,  00:10:04 (hh:mm:ss) est. time remaining.
       91% completed,  00:10:01 (hh:mm:ss) est. time remaining.
       91% completed,  00:9:59 (hh:mm:ss) est. time remaining.
       91% completed,  00:9:58 (hh:mm:ss) est. time remaining.
       91% completed,  00:9:56 (hh:mm:ss) est. time remaining.
       91% completed,  00:9:54 (hh:mm:ss) est. time remaining.
       91% completed,  00:9:52 (hh:mm:ss) est. time remaining.
       91% completed,  00:9:49 (hh:mm:ss) est. time remaining.
       91% completed,  00:9:47 (hh:mm:ss) est. time remaining.
       91% completed,  00:9:45 (hh:mm:ss) est. time remaining.
       92% completed,  00:9:43 (hh:mm:ss) est. time remaining.
       92% completed,  00:9:41 (hh:mm:ss) est. time remaining.
       92% completed,  00:9:39 (hh:mm:ss) est. time remaining.
       92% completed,  00:9:37 (hh:mm:ss) est. time remaining.
       92% completed,  00:9:35 (hh:mm:ss) est. time remaining.
       92% completed,  00:9:33 (hh:mm:ss) est. time remaining.
       92% completed,  00:9:31 (hh:mm:ss) est. time remaining.
       92% completed,  00:9:29 (hh:mm:ss) est. time remaining.
       92% completed,  00:9:27 (hh:mm:ss) est. time remaining.
       92% completed,  00:9:25 (hh:mm:ss) est. time remaining.
       92% completed,  00:9:23 (hh:mm:ss) est. time remaining.
       92% completed,  00:9:21 (hh:mm:ss) est. time remaining.
       92% completed,  00:9:19 (hh:mm:ss) est. time remaining.
       92% completed,  00:9:17 (hh:mm:ss) est. time remaining.
       92% completed,  00:9:15 (hh:mm:ss) est. time remaining.
       92% completed,  00:9:13 (hh:mm:ss) est. time remaining.
       92% completed,  00:9:11 (hh:mm:ss) est. time remaining.
       92% completed,  00:9:09 (hh:mm:ss) est. time remaining.
       92% completed,  00:9:07 (hh:mm:ss) est. time remaining.
       92% completed,  00:9:05 (hh:mm:ss) est. time remaining.
       92% completed,  00:9:03 (hh:mm:ss) est. time remaining.
       92% completed,  00:9:01 (hh:mm:ss) est. time remaining.
       92% completed,  00:8:59 (hh:mm:ss) est. time remaining.
       92% completed,  00:8:57 (hh:mm:ss) est. time remaining.
       92% completed,  00:8:55 (hh:mm:ss) est. time remaining.
       92% completed,  00:8:53 (hh:mm:ss) est. time remaining.
       92% completed,  00:8:51 (hh:mm:ss) est. time remaining.
       92% completed,  00:8:49 (hh:mm:ss) est. time remaining.
       92% completed,  00:8:48 (hh:mm:ss) est. time remaining.
       92% completed,  00:8:46 (hh:mm:ss) est. time remaining.
       92% completed,  00:8:43 (hh:mm:ss) est. time remaining.
       92% completed,  00:8:42 (hh:mm:ss) est. time remaining.
       92% completed,  00:8:40 (hh:mm:ss) est. time remaining.
       92% completed,  00:8:38 (hh:mm:ss) est. time remaining.
       92% completed,  00:8:36 (hh:mm:ss) est. time remaining.
       92% completed,  00:8:34 (hh:mm:ss) est. time remaining.
       92% completed,  00:8:32 (hh:mm:ss) est. time remaining.
       93% completed,  00:8:30 (hh:mm:ss) est. time remaining.
       93% completed,  00:8:29 (hh:mm:ss) est. time remaining.
       93% completed,  00:8:27 (hh:mm:ss) est. time remaining.
       93% completed,  00:8:25 (hh:mm:ss) est. time remaining.
       93% completed,  00:8:23 (hh:mm:ss) est. time remaining.
       93% completed,  00:8:21 (hh:mm:ss) est. time remaining.
       93% completed,  00:8:19 (hh:mm:ss) est. time remaining.
       93% completed,  00:8:17 (hh:mm:ss) est. time remaining.
       93% completed,  00:8:15 (hh:mm:ss) est. time remaining.
       93% completed,  00:8:13 (hh:mm:ss) est. time remaining.
       93% completed,  00:8:11 (hh:mm:ss) est. time remaining.
       93% completed,  00:8:09 (hh:mm:ss) est. time remaining.
       93% completed,  00:8:07 (hh:mm:ss) est. time remaining.
       93% completed,  00:8:05 (hh:mm:ss) est. time remaining.
       93% completed,  00:8:04 (hh:mm:ss) est. time remaining.
       93% completed,  00:8:02 (hh:mm:ss) est. time remaining.
       93% completed,  00:8:00 (hh:mm:ss) est. time remaining.
       93% completed,  00:7:58 (hh:mm:ss) est. time remaining.
       93% completed,  00:7:56 (hh:mm:ss) est. time remaining.
       93% completed,  00:7:55 (hh:mm:ss) est. time remaining.
       93% completed,  00:7:53 (hh:mm:ss) est. time remaining.
       93% completed,  00:7:51 (hh:mm:ss) est. time remaining.
       93% completed,  00:7:49 (hh:mm:ss) est. time remaining.
       93% completed,  00:7:47 (hh:mm:ss) est. time remaining.
       93% completed,  00:7:45 (hh:mm:ss) est. time remaining.
       93% completed,  00:7:43 (hh:mm:ss) est. time remaining.
       93% completed,  00:7:42 (hh:mm:ss) est. time remaining.
       93% completed,  00:7:40 (hh:mm:ss) est. time remaining.
       93% completed,  00:7:38 (hh:mm:ss) est. time remaining.
       93% completed,  00:7:36 (hh:mm:ss) est. time remaining.
       93% completed,  00:7:34 (hh:mm:ss) est. time remaining.
       93% completed,  00:7:33 (hh:mm:ss) est. time remaining.
       93% completed,  00:7:31 (hh:mm:ss) est. time remaining.
       93% completed,  00:7:29 (hh:mm:ss) est. time remaining.
       93% completed,  00:7:27 (hh:mm:ss) est. time remaining.
       93% completed,  00:7:25 (hh:mm:ss) est. time remaining.
       93% completed,  00:7:24 (hh:mm:ss) est. time remaining.
       93% completed,  00:7:22 (hh:mm:ss) est. time remaining.
       93% completed,  00:7:20 (hh:mm:ss) est. time remaining.
       93% completed,  00:7:18 (hh:mm:ss) est. time remaining.
       94% completed,  00:7:17 (hh:mm:ss) est. time remaining.
       94% completed,  00:7:15 (hh:mm:ss) est. time remaining.
       94% completed,  00:7:13 (hh:mm:ss) est. time remaining.
       94% completed,  00:7:11 (hh:mm:ss) est. time remaining.
       94% completed,  00:7:10 (hh:mm:ss) est. time remaining.
       94% completed,  00:7:08 (hh:mm:ss) est. time remaining.
       94% completed,  00:7:06 (hh:mm:ss) est. time remaining.
       94% completed,  00:7:04 (hh:mm:ss) est. time remaining.
       94% completed,  00:7:02 (hh:mm:ss) est. time remaining.
       94% completed,  00:7:01 (hh:mm:ss) est. time remaining.
       94% completed,  00:6:59 (hh:mm:ss) est. time remaining.
       94% completed,  00:6:57 (hh:mm:ss) est. time remaining.
       94% completed,  00:6:55 (hh:mm:ss) est. time remaining.
       94% completed,  00:6:54 (hh:mm:ss) est. time remaining.
       94% completed,  00:6:52 (hh:mm:ss) est. time remaining.
       94% completed,  00:6:50 (hh:mm:ss) est. time remaining.
       94% completed,  00:6:48 (hh:mm:ss) est. time remaining.
       94% completed,  00:6:47 (hh:mm:ss) est. time remaining.
       94% completed,  00:6:45 (hh:mm:ss) est. time remaining.
       94% completed,  00:6:44 (hh:mm:ss) est. time remaining.
       94% completed,  00:6:42 (hh:mm:ss) est. time remaining.
       94% completed,  00:6:40 (hh:mm:ss) est. time remaining.
       94% completed,  00:6:39 (hh:mm:ss) est. time remaining.
       94% completed,  00:6:37 (hh:mm:ss) est. time remaining.
       94% completed,  00:6:35 (hh:mm:ss) est. time remaining.
       94% completed,  00:6:33 (hh:mm:ss) est. time remaining.
       94% completed,  00:6:32 (hh:mm:ss) est. time remaining.
       94% completed,  00:6:30 (hh:mm:ss) est. time remaining.
       94% completed,  00:6:28 (hh:mm:ss) est. time remaining.
       94% completed,  00:6:27 (hh:mm:ss) est. time remaining.
       94% completed,  00:6:25 (hh:mm:ss) est. time remaining.
       94% completed,  00:6:23 (hh:mm:ss) est. time remaining.
       94% completed,  00:6:22 (hh:mm:ss) est. time remaining.
       94% completed,  00:6:20 (hh:mm:ss) est. time remaining.
       94% completed,  00:6:19 (hh:mm:ss) est. time remaining.
       94% completed,  00:6:17 (hh:mm:ss) est. time remaining.
       94% completed,  00:6:15 (hh:mm:ss) est. time remaining.
       94% completed,  00:6:13 (hh:mm:ss) est. time remaining.
       94% completed,  00:6:12 (hh:mm:ss) est. time remaining.
       94% completed,  00:6:10 (hh:mm:ss) est. time remaining.
       94% completed,  00:6:09 (hh:mm:ss) est. time remaining.
       94% completed,  00:6:07 (hh:mm:ss) est. time remaining.
       94% completed,  00:6:05 (hh:mm:ss) est. time remaining.
       95% completed,  00:6:04 (hh:mm:ss) est. time remaining.
       95% completed,  00:6:02 (hh:mm:ss) est. time remaining.
       95% completed,  00:6:01 (hh:mm:ss) est. time remaining.
       95% completed,  00:5:59 (hh:mm:ss) est. time remaining.
       95% completed,  00:5:57 (hh:mm:ss) est. time remaining.
       95% completed,  00:5:56 (hh:mm:ss) est. time remaining.
       95% completed,  00:5:54 (hh:mm:ss) est. time remaining.
       95% completed,  00:5:53 (hh:mm:ss) est. time remaining.
       95% completed,  00:5:51 (hh:mm:ss) est. time remaining.
       95% completed,  00:5:49 (hh:mm:ss) est. time remaining.
       95% completed,  00:5:48 (hh:mm:ss) est. time remaining.
       95% completed,  00:5:46 (hh:mm:ss) est. time remaining.
       95% completed,  00:5:45 (hh:mm:ss) est. time remaining.
       95% completed,  00:5:43 (hh:mm:ss) est. time remaining.
       95% completed,  00:5:42 (hh:mm:ss) est. time remaining.
       95% completed,  00:5:40 (hh:mm:ss) est. time remaining.
       95% completed,  00:5:38 (hh:mm:ss) est. time remaining.
       95% completed,  00:5:37 (hh:mm:ss) est. time remaining.
       95% completed,  00:5:35 (hh:mm:ss) est. time remaining.
       95% completed,  00:5:34 (hh:mm:ss) est. time remaining.
       95% completed,  00:5:32 (hh:mm:ss) est. time remaining.
       95% completed,  00:5:31 (hh:mm:ss) est. time remaining.
       95% completed,  00:5:29 (hh:mm:ss) est. time remaining.
       95% completed,  00:5:28 (hh:mm:ss) est. time remaining.
       95% completed,  00:5:26 (hh:mm:ss) est. time remaining.
       95% completed,  00:5:25 (hh:mm:ss) est. time remaining.
       95% completed,  00:5:23 (hh:mm:ss) est. time remaining.
       95% completed,  00:5:22 (hh:mm:ss) est. time remaining.
       95% completed,  00:5:20 (hh:mm:ss) est. time remaining.
       95% completed,  00:5:18 (hh:mm:ss) est. time remaining.
       95% completed,  00:5:17 (hh:mm:ss) est. time remaining.
       95% completed,  00:5:16 (hh:mm:ss) est. time remaining.
       95% completed,  00:5:14 (hh:mm:ss) est. time remaining.
       95% completed,  00:5:13 (hh:mm:ss) est. time remaining.
       95% completed,  00:5:11 (hh:mm:ss) est. time remaining.
       95% completed,  00:5:10 (hh:mm:ss) est. time remaining.
       95% completed,  00:5:08 (hh:mm:ss) est. time remaining.
       95% completed,  00:5:07 (hh:mm:ss) est. time remaining.
       95% completed,  00:5:05 (hh:mm:ss) est. time remaining.
       95% completed,  00:5:04 (hh:mm:ss) est. time remaining.
       95% completed,  00:5:02 (hh:mm:ss) est. time remaining.
       95% completed,  00:5:01 (hh:mm:ss) est. time remaining.
       95% completed,  00:4:59 (hh:mm:ss) est. time remaining.
       95% completed,  00:4:58 (hh:mm:ss) est. time remaining.
       95% completed,  00:4:56 (hh:mm:ss) est. time remaining.
       95% completed,  00:4:55 (hh:mm:ss) est. time remaining.
       95% completed,  00:4:53 (hh:mm:ss) est. time remaining.
       95% completed,  00:4:52 (hh:mm:ss) est. time remaining.
       96% completed,  00:4:51 (hh:mm:ss) est. time remaining.
       96% completed,  00:4:49 (hh:mm:ss) est. time remaining.
       96% completed,  00:4:48 (hh:mm:ss) est. time remaining.
       96% completed,  00:4:46 (hh:mm:ss) est. time remaining.
       96% completed,  00:4:45 (hh:mm:ss) est. time remaining.
       96% completed,  00:4:44 (hh:mm:ss) est. time remaining.
       96% completed,  00:4:42 (hh:mm:ss) est. time remaining.
       96% completed,  00:4:41 (hh:mm:ss) est. time remaining.
       96% completed,  00:4:39 (hh:mm:ss) est. time remaining.
       96% completed,  00:4:38 (hh:mm:ss) est. time remaining.
       96% completed,  00:4:36 (hh:mm:ss) est. time remaining.
       96% completed,  00:4:35 (hh:mm:ss) est. time remaining.
       96% completed,  00:4:34 (hh:mm:ss) est. time remaining.
       96% completed,  00:4:32 (hh:mm:ss) est. time remaining.
       96% completed,  00:4:31 (hh:mm:ss) est. time remaining.
       96% completed,  00:4:29 (hh:mm:ss) est. time remaining.
       96% completed,  00:4:28 (hh:mm:ss) est. time remaining.
       96% completed,  00:4:27 (hh:mm:ss) est. time remaining.
       96% completed,  00:4:25 (hh:mm:ss) est. time remaining.
       96% completed,  00:4:24 (hh:mm:ss) est. time remaining.
       96% completed,  00:4:23 (hh:mm:ss) est. time remaining.
       96% completed,  00:4:21 (hh:mm:ss) est. time remaining.
       96% completed,  00:4:20 (hh:mm:ss) est. time remaining.
       96% completed,  00:4:18 (hh:mm:ss) est. time remaining.
       96% completed,  00:4:17 (hh:mm:ss) est. time remaining.
       96% completed,  00:4:16 (hh:mm:ss) est. time remaining.
       96% completed,  00:4:14 (hh:mm:ss) est. time remaining.
       96% completed,  00:4:13 (hh:mm:ss) est. time remaining.
       96% completed,  00:4:12 (hh:mm:ss) est. time remaining.
       96% completed,  00:4:10 (hh:mm:ss) est. time remaining.
       96% completed,  00:4:09 (hh:mm:ss) est. time remaining.
       96% completed,  00:4:08 (hh:mm:ss) est. time remaining.
       96% completed,  00:4:06 (hh:mm:ss) est. time remaining.
       96% completed,  00:4:05 (hh:mm:ss) est. time remaining.
       96% completed,  00:4:04 (hh:mm:ss) est. time remaining.
       96% completed,  00:4:02 (hh:mm:ss) est. time remaining.
       96% completed,  00:4:01 (hh:mm:ss) est. time remaining.
       96% completed,  00:4:00 (hh:mm:ss) est. time remaining.
       96% completed,  00:3:58 (hh:mm:ss) est. time remaining.
       96% completed,  00:3:57 (hh:mm:ss) est. time remaining.
       96% completed,  00:3:56 (hh:mm:ss) est. time remaining.
       96% completed,  00:3:54 (hh:mm:ss) est. time remaining.
       96% completed,  00:3:53 (hh:mm:ss) est. time remaining.
       96% completed,  00:3:52 (hh:mm:ss) est. time remaining.
       96% completed,  00:3:51 (hh:mm:ss) est. time remaining.
       96% completed,  00:3:49 (hh:mm:ss) est. time remaining.
       96% completed,  00:3:48 (hh:mm:ss) est. time remaining.
       96% completed,  00:3:47 (hh:mm:ss) est. time remaining.
       96% completed,  00:3:46 (hh:mm:ss) est. time remaining.
       96% completed,  00:3:44 (hh:mm:ss) est. time remaining.
       96% completed,  00:3:43 (hh:mm:ss) est. time remaining.
       96% completed,  00:3:42 (hh:mm:ss) est. time remaining.
       96% completed,  00:3:40 (hh:mm:ss) est. time remaining.
       96% completed,  00:3:39 (hh:mm:ss) est. time remaining.
       97% completed,  00:3:38 (hh:mm:ss) est. time remaining.
       97% completed,  00:3:37 (hh:mm:ss) est. time remaining.
       97% completed,  00:3:36 (hh:mm:ss) est. time remaining.
       97% completed,  00:3:34 (hh:mm:ss) est. time remaining.
       97% completed,  00:3:33 (hh:mm:ss) est. time remaining.
       97% completed,  00:3:32 (hh:mm:ss) est. time remaining.
       97% completed,  00:3:31 (hh:mm:ss) est. time remaining.
       97% completed,  00:3:29 (hh:mm:ss) est. time remaining.
       97% completed,  00:3:28 (hh:mm:ss) est. time remaining.
       97% completed,  00:3:27 (hh:mm:ss) est. time remaining.
       97% completed,  00:3:26 (hh:mm:ss) est. time remaining.
       97% completed,  00:3:25 (hh:mm:ss) est. time remaining.
       97% completed,  00:3:23 (hh:mm:ss) est. time remaining.
       97% completed,  00:3:22 (hh:mm:ss) est. time remaining.
       97% completed,  00:3:21 (hh:mm:ss) est. time remaining.
       97% completed,  00:3:20 (hh:mm:ss) est. time remaining.
       97% completed,  00:3:18 (hh:mm:ss) est. time remaining.
       97% completed,  00:3:17 (hh:mm:ss) est. time remaining.
       97% completed,  00:3:16 (hh:mm:ss) est. time remaining.
       97% completed,  00:3:15 (hh:mm:ss) est. time remaining.
       97% completed,  00:3:14 (hh:mm:ss) est. time remaining.
       97% completed,  00:3:13 (hh:mm:ss) est. time remaining.
       97% completed,  00:3:11 (hh:mm:ss) est. time remaining.
       97% completed,  00:3:10 (hh:mm:ss) est. time remaining.
       97% completed,  00:3:09 (hh:mm:ss) est. time remaining.
       97% completed,  00:3:08 (hh:mm:ss) est. time remaining.
       97% completed,  00:3:07 (hh:mm:ss) est. time remaining.
       97% completed,  00:3:06 (hh:mm:ss) est. time remaining.
       97% completed,  00:3:05 (hh:mm:ss) est. time remaining.
       97% completed,  00:3:03 (hh:mm:ss) est. time remaining.
       97% completed,  00:3:02 (hh:mm:ss) est. time remaining.
       97% completed,  00:3:01 (hh:mm:ss) est. time remaining.
       97% completed,  00:3:00 (hh:mm:ss) est. time remaining.
       97% completed,  00:2:59 (hh:mm:ss) est. time remaining.
       97% completed,  00:2:58 (hh:mm:ss) est. time remaining.
       97% completed,  00:2:57 (hh:mm:ss) est. time remaining.
       97% completed,  00:2:55 (hh:mm:ss) est. time remaining.
       97% completed,  00:2:54 (hh:mm:ss) est. time remaining.
       97% completed,  00:2:53 (hh:mm:ss) est. time remaining.
       97% completed,  00:2:52 (hh:mm:ss) est. time remaining.
       97% completed,  00:2:51 (hh:mm:ss) est. time remaining.
       97% completed,  00:2:50 (hh:mm:ss) est. time remaining.
       97% completed,  00:2:49 (hh:mm:ss) est. time remaining.
       97% completed,  00:2:48 (hh:mm:ss) est. time remaining.
       97% completed,  00:2:47 (hh:mm:ss) est. time remaining.
       97% completed,  00:2:46 (hh:mm:ss) est. time remaining.
       97% completed,  00:2:44 (hh:mm:ss) est. time remaining.
       97% completed,  00:2:43 (hh:mm:ss) est. time remaining.
       97% completed,  00:2:42 (hh:mm:ss) est. time remaining.
       97% completed,  00:2:41 (hh:mm:ss) est. time remaining.
       97% completed,  00:2:40 (hh:mm:ss) est. time remaining.
       97% completed,  00:2:39 (hh:mm:ss) est. time remaining.
       97% completed,  00:2:38 (hh:mm:ss) est. time remaining.
       97% completed,  00:2:37 (hh:mm:ss) est. time remaining.
       97% completed,  00:2:36 (hh:mm:ss) est. time remaining.
       97% completed,  00:2:35 (hh:mm:ss) est. time remaining.
       97% completed,  00:2:34 (hh:mm:ss) est. time remaining.
       97% completed,  00:2:33 (hh:mm:ss) est. time remaining.
       97% completed,  00:2:32 (hh:mm:ss) est. time remaining.
       97% completed,  00:2:31 (hh:mm:ss) est. time remaining.
       97% completed,  00:2:30 (hh:mm:ss) est. time remaining.
       97% completed,  00:2:29 (hh:mm:ss) est. time remaining.
       97% completed,  00:2:27 (hh:mm:ss) est. time remaining.
       97% completed,  00:2:26 (hh:mm:ss) est. time remaining.
       98% completed,  00:2:25 (hh:mm:ss) est. time remaining.
       98% completed,  00:2:24 (hh:mm:ss) est. time remaining.
       98% completed,  00:2:23 (hh:mm:ss) est. time remaining.
       98% completed,  00:2:22 (hh:mm:ss) est. time remaining.
       98% completed,  00:2:21 (hh:mm:ss) est. time remaining.
       98% completed,  00:2:20 (hh:mm:ss) est. time remaining.
       98% completed,  00:2:19 (hh:mm:ss) est. time remaining.
       98% completed,  00:2:18 (hh:mm:ss) est. time remaining.
       98% completed,  00:2:17 (hh:mm:ss) est. time remaining.
       98% completed,  00:2:16 (hh:mm:ss) est. time remaining.
       98% completed,  00:2:15 (hh:mm:ss) est. time remaining.
       98% completed,  00:2:14 (hh:mm:ss) est. time remaining.
       98% completed,  00:2:13 (hh:mm:ss) est. time remaining.
       98% completed,  00:2:13 (hh:mm:ss) est. time remaining.
       98% completed,  00:2:12 (hh:mm:ss) est. time remaining.
       98% completed,  00:2:11 (hh:mm:ss) est. time remaining.
       98% completed,  00:2:10 (hh:mm:ss) est. time remaining.
       98% completed,  00:2:09 (hh:mm:ss) est. time remaining.
       98% completed,  00:2:08 (hh:mm:ss) est. time remaining.
       98% completed,  00:2:07 (hh:mm:ss) est. time remaining.
       98% completed,  00:2:06 (hh:mm:ss) est. time remaining.
       98% completed,  00:2:05 (hh:mm:ss) est. time remaining.
       98% completed,  00:2:04 (hh:mm:ss) est. time remaining.
       98% completed,  00:2:03 (hh:mm:ss) est. time remaining.
       98% completed,  00:2:02 (hh:mm:ss) est. time remaining.
       98% completed,  00:2:01 (hh:mm:ss) est. time remaining.
       98% completed,  00:2:00 (hh:mm:ss) est. time remaining.
       98% completed,  00:1:59 (hh:mm:ss) est. time remaining.
       98% completed,  00:1:58 (hh:mm:ss) est. time remaining.
       98% completed,  00:1:57 (hh:mm:ss) est. time remaining.
       98% completed,  00:1:56 (hh:mm:ss) est. time remaining.
       98% completed,  00:1:56 (hh:mm:ss) est. time remaining.
       98% completed,  00:1:55 (hh:mm:ss) est. time remaining.
       98% completed,  00:1:54 (hh:mm:ss) est. time remaining.
       98% completed,  00:1:53 (hh:mm:ss) est. time remaining.
       98% completed,  00:1:52 (hh:mm:ss) est. time remaining.
       98% completed,  00:1:51 (hh:mm:ss) est. time remaining.
       98% completed,  00:1:50 (hh:mm:ss) est. time remaining.
       98% completed,  00:1:49 (hh:mm:ss) est. time remaining.
       98% completed,  00:1:48 (hh:mm:ss) est. time remaining.
       98% completed,  00:1:48 (hh:mm:ss) est. time remaining.
       98% completed,  00:1:47 (hh:mm:ss) est. time remaining.
       98% completed,  00:1:46 (hh:mm:ss) est. time remaining.
       98% completed,  00:1:45 (hh:mm:ss) est. time remaining.
       98% completed,  00:1:44 (hh:mm:ss) est. time remaining.
       98% completed,  00:1:43 (hh:mm:ss) est. time remaining.
       98% completed,  00:1:42 (hh:mm:ss) est. time remaining.
       98% completed,  00:1:41 (hh:mm:ss) est. time remaining.
       98% completed,  00:1:41 (hh:mm:ss) est. time remaining.
       98% completed,  00:1:40 (hh:mm:ss) est. time remaining.
       98% completed,  00:1:39 (hh:mm:ss) est. time remaining.
       98% completed,  00:1:38 (hh:mm:ss) est. time remaining.
       98% completed,  00:1:37 (hh:mm:ss) est. time remaining.
       98% completed,  00:1:37 (hh:mm:ss) est. time remaining.
       98% completed,  00:1:36 (hh:mm:ss) est. time remaining.
       98% completed,  00:1:35 (hh:mm:ss) est. time remaining.
       98% completed,  00:1:34 (hh:mm:ss) est. time remaining.
       98% completed,  00:1:33 (hh:mm:ss) est. time remaining.
       98% completed,  00:1:32 (hh:mm:ss) est. time remaining.
       98% completed,  00:1:32 (hh:mm:ss) est. time remaining.
       98% completed,  00:1:31 (hh:mm:ss) est. time remaining.
       98% completed,  00:1:30 (hh:mm:ss) est. time remaining.
       98% completed,  00:1:29 (hh:mm:ss) est. time remaining.
       98% completed,  00:1:28 (hh:mm:ss) est. time remaining.
       98% completed,  00:1:28 (hh:mm:ss) est. time remaining.
       98% completed,  00:1:27 (hh:mm:ss) est. time remaining.
       98% completed,  00:1:26 (hh:mm:ss) est. time remaining.
       98% completed,  00:1:25 (hh:mm:ss) est. time remaining.
       98% completed,  00:1:24 (hh:mm:ss) est. time remaining.
       98% completed,  00:1:24 (hh:mm:ss) est. time remaining.
       98% completed,  00:1:23 (hh:mm:ss) est. time remaining.
       98% completed,  00:1:22 (hh:mm:ss) est. time remaining.
       98% completed,  00:1:21 (hh:mm:ss) est. time remaining.
       98% completed,  00:1:21 (hh:mm:ss) est. time remaining.
       98% completed,  00:1:20 (hh:mm:ss) est. time remaining.
       98% completed,  00:1:19 (hh:mm:ss) est. time remaining.
       98% completed,  00:1:18 (hh:mm:ss) est. time remaining.
       98% completed,  00:1:18 (hh:mm:ss) est. time remaining.
       98% completed,  00:1:17 (hh:mm:ss) est. time remaining.
       98% completed,  00:1:16 (hh:mm:ss) est. time remaining.
       98% completed,  00:1:15 (hh:mm:ss) est. time remaining.
       98% completed,  00:1:15 (hh:mm:ss) est. time remaining.
       98% completed,  00:1:14 (hh:mm:ss) est. time remaining.
       98% completed,  00:1:13 (hh:mm:ss) est. time remaining.
       99% completed,  00:1:12 (hh:mm:ss) est. time remaining.
       99% completed,  00:1:12 (hh:mm:ss) est. time remaining.
       99% completed,  00:1:11 (hh:mm:ss) est. time remaining.
       99% completed,  00:1:10 (hh:mm:ss) est. time remaining.
       99% completed,  00:1:10 (hh:mm:ss) est. time remaining.
       99% completed,  00:1:09 (hh:mm:ss) est. time remaining.
       99% completed,  00:1:08 (hh:mm:ss) est. time remaining.
       99% completed,  00:1:07 (hh:mm:ss) est. time remaining.
       99% completed,  00:1:07 (hh:mm:ss) est. time remaining.
       99% completed,  00:1:06 (hh:mm:ss) est. time remaining.
       99% completed,  00:1:05 (hh:mm:ss) est. time remaining.
       99% completed,  00:1:05 (hh:mm:ss) est. time remaining.
       99% completed,  00:1:04 (hh:mm:ss) est. time remaining.
       99% completed,  00:1:03 (hh:mm:ss) est. time remaining.
       99% completed,  00:1:03 (hh:mm:ss) est. time remaining.
       99% completed,  00:1:02 (hh:mm:ss) est. time remaining.
       99% completed,  00:1:01 (hh:mm:ss) est. time remaining.
       99% completed,  00:1:01 (hh:mm:ss) est. time remaining.
       99% completed,  00:1:00 (hh:mm:ss) est. time remaining.
       99% completed,  00:0:59 (hh:mm:ss) est. time remaining.
       99% completed,  00:0:59 (hh:mm:ss) est. time remaining.
       99% completed,  00:0:58 (hh:mm:ss) est. time remaining.
       99% completed,  00:0:57 (hh:mm:ss) est. time remaining.
       99% completed,  00:0:57 (hh:mm:ss) est. time remaining.
       99% completed,  00:0:56 (hh:mm:ss) est. time remaining.
       99% completed,  00:0:56 (hh:mm:ss) est. time remaining.
       99% completed,  00:0:55 (hh:mm:ss) est. time remaining.
       99% completed,  00:0:54 (hh:mm:ss) est. time remaining.
       99% completed,  00:0:54 (hh:mm:ss) est. time remaining.
       99% completed,  00:0:53 (hh:mm:ss) est. time remaining.
       99% completed,  00:0:52 (hh:mm:ss) est. time remaining.
       99% completed,  00:0:52 (hh:mm:ss) est. time remaining.
       99% completed,  00:0:51 (hh:mm:ss) est. time remaining.
       99% completed,  00:0:51 (hh:mm:ss) est. time remaining.
       99% completed,  00:0:50 (hh:mm:ss) est. time remaining.
       99% completed,  00:0:49 (hh:mm:ss) est. time remaining.
       99% completed,  00:0:49 (hh:mm:ss) est. time remaining.
       99% completed,  00:0:48 (hh:mm:ss) est. time remaining.
       99% completed,  00:0:48 (hh:mm:ss) est. time remaining.
       99% completed,  00:0:47 (hh:mm:ss) est. time remaining.
       99% completed,  00:0:47 (hh:mm:ss) est. time remaining.
       99% completed,  00:0:46 (hh:mm:ss) est. time remaining.
       99% completed,  00:0:45 (hh:mm:ss) est. time remaining.
       99% completed,  00:0:45 (hh:mm:ss) est. time remaining.
       99% completed,  00:0:44 (hh:mm:ss) est. time remaining.
       99% completed,  00:0:44 (hh:mm:ss) est. time remaining.
       99% completed,  00:0:43 (hh:mm:ss) est. time remaining.
       99% completed,  00:0:43 (hh:mm:ss) est. time remaining.
       99% completed,  00:0:42 (hh:mm:ss) est. time remaining.
       99% completed,  00:0:41 (hh:mm:ss) est. time remaining.
       99% completed,  00:0:41 (hh:mm:ss) est. time remaining.
       99% completed,  00:0:40 (hh:mm:ss) est. time remaining.
       99% completed,  00:0:40 (hh:mm:ss) est. time remaining.
       99% completed,  00:0:39 (hh:mm:ss) est. time remaining.
       99% completed,  00:0:39 (hh:mm:ss) est. time remaining.
       99% completed,  00:0:38 (hh:mm:ss) est. time remaining.
       99% completed,  00:0:38 (hh:mm:ss) est. time remaining.
       99% completed,  00:0:37 (hh:mm:ss) est. time remaining.
       99% completed,  00:0:37 (hh:mm:ss) est. time remaining.
       99% completed,  00:0:36 (hh:mm:ss) est. time remaining.
       99% completed,  00:0:36 (hh:mm:ss) est. time remaining.
       99% completed,  00:0:35 (hh:mm:ss) est. time remaining.
       99% completed,  00:0:35 (hh:mm:ss) est. time remaining.
       99% completed,  00:0:34 (hh:mm:ss) est. time remaining.
       99% completed,  00:0:34 (hh:mm:ss) est. time remaining.
       99% completed,  00:0:33 (hh:mm:ss) est. time remaining.
       99% completed,  00:0:33 (hh:mm:ss) est. time remaining.
       99% completed,  00:0:32 (hh:mm:ss) est. time remaining.
       99% completed,  00:0:32 (hh:mm:ss) est. time remaining.
       99% completed,  00:0:31 (hh:mm:ss) est. time remaining.
       99% completed,  00:0:31 (hh:mm:ss) est. time remaining.
       99% completed,  00:0:30 (hh:mm:ss) est. time remaining.
       99% completed,  00:0:30 (hh:mm:ss) est. time remaining.
       99% completed,  00:0:29 (hh:mm:ss) est. time remaining.
       99% completed,  00:0:29 (hh:mm:ss) est. time remaining.
       99% completed,  00:0:28 (hh:mm:ss) est. time remaining.
       99% completed,  00:0:28 (hh:mm:ss) est. time remaining.
       99% completed,  00:0:28 (hh:mm:ss) est. time remaining.
       99% completed,  00:0:27 (hh:mm:ss) est. time remaining.
       99% completed,  00:0:27 (hh:mm:ss) est. time remaining.
       99% completed,  00:0:26 (hh:mm:ss) est. time remaining.
       99% completed,  00:0:26 (hh:mm:ss) est. time remaining.
       99% completed,  00:0:25 (hh:mm:ss) est. time remaining.
       99% completed,  00:0:25 (hh:mm:ss) est. time remaining.
       99% completed,  00:0:24 (hh:mm:ss) est. time remaining.
       99% completed,  00:0:24 (hh:mm:ss) est. time remaining.
       99% completed,  00:0:24 (hh:mm:ss) est. time remaining.
       99% completed,  00:0:23 (hh:mm:ss) est. time remaining.
       99% completed,  00:0:23 (hh:mm:ss) est. time remaining.
       99% completed,  00:0:22 (hh:mm:ss) est. time remaining.
       99% completed,  00:0:22 (hh:mm:ss) est. time remaining.
       99% completed,  00:0:22 (hh:mm:ss) est. time remaining.
       99% completed,  00:0:21 (hh:mm:ss) est. time remaining.
       99% completed,  00:0:21 (hh:mm:ss) est. time remaining.
       99% completed,  00:0:20 (hh:mm:ss) est. time remaining.
       99% completed,  00:0:20 (hh:mm:ss) est. time remaining.
       99% completed,  00:0:20 (hh:mm:ss) est. time remaining.
       99% completed,  00:0:19 (hh:mm:ss) est. time remaining.
       99% completed,  00:0:19 (hh:mm:ss) est. time remaining.
       99% completed,  00:0:19 (hh:mm:ss) est. time remaining.
       99% completed,  00:0:18 (hh:mm:ss) est. time remaining.
       99% completed,  00:0:18 (hh:mm:ss) est. time remaining.
       99% completed,  00:0:17 (hh:mm:ss) est. time remaining.
       99% completed,  00:0:17 (hh:mm:ss) est. time remaining.
       99% completed,  00:0:17 (hh:mm:ss) est. time remaining.
       99% completed,  00:0:16 (hh:mm:ss) est. time remaining.
       99% completed,  00:0:16 (hh:mm:ss) est. time remaining.
       99% completed,  00:0:16 (hh:mm:ss) est. time remaining.
       99% completed,  00:0:15 (hh:mm:ss) est. time remaining.
       99% completed,  00:0:15 (hh:mm:ss) est. time remaining.
       99% completed,  00:0:15 (hh:mm:ss) est. time remaining.
       99% completed,  00:0:14 (hh:mm:ss) est. time remaining.
       99% completed,  00:0:14 (hh:mm:ss) est. time remaining.
       99% completed,  00:0:14 (hh:mm:ss) est. time remaining.
       99% completed,  00:0:13 (hh:mm:ss) est. time remaining.
       99% completed,  00:0:13 (hh:mm:ss) est. time remaining.
       99% completed,  00:0:13 (hh:mm:ss) est. time remaining.
       99% completed,  00:0:12 (hh:mm:ss) est. time remaining.
       99% completed,  00:0:12 (hh:mm:ss) est. time remaining.
       99% completed,  00:0:12 (hh:mm:ss) est. time remaining.
       99% completed,  00:0:12 (hh:mm:ss) est. time remaining.
       99% completed,  00:0:11 (hh:mm:ss) est. time remaining.
       99% completed,  00:0:11 (hh:mm:ss) est. time remaining.
       99% completed,  00:0:11 (hh:mm:ss) est. time remaining.
       99% completed,  00:0:10 (hh:mm:ss) est. time remaining.
       99% completed,  00:0:10 (hh:mm:ss) est. time remaining.
       99% completed,  00:0:10 (hh:mm:ss) est. time remaining.
       99% completed,  00:0:10 (hh:mm:ss) est. time remaining.
       99% completed,  00:0:09 (hh:mm:ss) est. time remaining.
       99% completed,  00:0:09 (hh:mm:ss) est. time remaining.
       99% completed,  00:0:09 (hh:mm:ss) est. time remaining.
       99% completed,  00:0:09 (hh:mm:ss) est. time remaining.
       99% completed,  00:0:08 (hh:mm:ss) est. time remaining.
       99% completed,  00:0:08 (hh:mm:ss) est. time remaining.
       99% completed,  00:0:08 (hh:mm:ss) est. time remaining.
       99% completed,  00:0:08 (hh:mm:ss) est. time remaining.
       99% completed,  00:0:07 (hh:mm:ss) est. time remaining.
       99% completed,  00:0:07 (hh:mm:ss) est. time remaining.
       99% completed,  00:0:07 (hh:mm:ss) est. time remaining.
       99% completed,  00:0:07 (hh:mm:ss) est. time remaining.
       99% completed,  00:0:06 (hh:mm:ss) est. time remaining.
       99% completed,  00:0:06 (hh:mm:ss) est. time remaining.
       99% completed,  00:0:06 (hh:mm:ss) est. time remaining.
       99% completed,  00:0:06 (hh:mm:ss) est. time remaining.
       99% completed,  00:0:06 (hh:mm:ss) est. time remaining.
       99% completed,  00:0:05 (hh:mm:ss) est. time remaining.
       99% completed,  00:0:05 (hh:mm:ss) est. time remaining.
       99% completed,  00:0:05 (hh:mm:ss) est. time remaining.
       99% completed,  00:0:05 (hh:mm:ss) est. time remaining.
       99% completed,  00:0:05 (hh:mm:ss) est. time remaining.
       99% completed,  00:0:04 (hh:mm:ss) est. time remaining.
       99% completed,  00:0:04 (hh:mm:ss) est. time remaining.
       99% completed,  00:0:04 (hh:mm:ss) est. time remaining.
       99% completed,  00:0:04 (hh:mm:ss) est. time remaining.
       99% completed,  00:0:04 (hh:mm:ss) est. time remaining.
       99% completed,  00:0:04 (hh:mm:ss) est. time remaining.
       99% completed,  00:0:03 (hh:mm:ss) est. time remaining.
       99% completed,  00:0:03 (hh:mm:ss) est. time remaining.
       99% completed,  00:0:03 (hh:mm:ss) est. time remaining.
       99% completed,  00:0:03 (hh:mm:ss) est. time remaining.
       99% completed,  00:0:03 (hh:mm:ss) est. time remaining.
       99% completed,  00:0:03 (hh:mm:ss) est. time remaining.
       99% completed,  00:0:02 (hh:mm:ss) est. time remaining.
       99% completed,  00:0:02 (hh:mm:ss) est. time remaining.
       99% completed,  00:0:02 (hh:mm:ss) est. time remaining.
       99% completed,  00:0:02 (hh:mm:ss) est. time remaining.
       99% completed,  00:0:02 (hh:mm:ss) est. time remaining.
       99% completed,  00:0:02 (hh:mm:ss) est. time remaining.
       99% completed,  00:0:02 (hh:mm:ss) est. time remaining.
       99% completed,  00:0:01 (hh:mm:ss) est. time remaining.
       99% completed,  00:0:01 (hh:mm:ss) est. time remaining.
       99% completed,  00:0:01 (hh:mm:ss) est. time remaining.
       99% completed,  00:0:01 (hh:mm:ss) est. time remaining.
       99% completed,  00:0:01 (hh:mm:ss) est. time remaining.
       99% completed,  00:0:01 (hh:mm:ss) est. time remaining.
       99% completed,  00:0:01 (hh:mm:ss) est. time remaining.
       99% completed,  00:0:01 (hh:mm:ss) est. time remaining.
       99% completed,  00:0:01 (hh:mm:ss) est. time remaining.
       99% completed,  00:0:01 (hh:mm:ss) est. time remaining.
       99% completed,  00:0:00 (hh:mm:ss) est. time remaining.
       99% completed,  00:0:00 (hh:mm:ss) est. time remaining.
       99% completed,  00:0:00 (hh:mm:ss) est. time remaining.
       99% completed,  00:0:00 (hh:mm:ss) est. time remaining.
       99% completed,  00:0:00 (hh:mm:ss) est. time remaining.
       99% completed,  00:0:00 (hh:mm:ss) est. time remaining.
       99% completed,  00:0:00 (hh:mm:ss) est. time remaining.
       99% completed,  00:0:00 (hh:mm:ss) est. time remaining.
       99% completed,  00:0:00 (hh:mm:ss) est. time remaining.
       99% completed,  00:0:00 (hh:mm:ss) est. time remaining.
       99% completed,  00:0:00 (hh:mm:ss) est. time remaining.
       99% completed,  00:0:00 (hh:mm:ss) est. time remaining.
       99% completed,  00:0:00 (hh:mm:ss) est. time remaining.
       99% completed,  00:0:00 (hh:mm:ss) est. time remaining.
       99% completed,  00:0:00 (hh:mm:ss) est. time remaining.
       99% completed,  00:0:00 (hh:mm:ss) est. time remaining.
       99% completed,  00:0:00 (hh:mm:ss) est. time remaining.
       99% completed,  00:0:00 (hh:mm:ss) est. time remaining.
       99% completed,  00:0:00 (hh:mm:ss) est. time remaining.
       99% completed,  00:0:00 (hh:mm:ss) est. time remaining.
       99% completed,  00:0:00 (hh:mm:ss) est. time remaining.
       99% completed,  00:0:00 (hh:mm:ss) est. time remaining.
       99% completed,  00:0:00 (hh:mm:ss) est. time remaining.
      100% completed,  00:0:00 (hh:mm:ss) est. time remaining.
Comparison Time: 02:01:45 (hh:mm:ss) Elapsed Time, 229853 HSPs Collected
  - RECON: Running imagespread..
RECON Elapsed: 00:00:00 (hh:mm:ss) Elapsed Time
  - RECON: Running initial definition of elements ( eledef )..
RECON Elapsed: 00:00:04 (hh:mm:ss) Elapsed Time
  - RECON: Running re-definition of elements ( eleredef )..
RECON Elapsed: 00:01:13 (hh:mm:ss) Elapsed Time
  - RECON: Running re-definition of edges ( edgeredef )..
RECON Elapsed: 00:13:04 (hh:mm:ss) Elapsed Time
  - RECON: Running family definition ( famdef )..
RECON Elapsed: 00:00:02 (hh:mm:ss) Elapsed Time
  - Obtaining element sequences
Number of families returned by RECON: 11014
Processing families with greater than 15 elements

Processing RECON family: 144
  - Saving 153 elements
  - Refining family-144 model...

Processing RECON family: 92
  - Saving 131 elements
  - Refining family-92 model...

Processing RECON family: 757
  - Saving 115 elements
  - Refining family-757 model...

Processing RECON family: 146
  - Saving 92 elements
  - Refining family-146 model...

Processing RECON family: 380
  - Saving 87 elements
  - Refining family-380 model...

Processing RECON family: 446
  - Saving 77 elements
  - Refining family-446 model...

Processing RECON family: 916
  - Saving 74 elements
  - Refining family-916 model...

Processing RECON family: 387
  - Saving 73 elements
  - Refining family-387 model...

Processing RECON family: 867
  - Saving 72 elements
  - Refining family-867 model...

Processing RECON family: 1045
  - Saving 70 elements
  - Refining family-1045 model...

Processing RECON family: 1558
  - Saving 66 elements
  - Refining family-1558 model...

Processing RECON family: 810
  - Saving 63 elements
  - Refining family-810 model...

Processing RECON family: 687
  - Saving 62 elements
  - Refining family-687 model...

Processing RECON family: 158
  - Saving 58 elements
  - Refining family-158 model...

Processing RECON family: 9
  - Saving 56 elements
  - Refining family-9 model...

Processing RECON family: 833
  - Saving 56 elements
  - Refining family-833 model...

Processing RECON family: 69
  - Saving 55 elements
  - Refining family-69 model...

Processing RECON family: 249
  - Saving 55 elements
  - Refining family-249 model...

Processing RECON family: 103
  - Saving 54 elements
  - Refining family-103 model...

Processing RECON family: 75
  - Saving 54 elements
  - Refining family-75 model...

Processing RECON family: 456
  - Saving 54 elements
  - Refining family-456 model...

Processing RECON family: 124
  - Saving 54 elements
  - Refining family-124 model...

Processing RECON family: 3029
  - Saving 53 elements
  - Refining family-3029 model...

Processing RECON family: 1189
  - Saving 53 elements
  - Refining family-1189 model...

Processing RECON family: 289
  - Saving 50 elements
  - Refining family-289 model...

Processing RECON family: 1878
  - Saving 49 elements
  - Refining family-1878 model...

Processing RECON family: 100
  - Saving 49 elements
  - Refining family-100 model...

Processing RECON family: 174
  - Saving 49 elements
  - Refining family-174 model...

Processing RECON family: 1813
  - Saving 48 elements
  - Refining family-1813 model...

Processing RECON family: 154
  - Saving 46 elements
  - Refining family-154 model...

Processing RECON family: 2408
  - Saving 45 elements
  - Refining family-2408 model...

Processing RECON family: 260
  - Saving 45 elements
  - Refining family-260 model...

Processing RECON family: 447
  - Saving 44 elements
  - Refining family-447 model...

Processing RECON family: 255
  - Saving 44 elements
  - Refining family-255 model...

Processing RECON family: 2606
  - Saving 41 elements
  - Refining family-2606 model...

Processing RECON family: 2341
  - Saving 41 elements
  - Refining family-2341 model...

Processing RECON family: 1021
  - Saving 41 elements
  - Refining family-1021 model...

Processing RECON family: 845
  - Saving 41 elements
  - Refining family-845 model...

Processing RECON family: 1222
  - Saving 41 elements
  - Refining family-1222 model...

Processing RECON family: 2384
  - Saving 40 elements
  - Refining family-2384 model...

Processing RECON family: 512
  - Saving 40 elements
  - Refining family-512 model...

Processing RECON family: 215
  - Saving 40 elements
  - Refining family-215 model...

Processing RECON family: 295
  - Saving 40 elements
  - Refining family-295 model...

Processing RECON family: 31
  - Saving 39 elements
  - Refining family-31 model...

Processing RECON family: 1051
  - Saving 39 elements
  - Refining family-1051 model...

Processing RECON family: 3521
  - Saving 39 elements
  - Refining family-3521 model...

Processing RECON family: 4908
  - Saving 37 elements
  - Refining family-4908 model...

Processing RECON family: 989
  - Saving 37 elements
  - Refining family-989 model...

Processing RECON family: 875
  - Saving 37 elements
  - Refining family-875 model...

Processing RECON family: 105
  - Saving 37 elements
  - Refining family-105 model...

Processing RECON family: 4007
  - Saving 37 elements
  - Refining family-4007 model...

Processing RECON family: 933
  - Saving 37 elements
  - Refining family-933 model...

Processing RECON family: 294
  - Saving 36 elements
  - Refining family-294 model...

Processing RECON family: 762
  - Saving 36 elements
  - Refining family-762 model...

Processing RECON family: 223
  - Saving 36 elements
  - Refining family-223 model...

Processing RECON family: 1867
  - Saving 36 elements
  - Refining family-1867 model...

Processing RECON family: 1117
  - Saving 36 elements
  - Refining family-1117 model...

Processing RECON family: 842
  - Saving 35 elements
  - Refining family-842 model...

Processing RECON family: 496
  - Saving 35 elements
  - Refining family-496 model...

Processing RECON family: 1951
  - Saving 35 elements
  - Refining family-1951 model...

Processing RECON family: 1847
  - Saving 35 elements
  - Refining family-1847 model...

Processing RECON family: 1326
  - Saving 35 elements
  - Refining family-1326 model...

Processing RECON family: 2543
  - Saving 35 elements
  - Refining family-2543 model...

Processing RECON family: 88
  - Saving 35 elements
  - Refining family-88 model...

Processing RECON family: 115
  - Saving 35 elements
  - Refining family-115 model...

Processing RECON family: 367
  - Saving 35 elements
  - Refining family-367 model...

Processing RECON family: 886
  - Saving 34 elements
  - Refining family-886 model...

Processing RECON family: 1638
  - Saving 34 elements
  - Refining family-1638 model...

Processing RECON family: 514
  - Saving 34 elements
  - Refining family-514 model...

Processing RECON family: 1505
  - Saving 34 elements
  - Refining family-1505 model...

Processing RECON family: 747
  - Saving 34 elements
  - Refining family-747 model...

Processing RECON family: 1807
  - Saving 34 elements
  - Refining family-1807 model...

Processing RECON family: 46
  - Saving 34 elements
  - Refining family-46 model...

Processing RECON family: 413
  - Saving 34 elements
  - Refining family-413 model...

Processing RECON family: 1245
  - Saving 34 elements
  - Refining family-1245 model...

Processing RECON family: 752
  - Saving 33 elements
  - Refining family-752 model...

Processing RECON family: 2550
  - Saving 33 elements
  - Refining family-2550 model...

Processing RECON family: 2918
  - Saving 33 elements
  - Refining family-2918 model...

Processing RECON family: 3281
  - Saving 33 elements
  - Refining family-3281 model...

Processing RECON family: 8257
  - Saving 33 elements
  - Refining family-8257 model...

Processing RECON family: 1075
  - Saving 33 elements
  - Refining family-1075 model...

Processing RECON family: 3195
  - Saving 33 elements
  - Refining family-3195 model...

Processing RECON family: 389
  - Saving 32 elements
  - Refining family-389 model...

Processing RECON family: 2050
  - Saving 32 elements
  - Refining family-2050 model...

Processing RECON family: 4016
  - Saving 32 elements
  - Refining family-4016 model...

Processing RECON family: 1343
  - Saving 32 elements
  - Refining family-1343 model...

Processing RECON family: 1512
  - Saving 32 elements
  - Refining family-1512 model...

Processing RECON family: 2850
  - Saving 32 elements
  - Refining family-2850 model...

Processing RECON family: 2409
  - Saving 32 elements
  - Refining family-2409 model...

Processing RECON family: 1883
  - Saving 32 elements
  - Refining family-1883 model...

Processing RECON family: 373
  - Saving 32 elements
  - Refining family-373 model...

Processing RECON family: 424
  - Saving 31 elements
  - Refining family-424 model...

Processing RECON family: 576
  - Saving 31 elements
  - Refining family-576 model...

Processing RECON family: 830
  - Saving 31 elements
  - Refining family-830 model...

Processing RECON family: 86
  - Saving 31 elements
  - Refining family-86 model...

Processing RECON family: 656
  - Saving 31 elements
  - Refining family-656 model...

Processing RECON family: 1353
  - Saving 31 elements
  - Refining family-1353 model...

Processing RECON family: 2
  - Saving 31 elements
  - Refining family-2 model...

Processing RECON family: 3870
  - Saving 31 elements
  - Refining family-3870 model...

Processing RECON family: 501
  - Saving 30 elements
  - Refining family-501 model...

Processing RECON family: 9438
  - Saving 30 elements
  - Refining family-9438 model...

Processing RECON family: 2645
  - Saving 30 elements
  - Refining family-2645 model...

Processing RECON family: 268
  - Saving 30 elements
  - Refining family-268 model...

Processing RECON family: 348
  - Saving 30 elements
  - Refining family-348 model...

Processing RECON family: 3718
  - Saving 30 elements
  - Refining family-3718 model...

Processing RECON family: 2095
  - Saving 30 elements
  - Refining family-2095 model...

Processing RECON family: 566
  - Saving 30 elements
  - Refining family-566 model...

Processing RECON family: 8356
  - Saving 30 elements
  - Refining family-8356 model...

Processing RECON family: 753
  - Saving 29 elements
  - Refining family-753 model...

Processing RECON family: 608
  - Saving 29 elements
  - Refining family-608 model...

Processing RECON family: 1321
  - Saving 29 elements
  - Refining family-1321 model...

Processing RECON family: 837
  - Saving 29 elements
  - Refining family-837 model...

Processing RECON family: 616
  - Saving 29 elements
  - Refining family-616 model...

Processing RECON family: 2491
  - Saving 29 elements
  - Refining family-2491 model...

Processing RECON family: 493
  - Saving 29 elements
  - Refining family-493 model...

Processing RECON family: 1499
  - Saving 29 elements
  - Refining family-1499 model...

Processing RECON family: 573
  - Saving 29 elements
  - Refining family-573 model...

Processing RECON family: 1690
  - Saving 28 elements
  - Refining family-1690 model...

Processing RECON family: 863
  - Saving 28 elements
  - Refining family-863 model...

Processing RECON family: 1164
  - Saving 28 elements
  - Refining family-1164 model...

Processing RECON family: 567
  - Saving 28 elements
  - Refining family-567 model...

Processing RECON family: 1664
  - Saving 28 elements
  - Refining family-1664 model...

Processing RECON family: 283
  - Saving 28 elements
  - Refining family-283 model...

Processing RECON family: 2749
  - Saving 28 elements
  - Refining family-2749 model...

Processing RECON family: 315
  - Saving 28 elements
  - Refining family-315 model...

Processing RECON family: 1554
  - Saving 28 elements
  - Refining family-1554 model...

Processing RECON family: 1337
  - Saving 27 elements
  - Refining family-1337 model...

Processing RECON family: 302
  - Saving 27 elements
  - Refining family-302 model...

Processing RECON family: 3032
  - Saving 27 elements
  - Refining family-3032 model...

Processing RECON family: 4777
  - Saving 27 elements
  - Refining family-4777 model...

Processing RECON family: 1862
  - Saving 27 elements
  - Refining family-1862 model...

Processing RECON family: 253
  - Saving 27 elements
  - Refining family-253 model...

Processing RECON family: 219
  - Saving 27 elements
  - Refining family-219 model...

Processing RECON family: 584
  - Saving 27 elements
  - Refining family-584 model...

Processing RECON family: 4278
  - Saving 27 elements
  - Refining family-4278 model...

Processing RECON family: 251
  - Saving 26 elements
  - Refining family-251 model...

Processing RECON family: 935
  - Saving 26 elements
  - Refining family-935 model...

Processing RECON family: 3557
  - Saving 26 elements
  - Refining family-3557 model...

Processing RECON family: 1428
  - Saving 26 elements
  - Refining family-1428 model...

Processing RECON family: 321
  - Saving 26 elements
  - Refining family-321 model...

Processing RECON family: 4118
  - Saving 26 elements
  - Refining family-4118 model...

Processing RECON family: 1200
  - Saving 26 elements
  - Refining family-1200 model...

Processing RECON family: 1257
  - Saving 26 elements
  - Refining family-1257 model...

Processing RECON family: 184
  - Saving 26 elements
  - Refining family-184 model...

Processing RECON family: 479
  - Saving 26 elements
  - Refining family-479 model...

Processing RECON family: 429
  - Saving 26 elements
  - Refining family-429 model...

Processing RECON family: 511
  - Saving 25 elements
  - Refining family-511 model...

Processing RECON family: 16
  - Saving 25 elements
  - Refining family-16 model...

Processing RECON family: 2208
  - Saving 25 elements
  - Refining family-2208 model...

Processing RECON family: 4314
  - Saving 25 elements
  - Refining family-4314 model...

Processing RECON family: 787
  - Saving 25 elements
  - Refining family-787 model...

Processing RECON family: 4175
  - Saving 25 elements
  - Refining family-4175 model...

Processing RECON family: 754
  - Saving 25 elements
  - Refining family-754 model...

Processing RECON family: 1135
  - Saving 25 elements
  - Refining family-1135 model...

Processing RECON family: 3129
  - Saving 25 elements
  - Refining family-3129 model...

Processing RECON family: 212
  - Saving 25 elements
  - Refining family-212 model...

Processing RECON family: 582
  - Saving 25 elements
  - Refining family-582 model...

Processing RECON family: 250
  - Saving 25 elements
  - Refining family-250 model...

Processing RECON family: 1371
  - Saving 25 elements
  - Refining family-1371 model...

Processing RECON family: 2565
  - Saving 25 elements
  - Refining family-2565 model...

Processing RECON family: 4622
  - Saving 25 elements
  - Refining family-4622 model...

Processing RECON family: 1585
  - Saving 25 elements
  - Refining family-1585 model...

Processing RECON family: 1590
  - Saving 24 elements
  - Refining family-1590 model...

Processing RECON family: 764
  - Saving 24 elements
  - Refining family-764 model...

Processing RECON family: 129
  - Saving 24 elements
  - Refining family-129 model...

Processing RECON family: 587
  - Saving 24 elements
  - Refining family-587 model...

Processing RECON family: 936
  - Saving 24 elements
  - Refining family-936 model...

Processing RECON family: 2275
  - Saving 24 elements
  - Refining family-2275 model...

Processing RECON family: 1816
  - Saving 24 elements
  - Refining family-1816 model...

Processing RECON family: 19
  - Saving 24 elements
  - Refining family-19 model...

Processing RECON family: 513
  - Saving 24 elements
  - Refining family-513 model...

Processing RECON family: 977
  - Saving 24 elements
  - Refining family-977 model...

Processing RECON family: 1002
  - Saving 24 elements
  - Refining family-1002 model...

Processing RECON family: 209
  - Saving 24 elements
  - Refining family-209 model...

Processing RECON family: 476
  - Saving 24 elements
  - Refining family-476 model...

Processing RECON family: 1036
  - Saving 24 elements
  - Refining family-1036 model...

Processing RECON family: 856
  - Saving 24 elements
  - Refining family-856 model...

Processing RECON family: 164
  - Saving 23 elements
  - Refining family-164 model...

Processing RECON family: 657
  - Saving 23 elements
  - Refining family-657 model...

Processing RECON family: 4845
  - Saving 23 elements
  - Refining family-4845 model...

Processing RECON family: 1368
  - Saving 23 elements
  - Refining family-1368 model...

Processing RECON family: 2649
  - Saving 23 elements
  - Refining family-2649 model...

Processing RECON family: 914
  - Saving 23 elements
  - Refining family-914 model...

Processing RECON family: 2460
  - Saving 23 elements
  - Refining family-2460 model...

Processing RECON family: 4489
  - Saving 23 elements
  - Refining family-4489 model...

Processing RECON family: 8636
  - Saving 23 elements
  - Refining family-8636 model...

Processing RECON family: 4323
  - Saving 23 elements
  - Refining family-4323 model...

Processing RECON family: 2054
  - Saving 23 elements
  - Refining family-2054 model...

Processing RECON family: 934
  - Saving 23 elements
  - Refining family-934 model...

Processing RECON family: 53
  - Saving 23 elements
  - Refining family-53 model...

Processing RECON family: 3377
  - Saving 23 elements
  - Refining family-3377 model...

Processing RECON family: 4086
  - Saving 23 elements
  - Refining family-4086 model...

Processing RECON family: 6914
  - Saving 23 elements
  - Refining family-6914 model...

Processing RECON family: 4285
  - Saving 23 elements
  - Refining family-4285 model...

Processing RECON family: 3900
  - Saving 22 elements
  - Refining family-3900 model...

Processing RECON family: 2976
  - Saving 22 elements
  - Refining family-2976 model...

Processing RECON family: 696
  - Saving 22 elements
  - Refining family-696 model...

Processing RECON family: 912
  - Saving 22 elements
  - Refining family-912 model...

Processing RECON family: 3901
  - Saving 22 elements
  - Refining family-3901 model...

Processing RECON family: 277
  - Saving 22 elements
  - Refining family-277 model...

Processing RECON family: 3106
  - Saving 22 elements
  - Refining family-3106 model...

Processing RECON family: 6004
  - Saving 22 elements
  - Refining family-6004 model...

Processing RECON family: 3577
  - Saving 22 elements
  - Refining family-3577 model...

Processing RECON family: 1163
  - Saving 22 elements
  - Refining family-1163 model...

Processing RECON family: 5
  - Saving 22 elements
  - Refining family-5 model...

Processing RECON family: 1141
  - Saving 22 elements
  - Refining family-1141 model...

Processing RECON family: 439
  - Saving 22 elements
  - Refining family-439 model...

Processing RECON family: 1322
  - Saving 22 elements
  - Refining family-1322 model...

Processing RECON family: 2381
  - Saving 22 elements
  - Refining family-2381 model...

Processing RECON family: 5198
  - Saving 22 elements
  - Refining family-5198 model...

Processing RECON family: 651
  - Saving 22 elements
  - Refining family-651 model...

Processing RECON family: 558
  - Saving 22 elements
  - Refining family-558 model...

Processing RECON family: 1937
  - Saving 22 elements
  - Refining family-1937 model...

Processing RECON family: 547
  - Saving 22 elements
  - Refining family-547 model...

Processing RECON family: 1968
  - Saving 22 elements
  - Refining family-1968 model...

Processing RECON family: 675
  - Saving 22 elements
  - Refining family-675 model...

Processing RECON family: 662
  - Saving 22 elements
  - Refining family-662 model...

Processing RECON family: 1274
  - Saving 21 elements
  - Refining family-1274 model...

Processing RECON family: 1528
  - Saving 21 elements
  - Refining family-1528 model...

Processing RECON family: 7951
  - Saving 21 elements
  - Refining family-7951 model...

Processing RECON family: 5237
  - Saving 21 elements
  - Refining family-5237 model...

Processing RECON family: 2949
  - Saving 21 elements
  - Refining family-2949 model...

Processing RECON family: 1864
  - Saving 21 elements
  - Refining family-1864 model...

Processing RECON family: 2653
  - Saving 21 elements
  - Refining family-2653 model...

Processing RECON family: 5960
  - Saving 21 elements
  - Refining family-5960 model...

Processing RECON family: 988
  - Saving 21 elements
  - Refining family-988 model...

Processing RECON family: 650
  - Saving 21 elements
  - Refining family-650 model...

Processing RECON family: 3677
  - Saving 21 elements
  - Refining family-3677 model...

Processing RECON family: 1355
  - Saving 21 elements
  - Refining family-1355 model...

Processing RECON family: 1935
  - Saving 21 elements
  - Refining family-1935 model...

Processing RECON family: 1508
  - Saving 21 elements
  - Refining family-1508 model...

Processing RECON family: 1041
  - Saving 21 elements
  - Refining family-1041 model...

Processing RECON family: 397
  - Saving 21 elements
  - Refining family-397 model...

Processing RECON family: 3712
  - Saving 21 elements
  - Refining family-3712 model...

Processing RECON family: 1251
  - Saving 21 elements
  - Refining family-1251 model...

Processing RECON family: 259
  - Saving 21 elements
  - Refining family-259 model...

Processing RECON family: 906
  - Saving 21 elements
  - Refining family-906 model...

Processing RECON family: 358
  - Saving 21 elements
  - Refining family-358 model...

Processing RECON family: 382
  - Saving 21 elements
  - Refining family-382 model...

Processing RECON family: 4090
  - Saving 21 elements
  - Refining family-4090 model...

Processing RECON family: 6061
  - Saving 21 elements
  - Refining family-6061 model...

Processing RECON family: 3845
  - Saving 21 elements
  - Refining family-3845 model...

Processing RECON family: 2247
  - Saving 20 elements
  - Refining family-2247 model...

Processing RECON family: 3570
  - Saving 20 elements
  - Refining family-3570 model...

Processing RECON family: 5087
  - Saving 20 elements
  - Refining family-5087 model...

Processing RECON family: 391
  - Saving 20 elements
  - Refining family-391 model...

Processing RECON family: 3795
  - Saving 20 elements
  - Refining family-3795 model...

Processing RECON family: 378
  - Saving 20 elements
  - Refining family-378 model...

Processing RECON family: 326
  - Saving 20 elements
  - Refining family-326 model...

Processing RECON family: 3006
  - Saving 20 elements
  - Refining family-3006 model...

Processing RECON family: 230
  - Saving 20 elements
  - Refining family-230 model...

Processing RECON family: 531
  - Saving 20 elements
  - Refining family-531 model...

Processing RECON family: 282
  - Saving 20 elements
  - Refining family-282 model...

Processing RECON family: 207
  - Saving 20 elements
  - Refining family-207 model...

Processing RECON family: 3940
  - Saving 20 elements
  - Refining family-3940 model...

Processing RECON family: 1498
  - Saving 20 elements
  - Refining family-1498 model...

Processing RECON family: 435
  - Saving 20 elements
  - Refining family-435 model...

Processing RECON family: 2088
  - Saving 20 elements
  - Refining family-2088 model...

Processing RECON family: 1562
  - Saving 20 elements
  - Refining family-1562 model...

Processing RECON family: 173
  - Saving 20 elements
  - Refining family-173 model...

Processing RECON family: 477
  - Saving 20 elements
  - Refining family-477 model...

Processing RECON family: 1588
  - Saving 20 elements
  - Refining family-1588 model...

Processing RECON family: 614
  - Saving 20 elements
  - Refining family-614 model...

Processing RECON family: 372
  - Saving 20 elements
  - Refining family-372 model...

Processing RECON family: 960
  - Saving 20 elements
  - Refining family-960 model...

Processing RECON family: 1318
  - Saving 20 elements
  - Refining family-1318 model...

Processing RECON family: 2494
  - Saving 20 elements
  - Refining family-2494 model...

Processing RECON family: 652
  - Saving 20 elements
  - Refining family-652 model...

Processing RECON family: 1873
  - Saving 20 elements
  - Refining family-1873 model...

Processing RECON family: 1707
  - Saving 20 elements
  - Refining family-1707 model...

Processing RECON family: 2472
  - Saving 20 elements
  - Refining family-2472 model...

Processing RECON family: 4405
  - Saving 19 elements
  - Refining family-4405 model...

Processing RECON family: 94
  - Saving 19 elements
  - Refining family-94 model...

Processing RECON family: 4937
  - Saving 19 elements
  - Refining family-4937 model...

Processing RECON family: 4140
  - Saving 19 elements
  - Refining family-4140 model...

Processing RECON family: 3415
  - Saving 19 elements
  - Refining family-3415 model...

Processing RECON family: 844
  - Saving 19 elements
  - Refining family-844 model...

Processing RECON family: 704
  - Saving 19 elements
  - Refining family-704 model...

Processing RECON family: 1789
  - Saving 19 elements
  - Refining family-1789 model...

Processing RECON family: 201
  - Saving 19 elements
  - Refining family-201 model...

Processing RECON family: 607
  - Saving 19 elements
  - Refining family-607 model...

Processing RECON family: 1642
  - Saving 19 elements
  - Refining family-1642 model...

Processing RECON family: 684
  - Saving 19 elements
  - Refining family-684 model...

Processing RECON family: 851
  - Saving 19 elements
  - Refining family-851 model...

Processing RECON family: 3398
  - Saving 19 elements
  - Refining family-3398 model...

Processing RECON family: 2153
  - Saving 19 elements
  - Refining family-2153 model...

Processing RECON family: 2977
  - Saving 19 elements
  - Refining family-2977 model...

Processing RECON family: 499
  - Saving 19 elements
  - Refining family-499 model...

Processing RECON family: 985
  - Saving 19 elements
  - Refining family-985 model...

Processing RECON family: 2525
  - Saving 19 elements
  - Refining family-2525 model...

Processing RECON family: 400
  - Saving 19 elements
  - Refining family-400 model...

Processing RECON family: 344
  - Saving 19 elements
  - Refining family-344 model...

Processing RECON family: 1323
  - Saving 19 elements
  - Refining family-1323 model...

Processing RECON family: 3958
  - Saving 19 elements
  - Refining family-3958 model...

Processing RECON family: 996
  - Saving 19 elements
  - Refining family-996 model...

Processing RECON family: 5256
  - Saving 19 elements
  - Refining family-5256 model...

Processing RECON family: 1978
  - Saving 19 elements
  - Refining family-1978 model...

Processing RECON family: 840
  - Saving 19 elements
  - Refining family-840 model...

Processing RECON family: 1348
  - Saving 19 elements
  - Refining family-1348 model...

Processing RECON family: 3472
  - Saving 19 elements
  - Refining family-3472 model...

Processing RECON family: 6422
  - Saving 19 elements
  - Refining family-6422 model...

Processing RECON family: 290
  - Saving 19 elements
  - Refining family-290 model...

Processing RECON family: 2117
  - Saving 19 elements
  - Refining family-2117 model...

Processing RECON family: 3069
  - Saving 19 elements
  - Refining family-3069 model...

Processing RECON family: 909
  - Saving 19 elements
  - Refining family-909 model...

Processing RECON family: 3492
  - Saving 19 elements
  - Refining family-3492 model...

Processing RECON family: 266
  - Saving 19 elements
  - Refining family-266 model...

Processing RECON family: 436
  - Saving 19 elements
  - Refining family-436 model...

Processing RECON family: 2215
  - Saving 19 elements
  - Refining family-2215 model...

Processing RECON family: 271
  - Saving 19 elements
  - Refining family-271 model...

Processing RECON family: 881
  - Saving 19 elements
  - Refining family-881 model...

Processing RECON family: 1876
  - Saving 19 elements
  - Refining family-1876 model...

Processing RECON family: 1550
  - Saving 18 elements
  - Refining family-1550 model...

Processing RECON family: 2444
  - Saving 18 elements
  - Refining family-2444 model...

Processing RECON family: 1304
  - Saving 18 elements
  - Refining family-1304 model...

Processing RECON family: 801
  - Saving 18 elements
  - Refining family-801 model...

Processing RECON family: 113
  - Saving 18 elements
  - Refining family-113 model...

Processing RECON family: 843
  - Saving 18 elements
  - Refining family-843 model...

Processing RECON family: 1029
  - Saving 18 elements
  - Refining family-1029 model...

Processing RECON family: 238
  - Saving 18 elements
  - Refining family-238 model...

Processing RECON family: 2087
  - Saving 18 elements
  - Refining family-2087 model...

Processing RECON family: 3938
  - Saving 18 elements
  - Refining family-3938 model...

Processing RECON family: 3473
  - Saving 18 elements
  - Refining family-3473 model...

Processing RECON family: 2481
  - Saving 18 elements
  - Refining family-2481 model...

Processing RECON family: 1432
  - Saving 18 elements
  - Refining family-1432 model...

Processing RECON family: 392
  - Saving 18 elements
  - Refining family-392 model...

Processing RECON family: 2207
  - Saving 18 elements
  - Refining family-2207 model...

Processing RECON family: 4311
  - Saving 18 elements
  - Refining family-4311 model...

Processing RECON family: 350
  - Saving 18 elements
  - Refining family-350 model...

Processing RECON family: 3943
  - Saving 18 elements
  - Refining family-3943 model...

Processing RECON family: 973
  - Saving 18 elements
  - Refining family-973 model...

Processing RECON family: 507
  - Saving 18 elements
  - Refining family-507 model...

Processing RECON family: 1877
  - Saving 18 elements
  - Refining family-1877 model...

Processing RECON family: 246
  - Saving 18 elements
  - Refining family-246 model...

Processing RECON family: 4346
  - Saving 18 elements
  - Refining family-4346 model...

Processing RECON family: 1530
  - Saving 18 elements
  - Refining family-1530 model...

Processing RECON family: 5974
  - Saving 18 elements
  - Refining family-5974 model...

Processing RECON family: 653
  - Saving 18 elements
  - Refining family-653 model...

Processing RECON family: 1120
  - Saving 18 elements
  - Refining family-1120 model...

Processing RECON family: 1099
  - Saving 18 elements
  - Refining family-1099 model...

Processing RECON family: 190
  - Saving 18 elements
  - Refining family-190 model...

Processing RECON family: 938
  - Saving 17 elements
  - Refining family-938 model...

Processing RECON family: 2587
  - Saving 17 elements
  - Refining family-2587 model...

Processing RECON family: 1894
  - Saving 17 elements
  - Refining family-1894 model...

Processing RECON family: 3884
  - Saving 17 elements
  - Refining family-3884 model...

Processing RECON family: 2450
  - Saving 17 elements
  - Refining family-2450 model...

Processing RECON family: 1347
  - Saving 17 elements
  - Refining family-1347 model...

Processing RECON family: 385
  - Saving 17 elements
  - Refining family-385 model...

Processing RECON family: 3524
  - Saving 17 elements
  - Refining family-3524 model...

Processing RECON family: 2798
  - Saving 17 elements
  - Refining family-2798 model...

Processing RECON family: 3320
  - Saving 17 elements
  - Refining family-3320 model...

Processing RECON family: 466
  - Saving 17 elements
  - Refining family-466 model...

Processing RECON family: 2053
  - Saving 17 elements
  - Refining family-2053 model...

Processing RECON family: 564
  - Saving 17 elements
  - Refining family-564 model...

Processing RECON family: 1983
  - Saving 17 elements
  - Refining family-1983 model...

Processing RECON family: 737
  - Saving 17 elements
  - Refining family-737 model...

Processing RECON family: 4562
  - Saving 17 elements
  - Refining family-4562 model...

Processing RECON family: 1395
  - Saving 17 elements
  - Refining family-1395 model...

Processing RECON family: 2937
  - Saving 17 elements
  - Refining family-2937 model...

Processing RECON family: 974
  - Saving 17 elements
  - Refining family-974 model...

Processing RECON family: 1777
  - Saving 17 elements
  - Refining family-1777 model...

Processing RECON family: 5421
  - Saving 17 elements
  - Refining family-5421 model...

Processing RECON family: 1504
  - Saving 17 elements
  - Refining family-1504 model...

Processing RECON family: 371
  - Saving 17 elements
  - Refining family-371 model...

Processing RECON family: 208
  - Saving 17 elements
  - Refining family-208 model...

Processing RECON family: 2728
  - Saving 17 elements
  - Refining family-2728 model...

Processing RECON family: 3410
  - Saving 17 elements
  - Refining family-3410 model...

Processing RECON family: 755
  - Saving 17 elements
  - Refining family-755 model...

Processing RECON family: 3099
  - Saving 17 elements
  - Refining family-3099 model...

Processing RECON family: 4817
  - Saving 17 elements
  - Refining family-4817 model...

Processing RECON family: 3776
  - Saving 17 elements
  - Refining family-3776 model...

Processing RECON family: 5537
  - Saving 17 elements
  - Refining family-5537 model...

Processing RECON family: 37
  - Saving 17 elements
  - Refining family-37 model...

Processing RECON family: 1735
  - Saving 17 elements
  - Refining family-1735 model...

Processing RECON family: 2367
  - Saving 17 elements
  - Refining family-2367 model...

Processing RECON family: 677
  - Saving 17 elements
  - Refining family-677 model...

Processing RECON family: 4282
  - Saving 17 elements
  - Refining family-4282 model...

Processing RECON family: 847
  - Saving 17 elements
  - Refining family-847 model...

Processing RECON family: 654
  - Saving 17 elements
  - Refining family-654 model...

Processing RECON family: 155
  - Saving 17 elements
  - Refining family-155 model...

Processing RECON family: 3468
  - Saving 17 elements
  - Refining family-3468 model...

Processing RECON family: 1180
  - Saving 16 elements
  - Refining family-1180 model...

Processing RECON family: 6276
  - Saving 16 elements
  - Refining family-6276 model...

Processing RECON family: 789
  - Saving 16 elements
  - Refining family-789 model...

Processing RECON family: 1167
  - Saving 16 elements
  - Refining family-1167 model...

Processing RECON family: 2713
  - Saving 16 elements
  - Refining family-2713 model...

Processing RECON family: 1050
  - Saving 16 elements
  - Refining family-1050 model...

Processing RECON family: 4273
  - Saving 16 elements
  - Refining family-4273 model...

Processing RECON family: 5721
  - Saving 16 elements
  - Refining family-5721 model...

Processing RECON family: 2470
  - Saving 16 elements
  - Refining family-2470 model...

Processing RECON family: 1925
  - Saving 16 elements
  - Refining family-1925 model...

Processing RECON family: 502
  - Saving 16 elements
  - Refining family-502 model...

Processing RECON family: 1077
  - Saving 16 elements
  - Refining family-1077 model...

Processing RECON family: 3619
  - Saving 16 elements
  - Refining family-3619 model...

Processing RECON family: 2826
  - Saving 16 elements
  - Refining family-2826 model...

Processing RECON family: 3847
  - Saving 16 elements
  - Refining family-3847 model...

Processing RECON family: 2981
  - Saving 16 elements
  - Refining family-2981 model...

Processing RECON family: 228
  - Saving 16 elements
  - Refining family-228 model...

Processing RECON family: 192
  - Saving 16 elements
  - Refining family-192 model...

Processing RECON family: 1087
  - Saving 16 elements
  - Refining family-1087 model...

Processing RECON family: 1434
  - Saving 16 elements
  - Refining family-1434 model...

Processing RECON family: 1003
  - Saving 16 elements
  - Refining family-1003 model...

Processing RECON family: 2078
  - Saving 16 elements
  - Refining family-2078 model...

Processing RECON family: 846
  - Saving 16 elements
  - Refining family-846 model...

Processing RECON family: 574
  - Saving 16 elements
  - Refining family-574 model...

Processing RECON family: 360
  - Saving 16 elements
  - Refining family-360 model...

Processing RECON family: 1863
  - Saving 16 elements
  - Refining family-1863 model...

Processing RECON family: 3860
  - Saving 16 elements
  - Refining family-3860 model...

Processing RECON family: 116
  - Saving 16 elements
  - Refining family-116 model...

Processing RECON family: 1168
  - Saving 16 elements
  - Refining family-1168 model...

Processing RECON family: 2620
  - Saving 16 elements
  - Refining family-2620 model...

Processing RECON family: 148
  - Saving 16 elements
  - Refining family-148 model...

Processing RECON family: 1031
  - Saving 16 elements
  - Refining family-1031 model...

Processing RECON family: 2239
  - Saving 16 elements
  - Refining family-2239 model...

Processing RECON family: 3158
  - Saving 16 elements
  - Refining family-3158 model...

Processing RECON family: 2978
  - Saving 16 elements
  - Refining family-2978 model...

Processing RECON family: 4914
  - Saving 16 elements
  - Refining family-4914 model...

Processing RECON family: 18
  - Saving 16 elements
  - Refining family-18 model...

Processing RECON family: 245
  - Saving 16 elements
  - Refining family-245 model...

Processing RECON family: 971
  - Saving 16 elements
  - Refining family-971 model...

Processing RECON family: 3046
  - Saving 16 elements
  - Refining family-3046 model...

Processing RECON family: 613
  - Saving 16 elements
  - Refining family-613 model...

Processing RECON family: 7724
  - Saving 16 elements
  - Refining family-7724 model...

Processing RECON family: 2307
  - Saving 16 elements
  - Refining family-2307 model...

Processing RECON family: 430
  - Saving 16 elements
  - Refining family-430 model...

Processing RECON family: 1511
  - Saving 16 elements
  - Refining family-1511 model...

Processing RECON family: 3306
  - Saving 16 elements
  - Refining family-3306 model...
Family Refinement: 00:55:06 (hh:mm:ss) Elapsed Time
Round Time: 03:39:49 (hh:mm:ss) Elapsed Time


RepeatModeler Round # 6
========================
Searching for Repeats
 -- Sampling from the database...
   - Gathering up to 243000000 bp
   - Sequence extraction : 00:01:22 (hh:mm:ss) Elapsed Time
 -- Running TRFMask on the sequence...
       32363 Tandem Repeats Masked
   - TRFMask time 00:09:38 (hh:mm:ss) Elapsed Time
 -- Masking repeats from the previous rounds...
  - Masking 1 - 5 of 4438
  - Masking 16 - 30 of 4438
  - Masking 41 - 65 of 4438
  - Masking 76 - 110 of 4438
  - Masking 121 - 165 of 4438
  - Masking 176 - 230 of 4438
  - Masking 241 - 305 of 4438
  - Masking 316 - 390 of 4438
  - Masking 401 - 485 of 4438
  - Masking 496 - 590 of 4438
  - Masking 596 - 695 of 4438
  - Masking 696 - 795 of 4438
  - Masking 796 - 895 of 4438
  - Masking 896 - 995 of 4438
  - Masking 996 - 1095 of 4438
  - Masking 1096 - 1195 of 4438
  - Masking 1196 - 1295 of 4438
  - Masking 1296 - 1395 of 4438
  - Masking 1396 - 1495 of 4438
  - Masking 1496 - 1595 of 4438
  - Masking 1596 - 1695 of 4438
  - Masking 1696 - 1795 of 4438
  - Masking 1796 - 1895 of 4438
  - Masking 1896 - 1995 of 4438
  - Masking 1996 - 2095 of 4438
  - Masking 2096 - 2195 of 4438
  - Masking 2196 - 2295 of 4438
  - Masking 2296 - 2395 of 4438
  - Masking 2396 - 2495 of 4438
  - Masking 2496 - 2595 of 4438
  - Masking 2596 - 2695 of 4438
  - Masking 2696 - 2795 of 4438
  - Masking 2796 - 2895 of 4438
  - Masking 2896 - 2995 of 4438
  - Masking 2996 - 3095 of 4438
  - Masking 3096 - 3195 of 4438
  - Masking 3196 - 3295 of 4438
  - Masking 3296 - 3395 of 4438
  - Masking 3396 - 3495 of 4438
  - Masking 3496 - 3595 of 4438
  - Masking 3596 - 3695 of 4438
  - Masking 3696 - 3795 of 4438
  - Masking 3796 - 3895 of 4438
  - Masking 3896 - 3995 of 4438
  - Masking 3996 - 4095 of 4438
  - Masking 4096 - 4195 of 4438
  - Masking 4196 - 4295 of 4438
  - Masking 4296 - 4395 of 4438
  - Masking 4396 - 4438 of 4438
   - TE Masking time 02:23:50 (hh:mm:ss) Elapsed Time
 -- Sample Stats:
       Sample Size 177462577 bp
       Num Contigs Represented = 9
       Non ambiguous bp:
             Initial: 177462577 bp
             After Masking: 121968731 bp
             Masked: 31.27 % 
 -- Input Database Coverage: 297481876 bp out of 297482005 bp ( 100.00 % )
Sampling Time: 02:35:03 (hh:mm:ss) Elapsed Time
Running all-by-other comparisons...
        0% completed,  62:26:18 (hh:mm:ss) est. time remaining.
        0% completed,  39:28:48 (hh:mm:ss) est. time remaining.
        0% completed,  40:3:44 (hh:mm:ss) est. time remaining.
        0% completed,  31:6:30 (hh:mm:ss) est. time remaining.
        0% completed,  24:59:37 (hh:mm:ss) est. time remaining.
        0% completed,  22:27:30 (hh:mm:ss) est. time remaining.
        0% completed,  24:15:00 (hh:mm:ss) est. time remaining.
        0% completed,  21:31:19 (hh:mm:ss) est. time remaining.
        0% completed,  19:27:54 (hh:mm:ss) est. time remaining.
        0% completed,  18:7:34 (hh:mm:ss) est. time remaining.
        0% completed,  17:15:15 (hh:mm:ss) est. time remaining.
        0% completed,  15:57:54 (hh:mm:ss) est. time remaining.
        0% completed,  15:0:53 (hh:mm:ss) est. time remaining.
        0% completed,  14:11:56 (hh:mm:ss) est. time remaining.
        0% completed,  13:19:40 (hh:mm:ss) est. time remaining.
        0% completed,  12:40:52 (hh:mm:ss) est. time remaining.
        0% completed,  12:8:51 (hh:mm:ss) est. time remaining.
        0% completed,  11:48:34 (hh:mm:ss) est. time remaining.
        0% completed,  12:38:03 (hh:mm:ss) est. time remaining.
        0% completed,  11:59:53 (hh:mm:ss) est. time remaining.
        0% completed,  13:1:32 (hh:mm:ss) est. time remaining.
        0% completed,  12:42:27 (hh:mm:ss) est. time remaining.
        1% completed,  13:19:16 (hh:mm:ss) est. time remaining.
        1% completed,  12:45:45 (hh:mm:ss) est. time remaining.
        1% completed,  12:33:55 (hh:mm:ss) est. time remaining.
        1% completed,  12:6:06 (hh:mm:ss) est. time remaining.
        1% completed,  12:22:24 (hh:mm:ss) est. time remaining.
        1% completed,  11:59:32 (hh:mm:ss) est. time remaining.
        1% completed,  11:53:24 (hh:mm:ss) est. time remaining.
        1% completed,  11:47:41 (hh:mm:ss) est. time remaining.
        1% completed,  11:50:35 (hh:mm:ss) est. time remaining.
        1% completed,  12:0:10 (hh:mm:ss) est. time remaining.
        1% completed,  12:15:47 (hh:mm:ss) est. time remaining.
        1% completed,  11:59:16 (hh:mm:ss) est. time remaining.
        1% completed,  12:1:26 (hh:mm:ss) est. time remaining.
        1% completed,  12:4:31 (hh:mm:ss) est. time remaining.
        1% completed,  11:47:39 (hh:mm:ss) est. time remaining.
        1% completed,  11:31:41 (hh:mm:ss) est. time remaining.
        1% completed,  11:26:48 (hh:mm:ss) est. time remaining.
        1% completed,  11:42:14 (hh:mm:ss) est. time remaining.
        1% completed,  11:29:19 (hh:mm:ss) est. time remaining.
        1% completed,  11:33:31 (hh:mm:ss) est. time remaining.
        1% completed,  11:18:01 (hh:mm:ss) est. time remaining.
        1% completed,  11:7:20 (hh:mm:ss) est. time remaining.
        2% completed,  10:53:54 (hh:mm:ss) est. time remaining.
        2% completed,  10:45:47 (hh:mm:ss) est. time remaining.
        2% completed,  10:38:48 (hh:mm:ss) est. time remaining.
        2% completed,  10:42:43 (hh:mm:ss) est. time remaining.
        2% completed,  10:56:06 (hh:mm:ss) est. time remaining.
        2% completed,  11:11:07 (hh:mm:ss) est. time remaining.
        2% completed,  10:58:29 (hh:mm:ss) est. time remaining.
        2% completed,  10:45:35 (hh:mm:ss) est. time remaining.
        2% completed,  10:44:10 (hh:mm:ss) est. time remaining.
        2% completed,  10:52:52 (hh:mm:ss) est. time remaining.
        2% completed,  10:44:04 (hh:mm:ss) est. time remaining.
        2% completed,  10:34:17 (hh:mm:ss) est. time remaining.
        2% completed,  10:23:35 (hh:mm:ss) est. time remaining.
        2% completed,  10:13:54 (hh:mm:ss) est. time remaining.
        2% completed,  10:11:53 (hh:mm:ss) est. time remaining.
        2% completed,  10:9:19 (hh:mm:ss) est. time remaining.
        2% completed,  10:8:38 (hh:mm:ss) est. time remaining.
        2% completed,  10:0:21 (hh:mm:ss) est. time remaining.
        2% completed,  09:58:05 (hh:mm:ss) est. time remaining.
        2% completed,  09:50:47 (hh:mm:ss) est. time remaining.
        2% completed,  09:44:16 (hh:mm:ss) est. time remaining.
        2% completed,  10:32:44 (hh:mm:ss) est. time remaining.
        2% completed,  10:44:41 (hh:mm:ss) est. time remaining.
        3% completed,  10:38:42 (hh:mm:ss) est. time remaining.
        3% completed,  10:29:13 (hh:mm:ss) est. time remaining.
        3% completed,  10:24:41 (hh:mm:ss) est. time remaining.
        3% completed,  10:31:56 (hh:mm:ss) est. time remaining.
        3% completed,  10:27:58 (hh:mm:ss) est. time remaining.
        3% completed,  10:22:36 (hh:mm:ss) est. time remaining.
        3% completed,  10:22:15 (hh:mm:ss) est. time remaining.
        3% completed,  10:14:42 (hh:mm:ss) est. time remaining.
        3% completed,  10:8:17 (hh:mm:ss) est. time remaining.
        3% completed,  10:0:11 (hh:mm:ss) est. time remaining.
        3% completed,  09:53:13 (hh:mm:ss) est. time remaining.
        3% completed,  09:46:51 (hh:mm:ss) est. time remaining.
        3% completed,  09:42:55 (hh:mm:ss) est. time remaining.
        3% completed,  09:37:44 (hh:mm:ss) est. time remaining.
        3% completed,  09:50:40 (hh:mm:ss) est. time remaining.
        3% completed,  09:57:39 (hh:mm:ss) est. time remaining.
        3% completed,  09:55:54 (hh:mm:ss) est. time remaining.
        3% completed,  09:55:52 (hh:mm:ss) est. time remaining.
        3% completed,  09:53:20 (hh:mm:ss) est. time remaining.
        3% completed,  09:46:43 (hh:mm:ss) est. time remaining.
        3% completed,  09:41:53 (hh:mm:ss) est. time remaining.
        3% completed,  09:44:25 (hh:mm:ss) est. time remaining.
        4% completed,  09:46:53 (hh:mm:ss) est. time remaining.
        4% completed,  09:48:54 (hh:mm:ss) est. time remaining.
        4% completed,  09:46:12 (hh:mm:ss) est. time remaining.
        4% completed,  09:43:32 (hh:mm:ss) est. time remaining.
        4% completed,  09:39:25 (hh:mm:ss) est. time remaining.
        4% completed,  09:40:16 (hh:mm:ss) est. time remaining.
        4% completed,  09:34:46 (hh:mm:ss) est. time remaining.
        4% completed,  09:31:36 (hh:mm:ss) est. time remaining.
        4% completed,  09:25:56 (hh:mm:ss) est. time remaining.
        4% completed,  09:22:54 (hh:mm:ss) est. time remaining.
        4% completed,  09:39:57 (hh:mm:ss) est. time remaining.
        4% completed,  09:44:59 (hh:mm:ss) est. time remaining.
        4% completed,  09:40:27 (hh:mm:ss) est. time remaining.
        4% completed,  09:37:23 (hh:mm:ss) est. time remaining.
        4% completed,  09:33:42 (hh:mm:ss) est. time remaining.
        4% completed,  09:28:43 (hh:mm:ss) est. time remaining.
        4% completed,  09:24:10 (hh:mm:ss) est. time remaining.
        4% completed,  09:18:41 (hh:mm:ss) est. time remaining.
        4% completed,  09:18:17 (hh:mm:ss) est. time remaining.
        4% completed,  09:16:53 (hh:mm:ss) est. time remaining.
        4% completed,  09:15:30 (hh:mm:ss) est. time remaining.
        4% completed,  09:45:35 (hh:mm:ss) est. time remaining.
        4% completed,  09:48:44 (hh:mm:ss) est. time remaining.
        5% completed,  09:50:53 (hh:mm:ss) est. time remaining.
        5% completed,  09:47:03 (hh:mm:ss) est. time remaining.
        5% completed,  09:41:45 (hh:mm:ss) est. time remaining.
        5% completed,  09:37:45 (hh:mm:ss) est. time remaining.
        5% completed,  09:37:10 (hh:mm:ss) est. time remaining.
        5% completed,  09:32:59 (hh:mm:ss) est. time remaining.
        5% completed,  09:28:53 (hh:mm:ss) est. time remaining.
        5% completed,  09:32:49 (hh:mm:ss) est. time remaining.
        5% completed,  09:28:29 (hh:mm:ss) est. time remaining.
        5% completed,  09:24:30 (hh:mm:ss) est. time remaining.
        5% completed,  09:20:35 (hh:mm:ss) est. time remaining.
        5% completed,  09:18:43 (hh:mm:ss) est. time remaining.
        5% completed,  09:14:20 (hh:mm:ss) est. time remaining.
        5% completed,  09:17:02 (hh:mm:ss) est. time remaining.
        5% completed,  09:15:47 (hh:mm:ss) est. time remaining.
        5% completed,  09:23:09 (hh:mm:ss) est. time remaining.
        5% completed,  09:22:25 (hh:mm:ss) est. time remaining.
        5% completed,  09:30:58 (hh:mm:ss) est. time remaining.
        5% completed,  09:28:02 (hh:mm:ss) est. time remaining.
        5% completed,  09:25:08 (hh:mm:ss) est. time remaining.
        5% completed,  09:24:56 (hh:mm:ss) est. time remaining.
        5% completed,  09:20:48 (hh:mm:ss) est. time remaining.
        5% completed,  09:21:25 (hh:mm:ss) est. time remaining.
        6% completed,  09:17:06 (hh:mm:ss) est. time remaining.
        6% completed,  09:15:25 (hh:mm:ss) est. time remaining.
        6% completed,  09:11:27 (hh:mm:ss) est. time remaining.
        6% completed,  09:8:33 (hh:mm:ss) est. time remaining.
        6% completed,  09:6:42 (hh:mm:ss) est. time remaining.
        6% completed,  09:3:23 (hh:mm:ss) est. time remaining.
        6% completed,  09:0:07 (hh:mm:ss) est. time remaining.
        6% completed,  08:56:23 (hh:mm:ss) est. time remaining.
        6% completed,  08:58:05 (hh:mm:ss) est. time remaining.
        6% completed,  09:16:31 (hh:mm:ss) est. time remaining.
        6% completed,  09:14:40 (hh:mm:ss) est. time remaining.
        6% completed,  09:20:17 (hh:mm:ss) est. time remaining.
        6% completed,  09:16:32 (hh:mm:ss) est. time remaining.
        6% completed,  09:13:48 (hh:mm:ss) est. time remaining.
        6% completed,  09:12:29 (hh:mm:ss) est. time remaining.
        6% completed,  09:9:19 (hh:mm:ss) est. time remaining.
        6% completed,  09:7:08 (hh:mm:ss) est. time remaining.
        6% completed,  09:5:39 (hh:mm:ss) est. time remaining.
        6% completed,  09:3:45 (hh:mm:ss) est. time remaining.
        6% completed,  09:0:16 (hh:mm:ss) est. time remaining.
        6% completed,  08:57:18 (hh:mm:ss) est. time remaining.
        6% completed,  08:54:48 (hh:mm:ss) est. time remaining.
        6% completed,  08:53:40 (hh:mm:ss) est. time remaining.
        7% completed,  08:51:00 (hh:mm:ss) est. time remaining.
        7% completed,  08:49:54 (hh:mm:ss) est. time remaining.
        7% completed,  09:17:55 (hh:mm:ss) est. time remaining.
        7% completed,  09:16:13 (hh:mm:ss) est. time remaining.
        7% completed,  09:13:41 (hh:mm:ss) est. time remaining.
        7% completed,  09:13:06 (hh:mm:ss) est. time remaining.
        7% completed,  09:11:28 (hh:mm:ss) est. time remaining.
        7% completed,  09:9:38 (hh:mm:ss) est. time remaining.
        7% completed,  09:6:22 (hh:mm:ss) est. time remaining.
        7% completed,  09:3:57 (hh:mm:ss) est. time remaining.
        7% completed,  09:0:45 (hh:mm:ss) est. time remaining.
        7% completed,  09:1:04 (hh:mm:ss) est. time remaining.
        7% completed,  08:59:45 (hh:mm:ss) est. time remaining.
        7% completed,  09:1:05 (hh:mm:ss) est. time remaining.
        7% completed,  09:3:00 (hh:mm:ss) est. time remaining.
        7% completed,  09:3:17 (hh:mm:ss) est. time remaining.
        7% completed,  09:2:34 (hh:mm:ss) est. time remaining.
        7% completed,  08:59:42 (hh:mm:ss) est. time remaining.
        7% completed,  09:6:40 (hh:mm:ss) est. time remaining.
        7% completed,  09:6:56 (hh:mm:ss) est. time remaining.
        7% completed,  09:4:51 (hh:mm:ss) est. time remaining.
        7% completed,  09:3:22 (hh:mm:ss) est. time remaining.
        7% completed,  09:0:33 (hh:mm:ss) est. time remaining.
        8% completed,  08:57:47 (hh:mm:ss) est. time remaining.
        8% completed,  08:55:36 (hh:mm:ss) est. time remaining.
        8% completed,  08:58:32 (hh:mm:ss) est. time remaining.
        8% completed,  08:57:07 (hh:mm:ss) est. time remaining.
        8% completed,  08:54:36 (hh:mm:ss) est. time remaining.
        8% completed,  08:53:02 (hh:mm:ss) est. time remaining.
        8% completed,  08:50:34 (hh:mm:ss) est. time remaining.
        8% completed,  08:56:33 (hh:mm:ss) est. time remaining.
        8% completed,  08:55:21 (hh:mm:ss) est. time remaining.
        8% completed,  08:53:05 (hh:mm:ss) est. time remaining.
        8% completed,  08:55:21 (hh:mm:ss) est. time remaining.
        8% completed,  08:52:55 (hh:mm:ss) est. time remaining.
        8% completed,  08:52:39 (hh:mm:ss) est. time remaining.
        8% completed,  08:55:56 (hh:mm:ss) est. time remaining.
        8% completed,  08:56:01 (hh:mm:ss) est. time remaining.
        8% completed,  08:55:12 (hh:mm:ss) est. time remaining.
        8% completed,  08:56:09 (hh:mm:ss) est. time remaining.
        8% completed,  08:55:11 (hh:mm:ss) est. time remaining.
        8% completed,  08:53:21 (hh:mm:ss) est. time remaining.
        8% completed,  08:54:16 (hh:mm:ss) est. time remaining.
        8% completed,  08:52:28 (hh:mm:ss) est. time remaining.
        8% completed,  08:49:49 (hh:mm:ss) est. time remaining.
        8% completed,  08:47:22 (hh:mm:ss) est. time remaining.
        9% completed,  08:45:17 (hh:mm:ss) est. time remaining.
        9% completed,  08:42:53 (hh:mm:ss) est. time remaining.
        9% completed,  08:41:50 (hh:mm:ss) est. time remaining.
        9% completed,  08:43:56 (hh:mm:ss) est. time remaining.
        9% completed,  08:42:33 (hh:mm:ss) est. time remaining.
        9% completed,  08:41:41 (hh:mm:ss) est. time remaining.
        9% completed,  08:43:45 (hh:mm:ss) est. time remaining.
        9% completed,  08:41:05 (hh:mm:ss) est. time remaining.
        9% completed,  08:40:14 (hh:mm:ss) est. time remaining.
        9% completed,  08:40:59 (hh:mm:ss) est. time remaining.
        9% completed,  08:46:02 (hh:mm:ss) est. time remaining.
        9% completed,  08:43:34 (hh:mm:ss) est. time remaining.
        9% completed,  08:43:11 (hh:mm:ss) est. time remaining.
        9% completed,  08:42:10 (hh:mm:ss) est. time remaining.
        9% completed,  08:41:29 (hh:mm:ss) est. time remaining.
        9% completed,  08:41:06 (hh:mm:ss) est. time remaining.
        9% completed,  08:38:43 (hh:mm:ss) est. time remaining.
        9% completed,  08:36:21 (hh:mm:ss) est. time remaining.
        9% completed,  08:36:18 (hh:mm:ss) est. time remaining.
        9% completed,  08:34:34 (hh:mm:ss) est. time remaining.
        9% completed,  08:34:14 (hh:mm:ss) est. time remaining.
        9% completed,  08:35:33 (hh:mm:ss) est. time remaining.
        9% completed,  08:38:40 (hh:mm:ss) est. time remaining.
       10% completed,  08:36:12 (hh:mm:ss) est. time remaining.
       10% completed,  08:33:55 (hh:mm:ss) est. time remaining.
       10% completed,  08:31:56 (hh:mm:ss) est. time remaining.
       10% completed,  08:37:13 (hh:mm:ss) est. time remaining.
       10% completed,  08:42:10 (hh:mm:ss) est. time remaining.
       10% completed,  08:48:31 (hh:mm:ss) est. time remaining.
       10% completed,  08:46:39 (hh:mm:ss) est. time remaining.
       10% completed,  08:44:48 (hh:mm:ss) est. time remaining.
       10% completed,  08:42:58 (hh:mm:ss) est. time remaining.
       10% completed,  08:40:51 (hh:mm:ss) est. time remaining.
       10% completed,  08:39:29 (hh:mm:ss) est. time remaining.
       10% completed,  08:37:16 (hh:mm:ss) est. time remaining.
       10% completed,  08:36:21 (hh:mm:ss) est. time remaining.
       10% completed,  08:34:01 (hh:mm:ss) est. time remaining.
       10% completed,  08:32:41 (hh:mm:ss) est. time remaining.
       10% completed,  08:30:40 (hh:mm:ss) est. time remaining.
       10% completed,  08:30:29 (hh:mm:ss) est. time remaining.
       10% completed,  08:29:02 (hh:mm:ss) est. time remaining.
       10% completed,  08:27:37 (hh:mm:ss) est. time remaining.
       10% completed,  08:30:36 (hh:mm:ss) est. time remaining.
       10% completed,  08:33:25 (hh:mm:ss) est. time remaining.
       10% completed,  08:33:45 (hh:mm:ss) est. time remaining.
       10% completed,  08:35:18 (hh:mm:ss) est. time remaining.
       10% completed,  08:35:06 (hh:mm:ss) est. time remaining.
       11% completed,  08:33:48 (hh:mm:ss) est. time remaining.
       11% completed,  08:31:51 (hh:mm:ss) est. time remaining.
       11% completed,  08:29:47 (hh:mm:ss) est. time remaining.
       11% completed,  08:29:36 (hh:mm:ss) est. time remaining.
       11% completed,  08:28:29 (hh:mm:ss) est. time remaining.
       11% completed,  08:27:14 (hh:mm:ss) est. time remaining.
       11% completed,  08:27:35 (hh:mm:ss) est. time remaining.
       11% completed,  08:27:08 (hh:mm:ss) est. time remaining.
       11% completed,  08:26:18 (hh:mm:ss) est. time remaining.
       11% completed,  08:24:49 (hh:mm:ss) est. time remaining.
       11% completed,  08:25:25 (hh:mm:ss) est. time remaining.
       11% completed,  08:24:20 (hh:mm:ss) est. time remaining.
       11% completed,  08:23:08 (hh:mm:ss) est. time remaining.
       11% completed,  08:22:58 (hh:mm:ss) est. time remaining.
       11% completed,  08:30:16 (hh:mm:ss) est. time remaining.
       11% completed,  08:28:17 (hh:mm:ss) est. time remaining.
       11% completed,  08:27:35 (hh:mm:ss) est. time remaining.
       11% completed,  08:25:39 (hh:mm:ss) est. time remaining.
       11% completed,  08:24:43 (hh:mm:ss) est. time remaining.
       11% completed,  08:23:02 (hh:mm:ss) est. time remaining.
       11% completed,  08:22:37 (hh:mm:ss) est. time remaining.
       11% completed,  08:20:50 (hh:mm:ss) est. time remaining.
       11% completed,  08:20:10 (hh:mm:ss) est. time remaining.
       12% completed,  08:21:28 (hh:mm:ss) est. time remaining.
       12% completed,  08:19:36 (hh:mm:ss) est. time remaining.
       12% completed,  08:19:33 (hh:mm:ss) est. time remaining.
       12% completed,  08:18:39 (hh:mm:ss) est. time remaining.
       12% completed,  08:18:44 (hh:mm:ss) est. time remaining.
       12% completed,  08:19:45 (hh:mm:ss) est. time remaining.
       12% completed,  08:17:55 (hh:mm:ss) est. time remaining.
       12% completed,  08:18:49 (hh:mm:ss) est. time remaining.
       12% completed,  08:20:54 (hh:mm:ss) est. time remaining.
       12% completed,  08:19:19 (hh:mm:ss) est. time remaining.
       12% completed,  08:21:01 (hh:mm:ss) est. time remaining.
       12% completed,  08:19:12 (hh:mm:ss) est. time remaining.
       12% completed,  08:19:22 (hh:mm:ss) est. time remaining.
       12% completed,  08:19:05 (hh:mm:ss) est. time remaining.
       12% completed,  08:17:45 (hh:mm:ss) est. time remaining.
       12% completed,  08:16:26 (hh:mm:ss) est. time remaining.
       12% completed,  08:15:48 (hh:mm:ss) est. time remaining.
       12% completed,  08:14:02 (hh:mm:ss) est. time remaining.
       12% completed,  08:12:58 (hh:mm:ss) est. time remaining.
       12% completed,  08:17:14 (hh:mm:ss) est. time remaining.
       12% completed,  08:15:22 (hh:mm:ss) est. time remaining.
       12% completed,  08:16:54 (hh:mm:ss) est. time remaining.
       12% completed,  08:15:49 (hh:mm:ss) est. time remaining.
       12% completed,  08:14:12 (hh:mm:ss) est. time remaining.
       13% completed,  08:12:29 (hh:mm:ss) est. time remaining.
       13% completed,  08:12:46 (hh:mm:ss) est. time remaining.
       13% completed,  08:11:04 (hh:mm:ss) est. time remaining.
       13% completed,  08:9:28 (hh:mm:ss) est. time remaining.
       13% completed,  08:9:19 (hh:mm:ss) est. time remaining.
       13% completed,  08:8:18 (hh:mm:ss) est. time remaining.
       13% completed,  08:6:44 (hh:mm:ss) est. time remaining.
       13% completed,  08:20:42 (hh:mm:ss) est. time remaining.
       13% completed,  08:19:00 (hh:mm:ss) est. time remaining.
       13% completed,  08:17:57 (hh:mm:ss) est. time remaining.
       13% completed,  08:16:16 (hh:mm:ss) est. time remaining.
       13% completed,  08:15:01 (hh:mm:ss) est. time remaining.
       13% completed,  08:14:31 (hh:mm:ss) est. time remaining.
       13% completed,  08:14:40 (hh:mm:ss) est. time remaining.
       13% completed,  08:14:17 (hh:mm:ss) est. time remaining.
       13% completed,  08:12:38 (hh:mm:ss) est. time remaining.
       13% completed,  08:12:40 (hh:mm:ss) est. time remaining.
       13% completed,  08:11:33 (hh:mm:ss) est. time remaining.
       13% completed,  08:9:49 (hh:mm:ss) est. time remaining.
       13% completed,  08:8:31 (hh:mm:ss) est. time remaining.
       13% completed,  08:10:01 (hh:mm:ss) est. time remaining.
       13% completed,  08:8:37 (hh:mm:ss) est. time remaining.
       13% completed,  08:8:27 (hh:mm:ss) est. time remaining.
       13% completed,  08:10:09 (hh:mm:ss) est. time remaining.
       14% completed,  08:8:27 (hh:mm:ss) est. time remaining.
       14% completed,  08:8:41 (hh:mm:ss) est. time remaining.
       14% completed,  08:9:21 (hh:mm:ss) est. time remaining.
       14% completed,  08:10:48 (hh:mm:ss) est. time remaining.
       14% completed,  08:11:56 (hh:mm:ss) est. time remaining.
       14% completed,  08:11:34 (hh:mm:ss) est. time remaining.
       14% completed,  08:10:47 (hh:mm:ss) est. time remaining.
       14% completed,  08:9:19 (hh:mm:ss) est. time remaining.
       14% completed,  08:8:09 (hh:mm:ss) est. time remaining.
       14% completed,  08:8:23 (hh:mm:ss) est. time remaining.
       14% completed,  08:6:50 (hh:mm:ss) est. time remaining.
       14% completed,  08:5:35 (hh:mm:ss) est. time remaining.
       14% completed,  08:4:09 (hh:mm:ss) est. time remaining.
       14% completed,  08:4:47 (hh:mm:ss) est. time remaining.
       14% completed,  08:3:39 (hh:mm:ss) est. time remaining.
       14% completed,  08:2:14 (hh:mm:ss) est. time remaining.
       14% completed,  08:0:38 (hh:mm:ss) est. time remaining.
       14% completed,  08:1:04 (hh:mm:ss) est. time remaining.
       14% completed,  07:59:46 (hh:mm:ss) est. time remaining.
       14% completed,  08:3:16 (hh:mm:ss) est. time remaining.
       14% completed,  08:4:44 (hh:mm:ss) est. time remaining.
       14% completed,  08:4:29 (hh:mm:ss) est. time remaining.
       14% completed,  08:4:19 (hh:mm:ss) est. time remaining.
       14% completed,  08:4:32 (hh:mm:ss) est. time remaining.
       15% completed,  08:3:54 (hh:mm:ss) est. time remaining.
       15% completed,  08:2:31 (hh:mm:ss) est. time remaining.
       15% completed,  08:1:37 (hh:mm:ss) est. time remaining.
       15% completed,  08:0:43 (hh:mm:ss) est. time remaining.
       15% completed,  08:0:56 (hh:mm:ss) est. time remaining.
       15% completed,  08:1:20 (hh:mm:ss) est. time remaining.
       15% completed,  08:0:26 (hh:mm:ss) est. time remaining.
       15% completed,  08:0:39 (hh:mm:ss) est. time remaining.
       15% completed,  08:0:52 (hh:mm:ss) est. time remaining.
       15% completed,  07:59:42 (hh:mm:ss) est. time remaining.
       15% completed,  07:58:44 (hh:mm:ss) est. time remaining.
       15% completed,  07:57:18 (hh:mm:ss) est. time remaining.
       15% completed,  07:58:10 (hh:mm:ss) est. time remaining.
       15% completed,  07:58:33 (hh:mm:ss) est. time remaining.
       15% completed,  07:57:08 (hh:mm:ss) est. time remaining.
       15% completed,  07:56:11 (hh:mm:ss) est. time remaining.
       15% completed,  07:54:52 (hh:mm:ss) est. time remaining.
       15% completed,  07:53:56 (hh:mm:ss) est. time remaining.
       15% completed,  07:54:30 (hh:mm:ss) est. time remaining.
       15% completed,  07:55:04 (hh:mm:ss) est. time remaining.
       15% completed,  07:54:07 (hh:mm:ss) est. time remaining.
       15% completed,  07:52:55 (hh:mm:ss) est. time remaining.
       15% completed,  07:54:32 (hh:mm:ss) est. time remaining.
       15% completed,  07:53:42 (hh:mm:ss) est. time remaining.
       16% completed,  07:55:23 (hh:mm:ss) est. time remaining.
       16% completed,  07:54:54 (hh:mm:ss) est. time remaining.
       16% completed,  07:53:32 (hh:mm:ss) est. time remaining.
       16% completed,  07:52:41 (hh:mm:ss) est. time remaining.
       16% completed,  07:51:41 (hh:mm:ss) est. time remaining.
       16% completed,  07:52:09 (hh:mm:ss) est. time remaining.
       16% completed,  07:50:59 (hh:mm:ss) est. time remaining.
       16% completed,  07:50:04 (hh:mm:ss) est. time remaining.
       16% completed,  07:49:10 (hh:mm:ss) est. time remaining.
       16% completed,  07:47:50 (hh:mm:ss) est. time remaining.
       16% completed,  07:47:27 (hh:mm:ss) est. time remaining.
       16% completed,  07:46:23 (hh:mm:ss) est. time remaining.
       16% completed,  07:46:05 (hh:mm:ss) est. time remaining.
       16% completed,  07:47:13 (hh:mm:ss) est. time remaining.
       16% completed,  07:46:55 (hh:mm:ss) est. time remaining.
       16% completed,  07:45:42 (hh:mm:ss) est. time remaining.
       16% completed,  07:49:49 (hh:mm:ss) est. time remaining.
       16% completed,  07:50:10 (hh:mm:ss) est. time remaining.
       16% completed,  07:49:03 (hh:mm:ss) est. time remaining.
       16% completed,  07:48:29 (hh:mm:ss) est. time remaining.
       16% completed,  07:49:50 (hh:mm:ss) est. time remaining.
       16% completed,  07:49:36 (hh:mm:ss) est. time remaining.
       16% completed,  07:48:53 (hh:mm:ss) est. time remaining.
       16% completed,  07:48:10 (hh:mm:ss) est. time remaining.
       17% completed,  07:47:33 (hh:mm:ss) est. time remaining.
       17% completed,  07:47:53 (hh:mm:ss) est. time remaining.
       17% completed,  07:46:32 (hh:mm:ss) est. time remaining.
       17% completed,  07:46:04 (hh:mm:ss) est. time remaining.
       17% completed,  07:45:46 (hh:mm:ss) est. time remaining.
       17% completed,  07:44:36 (hh:mm:ss) est. time remaining.
       17% completed,  07:47:01 (hh:mm:ss) est. time remaining.
       17% completed,  07:46:57 (hh:mm:ss) est. time remaining.
       17% completed,  07:45:51 (hh:mm:ss) est. time remaining.
       17% completed,  07:45:14 (hh:mm:ss) est. time remaining.
       17% completed,  07:45:49 (hh:mm:ss) est. time remaining.
       17% completed,  07:46:42 (hh:mm:ss) est. time remaining.
       17% completed,  07:45:27 (hh:mm:ss) est. time remaining.
       17% completed,  07:47:02 (hh:mm:ss) est. time remaining.
       17% completed,  07:46:06 (hh:mm:ss) est. time remaining.
       17% completed,  07:44:48 (hh:mm:ss) est. time remaining.
       17% completed,  07:44:39 (hh:mm:ss) est. time remaining.
       17% completed,  07:43:44 (hh:mm:ss) est. time remaining.
       17% completed,  07:43:31 (hh:mm:ss) est. time remaining.
       17% completed,  07:43:50 (hh:mm:ss) est. time remaining.
       17% completed,  07:42:33 (hh:mm:ss) est. time remaining.
       17% completed,  07:42:06 (hh:mm:ss) est. time remaining.
       17% completed,  07:41:12 (hh:mm:ss) est. time remaining.
       17% completed,  07:41:36 (hh:mm:ss) est. time remaining.
       17% completed,  07:41:55 (hh:mm:ss) est. time remaining.
       18% completed,  07:41:51 (hh:mm:ss) est. time remaining.
       18% completed,  07:40:49 (hh:mm:ss) est. time remaining.
       18% completed,  07:39:42 (hh:mm:ss) est. time remaining.
       18% completed,  07:40:19 (hh:mm:ss) est. time remaining.
       18% completed,  07:39:08 (hh:mm:ss) est. time remaining.
       18% completed,  07:39:49 (hh:mm:ss) est. time remaining.
       18% completed,  07:39:32 (hh:mm:ss) est. time remaining.
       18% completed,  07:38:30 (hh:mm:ss) est. time remaining.
       18% completed,  07:37:16 (hh:mm:ss) est. time remaining.
       18% completed,  07:36:50 (hh:mm:ss) est. time remaining.
       18% completed,  07:38:28 (hh:mm:ss) est. time remaining.
       18% completed,  07:37:36 (hh:mm:ss) est. time remaining.
       18% completed,  07:37:19 (hh:mm:ss) est. time remaining.
       18% completed,  07:37:51 (hh:mm:ss) est. time remaining.
       18% completed,  07:36:59 (hh:mm:ss) est. time remaining.
       18% completed,  07:36:25 (hh:mm:ss) est. time remaining.
       18% completed,  07:35:25 (hh:mm:ss) est. time remaining.
       18% completed,  07:34:38 (hh:mm:ss) est. time remaining.
       18% completed,  07:34:26 (hh:mm:ss) est. time remaining.
       18% completed,  07:33:31 (hh:mm:ss) est. time remaining.
       18% completed,  07:32:27 (hh:mm:ss) est. time remaining.
       18% completed,  07:31:23 (hh:mm:ss) est. time remaining.
       18% completed,  07:30:46 (hh:mm:ss) est. time remaining.
       18% completed,  07:30:56 (hh:mm:ss) est. time remaining.
       19% completed,  07:31:57 (hh:mm:ss) est. time remaining.
       19% completed,  07:33:01 (hh:mm:ss) est. time remaining.
       19% completed,  07:32:37 (hh:mm:ss) est. time remaining.
       19% completed,  07:33:03 (hh:mm:ss) est. time remaining.
       19% completed,  07:33:41 (hh:mm:ss) est. time remaining.
       19% completed,  07:33:50 (hh:mm:ss) est. time remaining.
       19% completed,  07:33:05 (hh:mm:ss) est. time remaining.
       19% completed,  07:32:11 (hh:mm:ss) est. time remaining.
       19% completed,  07:31:29 (hh:mm:ss) est. time remaining.
       19% completed,  07:30:53 (hh:mm:ss) est. time remaining.
       19% completed,  07:29:59 (hh:mm:ss) est. time remaining.
       19% completed,  07:31:14 (hh:mm:ss) est. time remaining.
       19% completed,  07:30:21 (hh:mm:ss) est. time remaining.
       19% completed,  07:29:32 (hh:mm:ss) est. time remaining.
       19% completed,  07:29:21 (hh:mm:ss) est. time remaining.
       19% completed,  07:28:11 (hh:mm:ss) est. time remaining.
       19% completed,  07:27:56 (hh:mm:ss) est. time remaining.
       19% completed,  07:28:41 (hh:mm:ss) est. time remaining.
       19% completed,  07:28:10 (hh:mm:ss) est. time remaining.
       19% completed,  07:28:59 (hh:mm:ss) est. time remaining.
       19% completed,  07:29:15 (hh:mm:ss) est. time remaining.
       19% completed,  07:28:43 (hh:mm:ss) est. time remaining.
       19% completed,  07:27:43 (hh:mm:ss) est. time remaining.
       19% completed,  07:26:39 (hh:mm:ss) est. time remaining.
       19% completed,  07:26:00 (hh:mm:ss) est. time remaining.
       20% completed,  07:26:00 (hh:mm:ss) est. time remaining.
       20% completed,  07:25:17 (hh:mm:ss) est. time remaining.
       20% completed,  07:25:10 (hh:mm:ss) est. time remaining.
       20% completed,  07:25:58 (hh:mm:ss) est. time remaining.
       20% completed,  07:24:51 (hh:mm:ss) est. time remaining.
       20% completed,  07:25:07 (hh:mm:ss) est. time remaining.
       20% completed,  07:24:13 (hh:mm:ss) est. time remaining.
       20% completed,  07:25:00 (hh:mm:ss) est. time remaining.
       20% completed,  07:24:33 (hh:mm:ss) est. time remaining.
       20% completed,  07:23:54 (hh:mm:ss) est. time remaining.
       20% completed,  07:23:47 (hh:mm:ss) est. time remaining.
       20% completed,  07:24:26 (hh:mm:ss) est. time remaining.
       20% completed,  07:23:24 (hh:mm:ss) est. time remaining.
       20% completed,  07:22:58 (hh:mm:ss) est. time remaining.
       20% completed,  07:21:56 (hh:mm:ss) est. time remaining.
       20% completed,  07:22:31 (hh:mm:ss) est. time remaining.
       20% completed,  07:24:23 (hh:mm:ss) est. time remaining.
       20% completed,  07:24:26 (hh:mm:ss) est. time remaining.
       20% completed,  07:24:42 (hh:mm:ss) est. time remaining.
       20% completed,  07:25:54 (hh:mm:ss) est. time remaining.
       20% completed,  07:25:04 (hh:mm:ss) est. time remaining.
       20% completed,  07:24:11 (hh:mm:ss) est. time remaining.
       20% completed,  07:24:56 (hh:mm:ss) est. time remaining.
       20% completed,  07:23:55 (hh:mm:ss) est. time remaining.
       20% completed,  07:23:13 (hh:mm:ss) est. time remaining.
       21% completed,  07:22:13 (hh:mm:ss) est. time remaining.
       21% completed,  07:22:24 (hh:mm:ss) est. time remaining.
       21% completed,  07:21:24 (hh:mm:ss) est. time remaining.
       21% completed,  07:21:16 (hh:mm:ss) est. time remaining.
       21% completed,  07:20:13 (hh:mm:ss) est. time remaining.
       21% completed,  07:19:10 (hh:mm:ss) est. time remaining.
       21% completed,  07:20:13 (hh:mm:ss) est. time remaining.
       21% completed,  07:21:00 (hh:mm:ss) est. time remaining.
       21% completed,  07:21:30 (hh:mm:ss) est. time remaining.
       21% completed,  07:21:22 (hh:mm:ss) est. time remaining.
       21% completed,  07:21:03 (hh:mm:ss) est. time remaining.
       21% completed,  07:20:04 (hh:mm:ss) est. time remaining.
       21% completed,  07:19:24 (hh:mm:ss) est. time remaining.
       21% completed,  07:18:32 (hh:mm:ss) est. time remaining.
       21% completed,  07:17:45 (hh:mm:ss) est. time remaining.
       21% completed,  07:17:01 (hh:mm:ss) est. time remaining.
       21% completed,  07:19:15 (hh:mm:ss) est. time remaining.
       21% completed,  07:19:11 (hh:mm:ss) est. time remaining.
       21% completed,  07:20:29 (hh:mm:ss) est. time remaining.
       21% completed,  07:19:31 (hh:mm:ss) est. time remaining.
       21% completed,  07:18:37 (hh:mm:ss) est. time remaining.
       21% completed,  07:17:39 (hh:mm:ss) est. time remaining.
       21% completed,  07:17:56 (hh:mm:ss) est. time remaining.
       21% completed,  07:18:03 (hh:mm:ss) est. time remaining.
       21% completed,  07:17:05 (hh:mm:ss) est. time remaining.
       22% completed,  07:16:29 (hh:mm:ss) est. time remaining.
       22% completed,  07:16:04 (hh:mm:ss) est. time remaining.
       22% completed,  07:15:53 (hh:mm:ss) est. time remaining.
       22% completed,  07:14:56 (hh:mm:ss) est. time remaining.
       22% completed,  07:14:24 (hh:mm:ss) est. time remaining.
       22% completed,  07:13:35 (hh:mm:ss) est. time remaining.
       22% completed,  07:14:41 (hh:mm:ss) est. time remaining.
       22% completed,  07:14:44 (hh:mm:ss) est. time remaining.
       22% completed,  07:15:00 (hh:mm:ss) est. time remaining.
       22% completed,  07:14:56 (hh:mm:ss) est. time remaining.
       22% completed,  07:16:22 (hh:mm:ss) est. time remaining.
       22% completed,  07:15:29 (hh:mm:ss) est. time remaining.
       22% completed,  07:16:10 (hh:mm:ss) est. time remaining.
       22% completed,  07:15:34 (hh:mm:ss) est. time remaining.
       22% completed,  07:14:35 (hh:mm:ss) est. time remaining.
       22% completed,  07:14:07 (hh:mm:ss) est. time remaining.
       22% completed,  07:13:46 (hh:mm:ss) est. time remaining.
       22% completed,  07:12:47 (hh:mm:ss) est. time remaining.
       22% completed,  07:11:52 (hh:mm:ss) est. time remaining.
       22% completed,  07:11:07 (hh:mm:ss) est. time remaining.
       22% completed,  07:10:12 (hh:mm:ss) est. time remaining.
       22% completed,  07:10:32 (hh:mm:ss) est. time remaining.
       22% completed,  07:9:34 (hh:mm:ss) est. time remaining.
       22% completed,  07:9:37 (hh:mm:ss) est. time remaining.
       22% completed,  07:11:40 (hh:mm:ss) est. time remaining.
       23% completed,  07:10:59 (hh:mm:ss) est. time remaining.
       23% completed,  07:10:05 (hh:mm:ss) est. time remaining.
       23% completed,  07:12:14 (hh:mm:ss) est. time remaining.
       23% completed,  07:11:50 (hh:mm:ss) est. time remaining.
       23% completed,  07:11:06 (hh:mm:ss) est. time remaining.
       23% completed,  07:10:38 (hh:mm:ss) est. time remaining.
       23% completed,  07:9:44 (hh:mm:ss) est. time remaining.
       23% completed,  07:9:04 (hh:mm:ss) est. time remaining.
       23% completed,  07:8:20 (hh:mm:ss) est. time remaining.
       23% completed,  07:7:27 (hh:mm:ss) est. time remaining.
       23% completed,  07:6:47 (hh:mm:ss) est. time remaining.
       23% completed,  07:5:57 (hh:mm:ss) est. time remaining.
       23% completed,  07:5:43 (hh:mm:ss) est. time remaining.
       23% completed,  07:5:07 (hh:mm:ss) est. time remaining.
       23% completed,  07:5:16 (hh:mm:ss) est. time remaining.
       23% completed,  07:4:27 (hh:mm:ss) est. time remaining.
       23% completed,  07:5:02 (hh:mm:ss) est. time remaining.
       23% completed,  07:7:03 (hh:mm:ss) est. time remaining.
       23% completed,  07:6:14 (hh:mm:ss) est. time remaining.
       23% completed,  07:5:22 (hh:mm:ss) est. time remaining.
       23% completed,  07:4:36 (hh:mm:ss) est. time remaining.
       23% completed,  07:3:50 (hh:mm:ss) est. time remaining.
       23% completed,  07:3:21 (hh:mm:ss) est. time remaining.
       23% completed,  07:2:55 (hh:mm:ss) est. time remaining.
       23% completed,  07:2:28 (hh:mm:ss) est. time remaining.
       24% completed,  07:2:02 (hh:mm:ss) est. time remaining.
       24% completed,  07:3:05 (hh:mm:ss) est. time remaining.
       24% completed,  07:3:16 (hh:mm:ss) est. time remaining.
       24% completed,  07:2:53 (hh:mm:ss) est. time remaining.
       24% completed,  07:2:37 (hh:mm:ss) est. time remaining.
       24% completed,  07:1:58 (hh:mm:ss) est. time remaining.
       24% completed,  07:1:07 (hh:mm:ss) est. time remaining.
       24% completed,  07:1:13 (hh:mm:ss) est. time remaining.
       24% completed,  07:1:21 (hh:mm:ss) est. time remaining.
       24% completed,  07:0:30 (hh:mm:ss) est. time remaining.
       24% completed,  06:59:40 (hh:mm:ss) est. time remaining.
       24% completed,  06:59:36 (hh:mm:ss) est. time remaining.
       24% completed,  06:59:04 (hh:mm:ss) est. time remaining.
       24% completed,  06:59:25 (hh:mm:ss) est. time remaining.
       24% completed,  06:59:55 (hh:mm:ss) est. time remaining.
       24% completed,  06:59:51 (hh:mm:ss) est. time remaining.
       24% completed,  06:59:31 (hh:mm:ss) est. time remaining.
       24% completed,  06:59:36 (hh:mm:ss) est. time remaining.
       24% completed,  06:59:08 (hh:mm:ss) est. time remaining.
       24% completed,  06:58:30 (hh:mm:ss) est. time remaining.
       24% completed,  06:59:05 (hh:mm:ss) est. time remaining.
       24% completed,  06:59:16 (hh:mm:ss) est. time remaining.
       24% completed,  06:58:36 (hh:mm:ss) est. time remaining.
       24% completed,  06:58:23 (hh:mm:ss) est. time remaining.
       24% completed,  06:58:58 (hh:mm:ss) est. time remaining.
       24% completed,  06:58:26 (hh:mm:ss) est. time remaining.
       25% completed,  06:57:34 (hh:mm:ss) est. time remaining.
       25% completed,  06:58:15 (hh:mm:ss) est. time remaining.
       25% completed,  06:57:23 (hh:mm:ss) est. time remaining.
       25% completed,  06:57:54 (hh:mm:ss) est. time remaining.
       25% completed,  06:57:05 (hh:mm:ss) est. time remaining.
       25% completed,  06:56:37 (hh:mm:ss) est. time remaining.
       25% completed,  06:56:45 (hh:mm:ss) est. time remaining.
       25% completed,  06:56:08 (hh:mm:ss) est. time remaining.
       25% completed,  06:56:13 (hh:mm:ss) est. time remaining.
       25% completed,  06:55:39 (hh:mm:ss) est. time remaining.
       25% completed,  06:56:04 (hh:mm:ss) est. time remaining.
       25% completed,  06:55:45 (hh:mm:ss) est. time remaining.
       25% completed,  06:54:57 (hh:mm:ss) est. time remaining.
       25% completed,  06:54:12 (hh:mm:ss) est. time remaining.
       25% completed,  06:53:47 (hh:mm:ss) est. time remaining.
       25% completed,  06:54:09 (hh:mm:ss) est. time remaining.
       25% completed,  06:53:33 (hh:mm:ss) est. time remaining.
       25% completed,  06:53:15 (hh:mm:ss) est. time remaining.
       25% completed,  06:52:24 (hh:mm:ss) est. time remaining.
       25% completed,  06:51:46 (hh:mm:ss) est. time remaining.
       25% completed,  06:53:05 (hh:mm:ss) est. time remaining.
       25% completed,  06:53:04 (hh:mm:ss) est. time remaining.
       25% completed,  06:53:14 (hh:mm:ss) est. time remaining.
       25% completed,  06:52:38 (hh:mm:ss) est. time remaining.
       25% completed,  06:53:14 (hh:mm:ss) est. time remaining.
       25% completed,  06:53:06 (hh:mm:ss) est. time remaining.
       26% completed,  06:52:28 (hh:mm:ss) est. time remaining.
       26% completed,  06:52:06 (hh:mm:ss) est. time remaining.
       26% completed,  06:51:28 (hh:mm:ss) est. time remaining.
       26% completed,  06:50:50 (hh:mm:ss) est. time remaining.
       26% completed,  06:50:29 (hh:mm:ss) est. time remaining.
       26% completed,  06:49:42 (hh:mm:ss) est. time remaining.
       26% completed,  06:49:24 (hh:mm:ss) est. time remaining.
       26% completed,  06:49:06 (hh:mm:ss) est. time remaining.
       26% completed,  06:48:34 (hh:mm:ss) est. time remaining.
       26% completed,  06:48:21 (hh:mm:ss) est. time remaining.
       26% completed,  06:47:35 (hh:mm:ss) est. time remaining.
       26% completed,  06:47:17 (hh:mm:ss) est. time remaining.
       26% completed,  06:46:56 (hh:mm:ss) est. time remaining.
       26% completed,  06:46:47 (hh:mm:ss) est. time remaining.
       26% completed,  06:47:22 (hh:mm:ss) est. time remaining.
       26% completed,  06:47:15 (hh:mm:ss) est. time remaining.
       26% completed,  06:46:46 (hh:mm:ss) est. time remaining.
       26% completed,  06:46:14 (hh:mm:ss) est. time remaining.
       26% completed,  06:47:13 (hh:mm:ss) est. time remaining.
       26% completed,  06:46:30 (hh:mm:ss) est. time remaining.
       26% completed,  06:45:53 (hh:mm:ss) est. time remaining.
       26% completed,  06:46:03 (hh:mm:ss) est. time remaining.
       26% completed,  06:45:18 (hh:mm:ss) est. time remaining.
       26% completed,  06:44:54 (hh:mm:ss) est. time remaining.
       26% completed,  06:44:15 (hh:mm:ss) est. time remaining.
       26% completed,  06:44:03 (hh:mm:ss) est. time remaining.
       27% completed,  06:43:26 (hh:mm:ss) est. time remaining.
       27% completed,  06:42:45 (hh:mm:ss) est. time remaining.
       27% completed,  06:42:22 (hh:mm:ss) est. time remaining.
       27% completed,  06:43:41 (hh:mm:ss) est. time remaining.
       27% completed,  06:43:26 (hh:mm:ss) est. time remaining.
       27% completed,  06:43:59 (hh:mm:ss) est. time remaining.
       27% completed,  06:43:39 (hh:mm:ss) est. time remaining.
       27% completed,  06:43:11 (hh:mm:ss) est. time remaining.
       27% completed,  06:43:30 (hh:mm:ss) est. time remaining.
       27% completed,  06:42:44 (hh:mm:ss) est. time remaining.
       27% completed,  06:42:10 (hh:mm:ss) est. time remaining.
       27% completed,  06:41:32 (hh:mm:ss) est. time remaining.
       27% completed,  06:40:53 (hh:mm:ss) est. time remaining.
       27% completed,  06:40:12 (hh:mm:ss) est. time remaining.
       27% completed,  06:40:08 (hh:mm:ss) est. time remaining.
       27% completed,  06:39:27 (hh:mm:ss) est. time remaining.
       27% completed,  06:38:44 (hh:mm:ss) est. time remaining.
       27% completed,  06:38:11 (hh:mm:ss) est. time remaining.
       27% completed,  06:38:26 (hh:mm:ss) est. time remaining.
       27% completed,  06:38:24 (hh:mm:ss) est. time remaining.
       27% completed,  06:38:25 (hh:mm:ss) est. time remaining.
       27% completed,  06:39:26 (hh:mm:ss) est. time remaining.
       27% completed,  06:38:46 (hh:mm:ss) est. time remaining.
       27% completed,  06:38:57 (hh:mm:ss) est. time remaining.
       27% completed,  06:38:53 (hh:mm:ss) est. time remaining.
       27% completed,  06:39:32 (hh:mm:ss) est. time remaining.
       28% completed,  06:39:18 (hh:mm:ss) est. time remaining.
       28% completed,  06:38:32 (hh:mm:ss) est. time remaining.
       28% completed,  06:38:00 (hh:mm:ss) est. time remaining.
       28% completed,  06:37:35 (hh:mm:ss) est. time remaining.
       28% completed,  06:36:50 (hh:mm:ss) est. time remaining.
       28% completed,  06:36:13 (hh:mm:ss) est. time remaining.
       28% completed,  06:35:51 (hh:mm:ss) est. time remaining.
       28% completed,  06:35:27 (hh:mm:ss) est. time remaining.
       28% completed,  06:34:57 (hh:mm:ss) est. time remaining.
       28% completed,  06:34:58 (hh:mm:ss) est. time remaining.
       28% completed,  06:34:42 (hh:mm:ss) est. time remaining.
       28% completed,  06:34:48 (hh:mm:ss) est. time remaining.
       28% completed,  06:34:31 (hh:mm:ss) est. time remaining.
       28% completed,  06:34:17 (hh:mm:ss) est. time remaining.
       28% completed,  06:33:50 (hh:mm:ss) est. time remaining.
       28% completed,  06:35:53 (hh:mm:ss) est. time remaining.
       28% completed,  06:35:19 (hh:mm:ss) est. time remaining.
       28% completed,  06:34:42 (hh:mm:ss) est. time remaining.
       28% completed,  06:34:11 (hh:mm:ss) est. time remaining.
       28% completed,  06:33:30 (hh:mm:ss) est. time remaining.
       28% completed,  06:33:15 (hh:mm:ss) est. time remaining.
       28% completed,  06:33:01 (hh:mm:ss) est. time remaining.
       28% completed,  06:32:18 (hh:mm:ss) est. time remaining.
       28% completed,  06:31:41 (hh:mm:ss) est. time remaining.
       28% completed,  06:31:40 (hh:mm:ss) est. time remaining.
       28% completed,  06:31:06 (hh:mm:ss) est. time remaining.
       29% completed,  06:30:25 (hh:mm:ss) est. time remaining.
       29% completed,  06:29:47 (hh:mm:ss) est. time remaining.
       29% completed,  06:30:32 (hh:mm:ss) est. time remaining.
       29% completed,  06:29:51 (hh:mm:ss) est. time remaining.
       29% completed,  06:29:50 (hh:mm:ss) est. time remaining.
       29% completed,  06:30:05 (hh:mm:ss) est. time remaining.
       29% completed,  06:29:22 (hh:mm:ss) est. time remaining.
       29% completed,  06:28:51 (hh:mm:ss) est. time remaining.
       29% completed,  06:30:41 (hh:mm:ss) est. time remaining.
       29% completed,  06:30:12 (hh:mm:ss) est. time remaining.
       29% completed,  06:29:30 (hh:mm:ss) est. time remaining.
       29% completed,  06:29:52 (hh:mm:ss) est. time remaining.
       29% completed,  06:29:31 (hh:mm:ss) est. time remaining.
       29% completed,  06:29:03 (hh:mm:ss) est. time remaining.
       29% completed,  06:28:44 (hh:mm:ss) est. time remaining.
       29% completed,  06:28:11 (hh:mm:ss) est. time remaining.
       29% completed,  06:27:41 (hh:mm:ss) est. time remaining.
       29% completed,  06:27:27 (hh:mm:ss) est. time remaining.
       29% completed,  06:26:50 (hh:mm:ss) est. time remaining.
       29% completed,  06:26:43 (hh:mm:ss) est. time remaining.
       29% completed,  06:26:06 (hh:mm:ss) est. time remaining.
       29% completed,  06:25:48 (hh:mm:ss) est. time remaining.
       29% completed,  06:26:38 (hh:mm:ss) est. time remaining.
       29% completed,  06:27:23 (hh:mm:ss) est. time remaining.
       29% completed,  06:26:43 (hh:mm:ss) est. time remaining.
       29% completed,  06:26:04 (hh:mm:ss) est. time remaining.
       30% completed,  06:25:43 (hh:mm:ss) est. time remaining.
       30% completed,  06:25:02 (hh:mm:ss) est. time remaining.
       30% completed,  06:24:37 (hh:mm:ss) est. time remaining.
       30% completed,  06:24:05 (hh:mm:ss) est. time remaining.
       30% completed,  06:23:31 (hh:mm:ss) est. time remaining.
       30% completed,  06:24:10 (hh:mm:ss) est. time remaining.
       30% completed,  06:23:52 (hh:mm:ss) est. time remaining.
       30% completed,  06:24:34 (hh:mm:ss) est. time remaining.
       30% completed,  06:24:02 (hh:mm:ss) est. time remaining.
       30% completed,  06:23:47 (hh:mm:ss) est. time remaining.
       30% completed,  06:23:19 (hh:mm:ss) est. time remaining.
       30% completed,  06:22:39 (hh:mm:ss) est. time remaining.
       30% completed,  06:22:12 (hh:mm:ss) est. time remaining.
       30% completed,  06:21:51 (hh:mm:ss) est. time remaining.
       30% completed,  06:21:52 (hh:mm:ss) est. time remaining.
       30% completed,  06:21:16 (hh:mm:ss) est. time remaining.
       30% completed,  06:20:56 (hh:mm:ss) est. time remaining.
       30% completed,  06:20:25 (hh:mm:ss) est. time remaining.
       30% completed,  06:20:00 (hh:mm:ss) est. time remaining.
       30% completed,  06:19:29 (hh:mm:ss) est. time remaining.
       30% completed,  06:19:32 (hh:mm:ss) est. time remaining.
       30% completed,  06:18:56 (hh:mm:ss) est. time remaining.
       30% completed,  06:18:48 (hh:mm:ss) est. time remaining.
       30% completed,  06:18:28 (hh:mm:ss) est. time remaining.
       30% completed,  06:18:01 (hh:mm:ss) est. time remaining.
       30% completed,  06:19:00 (hh:mm:ss) est. time remaining.
       30% completed,  06:19:18 (hh:mm:ss) est. time remaining.
       31% completed,  06:19:12 (hh:mm:ss) est. time remaining.
       31% completed,  06:18:32 (hh:mm:ss) est. time remaining.
       31% completed,  06:18:32 (hh:mm:ss) est. time remaining.
       31% completed,  06:18:19 (hh:mm:ss) est. time remaining.
       31% completed,  06:18:02 (hh:mm:ss) est. time remaining.
       31% completed,  06:17:33 (hh:mm:ss) est. time remaining.
       31% completed,  06:16:58 (hh:mm:ss) est. time remaining.
       31% completed,  06:16:21 (hh:mm:ss) est. time remaining.
       31% completed,  06:15:53 (hh:mm:ss) est. time remaining.
       31% completed,  06:15:38 (hh:mm:ss) est. time remaining.
       31% completed,  06:15:42 (hh:mm:ss) est. time remaining.
       31% completed,  06:15:30 (hh:mm:ss) est. time remaining.
       31% completed,  06:14:57 (hh:mm:ss) est. time remaining.
       31% completed,  06:14:46 (hh:mm:ss) est. time remaining.
       31% completed,  06:14:16 (hh:mm:ss) est. time remaining.
       31% completed,  06:14:47 (hh:mm:ss) est. time remaining.
       31% completed,  06:14:47 (hh:mm:ss) est. time remaining.
       31% completed,  06:14:15 (hh:mm:ss) est. time remaining.
       31% completed,  06:13:51 (hh:mm:ss) est. time remaining.
       31% completed,  06:13:43 (hh:mm:ss) est. time remaining.
       31% completed,  06:13:49 (hh:mm:ss) est. time remaining.
       31% completed,  06:13:52 (hh:mm:ss) est. time remaining.
       31% completed,  06:14:05 (hh:mm:ss) est. time remaining.
       31% completed,  06:13:43 (hh:mm:ss) est. time remaining.
       31% completed,  06:13:07 (hh:mm:ss) est. time remaining.
       31% completed,  06:13:05 (hh:mm:ss) est. time remaining.
       31% completed,  06:12:46 (hh:mm:ss) est. time remaining.
       32% completed,  06:12:18 (hh:mm:ss) est. time remaining.
       32% completed,  06:11:53 (hh:mm:ss) est. time remaining.
       32% completed,  06:11:36 (hh:mm:ss) est. time remaining.
       32% completed,  06:11:07 (hh:mm:ss) est. time remaining.
       32% completed,  06:10:46 (hh:mm:ss) est. time remaining.
       32% completed,  06:11:01 (hh:mm:ss) est. time remaining.
       32% completed,  06:10:46 (hh:mm:ss) est. time remaining.
       32% completed,  06:10:21 (hh:mm:ss) est. time remaining.
       32% completed,  06:10:19 (hh:mm:ss) est. time remaining.
       32% completed,  06:9:47 (hh:mm:ss) est. time remaining.
       32% completed,  06:9:29 (hh:mm:ss) est. time remaining.
       32% completed,  06:9:04 (hh:mm:ss) est. time remaining.
       32% completed,  06:9:37 (hh:mm:ss) est. time remaining.
       32% completed,  06:10:02 (hh:mm:ss) est. time remaining.
       32% completed,  06:10:47 (hh:mm:ss) est. time remaining.
       32% completed,  06:10:39 (hh:mm:ss) est. time remaining.
       32% completed,  06:10:18 (hh:mm:ss) est. time remaining.
       32% completed,  06:9:43 (hh:mm:ss) est. time remaining.
       32% completed,  06:9:26 (hh:mm:ss) est. time remaining.
       32% completed,  06:8:57 (hh:mm:ss) est. time remaining.
       32% completed,  06:8:26 (hh:mm:ss) est. time remaining.
       32% completed,  06:7:51 (hh:mm:ss) est. time remaining.
       32% completed,  06:7:14 (hh:mm:ss) est. time remaining.
       32% completed,  06:6:50 (hh:mm:ss) est. time remaining.
       32% completed,  06:7:02 (hh:mm:ss) est. time remaining.
       32% completed,  06:6:53 (hh:mm:ss) est. time remaining.
       32% completed,  06:6:37 (hh:mm:ss) est. time remaining.
       33% completed,  06:6:33 (hh:mm:ss) est. time remaining.
       33% completed,  06:6:24 (hh:mm:ss) est. time remaining.
       33% completed,  06:6:58 (hh:mm:ss) est. time remaining.
       33% completed,  06:7:37 (hh:mm:ss) est. time remaining.
       33% completed,  06:7:10 (hh:mm:ss) est. time remaining.
       33% completed,  06:6:44 (hh:mm:ss) est. time remaining.
       33% completed,  06:6:23 (hh:mm:ss) est. time remaining.
       33% completed,  06:6:03 (hh:mm:ss) est. time remaining.
       33% completed,  06:5:42 (hh:mm:ss) est. time remaining.
       33% completed,  06:5:16 (hh:mm:ss) est. time remaining.
       33% completed,  06:4:46 (hh:mm:ss) est. time remaining.
       33% completed,  06:4:36 (hh:mm:ss) est. time remaining.
       33% completed,  06:4:15 (hh:mm:ss) est. time remaining.
       33% completed,  06:3:47 (hh:mm:ss) est. time remaining.
       33% completed,  06:3:51 (hh:mm:ss) est. time remaining.
       33% completed,  06:4:36 (hh:mm:ss) est. time remaining.
       33% completed,  06:4:34 (hh:mm:ss) est. time remaining.
       33% completed,  06:4:07 (hh:mm:ss) est. time remaining.
       33% completed,  06:3:37 (hh:mm:ss) est. time remaining.
       33% completed,  06:3:45 (hh:mm:ss) est. time remaining.
       33% completed,  06:3:27 (hh:mm:ss) est. time remaining.
       33% completed,  06:3:01 (hh:mm:ss) est. time remaining.
       33% completed,  06:2:35 (hh:mm:ss) est. time remaining.
       33% completed,  06:2:01 (hh:mm:ss) est. time remaining.
       33% completed,  06:1:32 (hh:mm:ss) est. time remaining.
       33% completed,  06:1:28 (hh:mm:ss) est. time remaining.
       33% completed,  06:1:23 (hh:mm:ss) est. time remaining.
       34% completed,  06:1:03 (hh:mm:ss) est. time remaining.
       34% completed,  06:1:07 (hh:mm:ss) est. time remaining.
       34% completed,  06:0:36 (hh:mm:ss) est. time remaining.
       34% completed,  06:0:06 (hh:mm:ss) est. time remaining.
       34% completed,  05:59:35 (hh:mm:ss) est. time remaining.
       34% completed,  05:59:07 (hh:mm:ss) est. time remaining.
       34% completed,  05:59:38 (hh:mm:ss) est. time remaining.
       34% completed,  05:59:43 (hh:mm:ss) est. time remaining.
       34% completed,  05:59:25 (hh:mm:ss) est. time remaining.
       34% completed,  05:58:50 (hh:mm:ss) est. time remaining.
       34% completed,  05:58:23 (hh:mm:ss) est. time remaining.
       34% completed,  05:58:02 (hh:mm:ss) est. time remaining.
       34% completed,  05:58:24 (hh:mm:ss) est. time remaining.
       34% completed,  05:57:53 (hh:mm:ss) est. time remaining.
       34% completed,  05:57:28 (hh:mm:ss) est. time remaining.
       34% completed,  05:57:28 (hh:mm:ss) est. time remaining.
       34% completed,  05:57:06 (hh:mm:ss) est. time remaining.
       34% completed,  05:57:28 (hh:mm:ss) est. time remaining.
       34% completed,  05:57:13 (hh:mm:ss) est. time remaining.
       34% completed,  05:56:40 (hh:mm:ss) est. time remaining.
       34% completed,  05:56:12 (hh:mm:ss) est. time remaining.
       34% completed,  05:55:56 (hh:mm:ss) est. time remaining.
       34% completed,  05:55:57 (hh:mm:ss) est. time remaining.
       34% completed,  05:55:29 (hh:mm:ss) est. time remaining.
       34% completed,  05:55:04 (hh:mm:ss) est. time remaining.
       34% completed,  05:54:52 (hh:mm:ss) est. time remaining.
       34% completed,  05:54:57 (hh:mm:ss) est. time remaining.
       35% completed,  05:54:36 (hh:mm:ss) est. time remaining.
       35% completed,  05:54:30 (hh:mm:ss) est. time remaining.
       35% completed,  05:54:00 (hh:mm:ss) est. time remaining.
       35% completed,  05:54:07 (hh:mm:ss) est. time remaining.
       35% completed,  05:53:46 (hh:mm:ss) est. time remaining.
       35% completed,  05:53:56 (hh:mm:ss) est. time remaining.
       35% completed,  05:53:43 (hh:mm:ss) est. time remaining.
       35% completed,  05:53:40 (hh:mm:ss) est. time remaining.
       35% completed,  05:53:54 (hh:mm:ss) est. time remaining.
       35% completed,  05:53:22 (hh:mm:ss) est. time remaining.
       35% completed,  05:53:02 (hh:mm:ss) est. time remaining.
       35% completed,  05:52:52 (hh:mm:ss) est. time remaining.
       35% completed,  05:52:42 (hh:mm:ss) est. time remaining.
       35% completed,  05:52:36 (hh:mm:ss) est. time remaining.
       35% completed,  05:52:06 (hh:mm:ss) est. time remaining.
       35% completed,  05:51:38 (hh:mm:ss) est. time remaining.
       35% completed,  05:51:08 (hh:mm:ss) est. time remaining.
       35% completed,  05:51:06 (hh:mm:ss) est. time remaining.
       35% completed,  05:50:40 (hh:mm:ss) est. time remaining.
       35% completed,  05:50:45 (hh:mm:ss) est. time remaining.
       35% completed,  05:50:17 (hh:mm:ss) est. time remaining.
       35% completed,  05:49:46 (hh:mm:ss) est. time remaining.
       35% completed,  05:49:18 (hh:mm:ss) est. time remaining.
       35% completed,  05:48:49 (hh:mm:ss) est. time remaining.
       35% completed,  05:48:30 (hh:mm:ss) est. time remaining.
       35% completed,  05:49:29 (hh:mm:ss) est. time remaining.
       35% completed,  05:49:53 (hh:mm:ss) est. time remaining.
       35% completed,  05:49:47 (hh:mm:ss) est. time remaining.
       36% completed,  05:49:19 (hh:mm:ss) est. time remaining.
       36% completed,  05:48:55 (hh:mm:ss) est. time remaining.
       36% completed,  05:48:28 (hh:mm:ss) est. time remaining.
       36% completed,  05:48:04 (hh:mm:ss) est. time remaining.
       36% completed,  05:47:39 (hh:mm:ss) est. time remaining.
       36% completed,  05:48:04 (hh:mm:ss) est. time remaining.
       36% completed,  05:47:33 (hh:mm:ss) est. time remaining.
       36% completed,  05:47:10 (hh:mm:ss) est. time remaining.
       36% completed,  05:46:46 (hh:mm:ss) est. time remaining.
       36% completed,  05:46:23 (hh:mm:ss) est. time remaining.
       36% completed,  05:46:22 (hh:mm:ss) est. time remaining.
       36% completed,  05:45:57 (hh:mm:ss) est. time remaining.
       36% completed,  05:46:57 (hh:mm:ss) est. time remaining.
       36% completed,  05:46:42 (hh:mm:ss) est. time remaining.
       36% completed,  05:46:25 (hh:mm:ss) est. time remaining.
       36% completed,  05:46:02 (hh:mm:ss) est. time remaining.
       36% completed,  05:45:33 (hh:mm:ss) est. time remaining.
       36% completed,  05:45:32 (hh:mm:ss) est. time remaining.
       36% completed,  05:45:06 (hh:mm:ss) est. time remaining.
       36% completed,  05:44:53 (hh:mm:ss) est. time remaining.
       36% completed,  05:44:41 (hh:mm:ss) est. time remaining.
       36% completed,  05:44:37 (hh:mm:ss) est. time remaining.
       36% completed,  05:44:07 (hh:mm:ss) est. time remaining.
       36% completed,  05:43:56 (hh:mm:ss) est. time remaining.
       36% completed,  05:43:32 (hh:mm:ss) est. time remaining.
       36% completed,  05:43:08 (hh:mm:ss) est. time remaining.
       36% completed,  05:43:46 (hh:mm:ss) est. time remaining.
       36% completed,  05:43:31 (hh:mm:ss) est. time remaining.
       37% completed,  05:43:59 (hh:mm:ss) est. time remaining.
       37% completed,  05:43:57 (hh:mm:ss) est. time remaining.
       37% completed,  05:43:45 (hh:mm:ss) est. time remaining.
       37% completed,  05:43:15 (hh:mm:ss) est. time remaining.
       37% completed,  05:42:47 (hh:mm:ss) est. time remaining.
       37% completed,  05:42:38 (hh:mm:ss) est. time remaining.
       37% completed,  05:42:28 (hh:mm:ss) est. time remaining.
       37% completed,  05:42:48 (hh:mm:ss) est. time remaining.
       37% completed,  05:42:23 (hh:mm:ss) est. time remaining.
       37% completed,  05:42:05 (hh:mm:ss) est. time remaining.
       37% completed,  05:41:47 (hh:mm:ss) est. time remaining.
       37% completed,  05:41:49 (hh:mm:ss) est. time remaining.
       37% completed,  05:41:40 (hh:mm:ss) est. time remaining.
       37% completed,  05:41:10 (hh:mm:ss) est. time remaining.
       37% completed,  05:40:43 (hh:mm:ss) est. time remaining.
       37% completed,  05:40:30 (hh:mm:ss) est. time remaining.
       37% completed,  05:40:24 (hh:mm:ss) est. time remaining.
       37% completed,  05:40:36 (hh:mm:ss) est. time remaining.
       37% completed,  05:40:08 (hh:mm:ss) est. time remaining.
       37% completed,  05:39:37 (hh:mm:ss) est. time remaining.
       37% completed,  05:39:12 (hh:mm:ss) est. time remaining.
       37% completed,  05:39:09 (hh:mm:ss) est. time remaining.
       37% completed,  05:38:40 (hh:mm:ss) est. time remaining.
       37% completed,  05:38:19 (hh:mm:ss) est. time remaining.
       37% completed,  05:37:53 (hh:mm:ss) est. time remaining.
       37% completed,  05:38:17 (hh:mm:ss) est. time remaining.
       37% completed,  05:38:12 (hh:mm:ss) est. time remaining.
       37% completed,  05:38:03 (hh:mm:ss) est. time remaining.
       38% completed,  05:37:44 (hh:mm:ss) est. time remaining.
       38% completed,  05:37:33 (hh:mm:ss) est. time remaining.
       38% completed,  05:38:09 (hh:mm:ss) est. time remaining.
       38% completed,  05:37:50 (hh:mm:ss) est. time remaining.
       38% completed,  05:37:27 (hh:mm:ss) est. time remaining.
       38% completed,  05:37:02 (hh:mm:ss) est. time remaining.
       38% completed,  05:36:40 (hh:mm:ss) est. time remaining.
       38% completed,  05:36:14 (hh:mm:ss) est. time remaining.
       38% completed,  05:35:44 (hh:mm:ss) est. time remaining.
       38% completed,  05:35:32 (hh:mm:ss) est. time remaining.
       38% completed,  05:35:06 (hh:mm:ss) est. time remaining.
       38% completed,  05:34:40 (hh:mm:ss) est. time remaining.
       38% completed,  05:34:18 (hh:mm:ss) est. time remaining.
       38% completed,  05:34:18 (hh:mm:ss) est. time remaining.
       38% completed,  05:34:45 (hh:mm:ss) est. time remaining.
       38% completed,  05:34:16 (hh:mm:ss) est. time remaining.
       38% completed,  05:34:35 (hh:mm:ss) est. time remaining.
       38% completed,  05:34:11 (hh:mm:ss) est. time remaining.
       38% completed,  05:33:46 (hh:mm:ss) est. time remaining.
       38% completed,  05:33:31 (hh:mm:ss) est. time remaining.
       38% completed,  05:33:20 (hh:mm:ss) est. time remaining.
       38% completed,  05:32:55 (hh:mm:ss) est. time remaining.
       38% completed,  05:32:41 (hh:mm:ss) est. time remaining.
       38% completed,  05:32:13 (hh:mm:ss) est. time remaining.
       38% completed,  05:31:59 (hh:mm:ss) est. time remaining.
       38% completed,  05:31:57 (hh:mm:ss) est. time remaining.
       38% completed,  05:31:35 (hh:mm:ss) est. time remaining.
       38% completed,  05:31:12 (hh:mm:ss) est. time remaining.
       39% completed,  05:30:46 (hh:mm:ss) est. time remaining.
       39% completed,  05:30:27 (hh:mm:ss) est. time remaining.
       39% completed,  05:30:01 (hh:mm:ss) est. time remaining.
       39% completed,  05:31:11 (hh:mm:ss) est. time remaining.
       39% completed,  05:31:01 (hh:mm:ss) est. time remaining.
       39% completed,  05:30:38 (hh:mm:ss) est. time remaining.
       39% completed,  05:30:15 (hh:mm:ss) est. time remaining.
       39% completed,  05:30:24 (hh:mm:ss) est. time remaining.
       39% completed,  05:30:00 (hh:mm:ss) est. time remaining.
       39% completed,  05:29:30 (hh:mm:ss) est. time remaining.
       39% completed,  05:29:17 (hh:mm:ss) est. time remaining.
       39% completed,  05:29:28 (hh:mm:ss) est. time remaining.
       39% completed,  05:29:00 (hh:mm:ss) est. time remaining.
       39% completed,  05:28:51 (hh:mm:ss) est. time remaining.
       39% completed,  05:28:27 (hh:mm:ss) est. time remaining.
       39% completed,  05:28:36 (hh:mm:ss) est. time remaining.
       39% completed,  05:28:16 (hh:mm:ss) est. time remaining.
       39% completed,  05:28:14 (hh:mm:ss) est. time remaining.
       39% completed,  05:28:06 (hh:mm:ss) est. time remaining.
       39% completed,  05:28:49 (hh:mm:ss) est. time remaining.
       39% completed,  05:28:23 (hh:mm:ss) est. time remaining.
       39% completed,  05:27:54 (hh:mm:ss) est. time remaining.
       39% completed,  05:27:29 (hh:mm:ss) est. time remaining.
       39% completed,  05:27:03 (hh:mm:ss) est. time remaining.
       39% completed,  05:26:43 (hh:mm:ss) est. time remaining.
       39% completed,  05:26:22 (hh:mm:ss) est. time remaining.
       39% completed,  05:26:04 (hh:mm:ss) est. time remaining.
       39% completed,  05:25:37 (hh:mm:ss) est. time remaining.
       39% completed,  05:25:12 (hh:mm:ss) est. time remaining.
       40% completed,  05:25:21 (hh:mm:ss) est. time remaining.
       40% completed,  05:25:53 (hh:mm:ss) est. time remaining.
       40% completed,  05:26:11 (hh:mm:ss) est. time remaining.
       40% completed,  05:25:42 (hh:mm:ss) est. time remaining.
       40% completed,  05:25:27 (hh:mm:ss) est. time remaining.
       40% completed,  05:25:14 (hh:mm:ss) est. time remaining.
       40% completed,  05:25:12 (hh:mm:ss) est. time remaining.
       40% completed,  05:24:53 (hh:mm:ss) est. time remaining.
       40% completed,  05:24:28 (hh:mm:ss) est. time remaining.
       40% completed,  05:24:26 (hh:mm:ss) est. time remaining.
       40% completed,  05:23:58 (hh:mm:ss) est. time remaining.
       40% completed,  05:23:36 (hh:mm:ss) est. time remaining.
       40% completed,  05:23:43 (hh:mm:ss) est. time remaining.
       40% completed,  05:23:15 (hh:mm:ss) est. time remaining.
       40% completed,  05:23:12 (hh:mm:ss) est. time remaining.
       40% completed,  05:22:49 (hh:mm:ss) est. time remaining.
       40% completed,  05:22:24 (hh:mm:ss) est. time remaining.
       40% completed,  05:22:25 (hh:mm:ss) est. time remaining.
       40% completed,  05:23:07 (hh:mm:ss) est. time remaining.
       40% completed,  05:22:44 (hh:mm:ss) est. time remaining.
       40% completed,  05:22:29 (hh:mm:ss) est. time remaining.
       40% completed,  05:22:08 (hh:mm:ss) est. time remaining.
       40% completed,  05:22:14 (hh:mm:ss) est. time remaining.
       40% completed,  05:21:46 (hh:mm:ss) est. time remaining.
       40% completed,  05:21:23 (hh:mm:ss) est. time remaining.
       40% completed,  05:21:45 (hh:mm:ss) est. time remaining.
       40% completed,  05:21:37 (hh:mm:ss) est. time remaining.
       40% completed,  05:21:21 (hh:mm:ss) est. time remaining.
       41% completed,  05:20:56 (hh:mm:ss) est. time remaining.
       41% completed,  05:20:33 (hh:mm:ss) est. time remaining.
       41% completed,  05:20:17 (hh:mm:ss) est. time remaining.
       41% completed,  05:19:53 (hh:mm:ss) est. time remaining.
       41% completed,  05:19:29 (hh:mm:ss) est. time remaining.
       41% completed,  05:19:13 (hh:mm:ss) est. time remaining.
       41% completed,  05:18:55 (hh:mm:ss) est. time remaining.
       41% completed,  05:19:39 (hh:mm:ss) est. time remaining.
       41% completed,  05:19:14 (hh:mm:ss) est. time remaining.
       41% completed,  05:18:58 (hh:mm:ss) est. time remaining.
       41% completed,  05:18:41 (hh:mm:ss) est. time remaining.
       41% completed,  05:18:27 (hh:mm:ss) est. time remaining.
       41% completed,  05:18:15 (hh:mm:ss) est. time remaining.
       41% completed,  05:17:56 (hh:mm:ss) est. time remaining.
       41% completed,  05:17:34 (hh:mm:ss) est. time remaining.
       41% completed,  05:17:53 (hh:mm:ss) est. time remaining.
       41% completed,  05:17:29 (hh:mm:ss) est. time remaining.
       41% completed,  05:17:13 (hh:mm:ss) est. time remaining.
       41% completed,  05:17:03 (hh:mm:ss) est. time remaining.
       41% completed,  05:16:39 (hh:mm:ss) est. time remaining.
       41% completed,  05:16:27 (hh:mm:ss) est. time remaining.
       41% completed,  05:16:02 (hh:mm:ss) est. time remaining.
       41% completed,  05:15:46 (hh:mm:ss) est. time remaining.
       41% completed,  05:15:30 (hh:mm:ss) est. time remaining.
       41% completed,  05:15:05 (hh:mm:ss) est. time remaining.
       41% completed,  05:14:43 (hh:mm:ss) est. time remaining.
       41% completed,  05:14:58 (hh:mm:ss) est. time remaining.
       41% completed,  05:14:57 (hh:mm:ss) est. time remaining.
       41% completed,  05:15:05 (hh:mm:ss) est. time remaining.
       41% completed,  05:14:48 (hh:mm:ss) est. time remaining.
       42% completed,  05:14:41 (hh:mm:ss) est. time remaining.
       42% completed,  05:14:42 (hh:mm:ss) est. time remaining.
       42% completed,  05:14:22 (hh:mm:ss) est. time remaining.
       42% completed,  05:14:03 (hh:mm:ss) est. time remaining.
       42% completed,  05:13:51 (hh:mm:ss) est. time remaining.
       42% completed,  05:13:30 (hh:mm:ss) est. time remaining.
       42% completed,  05:13:07 (hh:mm:ss) est. time remaining.
       42% completed,  05:12:44 (hh:mm:ss) est. time remaining.
       42% completed,  05:12:33 (hh:mm:ss) est. time remaining.
       42% completed,  05:12:15 (hh:mm:ss) est. time remaining.
       42% completed,  05:12:12 (hh:mm:ss) est. time remaining.
       42% completed,  05:12:02 (hh:mm:ss) est. time remaining.
       42% completed,  05:11:57 (hh:mm:ss) est. time remaining.
       42% completed,  05:12:13 (hh:mm:ss) est. time remaining.
       42% completed,  05:11:59 (hh:mm:ss) est. time remaining.
       42% completed,  05:11:55 (hh:mm:ss) est. time remaining.
       42% completed,  05:11:46 (hh:mm:ss) est. time remaining.
       42% completed,  05:11:31 (hh:mm:ss) est. time remaining.
       42% completed,  05:11:05 (hh:mm:ss) est. time remaining.
       42% completed,  05:10:40 (hh:mm:ss) est. time remaining.
       42% completed,  05:10:25 (hh:mm:ss) est. time remaining.
       42% completed,  05:10:14 (hh:mm:ss) est. time remaining.
       42% completed,  05:9:52 (hh:mm:ss) est. time remaining.
       42% completed,  05:10:07 (hh:mm:ss) est. time remaining.
       42% completed,  05:9:55 (hh:mm:ss) est. time remaining.
       42% completed,  05:9:33 (hh:mm:ss) est. time remaining.
       42% completed,  05:9:11 (hh:mm:ss) est. time remaining.
       42% completed,  05:8:47 (hh:mm:ss) est. time remaining.
       42% completed,  05:8:21 (hh:mm:ss) est. time remaining.
       43% completed,  05:8:14 (hh:mm:ss) est. time remaining.
       43% completed,  05:8:01 (hh:mm:ss) est. time remaining.
       43% completed,  05:7:57 (hh:mm:ss) est. time remaining.
       43% completed,  05:8:01 (hh:mm:ss) est. time remaining.
       43% completed,  05:7:58 (hh:mm:ss) est. time remaining.
       43% completed,  05:7:42 (hh:mm:ss) est. time remaining.
       43% completed,  05:7:24 (hh:mm:ss) est. time remaining.
       43% completed,  05:7:05 (hh:mm:ss) est. time remaining.
       43% completed,  05:7:30 (hh:mm:ss) est. time remaining.
       43% completed,  05:7:22 (hh:mm:ss) est. time remaining.
       43% completed,  05:6:58 (hh:mm:ss) est. time remaining.
       43% completed,  05:6:34 (hh:mm:ss) est. time remaining.
       43% completed,  05:6:11 (hh:mm:ss) est. time remaining.
       43% completed,  05:6:04 (hh:mm:ss) est. time remaining.
       43% completed,  05:5:59 (hh:mm:ss) est. time remaining.
       43% completed,  05:5:36 (hh:mm:ss) est. time remaining.
       43% completed,  05:5:11 (hh:mm:ss) est. time remaining.
       43% completed,  05:4:45 (hh:mm:ss) est. time remaining.
       43% completed,  05:4:32 (hh:mm:ss) est. time remaining.
       43% completed,  05:4:26 (hh:mm:ss) est. time remaining.
       43% completed,  05:5:00 (hh:mm:ss) est. time remaining.
       43% completed,  05:4:57 (hh:mm:ss) est. time remaining.
       43% completed,  05:4:34 (hh:mm:ss) est. time remaining.
       43% completed,  05:4:17 (hh:mm:ss) est. time remaining.
       43% completed,  05:4:23 (hh:mm:ss) est. time remaining.
       43% completed,  05:4:31 (hh:mm:ss) est. time remaining.
       43% completed,  05:4:09 (hh:mm:ss) est. time remaining.
       43% completed,  05:3:55 (hh:mm:ss) est. time remaining.
       43% completed,  05:3:44 (hh:mm:ss) est. time remaining.
       44% completed,  05:3:24 (hh:mm:ss) est. time remaining.
       44% completed,  05:3:02 (hh:mm:ss) est. time remaining.
       44% completed,  05:2:43 (hh:mm:ss) est. time remaining.
       44% completed,  05:2:19 (hh:mm:ss) est. time remaining.
       44% completed,  05:2:24 (hh:mm:ss) est. time remaining.
       44% completed,  05:2:09 (hh:mm:ss) est. time remaining.
       44% completed,  05:1:46 (hh:mm:ss) est. time remaining.
       44% completed,  05:1:38 (hh:mm:ss) est. time remaining.
       44% completed,  05:1:36 (hh:mm:ss) est. time remaining.
       44% completed,  05:1:16 (hh:mm:ss) est. time remaining.
       44% completed,  05:0:58 (hh:mm:ss) est. time remaining.
       44% completed,  05:1:48 (hh:mm:ss) est. time remaining.
       44% completed,  05:1:29 (hh:mm:ss) est. time remaining.
       44% completed,  05:1:08 (hh:mm:ss) est. time remaining.
       44% completed,  05:0:53 (hh:mm:ss) est. time remaining.
       44% completed,  05:0:29 (hh:mm:ss) est. time remaining.
       44% completed,  05:0:08 (hh:mm:ss) est. time remaining.
       44% completed,  04:59:50 (hh:mm:ss) est. time remaining.
       44% completed,  04:59:51 (hh:mm:ss) est. time remaining.
       44% completed,  04:59:36 (hh:mm:ss) est. time remaining.
       44% completed,  04:59:19 (hh:mm:ss) est. time remaining.
       44% completed,  04:59:19 (hh:mm:ss) est. time remaining.
       44% completed,  04:59:26 (hh:mm:ss) est. time remaining.
       44% completed,  04:59:04 (hh:mm:ss) est. time remaining.
       44% completed,  04:58:53 (hh:mm:ss) est. time remaining.
       44% completed,  04:58:55 (hh:mm:ss) est. time remaining.
       44% completed,  04:58:37 (hh:mm:ss) est. time remaining.
       44% completed,  04:58:31 (hh:mm:ss) est. time remaining.
       44% completed,  04:58:37 (hh:mm:ss) est. time remaining.
       44% completed,  04:58:15 (hh:mm:ss) est. time remaining.
       45% completed,  04:58:24 (hh:mm:ss) est. time remaining.
       45% completed,  04:58:06 (hh:mm:ss) est. time remaining.
       45% completed,  04:57:42 (hh:mm:ss) est. time remaining.
       45% completed,  04:57:19 (hh:mm:ss) est. time remaining.
       45% completed,  04:56:58 (hh:mm:ss) est. time remaining.
       45% completed,  04:56:47 (hh:mm:ss) est. time remaining.
       45% completed,  04:56:25 (hh:mm:ss) est. time remaining.
       45% completed,  04:56:08 (hh:mm:ss) est. time remaining.
       45% completed,  04:56:24 (hh:mm:ss) est. time remaining.
       45% completed,  04:56:01 (hh:mm:ss) est. time remaining.
       45% completed,  04:55:42 (hh:mm:ss) est. time remaining.
       45% completed,  04:55:24 (hh:mm:ss) est. time remaining.
       45% completed,  04:55:11 (hh:mm:ss) est. time remaining.
       45% completed,  04:55:16 (hh:mm:ss) est. time remaining.
       45% completed,  04:54:58 (hh:mm:ss) est. time remaining.
       45% completed,  04:54:53 (hh:mm:ss) est. time remaining.
       45% completed,  04:54:31 (hh:mm:ss) est. time remaining.
       45% completed,  04:54:24 (hh:mm:ss) est. time remaining.
       45% completed,  04:54:03 (hh:mm:ss) est. time remaining.
       45% completed,  04:53:52 (hh:mm:ss) est. time remaining.
       45% completed,  04:53:34 (hh:mm:ss) est. time remaining.
       45% completed,  04:53:53 (hh:mm:ss) est. time remaining.
       45% completed,  04:53:36 (hh:mm:ss) est. time remaining.
       45% completed,  04:53:28 (hh:mm:ss) est. time remaining.
       45% completed,  04:53:12 (hh:mm:ss) est. time remaining.
       45% completed,  04:52:55 (hh:mm:ss) est. time remaining.
       45% completed,  04:52:41 (hh:mm:ss) est. time remaining.
       45% completed,  04:52:19 (hh:mm:ss) est. time remaining.
       45% completed,  04:52:05 (hh:mm:ss) est. time remaining.
       45% completed,  04:51:52 (hh:mm:ss) est. time remaining.
       46% completed,  04:51:48 (hh:mm:ss) est. time remaining.
       46% completed,  04:51:48 (hh:mm:ss) est. time remaining.
       46% completed,  04:51:39 (hh:mm:ss) est. time remaining.
       46% completed,  04:51:18 (hh:mm:ss) est. time remaining.
       46% completed,  04:51:02 (hh:mm:ss) est. time remaining.
       46% completed,  04:51:11 (hh:mm:ss) est. time remaining.
       46% completed,  04:51:14 (hh:mm:ss) est. time remaining.
       46% completed,  04:51:11 (hh:mm:ss) est. time remaining.
       46% completed,  04:50:49 (hh:mm:ss) est. time remaining.
       46% completed,  04:50:27 (hh:mm:ss) est. time remaining.
       46% completed,  04:50:04 (hh:mm:ss) est. time remaining.
       46% completed,  04:50:10 (hh:mm:ss) est. time remaining.
       46% completed,  04:49:51 (hh:mm:ss) est. time remaining.
       46% completed,  04:49:40 (hh:mm:ss) est. time remaining.
       46% completed,  04:49:22 (hh:mm:ss) est. time remaining.
       46% completed,  04:49:11 (hh:mm:ss) est. time remaining.
       46% completed,  04:49:03 (hh:mm:ss) est. time remaining.
       46% completed,  04:48:56 (hh:mm:ss) est. time remaining.
       46% completed,  04:48:42 (hh:mm:ss) est. time remaining.
       46% completed,  04:48:20 (hh:mm:ss) est. time remaining.
       46% completed,  04:48:11 (hh:mm:ss) est. time remaining.
       46% completed,  04:47:54 (hh:mm:ss) est. time remaining.
       46% completed,  04:48:09 (hh:mm:ss) est. time remaining.
       46% completed,  04:47:47 (hh:mm:ss) est. time remaining.
       46% completed,  04:47:52 (hh:mm:ss) est. time remaining.
       46% completed,  04:47:47 (hh:mm:ss) est. time remaining.
       46% completed,  04:47:29 (hh:mm:ss) est. time remaining.
       46% completed,  04:47:22 (hh:mm:ss) est. time remaining.
       46% completed,  04:47:10 (hh:mm:ss) est. time remaining.
       46% completed,  04:46:49 (hh:mm:ss) est. time remaining.
       47% completed,  04:46:48 (hh:mm:ss) est. time remaining.
       47% completed,  04:46:26 (hh:mm:ss) est. time remaining.
       47% completed,  04:46:07 (hh:mm:ss) est. time remaining.
       47% completed,  04:45:47 (hh:mm:ss) est. time remaining.
       47% completed,  04:46:03 (hh:mm:ss) est. time remaining.
       47% completed,  04:45:42 (hh:mm:ss) est. time remaining.
       47% completed,  04:45:48 (hh:mm:ss) est. time remaining.
       47% completed,  04:45:28 (hh:mm:ss) est. time remaining.
       47% completed,  04:45:21 (hh:mm:ss) est. time remaining.
       47% completed,  04:45:02 (hh:mm:ss) est. time remaining.
       47% completed,  04:44:56 (hh:mm:ss) est. time remaining.
       47% completed,  04:44:36 (hh:mm:ss) est. time remaining.
       47% completed,  04:44:33 (hh:mm:ss) est. time remaining.
       47% completed,  04:44:13 (hh:mm:ss) est. time remaining.
       47% completed,  04:43:52 (hh:mm:ss) est. time remaining.
       47% completed,  04:44:01 (hh:mm:ss) est. time remaining.
       47% completed,  04:43:51 (hh:mm:ss) est. time remaining.
       47% completed,  04:43:40 (hh:mm:ss) est. time remaining.
       47% completed,  04:43:24 (hh:mm:ss) est. time remaining.
       47% completed,  04:43:12 (hh:mm:ss) est. time remaining.
       47% completed,  04:42:54 (hh:mm:ss) est. time remaining.
       47% completed,  04:42:36 (hh:mm:ss) est. time remaining.
       47% completed,  04:42:23 (hh:mm:ss) est. time remaining.
       47% completed,  04:42:12 (hh:mm:ss) est. time remaining.
       47% completed,  04:41:54 (hh:mm:ss) est. time remaining.
       47% completed,  04:41:57 (hh:mm:ss) est. time remaining.
       47% completed,  04:41:58 (hh:mm:ss) est. time remaining.
       47% completed,  04:41:52 (hh:mm:ss) est. time remaining.
       47% completed,  04:41:31 (hh:mm:ss) est. time remaining.
       47% completed,  04:41:09 (hh:mm:ss) est. time remaining.
       47% completed,  04:40:50 (hh:mm:ss) est. time remaining.
       48% completed,  04:40:34 (hh:mm:ss) est. time remaining.
       48% completed,  04:40:24 (hh:mm:ss) est. time remaining.
       48% completed,  04:40:07 (hh:mm:ss) est. time remaining.
       48% completed,  04:40:09 (hh:mm:ss) est. time remaining.
       48% completed,  04:39:58 (hh:mm:ss) est. time remaining.
       48% completed,  04:39:36 (hh:mm:ss) est. time remaining.
       48% completed,  04:39:30 (hh:mm:ss) est. time remaining.
       48% completed,  04:39:11 (hh:mm:ss) est. time remaining.
       48% completed,  04:38:56 (hh:mm:ss) est. time remaining.
       48% completed,  04:38:39 (hh:mm:ss) est. time remaining.
       48% completed,  04:38:43 (hh:mm:ss) est. time remaining.
       48% completed,  04:38:27 (hh:mm:ss) est. time remaining.
       48% completed,  04:38:34 (hh:mm:ss) est. time remaining.
       48% completed,  04:38:44 (hh:mm:ss) est. time remaining.
       48% completed,  04:38:28 (hh:mm:ss) est. time remaining.
       48% completed,  04:38:10 (hh:mm:ss) est. time remaining.
       48% completed,  04:37:52 (hh:mm:ss) est. time remaining.
       48% completed,  04:37:38 (hh:mm:ss) est. time remaining.
       48% completed,  04:37:35 (hh:mm:ss) est. time remaining.
       48% completed,  04:37:15 (hh:mm:ss) est. time remaining.
       48% completed,  04:36:58 (hh:mm:ss) est. time remaining.
       48% completed,  04:37:13 (hh:mm:ss) est. time remaining.
       48% completed,  04:37:01 (hh:mm:ss) est. time remaining.
       48% completed,  04:36:46 (hh:mm:ss) est. time remaining.
       48% completed,  04:36:26 (hh:mm:ss) est. time remaining.
       48% completed,  04:36:06 (hh:mm:ss) est. time remaining.
       48% completed,  04:36:02 (hh:mm:ss) est. time remaining.
       48% completed,  04:35:50 (hh:mm:ss) est. time remaining.
       48% completed,  04:35:43 (hh:mm:ss) est. time remaining.
       48% completed,  04:35:55 (hh:mm:ss) est. time remaining.
       48% completed,  04:35:35 (hh:mm:ss) est. time remaining.
       49% completed,  04:35:19 (hh:mm:ss) est. time remaining.
       49% completed,  04:35:05 (hh:mm:ss) est. time remaining.
       49% completed,  04:34:46 (hh:mm:ss) est. time remaining.
       49% completed,  04:34:31 (hh:mm:ss) est. time remaining.
       49% completed,  04:34:18 (hh:mm:ss) est. time remaining.
       49% completed,  04:34:04 (hh:mm:ss) est. time remaining.
       49% completed,  04:34:00 (hh:mm:ss) est. time remaining.
       49% completed,  04:33:57 (hh:mm:ss) est. time remaining.
       49% completed,  04:33:53 (hh:mm:ss) est. time remaining.
       49% completed,  04:33:44 (hh:mm:ss) est. time remaining.
       49% completed,  04:33:25 (hh:mm:ss) est. time remaining.
       49% completed,  04:33:05 (hh:mm:ss) est. time remaining.
       49% completed,  04:32:51 (hh:mm:ss) est. time remaining.
       49% completed,  04:32:33 (hh:mm:ss) est. time remaining.
       49% completed,  04:32:13 (hh:mm:ss) est. time remaining.
       49% completed,  04:32:28 (hh:mm:ss) est. time remaining.
       49% completed,  04:32:17 (hh:mm:ss) est. time remaining.
       49% completed,  04:32:33 (hh:mm:ss) est. time remaining.
       49% completed,  04:32:14 (hh:mm:ss) est. time remaining.
       49% completed,  04:32:03 (hh:mm:ss) est. time remaining.
       49% completed,  04:31:46 (hh:mm:ss) est. time remaining.
       49% completed,  04:31:32 (hh:mm:ss) est. time remaining.
       49% completed,  04:31:25 (hh:mm:ss) est. time remaining.
       49% completed,  04:31:08 (hh:mm:ss) est. time remaining.
       49% completed,  04:30:51 (hh:mm:ss) est. time remaining.
       49% completed,  04:31:00 (hh:mm:ss) est. time remaining.
       49% completed,  04:30:40 (hh:mm:ss) est. time remaining.
       49% completed,  04:30:24 (hh:mm:ss) est. time remaining.
       49% completed,  04:30:18 (hh:mm:ss) est. time remaining.
       49% completed,  04:29:59 (hh:mm:ss) est. time remaining.
       49% completed,  04:30:07 (hh:mm:ss) est. time remaining.
       50% completed,  04:29:50 (hh:mm:ss) est. time remaining.
       50% completed,  04:29:36 (hh:mm:ss) est. time remaining.
       50% completed,  04:29:32 (hh:mm:ss) est. time remaining.
       50% completed,  04:29:19 (hh:mm:ss) est. time remaining.
       50% completed,  04:29:11 (hh:mm:ss) est. time remaining.
       50% completed,  04:29:05 (hh:mm:ss) est. time remaining.
       50% completed,  04:28:57 (hh:mm:ss) est. time remaining.
       50% completed,  04:28:37 (hh:mm:ss) est. time remaining.
       50% completed,  04:28:39 (hh:mm:ss) est. time remaining.
       50% completed,  04:28:31 (hh:mm:ss) est. time remaining.
       50% completed,  04:28:13 (hh:mm:ss) est. time remaining.
       50% completed,  04:27:57 (hh:mm:ss) est. time remaining.
       50% completed,  04:27:45 (hh:mm:ss) est. time remaining.
       50% completed,  04:27:25 (hh:mm:ss) est. time remaining.
       50% completed,  04:27:12 (hh:mm:ss) est. time remaining.
       50% completed,  04:26:59 (hh:mm:ss) est. time remaining.
       50% completed,  04:26:42 (hh:mm:ss) est. time remaining.
       50% completed,  04:26:25 (hh:mm:ss) est. time remaining.
       50% completed,  04:26:28 (hh:mm:ss) est. time remaining.
       50% completed,  04:26:13 (hh:mm:ss) est. time remaining.
       50% completed,  04:26:00 (hh:mm:ss) est. time remaining.
       50% completed,  04:25:52 (hh:mm:ss) est. time remaining.
       50% completed,  04:25:44 (hh:mm:ss) est. time remaining.
       50% completed,  04:25:49 (hh:mm:ss) est. time remaining.
       50% completed,  04:25:37 (hh:mm:ss) est. time remaining.
       50% completed,  04:25:18 (hh:mm:ss) est. time remaining.
       50% completed,  04:25:03 (hh:mm:ss) est. time remaining.
       50% completed,  04:24:49 (hh:mm:ss) est. time remaining.
       50% completed,  04:24:34 (hh:mm:ss) est. time remaining.
       50% completed,  04:24:19 (hh:mm:ss) est. time remaining.
       50% completed,  04:24:07 (hh:mm:ss) est. time remaining.
       50% completed,  04:23:52 (hh:mm:ss) est. time remaining.
       51% completed,  04:23:33 (hh:mm:ss) est. time remaining.
       51% completed,  04:23:17 (hh:mm:ss) est. time remaining.
       51% completed,  04:23:01 (hh:mm:ss) est. time remaining.
       51% completed,  04:22:43 (hh:mm:ss) est. time remaining.
       51% completed,  04:23:10 (hh:mm:ss) est. time remaining.
       51% completed,  04:22:55 (hh:mm:ss) est. time remaining.
       51% completed,  04:22:40 (hh:mm:ss) est. time remaining.
       51% completed,  04:22:42 (hh:mm:ss) est. time remaining.
       51% completed,  04:22:27 (hh:mm:ss) est. time remaining.
       51% completed,  04:22:07 (hh:mm:ss) est. time remaining.
       51% completed,  04:22:05 (hh:mm:ss) est. time remaining.
       51% completed,  04:22:04 (hh:mm:ss) est. time remaining.
       51% completed,  04:21:45 (hh:mm:ss) est. time remaining.
       51% completed,  04:21:42 (hh:mm:ss) est. time remaining.
       51% completed,  04:21:25 (hh:mm:ss) est. time remaining.
       51% completed,  04:21:08 (hh:mm:ss) est. time remaining.
       51% completed,  04:20:51 (hh:mm:ss) est. time remaining.
       51% completed,  04:20:39 (hh:mm:ss) est. time remaining.
       51% completed,  04:20:26 (hh:mm:ss) est. time remaining.
       51% completed,  04:20:14 (hh:mm:ss) est. time remaining.
       51% completed,  04:20:09 (hh:mm:ss) est. time remaining.
       51% completed,  04:19:54 (hh:mm:ss) est. time remaining.
       51% completed,  04:19:58 (hh:mm:ss) est. time remaining.
       51% completed,  04:19:44 (hh:mm:ss) est. time remaining.
       51% completed,  04:19:37 (hh:mm:ss) est. time remaining.
       51% completed,  04:19:29 (hh:mm:ss) est. time remaining.
       51% completed,  04:19:17 (hh:mm:ss) est. time remaining.
       51% completed,  04:19:04 (hh:mm:ss) est. time remaining.
       51% completed,  04:18:53 (hh:mm:ss) est. time remaining.
       51% completed,  04:18:44 (hh:mm:ss) est. time remaining.
       51% completed,  04:18:34 (hh:mm:ss) est. time remaining.
       51% completed,  04:18:15 (hh:mm:ss) est. time remaining.
       52% completed,  04:18:14 (hh:mm:ss) est. time remaining.
       52% completed,  04:17:55 (hh:mm:ss) est. time remaining.
       52% completed,  04:17:37 (hh:mm:ss) est. time remaining.
       52% completed,  04:17:28 (hh:mm:ss) est. time remaining.
       52% completed,  04:17:32 (hh:mm:ss) est. time remaining.
       52% completed,  04:17:14 (hh:mm:ss) est. time remaining.
       52% completed,  04:16:55 (hh:mm:ss) est. time remaining.
       52% completed,  04:16:43 (hh:mm:ss) est. time remaining.
       52% completed,  04:16:25 (hh:mm:ss) est. time remaining.
       52% completed,  04:16:12 (hh:mm:ss) est. time remaining.
       52% completed,  04:16:26 (hh:mm:ss) est. time remaining.
       52% completed,  04:16:10 (hh:mm:ss) est. time remaining.
       52% completed,  04:15:53 (hh:mm:ss) est. time remaining.
       52% completed,  04:15:35 (hh:mm:ss) est. time remaining.
       52% completed,  04:15:25 (hh:mm:ss) est. time remaining.
       52% completed,  04:15:07 (hh:mm:ss) est. time remaining.
       52% completed,  04:15:23 (hh:mm:ss) est. time remaining.
       52% completed,  04:15:15 (hh:mm:ss) est. time remaining.
       52% completed,  04:14:57 (hh:mm:ss) est. time remaining.
       52% completed,  04:14:44 (hh:mm:ss) est. time remaining.
       52% completed,  04:14:27 (hh:mm:ss) est. time remaining.
       52% completed,  04:14:16 (hh:mm:ss) est. time remaining.
       52% completed,  04:14:03 (hh:mm:ss) est. time remaining.
       52% completed,  04:13:56 (hh:mm:ss) est. time remaining.
       52% completed,  04:13:49 (hh:mm:ss) est. time remaining.
       52% completed,  04:13:38 (hh:mm:ss) est. time remaining.
       52% completed,  04:13:23 (hh:mm:ss) est. time remaining.
       52% completed,  04:13:13 (hh:mm:ss) est. time remaining.
       52% completed,  04:13:14 (hh:mm:ss) est. time remaining.
       52% completed,  04:13:09 (hh:mm:ss) est. time remaining.
       52% completed,  04:12:51 (hh:mm:ss) est. time remaining.
       52% completed,  04:12:54 (hh:mm:ss) est. time remaining.
       53% completed,  04:12:41 (hh:mm:ss) est. time remaining.
       53% completed,  04:12:25 (hh:mm:ss) est. time remaining.
       53% completed,  04:12:09 (hh:mm:ss) est. time remaining.
       53% completed,  04:11:53 (hh:mm:ss) est. time remaining.
       53% completed,  04:11:43 (hh:mm:ss) est. time remaining.
       53% completed,  04:11:31 (hh:mm:ss) est. time remaining.
       53% completed,  04:11:21 (hh:mm:ss) est. time remaining.
       53% completed,  04:11:05 (hh:mm:ss) est. time remaining.
       53% completed,  04:10:50 (hh:mm:ss) est. time remaining.
       53% completed,  04:10:58 (hh:mm:ss) est. time remaining.
       53% completed,  04:10:39 (hh:mm:ss) est. time remaining.
       53% completed,  04:10:22 (hh:mm:ss) est. time remaining.
       53% completed,  04:10:07 (hh:mm:ss) est. time remaining.
       53% completed,  04:10:19 (hh:mm:ss) est. time remaining.
       53% completed,  04:10:19 (hh:mm:ss) est. time remaining.
       53% completed,  04:10:02 (hh:mm:ss) est. time remaining.
       53% completed,  04:9:47 (hh:mm:ss) est. time remaining.
       53% completed,  04:9:30 (hh:mm:ss) est. time remaining.
       53% completed,  04:9:17 (hh:mm:ss) est. time remaining.
       53% completed,  04:8:59 (hh:mm:ss) est. time remaining.
       53% completed,  04:8:48 (hh:mm:ss) est. time remaining.
       53% completed,  04:8:34 (hh:mm:ss) est. time remaining.
       53% completed,  04:8:25 (hh:mm:ss) est. time remaining.
       53% completed,  04:8:17 (hh:mm:ss) est. time remaining.
       53% completed,  04:8:06 (hh:mm:ss) est. time remaining.
       53% completed,  04:7:52 (hh:mm:ss) est. time remaining.
       53% completed,  04:7:34 (hh:mm:ss) est. time remaining.
       53% completed,  04:7:23 (hh:mm:ss) est. time remaining.
       53% completed,  04:7:18 (hh:mm:ss) est. time remaining.
       53% completed,  04:7:37 (hh:mm:ss) est. time remaining.
       53% completed,  04:7:46 (hh:mm:ss) est. time remaining.
       53% completed,  04:7:32 (hh:mm:ss) est. time remaining.
       54% completed,  04:7:20 (hh:mm:ss) est. time remaining.
       54% completed,  04:7:05 (hh:mm:ss) est. time remaining.
       54% completed,  04:6:50 (hh:mm:ss) est. time remaining.
       54% completed,  04:6:34 (hh:mm:ss) est. time remaining.
       54% completed,  04:6:20 (hh:mm:ss) est. time remaining.
       54% completed,  04:6:16 (hh:mm:ss) est. time remaining.
       54% completed,  04:6:01 (hh:mm:ss) est. time remaining.
       54% completed,  04:5:51 (hh:mm:ss) est. time remaining.
       54% completed,  04:5:35 (hh:mm:ss) est. time remaining.
       54% completed,  04:5:30 (hh:mm:ss) est. time remaining.
       54% completed,  04:5:24 (hh:mm:ss) est. time remaining.
       54% completed,  04:5:13 (hh:mm:ss) est. time remaining.
       54% completed,  04:5:04 (hh:mm:ss) est. time remaining.
       54% completed,  04:4:50 (hh:mm:ss) est. time remaining.
       54% completed,  04:4:38 (hh:mm:ss) est. time remaining.
       54% completed,  04:4:25 (hh:mm:ss) est. time remaining.
       54% completed,  04:4:25 (hh:mm:ss) est. time remaining.
       54% completed,  04:4:23 (hh:mm:ss) est. time remaining.
       54% completed,  04:4:15 (hh:mm:ss) est. time remaining.
       54% completed,  04:4:07 (hh:mm:ss) est. time remaining.
       54% completed,  04:3:49 (hh:mm:ss) est. time remaining.
       54% completed,  04:3:33 (hh:mm:ss) est. time remaining.
       54% completed,  04:3:25 (hh:mm:ss) est. time remaining.
       54% completed,  04:3:14 (hh:mm:ss) est. time remaining.
       54% completed,  04:3:00 (hh:mm:ss) est. time remaining.
       54% completed,  04:2:46 (hh:mm:ss) est. time remaining.
       54% completed,  04:2:41 (hh:mm:ss) est. time remaining.
       54% completed,  04:2:25 (hh:mm:ss) est. time remaining.
       54% completed,  04:2:12 (hh:mm:ss) est. time remaining.
       54% completed,  04:2:10 (hh:mm:ss) est. time remaining.
       54% completed,  04:2:17 (hh:mm:ss) est. time remaining.
       54% completed,  04:2:02 (hh:mm:ss) est. time remaining.
       54% completed,  04:1:50 (hh:mm:ss) est. time remaining.
       55% completed,  04:1:35 (hh:mm:ss) est. time remaining.
       55% completed,  04:1:29 (hh:mm:ss) est. time remaining.
       55% completed,  04:1:14 (hh:mm:ss) est. time remaining.
       55% completed,  04:1:08 (hh:mm:ss) est. time remaining.
       55% completed,  04:1:12 (hh:mm:ss) est. time remaining.
       55% completed,  04:1:00 (hh:mm:ss) est. time remaining.
       55% completed,  04:0:51 (hh:mm:ss) est. time remaining.
       55% completed,  04:0:38 (hh:mm:ss) est. time remaining.
       55% completed,  04:0:27 (hh:mm:ss) est. time remaining.
       55% completed,  04:0:15 (hh:mm:ss) est. time remaining.
       55% completed,  04:0:00 (hh:mm:ss) est. time remaining.
       55% completed,  03:59:43 (hh:mm:ss) est. time remaining.
       55% completed,  03:59:27 (hh:mm:ss) est. time remaining.
       55% completed,  03:59:10 (hh:mm:ss) est. time remaining.
       55% completed,  03:59:15 (hh:mm:ss) est. time remaining.
       55% completed,  03:59:17 (hh:mm:ss) est. time remaining.
       55% completed,  03:59:00 (hh:mm:ss) est. time remaining.
       55% completed,  03:58:45 (hh:mm:ss) est. time remaining.
       55% completed,  03:58:34 (hh:mm:ss) est. time remaining.
       55% completed,  03:58:51 (hh:mm:ss) est. time remaining.
       55% completed,  03:58:47 (hh:mm:ss) est. time remaining.
       55% completed,  03:58:33 (hh:mm:ss) est. time remaining.
       55% completed,  03:58:17 (hh:mm:ss) est. time remaining.
       55% completed,  03:58:03 (hh:mm:ss) est. time remaining.
       55% completed,  03:57:48 (hh:mm:ss) est. time remaining.
       55% completed,  03:57:33 (hh:mm:ss) est. time remaining.
       55% completed,  03:57:18 (hh:mm:ss) est. time remaining.
       55% completed,  03:57:08 (hh:mm:ss) est. time remaining.
       55% completed,  03:56:53 (hh:mm:ss) est. time remaining.
       55% completed,  03:56:47 (hh:mm:ss) est. time remaining.
       55% completed,  03:56:35 (hh:mm:ss) est. time remaining.
       55% completed,  03:56:48 (hh:mm:ss) est. time remaining.
       55% completed,  03:56:33 (hh:mm:ss) est. time remaining.
       56% completed,  03:56:26 (hh:mm:ss) est. time remaining.
       56% completed,  03:56:15 (hh:mm:ss) est. time remaining.
       56% completed,  03:56:15 (hh:mm:ss) est. time remaining.
       56% completed,  03:56:12 (hh:mm:ss) est. time remaining.
       56% completed,  03:55:59 (hh:mm:ss) est. time remaining.
       56% completed,  03:55:44 (hh:mm:ss) est. time remaining.
       56% completed,  03:55:29 (hh:mm:ss) est. time remaining.
       56% completed,  03:55:14 (hh:mm:ss) est. time remaining.
       56% completed,  03:54:58 (hh:mm:ss) est. time remaining.
       56% completed,  03:54:42 (hh:mm:ss) est. time remaining.
       56% completed,  03:54:29 (hh:mm:ss) est. time remaining.
       56% completed,  03:54:17 (hh:mm:ss) est. time remaining.
       56% completed,  03:54:07 (hh:mm:ss) est. time remaining.
       56% completed,  03:53:53 (hh:mm:ss) est. time remaining.
       56% completed,  03:53:56 (hh:mm:ss) est. time remaining.
       56% completed,  03:53:46 (hh:mm:ss) est. time remaining.
       56% completed,  03:53:41 (hh:mm:ss) est. time remaining.
       56% completed,  03:53:49 (hh:mm:ss) est. time remaining.
       56% completed,  03:53:43 (hh:mm:ss) est. time remaining.
       56% completed,  03:53:29 (hh:mm:ss) est. time remaining.
       56% completed,  03:53:19 (hh:mm:ss) est. time remaining.
       56% completed,  03:53:09 (hh:mm:ss) est. time remaining.
       56% completed,  03:52:53 (hh:mm:ss) est. time remaining.
       56% completed,  03:52:41 (hh:mm:ss) est. time remaining.
       56% completed,  03:52:29 (hh:mm:ss) est. time remaining.
       56% completed,  03:52:14 (hh:mm:ss) est. time remaining.
       56% completed,  03:52:01 (hh:mm:ss) est. time remaining.
       56% completed,  03:51:47 (hh:mm:ss) est. time remaining.
       56% completed,  03:51:46 (hh:mm:ss) est. time remaining.
       56% completed,  03:51:29 (hh:mm:ss) est. time remaining.
       56% completed,  03:51:25 (hh:mm:ss) est. time remaining.
       56% completed,  03:51:17 (hh:mm:ss) est. time remaining.
       56% completed,  03:51:13 (hh:mm:ss) est. time remaining.
       56% completed,  03:51:00 (hh:mm:ss) est. time remaining.
       57% completed,  03:50:58 (hh:mm:ss) est. time remaining.
       57% completed,  03:50:50 (hh:mm:ss) est. time remaining.
       57% completed,  03:50:51 (hh:mm:ss) est. time remaining.
       57% completed,  03:50:41 (hh:mm:ss) est. time remaining.
       57% completed,  03:50:28 (hh:mm:ss) est. time remaining.
       57% completed,  03:50:20 (hh:mm:ss) est. time remaining.
       57% completed,  03:50:04 (hh:mm:ss) est. time remaining.
       57% completed,  03:49:49 (hh:mm:ss) est. time remaining.
       57% completed,  03:49:36 (hh:mm:ss) est. time remaining.
       57% completed,  03:49:20 (hh:mm:ss) est. time remaining.
       57% completed,  03:49:17 (hh:mm:ss) est. time remaining.
       57% completed,  03:49:09 (hh:mm:ss) est. time remaining.
       57% completed,  03:48:55 (hh:mm:ss) est. time remaining.
       57% completed,  03:48:43 (hh:mm:ss) est. time remaining.
       57% completed,  03:48:39 (hh:mm:ss) est. time remaining.
       57% completed,  03:48:28 (hh:mm:ss) est. time remaining.
       57% completed,  03:48:26 (hh:mm:ss) est. time remaining.
       57% completed,  03:48:10 (hh:mm:ss) est. time remaining.
       57% completed,  03:48:20 (hh:mm:ss) est. time remaining.
       57% completed,  03:48:10 (hh:mm:ss) est. time remaining.
       57% completed,  03:47:57 (hh:mm:ss) est. time remaining.
       57% completed,  03:47:45 (hh:mm:ss) est. time remaining.
       57% completed,  03:47:31 (hh:mm:ss) est. time remaining.
       57% completed,  03:47:16 (hh:mm:ss) est. time remaining.
       57% completed,  03:47:01 (hh:mm:ss) est. time remaining.
       57% completed,  03:46:50 (hh:mm:ss) est. time remaining.
       57% completed,  03:46:34 (hh:mm:ss) est. time remaining.
       57% completed,  03:46:18 (hh:mm:ss) est. time remaining.
       57% completed,  03:46:17 (hh:mm:ss) est. time remaining.
       57% completed,  03:46:03 (hh:mm:ss) est. time remaining.
       57% completed,  03:45:55 (hh:mm:ss) est. time remaining.
       57% completed,  03:45:55 (hh:mm:ss) est. time remaining.
       57% completed,  03:45:54 (hh:mm:ss) est. time remaining.
       57% completed,  03:45:48 (hh:mm:ss) est. time remaining.
       58% completed,  03:45:46 (hh:mm:ss) est. time remaining.
       58% completed,  03:45:38 (hh:mm:ss) est. time remaining.
       58% completed,  03:45:24 (hh:mm:ss) est. time remaining.
       58% completed,  03:45:14 (hh:mm:ss) est. time remaining.
       58% completed,  03:44:58 (hh:mm:ss) est. time remaining.
       58% completed,  03:44:49 (hh:mm:ss) est. time remaining.
       58% completed,  03:44:35 (hh:mm:ss) est. time remaining.
       58% completed,  03:44:27 (hh:mm:ss) est. time remaining.
       58% completed,  03:44:17 (hh:mm:ss) est. time remaining.
       58% completed,  03:44:14 (hh:mm:ss) est. time remaining.
       58% completed,  03:44:01 (hh:mm:ss) est. time remaining.
       58% completed,  03:43:45 (hh:mm:ss) est. time remaining.
       58% completed,  03:43:38 (hh:mm:ss) est. time remaining.
       58% completed,  03:43:26 (hh:mm:ss) est. time remaining.
       58% completed,  03:43:20 (hh:mm:ss) est. time remaining.
       58% completed,  03:43:20 (hh:mm:ss) est. time remaining.
       58% completed,  03:43:05 (hh:mm:ss) est. time remaining.
       58% completed,  03:42:50 (hh:mm:ss) est. time remaining.
       58% completed,  03:42:40 (hh:mm:ss) est. time remaining.
       58% completed,  03:42:26 (hh:mm:ss) est. time remaining.
       58% completed,  03:42:17 (hh:mm:ss) est. time remaining.
       58% completed,  03:42:13 (hh:mm:ss) est. time remaining.
       58% completed,  03:41:58 (hh:mm:ss) est. time remaining.
       58% completed,  03:41:57 (hh:mm:ss) est. time remaining.
       58% completed,  03:41:44 (hh:mm:ss) est. time remaining.
       58% completed,  03:41:34 (hh:mm:ss) est. time remaining.
       58% completed,  03:41:18 (hh:mm:ss) est. time remaining.
       58% completed,  03:41:06 (hh:mm:ss) est. time remaining.
       58% completed,  03:41:14 (hh:mm:ss) est. time remaining.
       58% completed,  03:40:59 (hh:mm:ss) est. time remaining.
       58% completed,  03:40:45 (hh:mm:ss) est. time remaining.
       58% completed,  03:40:32 (hh:mm:ss) est. time remaining.
       58% completed,  03:40:27 (hh:mm:ss) est. time remaining.
       58% completed,  03:40:19 (hh:mm:ss) est. time remaining.
       58% completed,  03:40:15 (hh:mm:ss) est. time remaining.
       59% completed,  03:40:04 (hh:mm:ss) est. time remaining.
       59% completed,  03:40:02 (hh:mm:ss) est. time remaining.
       59% completed,  03:39:48 (hh:mm:ss) est. time remaining.
       59% completed,  03:39:36 (hh:mm:ss) est. time remaining.
       59% completed,  03:39:24 (hh:mm:ss) est. time remaining.
       59% completed,  03:39:10 (hh:mm:ss) est. time remaining.
       59% completed,  03:39:02 (hh:mm:ss) est. time remaining.
       59% completed,  03:38:52 (hh:mm:ss) est. time remaining.
       59% completed,  03:38:43 (hh:mm:ss) est. time remaining.
       59% completed,  03:38:45 (hh:mm:ss) est. time remaining.
       59% completed,  03:38:30 (hh:mm:ss) est. time remaining.
       59% completed,  03:38:15 (hh:mm:ss) est. time remaining.
       59% completed,  03:38:15 (hh:mm:ss) est. time remaining.
       59% completed,  03:38:01 (hh:mm:ss) est. time remaining.
       59% completed,  03:37:46 (hh:mm:ss) est. time remaining.
       59% completed,  03:37:34 (hh:mm:ss) est. time remaining.
       59% completed,  03:37:25 (hh:mm:ss) est. time remaining.
       59% completed,  03:37:21 (hh:mm:ss) est. time remaining.
       59% completed,  03:37:21 (hh:mm:ss) est. time remaining.
       59% completed,  03:37:17 (hh:mm:ss) est. time remaining.
       59% completed,  03:37:03 (hh:mm:ss) est. time remaining.
       59% completed,  03:36:49 (hh:mm:ss) est. time remaining.
       59% completed,  03:36:34 (hh:mm:ss) est. time remaining.
       59% completed,  03:36:21 (hh:mm:ss) est. time remaining.
       59% completed,  03:36:08 (hh:mm:ss) est. time remaining.
       59% completed,  03:35:57 (hh:mm:ss) est. time remaining.
       59% completed,  03:35:59 (hh:mm:ss) est. time remaining.
       59% completed,  03:35:50 (hh:mm:ss) est. time remaining.
       59% completed,  03:35:40 (hh:mm:ss) est. time remaining.
       59% completed,  03:35:30 (hh:mm:ss) est. time remaining.
       59% completed,  03:35:16 (hh:mm:ss) est. time remaining.
       59% completed,  03:35:04 (hh:mm:ss) est. time remaining.
       59% completed,  03:34:51 (hh:mm:ss) est. time remaining.
       59% completed,  03:34:36 (hh:mm:ss) est. time remaining.
       60% completed,  03:34:29 (hh:mm:ss) est. time remaining.
       60% completed,  03:34:32 (hh:mm:ss) est. time remaining.
       60% completed,  03:34:18 (hh:mm:ss) est. time remaining.
       60% completed,  03:34:05 (hh:mm:ss) est. time remaining.
       60% completed,  03:33:50 (hh:mm:ss) est. time remaining.
       60% completed,  03:33:45 (hh:mm:ss) est. time remaining.
       60% completed,  03:33:40 (hh:mm:ss) est. time remaining.
       60% completed,  03:33:26 (hh:mm:ss) est. time remaining.
       60% completed,  03:33:23 (hh:mm:ss) est. time remaining.
       60% completed,  03:33:12 (hh:mm:ss) est. time remaining.
       60% completed,  03:33:07 (hh:mm:ss) est. time remaining.
       60% completed,  03:32:55 (hh:mm:ss) est. time remaining.
       60% completed,  03:32:40 (hh:mm:ss) est. time remaining.
       60% completed,  03:32:30 (hh:mm:ss) est. time remaining.
       60% completed,  03:32:16 (hh:mm:ss) est. time remaining.
       60% completed,  03:32:08 (hh:mm:ss) est. time remaining.
       60% completed,  03:31:58 (hh:mm:ss) est. time remaining.
       60% completed,  03:31:51 (hh:mm:ss) est. time remaining.
       60% completed,  03:31:40 (hh:mm:ss) est. time remaining.
       60% completed,  03:31:29 (hh:mm:ss) est. time remaining.
       60% completed,  03:31:26 (hh:mm:ss) est. time remaining.
       60% completed,  03:31:21 (hh:mm:ss) est. time remaining.
       60% completed,  03:31:17 (hh:mm:ss) est. time remaining.
       60% completed,  03:31:05 (hh:mm:ss) est. time remaining.
       60% completed,  03:31:02 (hh:mm:ss) est. time remaining.
       60% completed,  03:30:51 (hh:mm:ss) est. time remaining.
       60% completed,  03:30:38 (hh:mm:ss) est. time remaining.
       60% completed,  03:30:32 (hh:mm:ss) est. time remaining.
       60% completed,  03:30:18 (hh:mm:ss) est. time remaining.
       60% completed,  03:30:03 (hh:mm:ss) est. time remaining.
       60% completed,  03:30:00 (hh:mm:ss) est. time remaining.
       60% completed,  03:29:49 (hh:mm:ss) est. time remaining.
       60% completed,  03:29:41 (hh:mm:ss) est. time remaining.
       60% completed,  03:29:30 (hh:mm:ss) est. time remaining.
       60% completed,  03:29:19 (hh:mm:ss) est. time remaining.
       60% completed,  03:29:17 (hh:mm:ss) est. time remaining.
       61% completed,  03:29:04 (hh:mm:ss) est. time remaining.
       61% completed,  03:29:00 (hh:mm:ss) est. time remaining.
       61% completed,  03:28:51 (hh:mm:ss) est. time remaining.
       61% completed,  03:28:45 (hh:mm:ss) est. time remaining.
       61% completed,  03:28:35 (hh:mm:ss) est. time remaining.
       61% completed,  03:28:20 (hh:mm:ss) est. time remaining.
       61% completed,  03:28:07 (hh:mm:ss) est. time remaining.
       61% completed,  03:27:54 (hh:mm:ss) est. time remaining.
       61% completed,  03:27:40 (hh:mm:ss) est. time remaining.
       61% completed,  03:27:31 (hh:mm:ss) est. time remaining.
       61% completed,  03:27:22 (hh:mm:ss) est. time remaining.
       61% completed,  03:27:08 (hh:mm:ss) est. time remaining.
       61% completed,  03:26:55 (hh:mm:ss) est. time remaining.
       61% completed,  03:26:54 (hh:mm:ss) est. time remaining.
       61% completed,  03:26:40 (hh:mm:ss) est. time remaining.
       61% completed,  03:26:32 (hh:mm:ss) est. time remaining.
       61% completed,  03:26:24 (hh:mm:ss) est. time remaining.
       61% completed,  03:26:19 (hh:mm:ss) est. time remaining.
       61% completed,  03:26:06 (hh:mm:ss) est. time remaining.
       61% completed,  03:25:54 (hh:mm:ss) est. time remaining.
       61% completed,  03:25:42 (hh:mm:ss) est. time remaining.
       61% completed,  03:25:43 (hh:mm:ss) est. time remaining.
       61% completed,  03:25:39 (hh:mm:ss) est. time remaining.
       61% completed,  03:25:25 (hh:mm:ss) est. time remaining.
       61% completed,  03:25:13 (hh:mm:ss) est. time remaining.
       61% completed,  03:25:06 (hh:mm:ss) est. time remaining.
       61% completed,  03:24:52 (hh:mm:ss) est. time remaining.
       61% completed,  03:24:38 (hh:mm:ss) est. time remaining.
       61% completed,  03:24:35 (hh:mm:ss) est. time remaining.
       61% completed,  03:24:24 (hh:mm:ss) est. time remaining.
       61% completed,  03:24:13 (hh:mm:ss) est. time remaining.
       61% completed,  03:24:01 (hh:mm:ss) est. time remaining.
       61% completed,  03:23:50 (hh:mm:ss) est. time remaining.
       61% completed,  03:23:38 (hh:mm:ss) est. time remaining.
       61% completed,  03:23:44 (hh:mm:ss) est. time remaining.
       61% completed,  03:23:29 (hh:mm:ss) est. time remaining.
       62% completed,  03:23:31 (hh:mm:ss) est. time remaining.
       62% completed,  03:23:23 (hh:mm:ss) est. time remaining.
       62% completed,  03:23:09 (hh:mm:ss) est. time remaining.
       62% completed,  03:22:55 (hh:mm:ss) est. time remaining.
       62% completed,  03:22:41 (hh:mm:ss) est. time remaining.
       62% completed,  03:22:37 (hh:mm:ss) est. time remaining.
       62% completed,  03:22:34 (hh:mm:ss) est. time remaining.
       62% completed,  03:22:22 (hh:mm:ss) est. time remaining.
       62% completed,  03:22:08 (hh:mm:ss) est. time remaining.
       62% completed,  03:22:05 (hh:mm:ss) est. time remaining.
       62% completed,  03:21:57 (hh:mm:ss) est. time remaining.
       62% completed,  03:21:45 (hh:mm:ss) est. time remaining.
       62% completed,  03:21:37 (hh:mm:ss) est. time remaining.
       62% completed,  03:21:23 (hh:mm:ss) est. time remaining.
       62% completed,  03:21:11 (hh:mm:ss) est. time remaining.
       62% completed,  03:20:58 (hh:mm:ss) est. time remaining.
       62% completed,  03:20:56 (hh:mm:ss) est. time remaining.
       62% completed,  03:20:50 (hh:mm:ss) est. time remaining.
       62% completed,  03:20:39 (hh:mm:ss) est. time remaining.
       62% completed,  03:20:34 (hh:mm:ss) est. time remaining.
       62% completed,  03:20:21 (hh:mm:ss) est. time remaining.
       62% completed,  03:20:10 (hh:mm:ss) est. time remaining.
       62% completed,  03:20:00 (hh:mm:ss) est. time remaining.
       62% completed,  03:20:02 (hh:mm:ss) est. time remaining.
       62% completed,  03:19:58 (hh:mm:ss) est. time remaining.
       62% completed,  03:19:46 (hh:mm:ss) est. time remaining.
       62% completed,  03:19:34 (hh:mm:ss) est. time remaining.
       62% completed,  03:19:22 (hh:mm:ss) est. time remaining.
       62% completed,  03:19:10 (hh:mm:ss) est. time remaining.
       62% completed,  03:18:58 (hh:mm:ss) est. time remaining.
       62% completed,  03:18:54 (hh:mm:ss) est. time remaining.
       62% completed,  03:18:44 (hh:mm:ss) est. time remaining.
       62% completed,  03:18:35 (hh:mm:ss) est. time remaining.
       62% completed,  03:18:24 (hh:mm:ss) est. time remaining.
       62% completed,  03:18:14 (hh:mm:ss) est. time remaining.
       62% completed,  03:18:09 (hh:mm:ss) est. time remaining.
       63% completed,  03:18:02 (hh:mm:ss) est. time remaining.
       63% completed,  03:17:54 (hh:mm:ss) est. time remaining.
       63% completed,  03:17:42 (hh:mm:ss) est. time remaining.
       63% completed,  03:17:34 (hh:mm:ss) est. time remaining.
       63% completed,  03:17:21 (hh:mm:ss) est. time remaining.
       63% completed,  03:17:20 (hh:mm:ss) est. time remaining.
       63% completed,  03:17:07 (hh:mm:ss) est. time remaining.
       63% completed,  03:16:56 (hh:mm:ss) est. time remaining.
       63% completed,  03:16:46 (hh:mm:ss) est. time remaining.
       63% completed,  03:16:33 (hh:mm:ss) est. time remaining.
       63% completed,  03:16:19 (hh:mm:ss) est. time remaining.
       63% completed,  03:16:08 (hh:mm:ss) est. time remaining.
       63% completed,  03:16:02 (hh:mm:ss) est. time remaining.
       63% completed,  03:15:49 (hh:mm:ss) est. time remaining.
       63% completed,  03:15:36 (hh:mm:ss) est. time remaining.
       63% completed,  03:15:25 (hh:mm:ss) est. time remaining.
       63% completed,  03:15:12 (hh:mm:ss) est. time remaining.
       63% completed,  03:15:18 (hh:mm:ss) est. time remaining.
       63% completed,  03:15:20 (hh:mm:ss) est. time remaining.
       63% completed,  03:15:13 (hh:mm:ss) est. time remaining.
       63% completed,  03:15:06 (hh:mm:ss) est. time remaining.
       63% completed,  03:14:59 (hh:mm:ss) est. time remaining.
       63% completed,  03:14:48 (hh:mm:ss) est. time remaining.
       63% completed,  03:14:35 (hh:mm:ss) est. time remaining.
       63% completed,  03:14:24 (hh:mm:ss) est. time remaining.
       63% completed,  03:14:13 (hh:mm:ss) est. time remaining.
       63% completed,  03:14:00 (hh:mm:ss) est. time remaining.
       63% completed,  03:13:52 (hh:mm:ss) est. time remaining.
       63% completed,  03:13:40 (hh:mm:ss) est. time remaining.
       63% completed,  03:13:41 (hh:mm:ss) est. time remaining.
       63% completed,  03:13:29 (hh:mm:ss) est. time remaining.
       63% completed,  03:13:16 (hh:mm:ss) est. time remaining.
       63% completed,  03:13:18 (hh:mm:ss) est. time remaining.
       63% completed,  03:13:11 (hh:mm:ss) est. time remaining.
       63% completed,  03:13:05 (hh:mm:ss) est. time remaining.
       63% completed,  03:13:04 (hh:mm:ss) est. time remaining.
       63% completed,  03:12:57 (hh:mm:ss) est. time remaining.
       64% completed,  03:12:45 (hh:mm:ss) est. time remaining.
       64% completed,  03:12:31 (hh:mm:ss) est. time remaining.
       64% completed,  03:12:21 (hh:mm:ss) est. time remaining.
       64% completed,  03:12:09 (hh:mm:ss) est. time remaining.
       64% completed,  03:11:56 (hh:mm:ss) est. time remaining.
       64% completed,  03:11:46 (hh:mm:ss) est. time remaining.
       64% completed,  03:11:38 (hh:mm:ss) est. time remaining.
       64% completed,  03:11:24 (hh:mm:ss) est. time remaining.
       64% completed,  03:11:14 (hh:mm:ss) est. time remaining.
       64% completed,  03:11:05 (hh:mm:ss) est. time remaining.
       64% completed,  03:11:07 (hh:mm:ss) est. time remaining.
       64% completed,  03:10:55 (hh:mm:ss) est. time remaining.
       64% completed,  03:10:44 (hh:mm:ss) est. time remaining.
       64% completed,  03:10:38 (hh:mm:ss) est. time remaining.
       64% completed,  03:10:32 (hh:mm:ss) est. time remaining.
       64% completed,  03:10:30 (hh:mm:ss) est. time remaining.
       64% completed,  03:10:23 (hh:mm:ss) est. time remaining.
       64% completed,  03:10:24 (hh:mm:ss) est. time remaining.
       64% completed,  03:10:11 (hh:mm:ss) est. time remaining.
       64% completed,  03:9:58 (hh:mm:ss) est. time remaining.
       64% completed,  03:9:47 (hh:mm:ss) est. time remaining.
       64% completed,  03:9:37 (hh:mm:ss) est. time remaining.
       64% completed,  03:9:27 (hh:mm:ss) est. time remaining.
       64% completed,  03:9:19 (hh:mm:ss) est. time remaining.
       64% completed,  03:9:13 (hh:mm:ss) est. time remaining.
       64% completed,  03:9:00 (hh:mm:ss) est. time remaining.
       64% completed,  03:8:50 (hh:mm:ss) est. time remaining.
       64% completed,  03:8:38 (hh:mm:ss) est. time remaining.
       64% completed,  03:8:31 (hh:mm:ss) est. time remaining.
       64% completed,  03:8:20 (hh:mm:ss) est. time remaining.
       64% completed,  03:8:27 (hh:mm:ss) est. time remaining.
       64% completed,  03:8:30 (hh:mm:ss) est. time remaining.
       64% completed,  03:8:21 (hh:mm:ss) est. time remaining.
       64% completed,  03:8:09 (hh:mm:ss) est. time remaining.
       64% completed,  03:7:57 (hh:mm:ss) est. time remaining.
       64% completed,  03:7:46 (hh:mm:ss) est. time remaining.
       64% completed,  03:7:34 (hh:mm:ss) est. time remaining.
       65% completed,  03:7:23 (hh:mm:ss) est. time remaining.
       65% completed,  03:7:14 (hh:mm:ss) est. time remaining.
       65% completed,  03:7:02 (hh:mm:ss) est. time remaining.
       65% completed,  03:6:55 (hh:mm:ss) est. time remaining.
       65% completed,  03:6:43 (hh:mm:ss) est. time remaining.
       65% completed,  03:6:33 (hh:mm:ss) est. time remaining.
       65% completed,  03:6:25 (hh:mm:ss) est. time remaining.
       65% completed,  03:6:14 (hh:mm:ss) est. time remaining.
       65% completed,  03:6:06 (hh:mm:ss) est. time remaining.
       65% completed,  03:5:59 (hh:mm:ss) est. time remaining.
       65% completed,  03:5:50 (hh:mm:ss) est. time remaining.
       65% completed,  03:6:03 (hh:mm:ss) est. time remaining.
       65% completed,  03:5:52 (hh:mm:ss) est. time remaining.
       65% completed,  03:5:40 (hh:mm:ss) est. time remaining.
       65% completed,  03:5:34 (hh:mm:ss) est. time remaining.
       65% completed,  03:5:26 (hh:mm:ss) est. time remaining.
       65% completed,  03:5:14 (hh:mm:ss) est. time remaining.
       65% completed,  03:5:03 (hh:mm:ss) est. time remaining.
       65% completed,  03:4:55 (hh:mm:ss) est. time remaining.
       65% completed,  03:4:43 (hh:mm:ss) est. time remaining.
       65% completed,  03:4:31 (hh:mm:ss) est. time remaining.
       65% completed,  03:4:19 (hh:mm:ss) est. time remaining.
       65% completed,  03:4:09 (hh:mm:ss) est. time remaining.
       65% completed,  03:3:58 (hh:mm:ss) est. time remaining.
       65% completed,  03:3:49 (hh:mm:ss) est. time remaining.
       65% completed,  03:3:50 (hh:mm:ss) est. time remaining.
       65% completed,  03:3:47 (hh:mm:ss) est. time remaining.
       65% completed,  03:3:39 (hh:mm:ss) est. time remaining.
       65% completed,  03:3:33 (hh:mm:ss) est. time remaining.
       65% completed,  03:3:23 (hh:mm:ss) est. time remaining.
       65% completed,  03:3:18 (hh:mm:ss) est. time remaining.
       65% completed,  03:3:06 (hh:mm:ss) est. time remaining.
       65% completed,  03:2:53 (hh:mm:ss) est. time remaining.
       65% completed,  03:2:48 (hh:mm:ss) est. time remaining.
       65% completed,  03:2:36 (hh:mm:ss) est. time remaining.
       65% completed,  03:2:26 (hh:mm:ss) est. time remaining.
       65% completed,  03:2:16 (hh:mm:ss) est. time remaining.
       65% completed,  03:2:09 (hh:mm:ss) est. time remaining.
       66% completed,  03:1:57 (hh:mm:ss) est. time remaining.
       66% completed,  03:1:45 (hh:mm:ss) est. time remaining.
       66% completed,  03:1:41 (hh:mm:ss) est. time remaining.
       66% completed,  03:1:31 (hh:mm:ss) est. time remaining.
       66% completed,  03:1:29 (hh:mm:ss) est. time remaining.
       66% completed,  03:1:26 (hh:mm:ss) est. time remaining.
       66% completed,  03:1:21 (hh:mm:ss) est. time remaining.
       66% completed,  03:1:09 (hh:mm:ss) est. time remaining.
       66% completed,  03:0:58 (hh:mm:ss) est. time remaining.
       66% completed,  03:0:46 (hh:mm:ss) est. time remaining.
       66% completed,  03:0:36 (hh:mm:ss) est. time remaining.
       66% completed,  03:0:26 (hh:mm:ss) est. time remaining.
       66% completed,  03:0:20 (hh:mm:ss) est. time remaining.
       66% completed,  03:0:08 (hh:mm:ss) est. time remaining.
       66% completed,  02:59:58 (hh:mm:ss) est. time remaining.
       66% completed,  02:59:55 (hh:mm:ss) est. time remaining.
       66% completed,  02:59:45 (hh:mm:ss) est. time remaining.
       66% completed,  02:59:37 (hh:mm:ss) est. time remaining.
       66% completed,  02:59:26 (hh:mm:ss) est. time remaining.
       66% completed,  02:59:15 (hh:mm:ss) est. time remaining.
       66% completed,  02:59:03 (hh:mm:ss) est. time remaining.
       66% completed,  02:58:54 (hh:mm:ss) est. time remaining.
       66% completed,  02:58:47 (hh:mm:ss) est. time remaining.
       66% completed,  02:58:37 (hh:mm:ss) est. time remaining.
       66% completed,  02:58:28 (hh:mm:ss) est. time remaining.
       66% completed,  02:58:21 (hh:mm:ss) est. time remaining.
       66% completed,  02:58:11 (hh:mm:ss) est. time remaining.
       66% completed,  02:58:16 (hh:mm:ss) est. time remaining.
       66% completed,  02:58:05 (hh:mm:ss) est. time remaining.
       66% completed,  02:57:53 (hh:mm:ss) est. time remaining.
       66% completed,  02:57:42 (hh:mm:ss) est. time remaining.
       66% completed,  02:57:32 (hh:mm:ss) est. time remaining.
       66% completed,  02:57:22 (hh:mm:ss) est. time remaining.
       66% completed,  02:57:14 (hh:mm:ss) est. time remaining.
       66% completed,  02:57:09 (hh:mm:ss) est. time remaining.
       66% completed,  02:56:58 (hh:mm:ss) est. time remaining.
       66% completed,  02:56:47 (hh:mm:ss) est. time remaining.
       66% completed,  02:56:36 (hh:mm:ss) est. time remaining.
       67% completed,  02:56:32 (hh:mm:ss) est. time remaining.
       67% completed,  02:56:23 (hh:mm:ss) est. time remaining.
       67% completed,  02:56:22 (hh:mm:ss) est. time remaining.
       67% completed,  02:56:13 (hh:mm:ss) est. time remaining.
       67% completed,  02:56:04 (hh:mm:ss) est. time remaining.
       67% completed,  02:56:05 (hh:mm:ss) est. time remaining.
       67% completed,  02:55:54 (hh:mm:ss) est. time remaining.
       67% completed,  02:55:42 (hh:mm:ss) est. time remaining.
       67% completed,  02:55:34 (hh:mm:ss) est. time remaining.
       67% completed,  02:55:22 (hh:mm:ss) est. time remaining.
       67% completed,  02:55:11 (hh:mm:ss) est. time remaining.
       67% completed,  02:54:59 (hh:mm:ss) est. time remaining.
       67% completed,  02:54:53 (hh:mm:ss) est. time remaining.
       67% completed,  02:54:46 (hh:mm:ss) est. time remaining.
       67% completed,  02:54:38 (hh:mm:ss) est. time remaining.
       67% completed,  02:54:33 (hh:mm:ss) est. time remaining.
       67% completed,  02:54:26 (hh:mm:ss) est. time remaining.
       67% completed,  02:54:22 (hh:mm:ss) est. time remaining.
       67% completed,  02:54:10 (hh:mm:ss) est. time remaining.
       67% completed,  02:54:05 (hh:mm:ss) est. time remaining.
       67% completed,  02:53:57 (hh:mm:ss) est. time remaining.
       67% completed,  02:53:48 (hh:mm:ss) est. time remaining.
       67% completed,  02:53:42 (hh:mm:ss) est. time remaining.
       67% completed,  02:53:33 (hh:mm:ss) est. time remaining.
       67% completed,  02:53:22 (hh:mm:ss) est. time remaining.
       67% completed,  02:53:11 (hh:mm:ss) est. time remaining.
       67% completed,  02:53:00 (hh:mm:ss) est. time remaining.
       67% completed,  02:52:48 (hh:mm:ss) est. time remaining.
       67% completed,  02:52:37 (hh:mm:ss) est. time remaining.
       67% completed,  02:52:37 (hh:mm:ss) est. time remaining.
       67% completed,  02:52:25 (hh:mm:ss) est. time remaining.
       67% completed,  02:52:14 (hh:mm:ss) est. time remaining.
       67% completed,  02:52:03 (hh:mm:ss) est. time remaining.
       67% completed,  02:52:05 (hh:mm:ss) est. time remaining.
       67% completed,  02:52:04 (hh:mm:ss) est. time remaining.
       67% completed,  02:51:55 (hh:mm:ss) est. time remaining.
       67% completed,  02:51:43 (hh:mm:ss) est. time remaining.
       67% completed,  02:51:39 (hh:mm:ss) est. time remaining.
       67% completed,  02:51:28 (hh:mm:ss) est. time remaining.
       68% completed,  02:51:16 (hh:mm:ss) est. time remaining.
       68% completed,  02:51:10 (hh:mm:ss) est. time remaining.
       68% completed,  02:50:57 (hh:mm:ss) est. time remaining.
       68% completed,  02:50:49 (hh:mm:ss) est. time remaining.
       68% completed,  02:50:38 (hh:mm:ss) est. time remaining.
       68% completed,  02:50:28 (hh:mm:ss) est. time remaining.
       68% completed,  02:50:27 (hh:mm:ss) est. time remaining.
       68% completed,  02:50:18 (hh:mm:ss) est. time remaining.
       68% completed,  02:50:22 (hh:mm:ss) est. time remaining.
       68% completed,  02:50:11 (hh:mm:ss) est. time remaining.
       68% completed,  02:49:59 (hh:mm:ss) est. time remaining.
       68% completed,  02:49:53 (hh:mm:ss) est. time remaining.
       68% completed,  02:49:42 (hh:mm:ss) est. time remaining.
       68% completed,  02:49:33 (hh:mm:ss) est. time remaining.
       68% completed,  02:49:25 (hh:mm:ss) est. time remaining.
       68% completed,  02:49:18 (hh:mm:ss) est. time remaining.
       68% completed,  02:49:08 (hh:mm:ss) est. time remaining.
       68% completed,  02:48:57 (hh:mm:ss) est. time remaining.
       68% completed,  02:48:46 (hh:mm:ss) est. time remaining.
       68% completed,  02:48:34 (hh:mm:ss) est. time remaining.
       68% completed,  02:48:24 (hh:mm:ss) est. time remaining.
       68% completed,  02:48:14 (hh:mm:ss) est. time remaining.
       68% completed,  02:48:12 (hh:mm:ss) est. time remaining.
       68% completed,  02:48:13 (hh:mm:ss) est. time remaining.
       68% completed,  02:48:10 (hh:mm:ss) est. time remaining.
       68% completed,  02:48:06 (hh:mm:ss) est. time remaining.
       68% completed,  02:47:57 (hh:mm:ss) est. time remaining.
       68% completed,  02:47:47 (hh:mm:ss) est. time remaining.
       68% completed,  02:47:37 (hh:mm:ss) est. time remaining.
       68% completed,  02:47:31 (hh:mm:ss) est. time remaining.
       68% completed,  02:47:20 (hh:mm:ss) est. time remaining.
       68% completed,  02:47:12 (hh:mm:ss) est. time remaining.
       68% completed,  02:47:00 (hh:mm:ss) est. time remaining.
       68% completed,  02:46:49 (hh:mm:ss) est. time remaining.
       68% completed,  02:46:39 (hh:mm:ss) est. time remaining.
       68% completed,  02:46:30 (hh:mm:ss) est. time remaining.
       68% completed,  02:46:20 (hh:mm:ss) est. time remaining.
       68% completed,  02:46:13 (hh:mm:ss) est. time remaining.
       68% completed,  02:46:12 (hh:mm:ss) est. time remaining.
       69% completed,  02:46:04 (hh:mm:ss) est. time remaining.
       69% completed,  02:45:55 (hh:mm:ss) est. time remaining.
       69% completed,  02:45:44 (hh:mm:ss) est. time remaining.
       69% completed,  02:45:34 (hh:mm:ss) est. time remaining.
       69% completed,  02:45:27 (hh:mm:ss) est. time remaining.
       69% completed,  02:45:20 (hh:mm:ss) est. time remaining.
       69% completed,  02:45:11 (hh:mm:ss) est. time remaining.
       69% completed,  02:45:07 (hh:mm:ss) est. time remaining.
       69% completed,  02:44:56 (hh:mm:ss) est. time remaining.
       69% completed,  02:44:45 (hh:mm:ss) est. time remaining.
       69% completed,  02:44:37 (hh:mm:ss) est. time remaining.
       69% completed,  02:44:26 (hh:mm:ss) est. time remaining.
       69% completed,  02:44:28 (hh:mm:ss) est. time remaining.
       69% completed,  02:44:17 (hh:mm:ss) est. time remaining.
       69% completed,  02:44:17 (hh:mm:ss) est. time remaining.
       69% completed,  02:44:10 (hh:mm:ss) est. time remaining.
       69% completed,  02:44:03 (hh:mm:ss) est. time remaining.
       69% completed,  02:43:54 (hh:mm:ss) est. time remaining.
       69% completed,  02:43:50 (hh:mm:ss) est. time remaining.
       69% completed,  02:43:39 (hh:mm:ss) est. time remaining.
       69% completed,  02:43:28 (hh:mm:ss) est. time remaining.
       69% completed,  02:43:17 (hh:mm:ss) est. time remaining.
       69% completed,  02:43:06 (hh:mm:ss) est. time remaining.
       69% completed,  02:42:56 (hh:mm:ss) est. time remaining.
       69% completed,  02:42:46 (hh:mm:ss) est. time remaining.
       69% completed,  02:42:35 (hh:mm:ss) est. time remaining.
       69% completed,  02:42:29 (hh:mm:ss) est. time remaining.
       69% completed,  02:42:31 (hh:mm:ss) est. time remaining.
       69% completed,  02:42:29 (hh:mm:ss) est. time remaining.
       69% completed,  02:42:18 (hh:mm:ss) est. time remaining.
       69% completed,  02:42:08 (hh:mm:ss) est. time remaining.
       69% completed,  02:42:03 (hh:mm:ss) est. time remaining.
       69% completed,  02:41:52 (hh:mm:ss) est. time remaining.
       69% completed,  02:41:42 (hh:mm:ss) est. time remaining.
       69% completed,  02:41:35 (hh:mm:ss) est. time remaining.
       69% completed,  02:41:25 (hh:mm:ss) est. time remaining.
       69% completed,  02:41:15 (hh:mm:ss) est. time remaining.
       69% completed,  02:41:06 (hh:mm:ss) est. time remaining.
       69% completed,  02:41:01 (hh:mm:ss) est. time remaining.
       69% completed,  02:40:51 (hh:mm:ss) est. time remaining.
       70% completed,  02:40:40 (hh:mm:ss) est. time remaining.
       70% completed,  02:40:39 (hh:mm:ss) est. time remaining.
       70% completed,  02:40:29 (hh:mm:ss) est. time remaining.
       70% completed,  02:40:25 (hh:mm:ss) est. time remaining.
       70% completed,  02:40:20 (hh:mm:ss) est. time remaining.
       70% completed,  02:40:12 (hh:mm:ss) est. time remaining.
       70% completed,  02:40:04 (hh:mm:ss) est. time remaining.
       70% completed,  02:40:01 (hh:mm:ss) est. time remaining.
       70% completed,  02:39:51 (hh:mm:ss) est. time remaining.
       70% completed,  02:39:40 (hh:mm:ss) est. time remaining.
       70% completed,  02:39:31 (hh:mm:ss) est. time remaining.
       70% completed,  02:39:20 (hh:mm:ss) est. time remaining.
       70% completed,  02:39:09 (hh:mm:ss) est. time remaining.
       70% completed,  02:38:58 (hh:mm:ss) est. time remaining.
       70% completed,  02:38:52 (hh:mm:ss) est. time remaining.
       70% completed,  02:38:42 (hh:mm:ss) est. time remaining.
       70% completed,  02:38:34 (hh:mm:ss) est. time remaining.
       70% completed,  02:38:32 (hh:mm:ss) est. time remaining.
       70% completed,  02:38:29 (hh:mm:ss) est. time remaining.
       70% completed,  02:38:25 (hh:mm:ss) est. time remaining.
       70% completed,  02:38:21 (hh:mm:ss) est. time remaining.
       70% completed,  02:38:13 (hh:mm:ss) est. time remaining.
       70% completed,  02:38:06 (hh:mm:ss) est. time remaining.
       70% completed,  02:37:56 (hh:mm:ss) est. time remaining.
       70% completed,  02:37:48 (hh:mm:ss) est. time remaining.
       70% completed,  02:37:37 (hh:mm:ss) est. time remaining.
       70% completed,  02:37:26 (hh:mm:ss) est. time remaining.
       70% completed,  02:37:16 (hh:mm:ss) est. time remaining.
       70% completed,  02:37:05 (hh:mm:ss) est. time remaining.
       70% completed,  02:36:54 (hh:mm:ss) est. time remaining.
       70% completed,  02:36:45 (hh:mm:ss) est. time remaining.
       70% completed,  02:36:38 (hh:mm:ss) est. time remaining.
       70% completed,  02:36:39 (hh:mm:ss) est. time remaining.
       70% completed,  02:36:32 (hh:mm:ss) est. time remaining.
       70% completed,  02:36:22 (hh:mm:ss) est. time remaining.
       70% completed,  02:36:19 (hh:mm:ss) est. time remaining.
       70% completed,  02:36:11 (hh:mm:ss) est. time remaining.
       70% completed,  02:36:02 (hh:mm:ss) est. time remaining.
       70% completed,  02:35:52 (hh:mm:ss) est. time remaining.
       70% completed,  02:35:47 (hh:mm:ss) est. time remaining.
       70% completed,  02:35:37 (hh:mm:ss) est. time remaining.
       71% completed,  02:35:27 (hh:mm:ss) est. time remaining.
       71% completed,  02:35:17 (hh:mm:ss) est. time remaining.
       71% completed,  02:35:09 (hh:mm:ss) est. time remaining.
       71% completed,  02:35:03 (hh:mm:ss) est. time remaining.
       71% completed,  02:34:53 (hh:mm:ss) est. time remaining.
       71% completed,  02:34:46 (hh:mm:ss) est. time remaining.
       71% completed,  02:34:41 (hh:mm:ss) est. time remaining.
       71% completed,  02:34:32 (hh:mm:ss) est. time remaining.
       71% completed,  02:34:26 (hh:mm:ss) est. time remaining.
       71% completed,  02:34:19 (hh:mm:ss) est. time remaining.
       71% completed,  02:34:17 (hh:mm:ss) est. time remaining.
       71% completed,  02:34:07 (hh:mm:ss) est. time remaining.
       71% completed,  02:33:56 (hh:mm:ss) est. time remaining.
       71% completed,  02:33:46 (hh:mm:ss) est. time remaining.
       71% completed,  02:33:37 (hh:mm:ss) est. time remaining.
       71% completed,  02:33:30 (hh:mm:ss) est. time remaining.
       71% completed,  02:33:23 (hh:mm:ss) est. time remaining.
       71% completed,  02:33:15 (hh:mm:ss) est. time remaining.
       71% completed,  02:33:06 (hh:mm:ss) est. time remaining.
       71% completed,  02:32:57 (hh:mm:ss) est. time remaining.
       71% completed,  02:32:48 (hh:mm:ss) est. time remaining.
       71% completed,  02:32:40 (hh:mm:ss) est. time remaining.
       71% completed,  02:32:32 (hh:mm:ss) est. time remaining.
       71% completed,  02:32:27 (hh:mm:ss) est. time remaining.
       71% completed,  02:32:19 (hh:mm:ss) est. time remaining.
       71% completed,  02:32:13 (hh:mm:ss) est. time remaining.
       71% completed,  02:32:04 (hh:mm:ss) est. time remaining.
       71% completed,  02:31:54 (hh:mm:ss) est. time remaining.
       71% completed,  02:31:49 (hh:mm:ss) est. time remaining.
       71% completed,  02:31:39 (hh:mm:ss) est. time remaining.
       71% completed,  02:31:31 (hh:mm:ss) est. time remaining.
       71% completed,  02:31:22 (hh:mm:ss) est. time remaining.
       71% completed,  02:31:16 (hh:mm:ss) est. time remaining.
       71% completed,  02:31:08 (hh:mm:ss) est. time remaining.
       71% completed,  02:31:04 (hh:mm:ss) est. time remaining.
       71% completed,  02:30:56 (hh:mm:ss) est. time remaining.
       71% completed,  02:30:48 (hh:mm:ss) est. time remaining.
       71% completed,  02:30:43 (hh:mm:ss) est. time remaining.
       71% completed,  02:30:33 (hh:mm:ss) est. time remaining.
       71% completed,  02:30:23 (hh:mm:ss) est. time remaining.
       71% completed,  02:30:12 (hh:mm:ss) est. time remaining.
       71% completed,  02:30:05 (hh:mm:ss) est. time remaining.
       72% completed,  02:29:56 (hh:mm:ss) est. time remaining.
       72% completed,  02:29:46 (hh:mm:ss) est. time remaining.
       72% completed,  02:29:36 (hh:mm:ss) est. time remaining.
       72% completed,  02:29:27 (hh:mm:ss) est. time remaining.
       72% completed,  02:29:18 (hh:mm:ss) est. time remaining.
       72% completed,  02:29:08 (hh:mm:ss) est. time remaining.
       72% completed,  02:28:59 (hh:mm:ss) est. time remaining.
       72% completed,  02:29:01 (hh:mm:ss) est. time remaining.
       72% completed,  02:28:52 (hh:mm:ss) est. time remaining.
       72% completed,  02:28:41 (hh:mm:ss) est. time remaining.
       72% completed,  02:28:39 (hh:mm:ss) est. time remaining.
       72% completed,  02:28:33 (hh:mm:ss) est. time remaining.
       72% completed,  02:28:23 (hh:mm:ss) est. time remaining.
       72% completed,  02:28:18 (hh:mm:ss) est. time remaining.
       72% completed,  02:28:08 (hh:mm:ss) est. time remaining.
       72% completed,  02:27:59 (hh:mm:ss) est. time remaining.
       72% completed,  02:27:50 (hh:mm:ss) est. time remaining.
       72% completed,  02:27:40 (hh:mm:ss) est. time remaining.
       72% completed,  02:27:33 (hh:mm:ss) est. time remaining.
       72% completed,  02:27:23 (hh:mm:ss) est. time remaining.
       72% completed,  02:27:13 (hh:mm:ss) est. time remaining.
       72% completed,  02:27:11 (hh:mm:ss) est. time remaining.
       72% completed,  02:27:04 (hh:mm:ss) est. time remaining.
       72% completed,  02:26:55 (hh:mm:ss) est. time remaining.
       72% completed,  02:26:51 (hh:mm:ss) est. time remaining.
       72% completed,  02:26:44 (hh:mm:ss) est. time remaining.
       72% completed,  02:26:34 (hh:mm:ss) est. time remaining.
       72% completed,  02:26:25 (hh:mm:ss) est. time remaining.
       72% completed,  02:26:18 (hh:mm:ss) est. time remaining.
       72% completed,  02:26:07 (hh:mm:ss) est. time remaining.
       72% completed,  02:25:59 (hh:mm:ss) est. time remaining.
       72% completed,  02:25:49 (hh:mm:ss) est. time remaining.
       72% completed,  02:25:41 (hh:mm:ss) est. time remaining.
       72% completed,  02:25:34 (hh:mm:ss) est. time remaining.
       72% completed,  02:25:27 (hh:mm:ss) est. time remaining.
       72% completed,  02:25:17 (hh:mm:ss) est. time remaining.
       72% completed,  02:25:07 (hh:mm:ss) est. time remaining.
       72% completed,  02:25:16 (hh:mm:ss) est. time remaining.
       72% completed,  02:25:08 (hh:mm:ss) est. time remaining.
       72% completed,  02:24:59 (hh:mm:ss) est. time remaining.
       72% completed,  02:24:48 (hh:mm:ss) est. time remaining.
       72% completed,  02:24:43 (hh:mm:ss) est. time remaining.
       73% completed,  02:24:34 (hh:mm:ss) est. time remaining.
       73% completed,  02:24:24 (hh:mm:ss) est. time remaining.
       73% completed,  02:24:17 (hh:mm:ss) est. time remaining.
       73% completed,  02:24:07 (hh:mm:ss) est. time remaining.
       73% completed,  02:23:58 (hh:mm:ss) est. time remaining.
       73% completed,  02:23:48 (hh:mm:ss) est. time remaining.
       73% completed,  02:23:38 (hh:mm:ss) est. time remaining.
       73% completed,  02:23:34 (hh:mm:ss) est. time remaining.
       73% completed,  02:23:27 (hh:mm:ss) est. time remaining.
       73% completed,  02:23:21 (hh:mm:ss) est. time remaining.
       73% completed,  02:23:17 (hh:mm:ss) est. time remaining.
       73% completed,  02:23:14 (hh:mm:ss) est. time remaining.
       73% completed,  02:23:05 (hh:mm:ss) est. time remaining.
       73% completed,  02:23:02 (hh:mm:ss) est. time remaining.
       73% completed,  02:22:54 (hh:mm:ss) est. time remaining.
       73% completed,  02:22:44 (hh:mm:ss) est. time remaining.
       73% completed,  02:22:35 (hh:mm:ss) est. time remaining.
       73% completed,  02:22:26 (hh:mm:ss) est. time remaining.
       73% completed,  02:22:18 (hh:mm:ss) est. time remaining.
       73% completed,  02:22:08 (hh:mm:ss) est. time remaining.
       73% completed,  02:21:59 (hh:mm:ss) est. time remaining.
       73% completed,  02:21:49 (hh:mm:ss) est. time remaining.
       73% completed,  02:21:42 (hh:mm:ss) est. time remaining.
       73% completed,  02:21:33 (hh:mm:ss) est. time remaining.
       73% completed,  02:21:23 (hh:mm:ss) est. time remaining.
       73% completed,  02:21:16 (hh:mm:ss) est. time remaining.
       73% completed,  02:21:14 (hh:mm:ss) est. time remaining.
       73% completed,  02:21:20 (hh:mm:ss) est. time remaining.
       73% completed,  02:21:10 (hh:mm:ss) est. time remaining.
       73% completed,  02:21:04 (hh:mm:ss) est. time remaining.
       73% completed,  02:20:55 (hh:mm:ss) est. time remaining.
       73% completed,  02:20:46 (hh:mm:ss) est. time remaining.
       73% completed,  02:20:38 (hh:mm:ss) est. time remaining.
       73% completed,  02:20:30 (hh:mm:ss) est. time remaining.
       73% completed,  02:20:21 (hh:mm:ss) est. time remaining.
       73% completed,  02:20:11 (hh:mm:ss) est. time remaining.
       73% completed,  02:20:01 (hh:mm:ss) est. time remaining.
       73% completed,  02:19:53 (hh:mm:ss) est. time remaining.
       73% completed,  02:19:44 (hh:mm:ss) est. time remaining.
       73% completed,  02:19:36 (hh:mm:ss) est. time remaining.
       73% completed,  02:19:26 (hh:mm:ss) est. time remaining.
       73% completed,  02:19:20 (hh:mm:ss) est. time remaining.
       73% completed,  02:19:10 (hh:mm:ss) est. time remaining.
       74% completed,  02:19:07 (hh:mm:ss) est. time remaining.
       74% completed,  02:19:01 (hh:mm:ss) est. time remaining.
       74% completed,  02:18:55 (hh:mm:ss) est. time remaining.
       74% completed,  02:18:53 (hh:mm:ss) est. time remaining.
       74% completed,  02:18:45 (hh:mm:ss) est. time remaining.
       74% completed,  02:18:37 (hh:mm:ss) est. time remaining.
       74% completed,  02:18:30 (hh:mm:ss) est. time remaining.
       74% completed,  02:18:22 (hh:mm:ss) est. time remaining.
       74% completed,  02:18:14 (hh:mm:ss) est. time remaining.
       74% completed,  02:18:05 (hh:mm:ss) est. time remaining.
       74% completed,  02:17:55 (hh:mm:ss) est. time remaining.
       74% completed,  02:17:49 (hh:mm:ss) est. time remaining.
       74% completed,  02:17:40 (hh:mm:ss) est. time remaining.
       74% completed,  02:17:32 (hh:mm:ss) est. time remaining.
       74% completed,  02:17:25 (hh:mm:ss) est. time remaining.
       74% completed,  02:17:16 (hh:mm:ss) est. time remaining.
       74% completed,  02:17:12 (hh:mm:ss) est. time remaining.
       74% completed,  02:17:05 (hh:mm:ss) est. time remaining.
       74% completed,  02:17:00 (hh:mm:ss) est. time remaining.
       74% completed,  02:16:55 (hh:mm:ss) est. time remaining.
       74% completed,  02:16:46 (hh:mm:ss) est. time remaining.
       74% completed,  02:16:37 (hh:mm:ss) est. time remaining.
       74% completed,  02:16:27 (hh:mm:ss) est. time remaining.
       74% completed,  02:16:19 (hh:mm:ss) est. time remaining.
       74% completed,  02:16:14 (hh:mm:ss) est. time remaining.
       74% completed,  02:16:08 (hh:mm:ss) est. time remaining.
       74% completed,  02:15:59 (hh:mm:ss) est. time remaining.
       74% completed,  02:15:53 (hh:mm:ss) est. time remaining.
       74% completed,  02:15:45 (hh:mm:ss) est. time remaining.
       74% completed,  02:15:36 (hh:mm:ss) est. time remaining.
       74% completed,  02:15:26 (hh:mm:ss) est. time remaining.
       74% completed,  02:15:17 (hh:mm:ss) est. time remaining.
       74% completed,  02:15:08 (hh:mm:ss) est. time remaining.
       74% completed,  02:15:04 (hh:mm:ss) est. time remaining.
       74% completed,  02:15:00 (hh:mm:ss) est. time remaining.
       74% completed,  02:14:52 (hh:mm:ss) est. time remaining.
       74% completed,  02:14:43 (hh:mm:ss) est. time remaining.
       74% completed,  02:14:36 (hh:mm:ss) est. time remaining.
       74% completed,  02:14:29 (hh:mm:ss) est. time remaining.
       74% completed,  02:14:20 (hh:mm:ss) est. time remaining.
       74% completed,  02:14:14 (hh:mm:ss) est. time remaining.
       74% completed,  02:14:10 (hh:mm:ss) est. time remaining.
       74% completed,  02:14:03 (hh:mm:ss) est. time remaining.
       74% completed,  02:14:00 (hh:mm:ss) est. time remaining.
       75% completed,  02:13:52 (hh:mm:ss) est. time remaining.
       75% completed,  02:13:44 (hh:mm:ss) est. time remaining.
       75% completed,  02:13:35 (hh:mm:ss) est. time remaining.
       75% completed,  02:13:26 (hh:mm:ss) est. time remaining.
       75% completed,  02:13:17 (hh:mm:ss) est. time remaining.
       75% completed,  02:13:10 (hh:mm:ss) est. time remaining.
       75% completed,  02:13:03 (hh:mm:ss) est. time remaining.
       75% completed,  02:12:55 (hh:mm:ss) est. time remaining.
       75% completed,  02:12:47 (hh:mm:ss) est. time remaining.
       75% completed,  02:12:39 (hh:mm:ss) est. time remaining.
       75% completed,  02:12:34 (hh:mm:ss) est. time remaining.
       75% completed,  02:12:30 (hh:mm:ss) est. time remaining.
       75% completed,  02:12:22 (hh:mm:ss) est. time remaining.
       75% completed,  02:12:13 (hh:mm:ss) est. time remaining.
       75% completed,  02:12:03 (hh:mm:ss) est. time remaining.
       75% completed,  02:11:55 (hh:mm:ss) est. time remaining.
       75% completed,  02:11:53 (hh:mm:ss) est. time remaining.
       75% completed,  02:11:45 (hh:mm:ss) est. time remaining.
       75% completed,  02:11:39 (hh:mm:ss) est. time remaining.
       75% completed,  02:11:31 (hh:mm:ss) est. time remaining.
       75% completed,  02:11:23 (hh:mm:ss) est. time remaining.
       75% completed,  02:11:14 (hh:mm:ss) est. time remaining.
       75% completed,  02:11:05 (hh:mm:ss) est. time remaining.
       75% completed,  02:10:58 (hh:mm:ss) est. time remaining.
       75% completed,  02:10:49 (hh:mm:ss) est. time remaining.
       75% completed,  02:10:41 (hh:mm:ss) est. time remaining.
       75% completed,  02:10:36 (hh:mm:ss) est. time remaining.
       75% completed,  02:10:27 (hh:mm:ss) est. time remaining.
       75% completed,  02:10:18 (hh:mm:ss) est. time remaining.
       75% completed,  02:10:13 (hh:mm:ss) est. time remaining.
       75% completed,  02:10:15 (hh:mm:ss) est. time remaining.
       75% completed,  02:10:05 (hh:mm:ss) est. time remaining.
       75% completed,  02:9:56 (hh:mm:ss) est. time remaining.
       75% completed,  02:9:55 (hh:mm:ss) est. time remaining.
       75% completed,  02:9:46 (hh:mm:ss) est. time remaining.
       75% completed,  02:9:39 (hh:mm:ss) est. time remaining.
       75% completed,  02:9:30 (hh:mm:ss) est. time remaining.
       75% completed,  02:9:23 (hh:mm:ss) est. time remaining.
       75% completed,  02:9:15 (hh:mm:ss) est. time remaining.
       75% completed,  02:9:08 (hh:mm:ss) est. time remaining.
       75% completed,  02:9:02 (hh:mm:ss) est. time remaining.
       75% completed,  02:8:53 (hh:mm:ss) est. time remaining.
       75% completed,  02:8:45 (hh:mm:ss) est. time remaining.
       75% completed,  02:8:38 (hh:mm:ss) est. time remaining.
       75% completed,  02:8:29 (hh:mm:ss) est. time remaining.
       76% completed,  02:8:23 (hh:mm:ss) est. time remaining.
       76% completed,  02:8:19 (hh:mm:ss) est. time remaining.
       76% completed,  02:8:13 (hh:mm:ss) est. time remaining.
       76% completed,  02:8:03 (hh:mm:ss) est. time remaining.
       76% completed,  02:7:55 (hh:mm:ss) est. time remaining.
       76% completed,  02:7:47 (hh:mm:ss) est. time remaining.
       76% completed,  02:7:38 (hh:mm:ss) est. time remaining.
       76% completed,  02:7:34 (hh:mm:ss) est. time remaining.
       76% completed,  02:7:25 (hh:mm:ss) est. time remaining.
       76% completed,  02:7:16 (hh:mm:ss) est. time remaining.
       76% completed,  02:7:08 (hh:mm:ss) est. time remaining.
       76% completed,  02:7:03 (hh:mm:ss) est. time remaining.
       76% completed,  02:6:57 (hh:mm:ss) est. time remaining.
       76% completed,  02:6:50 (hh:mm:ss) est. time remaining.
       76% completed,  02:6:47 (hh:mm:ss) est. time remaining.
       76% completed,  02:6:39 (hh:mm:ss) est. time remaining.
       76% completed,  02:6:30 (hh:mm:ss) est. time remaining.
       76% completed,  02:6:23 (hh:mm:ss) est. time remaining.
       76% completed,  02:6:14 (hh:mm:ss) est. time remaining.
       76% completed,  02:6:06 (hh:mm:ss) est. time remaining.
       76% completed,  02:6:01 (hh:mm:ss) est. time remaining.
       76% completed,  02:5:52 (hh:mm:ss) est. time remaining.
       76% completed,  02:5:48 (hh:mm:ss) est. time remaining.
       76% completed,  02:5:40 (hh:mm:ss) est. time remaining.
       76% completed,  02:5:32 (hh:mm:ss) est. time remaining.
       76% completed,  02:5:25 (hh:mm:ss) est. time remaining.
       76% completed,  02:5:17 (hh:mm:ss) est. time remaining.
       76% completed,  02:5:10 (hh:mm:ss) est. time remaining.
       76% completed,  02:5:01 (hh:mm:ss) est. time remaining.
       76% completed,  02:4:54 (hh:mm:ss) est. time remaining.
       76% completed,  02:4:45 (hh:mm:ss) est. time remaining.
       76% completed,  02:4:38 (hh:mm:ss) est. time remaining.
       76% completed,  02:4:35 (hh:mm:ss) est. time remaining.
       76% completed,  02:4:28 (hh:mm:ss) est. time remaining.
       76% completed,  02:4:21 (hh:mm:ss) est. time remaining.
       76% completed,  02:4:17 (hh:mm:ss) est. time remaining.
       76% completed,  02:4:08 (hh:mm:ss) est. time remaining.
       76% completed,  02:4:01 (hh:mm:ss) est. time remaining.
       76% completed,  02:3:53 (hh:mm:ss) est. time remaining.
       76% completed,  02:3:45 (hh:mm:ss) est. time remaining.
       76% completed,  02:3:36 (hh:mm:ss) est. time remaining.
       76% completed,  02:3:36 (hh:mm:ss) est. time remaining.
       76% completed,  02:3:28 (hh:mm:ss) est. time remaining.
       76% completed,  02:3:20 (hh:mm:ss) est. time remaining.
       76% completed,  02:3:11 (hh:mm:ss) est. time remaining.
       76% completed,  02:3:03 (hh:mm:ss) est. time remaining.
       77% completed,  02:2:54 (hh:mm:ss) est. time remaining.
       77% completed,  02:2:45 (hh:mm:ss) est. time remaining.
       77% completed,  02:2:38 (hh:mm:ss) est. time remaining.
       77% completed,  02:2:30 (hh:mm:ss) est. time remaining.
       77% completed,  02:2:34 (hh:mm:ss) est. time remaining.
       77% completed,  02:2:26 (hh:mm:ss) est. time remaining.
       77% completed,  02:2:19 (hh:mm:ss) est. time remaining.
       77% completed,  02:2:11 (hh:mm:ss) est. time remaining.
       77% completed,  02:2:02 (hh:mm:ss) est. time remaining.
       77% completed,  02:1:55 (hh:mm:ss) est. time remaining.
       77% completed,  02:1:46 (hh:mm:ss) est. time remaining.
       77% completed,  02:1:40 (hh:mm:ss) est. time remaining.
       77% completed,  02:1:33 (hh:mm:ss) est. time remaining.
       77% completed,  02:1:25 (hh:mm:ss) est. time remaining.
       77% completed,  02:1:19 (hh:mm:ss) est. time remaining.
       77% completed,  02:1:12 (hh:mm:ss) est. time remaining.
       77% completed,  02:1:04 (hh:mm:ss) est. time remaining.
       77% completed,  02:0:58 (hh:mm:ss) est. time remaining.
       77% completed,  02:0:52 (hh:mm:ss) est. time remaining.
       77% completed,  02:0:44 (hh:mm:ss) est. time remaining.
       77% completed,  02:0:38 (hh:mm:ss) est. time remaining.
       77% completed,  02:0:29 (hh:mm:ss) est. time remaining.
       77% completed,  02:0:24 (hh:mm:ss) est. time remaining.
       77% completed,  02:0:16 (hh:mm:ss) est. time remaining.
       77% completed,  02:0:10 (hh:mm:ss) est. time remaining.
       77% completed,  02:0:03 (hh:mm:ss) est. time remaining.
       77% completed,  01:59:56 (hh:mm:ss) est. time remaining.
       77% completed,  01:59:49 (hh:mm:ss) est. time remaining.
       77% completed,  01:59:41 (hh:mm:ss) est. time remaining.
       77% completed,  01:59:35 (hh:mm:ss) est. time remaining.
       77% completed,  01:59:33 (hh:mm:ss) est. time remaining.
       77% completed,  01:59:25 (hh:mm:ss) est. time remaining.
       77% completed,  01:59:21 (hh:mm:ss) est. time remaining.
       77% completed,  01:59:12 (hh:mm:ss) est. time remaining.
       77% completed,  01:59:04 (hh:mm:ss) est. time remaining.
       77% completed,  01:58:57 (hh:mm:ss) est. time remaining.
       77% completed,  01:58:48 (hh:mm:ss) est. time remaining.
       77% completed,  01:58:41 (hh:mm:ss) est. time remaining.
       77% completed,  01:58:33 (hh:mm:ss) est. time remaining.
       77% completed,  01:58:26 (hh:mm:ss) est. time remaining.
       77% completed,  01:58:20 (hh:mm:ss) est. time remaining.
       77% completed,  01:58:12 (hh:mm:ss) est. time remaining.
       77% completed,  01:58:05 (hh:mm:ss) est. time remaining.
       77% completed,  01:57:59 (hh:mm:ss) est. time remaining.
       77% completed,  01:57:51 (hh:mm:ss) est. time remaining.
       77% completed,  01:57:48 (hh:mm:ss) est. time remaining.
       77% completed,  01:57:41 (hh:mm:ss) est. time remaining.
       78% completed,  01:57:35 (hh:mm:ss) est. time remaining.
       78% completed,  01:57:27 (hh:mm:ss) est. time remaining.
       78% completed,  01:57:20 (hh:mm:ss) est. time remaining.
       78% completed,  01:57:15 (hh:mm:ss) est. time remaining.
       78% completed,  01:57:07 (hh:mm:ss) est. time remaining.
       78% completed,  01:56:59 (hh:mm:ss) est. time remaining.
       78% completed,  01:56:54 (hh:mm:ss) est. time remaining.
       78% completed,  01:56:45 (hh:mm:ss) est. time remaining.
       78% completed,  01:56:40 (hh:mm:ss) est. time remaining.
       78% completed,  01:56:32 (hh:mm:ss) est. time remaining.
       78% completed,  01:56:24 (hh:mm:ss) est. time remaining.
       78% completed,  01:56:16 (hh:mm:ss) est. time remaining.
       78% completed,  01:56:07 (hh:mm:ss) est. time remaining.
       78% completed,  01:56:00 (hh:mm:ss) est. time remaining.
       78% completed,  01:55:52 (hh:mm:ss) est. time remaining.
       78% completed,  01:55:56 (hh:mm:ss) est. time remaining.
       78% completed,  01:55:49 (hh:mm:ss) est. time remaining.
       78% completed,  01:55:42 (hh:mm:ss) est. time remaining.
       78% completed,  01:55:34 (hh:mm:ss) est. time remaining.
       78% completed,  01:55:26 (hh:mm:ss) est. time remaining.
       78% completed,  01:55:18 (hh:mm:ss) est. time remaining.
       78% completed,  01:55:11 (hh:mm:ss) est. time remaining.
       78% completed,  01:55:02 (hh:mm:ss) est. time remaining.
       78% completed,  01:54:56 (hh:mm:ss) est. time remaining.
       78% completed,  01:54:51 (hh:mm:ss) est. time remaining.
       78% completed,  01:54:43 (hh:mm:ss) est. time remaining.
       78% completed,  01:54:35 (hh:mm:ss) est. time remaining.
       78% completed,  01:54:26 (hh:mm:ss) est. time remaining.
       78% completed,  01:54:19 (hh:mm:ss) est. time remaining.
       78% completed,  01:54:11 (hh:mm:ss) est. time remaining.
       78% completed,  01:54:02 (hh:mm:ss) est. time remaining.
       78% completed,  01:53:59 (hh:mm:ss) est. time remaining.
       78% completed,  01:54:04 (hh:mm:ss) est. time remaining.
       78% completed,  01:53:56 (hh:mm:ss) est. time remaining.
       78% completed,  01:53:48 (hh:mm:ss) est. time remaining.
       78% completed,  01:53:39 (hh:mm:ss) est. time remaining.
       78% completed,  01:53:31 (hh:mm:ss) est. time remaining.
       78% completed,  01:53:23 (hh:mm:ss) est. time remaining.
       78% completed,  01:53:16 (hh:mm:ss) est. time remaining.
       78% completed,  01:53:11 (hh:mm:ss) est. time remaining.
       78% completed,  01:53:05 (hh:mm:ss) est. time remaining.
       78% completed,  01:52:57 (hh:mm:ss) est. time remaining.
       78% completed,  01:52:49 (hh:mm:ss) est. time remaining.
       78% completed,  01:52:41 (hh:mm:ss) est. time remaining.
       78% completed,  01:52:34 (hh:mm:ss) est. time remaining.
       78% completed,  01:52:26 (hh:mm:ss) est. time remaining.
       78% completed,  01:52:22 (hh:mm:ss) est. time remaining.
       79% completed,  01:52:13 (hh:mm:ss) est. time remaining.
       79% completed,  01:52:07 (hh:mm:ss) est. time remaining.
       79% completed,  01:52:09 (hh:mm:ss) est. time remaining.
       79% completed,  01:52:02 (hh:mm:ss) est. time remaining.
       79% completed,  01:51:54 (hh:mm:ss) est. time remaining.
       79% completed,  01:51:46 (hh:mm:ss) est. time remaining.
       79% completed,  01:51:38 (hh:mm:ss) est. time remaining.
       79% completed,  01:51:30 (hh:mm:ss) est. time remaining.
       79% completed,  01:51:22 (hh:mm:ss) est. time remaining.
       79% completed,  01:51:15 (hh:mm:ss) est. time remaining.
       79% completed,  01:51:08 (hh:mm:ss) est. time remaining.
       79% completed,  01:51:00 (hh:mm:ss) est. time remaining.
       79% completed,  01:50:54 (hh:mm:ss) est. time remaining.
       79% completed,  01:50:48 (hh:mm:ss) est. time remaining.
       79% completed,  01:50:46 (hh:mm:ss) est. time remaining.
       79% completed,  01:50:40 (hh:mm:ss) est. time remaining.
       79% completed,  01:50:35 (hh:mm:ss) est. time remaining.
       79% completed,  01:50:28 (hh:mm:ss) est. time remaining.
       79% completed,  01:50:20 (hh:mm:ss) est. time remaining.
       79% completed,  01:50:11 (hh:mm:ss) est. time remaining.
       79% completed,  01:50:05 (hh:mm:ss) est. time remaining.
       79% completed,  01:49:59 (hh:mm:ss) est. time remaining.
       79% completed,  01:49:52 (hh:mm:ss) est. time remaining.
       79% completed,  01:49:44 (hh:mm:ss) est. time remaining.
       79% completed,  01:49:37 (hh:mm:ss) est. time remaining.
       79% completed,  01:49:30 (hh:mm:ss) est. time remaining.
       79% completed,  01:49:26 (hh:mm:ss) est. time remaining.
       79% completed,  01:49:21 (hh:mm:ss) est. time remaining.
       79% completed,  01:49:14 (hh:mm:ss) est. time remaining.
       79% completed,  01:49:08 (hh:mm:ss) est. time remaining.
       79% completed,  01:49:00 (hh:mm:ss) est. time remaining.
       79% completed,  01:48:53 (hh:mm:ss) est. time remaining.
       79% completed,  01:48:45 (hh:mm:ss) est. time remaining.
       79% completed,  01:48:37 (hh:mm:ss) est. time remaining.
       79% completed,  01:48:29 (hh:mm:ss) est. time remaining.
       79% completed,  01:48:22 (hh:mm:ss) est. time remaining.
       79% completed,  01:48:18 (hh:mm:ss) est. time remaining.
       79% completed,  01:48:10 (hh:mm:ss) est. time remaining.
       79% completed,  01:48:04 (hh:mm:ss) est. time remaining.
       79% completed,  01:47:59 (hh:mm:ss) est. time remaining.
       79% completed,  01:47:54 (hh:mm:ss) est. time remaining.
       79% completed,  01:47:48 (hh:mm:ss) est. time remaining.
       79% completed,  01:47:42 (hh:mm:ss) est. time remaining.
       79% completed,  01:47:34 (hh:mm:ss) est. time remaining.
       79% completed,  01:47:27 (hh:mm:ss) est. time remaining.
       79% completed,  01:47:21 (hh:mm:ss) est. time remaining.
       79% completed,  01:47:14 (hh:mm:ss) est. time remaining.
       79% completed,  01:47:06 (hh:mm:ss) est. time remaining.
       79% completed,  01:46:58 (hh:mm:ss) est. time remaining.
       80% completed,  01:46:52 (hh:mm:ss) est. time remaining.
       80% completed,  01:46:45 (hh:mm:ss) est. time remaining.
       80% completed,  01:46:38 (hh:mm:ss) est. time remaining.
       80% completed,  01:46:30 (hh:mm:ss) est. time remaining.
       80% completed,  01:46:26 (hh:mm:ss) est. time remaining.
       80% completed,  01:46:19 (hh:mm:ss) est. time remaining.
       80% completed,  01:46:14 (hh:mm:ss) est. time remaining.
       80% completed,  01:46:09 (hh:mm:ss) est. time remaining.
       80% completed,  01:46:03 (hh:mm:ss) est. time remaining.
       80% completed,  01:45:55 (hh:mm:ss) est. time remaining.
       80% completed,  01:45:50 (hh:mm:ss) est. time remaining.
       80% completed,  01:45:45 (hh:mm:ss) est. time remaining.
       80% completed,  01:45:37 (hh:mm:ss) est. time remaining.
       80% completed,  01:45:30 (hh:mm:ss) est. time remaining.
       80% completed,  01:45:23 (hh:mm:ss) est. time remaining.
       80% completed,  01:45:15 (hh:mm:ss) est. time remaining.
       80% completed,  01:45:08 (hh:mm:ss) est. time remaining.
       80% completed,  01:45:00 (hh:mm:ss) est. time remaining.
       80% completed,  01:44:54 (hh:mm:ss) est. time remaining.
       80% completed,  01:44:49 (hh:mm:ss) est. time remaining.
       80% completed,  01:44:43 (hh:mm:ss) est. time remaining.
       80% completed,  01:44:37 (hh:mm:ss) est. time remaining.
       80% completed,  01:44:30 (hh:mm:ss) est. time remaining.
       80% completed,  01:44:25 (hh:mm:ss) est. time remaining.
       80% completed,  01:44:19 (hh:mm:ss) est. time remaining.
       80% completed,  01:44:13 (hh:mm:ss) est. time remaining.
       80% completed,  01:44:05 (hh:mm:ss) est. time remaining.
       80% completed,  01:43:58 (hh:mm:ss) est. time remaining.
       80% completed,  01:43:54 (hh:mm:ss) est. time remaining.
       80% completed,  01:43:47 (hh:mm:ss) est. time remaining.
       80% completed,  01:43:40 (hh:mm:ss) est. time remaining.
       80% completed,  01:43:32 (hh:mm:ss) est. time remaining.
       80% completed,  01:43:25 (hh:mm:ss) est. time remaining.
       80% completed,  01:43:18 (hh:mm:ss) est. time remaining.
       80% completed,  01:43:11 (hh:mm:ss) est. time remaining.
       80% completed,  01:43:03 (hh:mm:ss) est. time remaining.
       80% completed,  01:42:57 (hh:mm:ss) est. time remaining.
       80% completed,  01:42:53 (hh:mm:ss) est. time remaining.
       80% completed,  01:42:47 (hh:mm:ss) est. time remaining.
       80% completed,  01:42:41 (hh:mm:ss) est. time remaining.
       80% completed,  01:42:35 (hh:mm:ss) est. time remaining.
       80% completed,  01:42:28 (hh:mm:ss) est. time remaining.
       80% completed,  01:42:21 (hh:mm:ss) est. time remaining.
       80% completed,  01:42:15 (hh:mm:ss) est. time remaining.
       80% completed,  01:42:08 (hh:mm:ss) est. time remaining.
       80% completed,  01:42:04 (hh:mm:ss) est. time remaining.
       80% completed,  01:41:56 (hh:mm:ss) est. time remaining.
       80% completed,  01:41:49 (hh:mm:ss) est. time remaining.
       80% completed,  01:41:42 (hh:mm:ss) est. time remaining.
       80% completed,  01:41:35 (hh:mm:ss) est. time remaining.
       80% completed,  01:41:28 (hh:mm:ss) est. time remaining.
       81% completed,  01:41:21 (hh:mm:ss) est. time remaining.
       81% completed,  01:41:15 (hh:mm:ss) est. time remaining.
       81% completed,  01:41:07 (hh:mm:ss) est. time remaining.
       81% completed,  01:41:01 (hh:mm:ss) est. time remaining.
       81% completed,  01:40:55 (hh:mm:ss) est. time remaining.
       81% completed,  01:40:49 (hh:mm:ss) est. time remaining.
       81% completed,  01:40:45 (hh:mm:ss) est. time remaining.
       81% completed,  01:40:39 (hh:mm:ss) est. time remaining.
       81% completed,  01:40:31 (hh:mm:ss) est. time remaining.
       81% completed,  01:40:25 (hh:mm:ss) est. time remaining.
       81% completed,  01:40:20 (hh:mm:ss) est. time remaining.
       81% completed,  01:40:16 (hh:mm:ss) est. time remaining.
       81% completed,  01:40:09 (hh:mm:ss) est. time remaining.
       81% completed,  01:40:02 (hh:mm:ss) est. time remaining.
       81% completed,  01:39:55 (hh:mm:ss) est. time remaining.
       81% completed,  01:39:49 (hh:mm:ss) est. time remaining.
       81% completed,  01:39:42 (hh:mm:ss) est. time remaining.
       81% completed,  01:39:34 (hh:mm:ss) est. time remaining.
       81% completed,  01:39:26 (hh:mm:ss) est. time remaining.
       81% completed,  01:39:19 (hh:mm:ss) est. time remaining.
       81% completed,  01:39:12 (hh:mm:ss) est. time remaining.
       81% completed,  01:39:06 (hh:mm:ss) est. time remaining.
       81% completed,  01:39:02 (hh:mm:ss) est. time remaining.
       81% completed,  01:38:54 (hh:mm:ss) est. time remaining.
       81% completed,  01:38:49 (hh:mm:ss) est. time remaining.
       81% completed,  01:38:42 (hh:mm:ss) est. time remaining.
       81% completed,  01:38:35 (hh:mm:ss) est. time remaining.
       81% completed,  01:38:33 (hh:mm:ss) est. time remaining.
       81% completed,  01:38:28 (hh:mm:ss) est. time remaining.
       81% completed,  01:38:24 (hh:mm:ss) est. time remaining.
       81% completed,  01:38:17 (hh:mm:ss) est. time remaining.
       81% completed,  01:38:10 (hh:mm:ss) est. time remaining.
       81% completed,  01:38:03 (hh:mm:ss) est. time remaining.
       81% completed,  01:37:56 (hh:mm:ss) est. time remaining.
       81% completed,  01:37:49 (hh:mm:ss) est. time remaining.
       81% completed,  01:37:43 (hh:mm:ss) est. time remaining.
       81% completed,  01:37:37 (hh:mm:ss) est. time remaining.
       81% completed,  01:37:29 (hh:mm:ss) est. time remaining.
       81% completed,  01:37:22 (hh:mm:ss) est. time remaining.
       81% completed,  01:37:15 (hh:mm:ss) est. time remaining.
       81% completed,  01:37:08 (hh:mm:ss) est. time remaining.
       81% completed,  01:37:01 (hh:mm:ss) est. time remaining.
       81% completed,  01:36:55 (hh:mm:ss) est. time remaining.
       81% completed,  01:36:50 (hh:mm:ss) est. time remaining.
       81% completed,  01:36:50 (hh:mm:ss) est. time remaining.
       81% completed,  01:36:44 (hh:mm:ss) est. time remaining.
       81% completed,  01:36:39 (hh:mm:ss) est. time remaining.
       81% completed,  01:36:33 (hh:mm:ss) est. time remaining.
       81% completed,  01:36:26 (hh:mm:ss) est. time remaining.
       81% completed,  01:36:19 (hh:mm:ss) est. time remaining.
       81% completed,  01:36:11 (hh:mm:ss) est. time remaining.
       82% completed,  01:36:05 (hh:mm:ss) est. time remaining.
       82% completed,  01:35:58 (hh:mm:ss) est. time remaining.
       82% completed,  01:35:50 (hh:mm:ss) est. time remaining.
       82% completed,  01:35:45 (hh:mm:ss) est. time remaining.
       82% completed,  01:35:39 (hh:mm:ss) est. time remaining.
       82% completed,  01:35:31 (hh:mm:ss) est. time remaining.
       82% completed,  01:35:24 (hh:mm:ss) est. time remaining.
       82% completed,  01:35:18 (hh:mm:ss) est. time remaining.
       82% completed,  01:35:10 (hh:mm:ss) est. time remaining.
       82% completed,  01:35:10 (hh:mm:ss) est. time remaining.
       82% completed,  01:35:05 (hh:mm:ss) est. time remaining.
       82% completed,  01:34:58 (hh:mm:ss) est. time remaining.
       82% completed,  01:34:51 (hh:mm:ss) est. time remaining.
       82% completed,  01:34:44 (hh:mm:ss) est. time remaining.
       82% completed,  01:34:40 (hh:mm:ss) est. time remaining.
       82% completed,  01:34:33 (hh:mm:ss) est. time remaining.
       82% completed,  01:34:25 (hh:mm:ss) est. time remaining.
       82% completed,  01:34:19 (hh:mm:ss) est. time remaining.
       82% completed,  01:34:12 (hh:mm:ss) est. time remaining.
       82% completed,  01:34:05 (hh:mm:ss) est. time remaining.
       82% completed,  01:33:59 (hh:mm:ss) est. time remaining.
       82% completed,  01:33:52 (hh:mm:ss) est. time remaining.
       82% completed,  01:33:45 (hh:mm:ss) est. time remaining.
       82% completed,  01:33:39 (hh:mm:ss) est. time remaining.
       82% completed,  01:33:35 (hh:mm:ss) est. time remaining.
       82% completed,  01:33:30 (hh:mm:ss) est. time remaining.
       82% completed,  01:33:23 (hh:mm:ss) est. time remaining.
       82% completed,  01:33:18 (hh:mm:ss) est. time remaining.
       82% completed,  01:33:16 (hh:mm:ss) est. time remaining.
       82% completed,  01:33:08 (hh:mm:ss) est. time remaining.
       82% completed,  01:33:02 (hh:mm:ss) est. time remaining.
       82% completed,  01:32:57 (hh:mm:ss) est. time remaining.
       82% completed,  01:32:49 (hh:mm:ss) est. time remaining.
       82% completed,  01:32:43 (hh:mm:ss) est. time remaining.
       82% completed,  01:32:37 (hh:mm:ss) est. time remaining.
       82% completed,  01:32:30 (hh:mm:ss) est. time remaining.
       82% completed,  01:32:23 (hh:mm:ss) est. time remaining.
       82% completed,  01:32:19 (hh:mm:ss) est. time remaining.
       82% completed,  01:32:12 (hh:mm:ss) est. time remaining.
       82% completed,  01:32:05 (hh:mm:ss) est. time remaining.
       82% completed,  01:31:59 (hh:mm:ss) est. time remaining.
       82% completed,  01:31:53 (hh:mm:ss) est. time remaining.
       82% completed,  01:31:48 (hh:mm:ss) est. time remaining.
       82% completed,  01:31:41 (hh:mm:ss) est. time remaining.
       82% completed,  01:31:36 (hh:mm:ss) est. time remaining.
       82% completed,  01:31:29 (hh:mm:ss) est. time remaining.
       82% completed,  01:31:24 (hh:mm:ss) est. time remaining.
       82% completed,  01:31:18 (hh:mm:ss) est. time remaining.
       82% completed,  01:31:12 (hh:mm:ss) est. time remaining.
       82% completed,  01:31:05 (hh:mm:ss) est. time remaining.
       82% completed,  01:30:58 (hh:mm:ss) est. time remaining.
       82% completed,  01:30:52 (hh:mm:ss) est. time remaining.
       82% completed,  01:30:49 (hh:mm:ss) est. time remaining.
       83% completed,  01:30:42 (hh:mm:ss) est. time remaining.
       83% completed,  01:30:36 (hh:mm:ss) est. time remaining.
       83% completed,  01:30:29 (hh:mm:ss) est. time remaining.
       83% completed,  01:30:23 (hh:mm:ss) est. time remaining.
       83% completed,  01:30:18 (hh:mm:ss) est. time remaining.
       83% completed,  01:30:13 (hh:mm:ss) est. time remaining.
       83% completed,  01:30:07 (hh:mm:ss) est. time remaining.
       83% completed,  01:30:01 (hh:mm:ss) est. time remaining.
       83% completed,  01:29:54 (hh:mm:ss) est. time remaining.
       83% completed,  01:29:47 (hh:mm:ss) est. time remaining.
       83% completed,  01:29:41 (hh:mm:ss) est. time remaining.
       83% completed,  01:29:35 (hh:mm:ss) est. time remaining.
       83% completed,  01:29:28 (hh:mm:ss) est. time remaining.
       83% completed,  01:29:22 (hh:mm:ss) est. time remaining.
       83% completed,  01:29:21 (hh:mm:ss) est. time remaining.
       83% completed,  01:29:15 (hh:mm:ss) est. time remaining.
       83% completed,  01:29:10 (hh:mm:ss) est. time remaining.
       83% completed,  01:29:04 (hh:mm:ss) est. time remaining.
       83% completed,  01:28:57 (hh:mm:ss) est. time remaining.
       83% completed,  01:28:51 (hh:mm:ss) est. time remaining.
       83% completed,  01:28:44 (hh:mm:ss) est. time remaining.
       83% completed,  01:28:38 (hh:mm:ss) est. time remaining.
       83% completed,  01:28:32 (hh:mm:ss) est. time remaining.
       83% completed,  01:28:25 (hh:mm:ss) est. time remaining.
       83% completed,  01:28:20 (hh:mm:ss) est. time remaining.
       83% completed,  01:28:13 (hh:mm:ss) est. time remaining.
       83% completed,  01:28:06 (hh:mm:ss) est. time remaining.
       83% completed,  01:28:00 (hh:mm:ss) est. time remaining.
       83% completed,  01:27:54 (hh:mm:ss) est. time remaining.
       83% completed,  01:27:47 (hh:mm:ss) est. time remaining.
       83% completed,  01:27:42 (hh:mm:ss) est. time remaining.
       83% completed,  01:27:38 (hh:mm:ss) est. time remaining.
       83% completed,  01:27:35 (hh:mm:ss) est. time remaining.
       83% completed,  01:27:29 (hh:mm:ss) est. time remaining.
       83% completed,  01:27:23 (hh:mm:ss) est. time remaining.
       83% completed,  01:27:18 (hh:mm:ss) est. time remaining.
       83% completed,  01:27:11 (hh:mm:ss) est. time remaining.
       83% completed,  01:27:05 (hh:mm:ss) est. time remaining.
       83% completed,  01:26:59 (hh:mm:ss) est. time remaining.
       83% completed,  01:26:53 (hh:mm:ss) est. time remaining.
       83% completed,  01:26:47 (hh:mm:ss) est. time remaining.
       83% completed,  01:26:40 (hh:mm:ss) est. time remaining.
       83% completed,  01:26:33 (hh:mm:ss) est. time remaining.
       83% completed,  01:26:26 (hh:mm:ss) est. time remaining.
       83% completed,  01:26:20 (hh:mm:ss) est. time remaining.
       83% completed,  01:26:13 (hh:mm:ss) est. time remaining.
       83% completed,  01:26:07 (hh:mm:ss) est. time remaining.
       83% completed,  01:26:08 (hh:mm:ss) est. time remaining.
       83% completed,  01:26:04 (hh:mm:ss) est. time remaining.
       83% completed,  01:25:57 (hh:mm:ss) est. time remaining.
       83% completed,  01:25:50 (hh:mm:ss) est. time remaining.
       83% completed,  01:25:43 (hh:mm:ss) est. time remaining.
       83% completed,  01:25:37 (hh:mm:ss) est. time remaining.
       83% completed,  01:25:30 (hh:mm:ss) est. time remaining.
       83% completed,  01:25:24 (hh:mm:ss) est. time remaining.
       84% completed,  01:25:18 (hh:mm:ss) est. time remaining.
       84% completed,  01:25:12 (hh:mm:ss) est. time remaining.
       84% completed,  01:25:06 (hh:mm:ss) est. time remaining.
       84% completed,  01:24:59 (hh:mm:ss) est. time remaining.
       84% completed,  01:24:54 (hh:mm:ss) est. time remaining.
       84% completed,  01:24:49 (hh:mm:ss) est. time remaining.
       84% completed,  01:24:42 (hh:mm:ss) est. time remaining.
       84% completed,  01:24:36 (hh:mm:ss) est. time remaining.
       84% completed,  01:24:31 (hh:mm:ss) est. time remaining.
       84% completed,  01:24:24 (hh:mm:ss) est. time remaining.
       84% completed,  01:24:19 (hh:mm:ss) est. time remaining.
       84% completed,  01:24:13 (hh:mm:ss) est. time remaining.
       84% completed,  01:24:07 (hh:mm:ss) est. time remaining.
       84% completed,  01:24:01 (hh:mm:ss) est. time remaining.
       84% completed,  01:23:56 (hh:mm:ss) est. time remaining.
       84% completed,  01:23:52 (hh:mm:ss) est. time remaining.
       84% completed,  01:23:46 (hh:mm:ss) est. time remaining.
       84% completed,  01:23:39 (hh:mm:ss) est. time remaining.
       84% completed,  01:23:35 (hh:mm:ss) est. time remaining.
       84% completed,  01:23:28 (hh:mm:ss) est. time remaining.
       84% completed,  01:23:24 (hh:mm:ss) est. time remaining.
       84% completed,  01:23:18 (hh:mm:ss) est. time remaining.
       84% completed,  01:23:13 (hh:mm:ss) est. time remaining.
       84% completed,  01:23:07 (hh:mm:ss) est. time remaining.
       84% completed,  01:23:02 (hh:mm:ss) est. time remaining.
       84% completed,  01:22:55 (hh:mm:ss) est. time remaining.
       84% completed,  01:22:49 (hh:mm:ss) est. time remaining.
       84% completed,  01:22:43 (hh:mm:ss) est. time remaining.
       84% completed,  01:22:36 (hh:mm:ss) est. time remaining.
       84% completed,  01:22:29 (hh:mm:ss) est. time remaining.
       84% completed,  01:22:23 (hh:mm:ss) est. time remaining.
       84% completed,  01:22:17 (hh:mm:ss) est. time remaining.
       84% completed,  01:22:12 (hh:mm:ss) est. time remaining.
       84% completed,  01:22:05 (hh:mm:ss) est. time remaining.
       84% completed,  01:22:02 (hh:mm:ss) est. time remaining.
       84% completed,  01:21:56 (hh:mm:ss) est. time remaining.
       84% completed,  01:21:50 (hh:mm:ss) est. time remaining.
       84% completed,  01:21:45 (hh:mm:ss) est. time remaining.
       84% completed,  01:21:40 (hh:mm:ss) est. time remaining.
       84% completed,  01:21:34 (hh:mm:ss) est. time remaining.
       84% completed,  01:21:27 (hh:mm:ss) est. time remaining.
       84% completed,  01:21:22 (hh:mm:ss) est. time remaining.
       84% completed,  01:21:18 (hh:mm:ss) est. time remaining.
       84% completed,  01:21:11 (hh:mm:ss) est. time remaining.
       84% completed,  01:21:05 (hh:mm:ss) est. time remaining.
       84% completed,  01:21:00 (hh:mm:ss) est. time remaining.
       84% completed,  01:20:53 (hh:mm:ss) est. time remaining.
       84% completed,  01:20:47 (hh:mm:ss) est. time remaining.
       84% completed,  01:20:41 (hh:mm:ss) est. time remaining.
       84% completed,  01:20:35 (hh:mm:ss) est. time remaining.
       84% completed,  01:20:30 (hh:mm:ss) est. time remaining.
       84% completed,  01:20:27 (hh:mm:ss) est. time remaining.
       84% completed,  01:20:20 (hh:mm:ss) est. time remaining.
       84% completed,  01:20:15 (hh:mm:ss) est. time remaining.
       84% completed,  01:20:09 (hh:mm:ss) est. time remaining.
       84% completed,  01:20:05 (hh:mm:ss) est. time remaining.
       85% completed,  01:19:59 (hh:mm:ss) est. time remaining.
       85% completed,  01:19:53 (hh:mm:ss) est. time remaining.
       85% completed,  01:19:48 (hh:mm:ss) est. time remaining.
       85% completed,  01:19:42 (hh:mm:ss) est. time remaining.
       85% completed,  01:19:37 (hh:mm:ss) est. time remaining.
       85% completed,  01:19:30 (hh:mm:ss) est. time remaining.
       85% completed,  01:19:24 (hh:mm:ss) est. time remaining.
       85% completed,  01:19:20 (hh:mm:ss) est. time remaining.
       85% completed,  01:19:14 (hh:mm:ss) est. time remaining.
       85% completed,  01:19:08 (hh:mm:ss) est. time remaining.
       85% completed,  01:19:02 (hh:mm:ss) est. time remaining.
       85% completed,  01:18:58 (hh:mm:ss) est. time remaining.
       85% completed,  01:18:52 (hh:mm:ss) est. time remaining.
       85% completed,  01:18:45 (hh:mm:ss) est. time remaining.
       85% completed,  01:18:39 (hh:mm:ss) est. time remaining.
       85% completed,  01:18:33 (hh:mm:ss) est. time remaining.
       85% completed,  01:18:27 (hh:mm:ss) est. time remaining.
       85% completed,  01:18:24 (hh:mm:ss) est. time remaining.
       85% completed,  01:18:19 (hh:mm:ss) est. time remaining.
       85% completed,  01:18:12 (hh:mm:ss) est. time remaining.
       85% completed,  01:18:06 (hh:mm:ss) est. time remaining.
       85% completed,  01:18:01 (hh:mm:ss) est. time remaining.
       85% completed,  01:17:57 (hh:mm:ss) est. time remaining.
       85% completed,  01:17:52 (hh:mm:ss) est. time remaining.
       85% completed,  01:17:46 (hh:mm:ss) est. time remaining.
       85% completed,  01:17:40 (hh:mm:ss) est. time remaining.
       85% completed,  01:17:34 (hh:mm:ss) est. time remaining.
       85% completed,  01:17:30 (hh:mm:ss) est. time remaining.
       85% completed,  01:17:23 (hh:mm:ss) est. time remaining.
       85% completed,  01:17:18 (hh:mm:ss) est. time remaining.
       85% completed,  01:17:12 (hh:mm:ss) est. time remaining.
       85% completed,  01:17:07 (hh:mm:ss) est. time remaining.
       85% completed,  01:17:02 (hh:mm:ss) est. time remaining.
       85% completed,  01:16:57 (hh:mm:ss) est. time remaining.
       85% completed,  01:16:50 (hh:mm:ss) est. time remaining.
       85% completed,  01:16:46 (hh:mm:ss) est. time remaining.
       85% completed,  01:16:39 (hh:mm:ss) est. time remaining.
       85% completed,  01:16:33 (hh:mm:ss) est. time remaining.
       85% completed,  01:16:27 (hh:mm:ss) est. time remaining.
       85% completed,  01:16:23 (hh:mm:ss) est. time remaining.
       85% completed,  01:16:17 (hh:mm:ss) est. time remaining.
       85% completed,  01:16:11 (hh:mm:ss) est. time remaining.
       85% completed,  01:16:06 (hh:mm:ss) est. time remaining.
       85% completed,  01:16:00 (hh:mm:ss) est. time remaining.
       85% completed,  01:15:54 (hh:mm:ss) est. time remaining.
       85% completed,  01:15:48 (hh:mm:ss) est. time remaining.
       85% completed,  01:15:43 (hh:mm:ss) est. time remaining.
       85% completed,  01:15:36 (hh:mm:ss) est. time remaining.
       85% completed,  01:15:31 (hh:mm:ss) est. time remaining.
       85% completed,  01:15:25 (hh:mm:ss) est. time remaining.
       85% completed,  01:15:20 (hh:mm:ss) est. time remaining.
       85% completed,  01:15:16 (hh:mm:ss) est. time remaining.
       85% completed,  01:15:10 (hh:mm:ss) est. time remaining.
       85% completed,  01:15:05 (hh:mm:ss) est. time remaining.
       85% completed,  01:15:01 (hh:mm:ss) est. time remaining.
       85% completed,  01:14:54 (hh:mm:ss) est. time remaining.
       85% completed,  01:14:48 (hh:mm:ss) est. time remaining.
       85% completed,  01:14:43 (hh:mm:ss) est. time remaining.
       85% completed,  01:14:37 (hh:mm:ss) est. time remaining.
       86% completed,  01:14:31 (hh:mm:ss) est. time remaining.
       86% completed,  01:14:25 (hh:mm:ss) est. time remaining.
       86% completed,  01:14:20 (hh:mm:ss) est. time remaining.
       86% completed,  01:14:14 (hh:mm:ss) est. time remaining.
       86% completed,  01:14:08 (hh:mm:ss) est. time remaining.
       86% completed,  01:14:03 (hh:mm:ss) est. time remaining.
       86% completed,  01:13:57 (hh:mm:ss) est. time remaining.
       86% completed,  01:13:52 (hh:mm:ss) est. time remaining.
       86% completed,  01:13:49 (hh:mm:ss) est. time remaining.
       86% completed,  01:13:44 (hh:mm:ss) est. time remaining.
       86% completed,  01:13:39 (hh:mm:ss) est. time remaining.
       86% completed,  01:13:34 (hh:mm:ss) est. time remaining.
       86% completed,  01:13:28 (hh:mm:ss) est. time remaining.
       86% completed,  01:13:22 (hh:mm:ss) est. time remaining.
       86% completed,  01:13:17 (hh:mm:ss) est. time remaining.
       86% completed,  01:13:10 (hh:mm:ss) est. time remaining.
       86% completed,  01:13:06 (hh:mm:ss) est. time remaining.
       86% completed,  01:13:00 (hh:mm:ss) est. time remaining.
       86% completed,  01:12:55 (hh:mm:ss) est. time remaining.
       86% completed,  01:12:49 (hh:mm:ss) est. time remaining.
       86% completed,  01:12:43 (hh:mm:ss) est. time remaining.
       86% completed,  01:12:38 (hh:mm:ss) est. time remaining.
       86% completed,  01:12:34 (hh:mm:ss) est. time remaining.
       86% completed,  01:12:29 (hh:mm:ss) est. time remaining.
       86% completed,  01:12:24 (hh:mm:ss) est. time remaining.
       86% completed,  01:12:20 (hh:mm:ss) est. time remaining.
       86% completed,  01:12:15 (hh:mm:ss) est. time remaining.
       86% completed,  01:12:10 (hh:mm:ss) est. time remaining.
       86% completed,  01:12:05 (hh:mm:ss) est. time remaining.
       86% completed,  01:11:59 (hh:mm:ss) est. time remaining.
       86% completed,  01:11:53 (hh:mm:ss) est. time remaining.
       86% completed,  01:11:47 (hh:mm:ss) est. time remaining.
       86% completed,  01:11:41 (hh:mm:ss) est. time remaining.
       86% completed,  01:11:35 (hh:mm:ss) est. time remaining.
       86% completed,  01:11:30 (hh:mm:ss) est. time remaining.
       86% completed,  01:11:24 (hh:mm:ss) est. time remaining.
       86% completed,  01:11:19 (hh:mm:ss) est. time remaining.
       86% completed,  01:11:12 (hh:mm:ss) est. time remaining.
       86% completed,  01:11:07 (hh:mm:ss) est. time remaining.
       86% completed,  01:11:03 (hh:mm:ss) est. time remaining.
       86% completed,  01:10:58 (hh:mm:ss) est. time remaining.
       86% completed,  01:10:53 (hh:mm:ss) est. time remaining.
       86% completed,  01:10:48 (hh:mm:ss) est. time remaining.
       86% completed,  01:10:43 (hh:mm:ss) est. time remaining.
       86% completed,  01:10:37 (hh:mm:ss) est. time remaining.
       86% completed,  01:10:32 (hh:mm:ss) est. time remaining.
       86% completed,  01:10:28 (hh:mm:ss) est. time remaining.
       86% completed,  01:10:22 (hh:mm:ss) est. time remaining.
       86% completed,  01:10:17 (hh:mm:ss) est. time remaining.
       86% completed,  01:10:12 (hh:mm:ss) est. time remaining.
       86% completed,  01:10:07 (hh:mm:ss) est. time remaining.
       86% completed,  01:10:01 (hh:mm:ss) est. time remaining.
       86% completed,  01:9:56 (hh:mm:ss) est. time remaining.
       86% completed,  01:9:51 (hh:mm:ss) est. time remaining.
       86% completed,  01:9:45 (hh:mm:ss) est. time remaining.
       86% completed,  01:9:39 (hh:mm:ss) est. time remaining.
       86% completed,  01:9:34 (hh:mm:ss) est. time remaining.
       86% completed,  01:9:30 (hh:mm:ss) est. time remaining.
       86% completed,  01:9:24 (hh:mm:ss) est. time remaining.
       86% completed,  01:9:19 (hh:mm:ss) est. time remaining.
       87% completed,  01:9:15 (hh:mm:ss) est. time remaining.
       87% completed,  01:9:10 (hh:mm:ss) est. time remaining.
       87% completed,  01:9:04 (hh:mm:ss) est. time remaining.
       87% completed,  01:8:59 (hh:mm:ss) est. time remaining.
       87% completed,  01:8:54 (hh:mm:ss) est. time remaining.
       87% completed,  01:8:48 (hh:mm:ss) est. time remaining.
       87% completed,  01:8:43 (hh:mm:ss) est. time remaining.
       87% completed,  01:8:37 (hh:mm:ss) est. time remaining.
       87% completed,  01:8:33 (hh:mm:ss) est. time remaining.
       87% completed,  01:8:28 (hh:mm:ss) est. time remaining.
       87% completed,  01:8:22 (hh:mm:ss) est. time remaining.
       87% completed,  01:8:18 (hh:mm:ss) est. time remaining.
       87% completed,  01:8:12 (hh:mm:ss) est. time remaining.
       87% completed,  01:8:07 (hh:mm:ss) est. time remaining.
       87% completed,  01:8:02 (hh:mm:ss) est. time remaining.
       87% completed,  01:7:57 (hh:mm:ss) est. time remaining.
       87% completed,  01:7:53 (hh:mm:ss) est. time remaining.
       87% completed,  01:7:48 (hh:mm:ss) est. time remaining.
       87% completed,  01:7:43 (hh:mm:ss) est. time remaining.
       87% completed,  01:7:37 (hh:mm:ss) est. time remaining.
       87% completed,  01:7:31 (hh:mm:ss) est. time remaining.
       87% completed,  01:7:25 (hh:mm:ss) est. time remaining.
       87% completed,  01:7:20 (hh:mm:ss) est. time remaining.
       87% completed,  01:7:14 (hh:mm:ss) est. time remaining.
       87% completed,  01:7:08 (hh:mm:ss) est. time remaining.
       87% completed,  01:7:03 (hh:mm:ss) est. time remaining.
       87% completed,  01:6:58 (hh:mm:ss) est. time remaining.
       87% completed,  01:6:54 (hh:mm:ss) est. time remaining.
       87% completed,  01:6:49 (hh:mm:ss) est. time remaining.
       87% completed,  01:6:44 (hh:mm:ss) est. time remaining.
       87% completed,  01:6:39 (hh:mm:ss) est. time remaining.
       87% completed,  01:6:34 (hh:mm:ss) est. time remaining.
       87% completed,  01:6:30 (hh:mm:ss) est. time remaining.
       87% completed,  01:6:26 (hh:mm:ss) est. time remaining.
       87% completed,  01:6:20 (hh:mm:ss) est. time remaining.
       87% completed,  01:6:16 (hh:mm:ss) est. time remaining.
       87% completed,  01:6:10 (hh:mm:ss) est. time remaining.
       87% completed,  01:6:04 (hh:mm:ss) est. time remaining.
       87% completed,  01:5:59 (hh:mm:ss) est. time remaining.
       87% completed,  01:5:53 (hh:mm:ss) est. time remaining.
       87% completed,  01:5:47 (hh:mm:ss) est. time remaining.
       87% completed,  01:5:42 (hh:mm:ss) est. time remaining.
       87% completed,  01:5:36 (hh:mm:ss) est. time remaining.
       87% completed,  01:5:30 (hh:mm:ss) est. time remaining.
       87% completed,  01:5:26 (hh:mm:ss) est. time remaining.
       87% completed,  01:5:23 (hh:mm:ss) est. time remaining.
       87% completed,  01:5:18 (hh:mm:ss) est. time remaining.
       87% completed,  01:5:13 (hh:mm:ss) est. time remaining.
       87% completed,  01:5:08 (hh:mm:ss) est. time remaining.
       87% completed,  01:5:03 (hh:mm:ss) est. time remaining.
       87% completed,  01:4:59 (hh:mm:ss) est. time remaining.
       87% completed,  01:4:54 (hh:mm:ss) est. time remaining.
       87% completed,  01:4:49 (hh:mm:ss) est. time remaining.
       87% completed,  01:4:45 (hh:mm:ss) est. time remaining.
       87% completed,  01:4:39 (hh:mm:ss) est. time remaining.
       87% completed,  01:4:33 (hh:mm:ss) est. time remaining.
       87% completed,  01:4:28 (hh:mm:ss) est. time remaining.
       87% completed,  01:4:23 (hh:mm:ss) est. time remaining.
       87% completed,  01:4:17 (hh:mm:ss) est. time remaining.
       87% completed,  01:4:13 (hh:mm:ss) est. time remaining.
       87% completed,  01:4:07 (hh:mm:ss) est. time remaining.
       87% completed,  01:4:02 (hh:mm:ss) est. time remaining.
       87% completed,  01:3:56 (hh:mm:ss) est. time remaining.
       88% completed,  01:3:55 (hh:mm:ss) est. time remaining.
       88% completed,  01:3:49 (hh:mm:ss) est. time remaining.
       88% completed,  01:3:44 (hh:mm:ss) est. time remaining.
       88% completed,  01:3:39 (hh:mm:ss) est. time remaining.
       88% completed,  01:3:35 (hh:mm:ss) est. time remaining.
       88% completed,  01:3:29 (hh:mm:ss) est. time remaining.
       88% completed,  01:3:24 (hh:mm:ss) est. time remaining.
       88% completed,  01:3:18 (hh:mm:ss) est. time remaining.
       88% completed,  01:3:14 (hh:mm:ss) est. time remaining.
       88% completed,  01:3:08 (hh:mm:ss) est. time remaining.
       88% completed,  01:3:03 (hh:mm:ss) est. time remaining.
       88% completed,  01:2:57 (hh:mm:ss) est. time remaining.
       88% completed,  01:2:54 (hh:mm:ss) est. time remaining.
       88% completed,  01:2:48 (hh:mm:ss) est. time remaining.
       88% completed,  01:2:43 (hh:mm:ss) est. time remaining.
       88% completed,  01:2:38 (hh:mm:ss) est. time remaining.
       88% completed,  01:2:33 (hh:mm:ss) est. time remaining.
       88% completed,  01:2:28 (hh:mm:ss) est. time remaining.
       88% completed,  01:2:25 (hh:mm:ss) est. time remaining.
       88% completed,  01:2:20 (hh:mm:ss) est. time remaining.
       88% completed,  01:2:15 (hh:mm:ss) est. time remaining.
       88% completed,  01:2:10 (hh:mm:ss) est. time remaining.
       88% completed,  01:2:04 (hh:mm:ss) est. time remaining.
       88% completed,  01:2:00 (hh:mm:ss) est. time remaining.
       88% completed,  01:1:55 (hh:mm:ss) est. time remaining.
       88% completed,  01:1:49 (hh:mm:ss) est. time remaining.
       88% completed,  01:1:44 (hh:mm:ss) est. time remaining.
       88% completed,  01:1:39 (hh:mm:ss) est. time remaining.
       88% completed,  01:1:34 (hh:mm:ss) est. time remaining.
       88% completed,  01:1:30 (hh:mm:ss) est. time remaining.
       88% completed,  01:1:25 (hh:mm:ss) est. time remaining.
       88% completed,  01:1:20 (hh:mm:ss) est. time remaining.
       88% completed,  01:1:15 (hh:mm:ss) est. time remaining.
       88% completed,  01:1:11 (hh:mm:ss) est. time remaining.
       88% completed,  01:1:06 (hh:mm:ss) est. time remaining.
       88% completed,  01:1:01 (hh:mm:ss) est. time remaining.
       88% completed,  01:0:55 (hh:mm:ss) est. time remaining.
       88% completed,  01:0:50 (hh:mm:ss) est. time remaining.
       88% completed,  01:0:45 (hh:mm:ss) est. time remaining.
       88% completed,  01:0:40 (hh:mm:ss) est. time remaining.
       88% completed,  01:0:35 (hh:mm:ss) est. time remaining.
       88% completed,  01:0:32 (hh:mm:ss) est. time remaining.
       88% completed,  01:0:27 (hh:mm:ss) est. time remaining.
       88% completed,  01:0:22 (hh:mm:ss) est. time remaining.
       88% completed,  01:0:17 (hh:mm:ss) est. time remaining.
       88% completed,  01:0:12 (hh:mm:ss) est. time remaining.
       88% completed,  01:0:07 (hh:mm:ss) est. time remaining.
       88% completed,  01:0:02 (hh:mm:ss) est. time remaining.
       88% completed,  00:59:57 (hh:mm:ss) est. time remaining.
       88% completed,  00:59:53 (hh:mm:ss) est. time remaining.
       88% completed,  00:59:47 (hh:mm:ss) est. time remaining.
       88% completed,  00:59:43 (hh:mm:ss) est. time remaining.
       88% completed,  00:59:38 (hh:mm:ss) est. time remaining.
       88% completed,  00:59:33 (hh:mm:ss) est. time remaining.
       88% completed,  00:59:27 (hh:mm:ss) est. time remaining.
       88% completed,  00:59:23 (hh:mm:ss) est. time remaining.
       88% completed,  00:59:18 (hh:mm:ss) est. time remaining.
       88% completed,  00:59:15 (hh:mm:ss) est. time remaining.
       88% completed,  00:59:10 (hh:mm:ss) est. time remaining.
       88% completed,  00:59:05 (hh:mm:ss) est. time remaining.
       88% completed,  00:58:59 (hh:mm:ss) est. time remaining.
       88% completed,  00:58:55 (hh:mm:ss) est. time remaining.
       88% completed,  00:58:50 (hh:mm:ss) est. time remaining.
       88% completed,  00:58:45 (hh:mm:ss) est. time remaining.
       88% completed,  00:58:41 (hh:mm:ss) est. time remaining.
       89% completed,  00:58:35 (hh:mm:ss) est. time remaining.
       89% completed,  00:58:30 (hh:mm:ss) est. time remaining.
       89% completed,  00:58:25 (hh:mm:ss) est. time remaining.
       89% completed,  00:58:20 (hh:mm:ss) est. time remaining.
       89% completed,  00:58:15 (hh:mm:ss) est. time remaining.
       89% completed,  00:58:10 (hh:mm:ss) est. time remaining.
       89% completed,  00:58:05 (hh:mm:ss) est. time remaining.
       89% completed,  00:58:03 (hh:mm:ss) est. time remaining.
       89% completed,  00:57:59 (hh:mm:ss) est. time remaining.
       89% completed,  00:57:55 (hh:mm:ss) est. time remaining.
       89% completed,  00:57:51 (hh:mm:ss) est. time remaining.
       89% completed,  00:57:45 (hh:mm:ss) est. time remaining.
       89% completed,  00:57:40 (hh:mm:ss) est. time remaining.
       89% completed,  00:57:35 (hh:mm:ss) est. time remaining.
       89% completed,  00:57:30 (hh:mm:ss) est. time remaining.
       89% completed,  00:57:24 (hh:mm:ss) est. time remaining.
       89% completed,  00:57:19 (hh:mm:ss) est. time remaining.
       89% completed,  00:57:14 (hh:mm:ss) est. time remaining.
       89% completed,  00:57:09 (hh:mm:ss) est. time remaining.
       89% completed,  00:57:04 (hh:mm:ss) est. time remaining.
       89% completed,  00:56:59 (hh:mm:ss) est. time remaining.
       89% completed,  00:56:55 (hh:mm:ss) est. time remaining.
       89% completed,  00:56:50 (hh:mm:ss) est. time remaining.
       89% completed,  00:56:46 (hh:mm:ss) est. time remaining.
       89% completed,  00:56:41 (hh:mm:ss) est. time remaining.
       89% completed,  00:56:36 (hh:mm:ss) est. time remaining.
       89% completed,  00:56:32 (hh:mm:ss) est. time remaining.
       89% completed,  00:56:27 (hh:mm:ss) est. time remaining.
       89% completed,  00:56:22 (hh:mm:ss) est. time remaining.
       89% completed,  00:56:18 (hh:mm:ss) est. time remaining.
       89% completed,  00:56:15 (hh:mm:ss) est. time remaining.
       89% completed,  00:56:10 (hh:mm:ss) est. time remaining.
       89% completed,  00:56:05 (hh:mm:ss) est. time remaining.
       89% completed,  00:56:00 (hh:mm:ss) est. time remaining.
       89% completed,  00:55:55 (hh:mm:ss) est. time remaining.
       89% completed,  00:55:50 (hh:mm:ss) est. time remaining.
       89% completed,  00:55:45 (hh:mm:ss) est. time remaining.
       89% completed,  00:55:40 (hh:mm:ss) est. time remaining.
       89% completed,  00:55:37 (hh:mm:ss) est. time remaining.
       89% completed,  00:55:32 (hh:mm:ss) est. time remaining.
       89% completed,  00:55:27 (hh:mm:ss) est. time remaining.
       89% completed,  00:55:22 (hh:mm:ss) est. time remaining.
       89% completed,  00:55:17 (hh:mm:ss) est. time remaining.
       89% completed,  00:55:12 (hh:mm:ss) est. time remaining.
       89% completed,  00:55:08 (hh:mm:ss) est. time remaining.
       89% completed,  00:55:03 (hh:mm:ss) est. time remaining.
       89% completed,  00:54:58 (hh:mm:ss) est. time remaining.
       89% completed,  00:54:52 (hh:mm:ss) est. time remaining.
       89% completed,  00:54:49 (hh:mm:ss) est. time remaining.
       89% completed,  00:54:44 (hh:mm:ss) est. time remaining.
       89% completed,  00:54:39 (hh:mm:ss) est. time remaining.
       89% completed,  00:54:35 (hh:mm:ss) est. time remaining.
       89% completed,  00:54:31 (hh:mm:ss) est. time remaining.
       89% completed,  00:54:26 (hh:mm:ss) est. time remaining.
       89% completed,  00:54:21 (hh:mm:ss) est. time remaining.
       89% completed,  00:54:16 (hh:mm:ss) est. time remaining.
       89% completed,  00:54:11 (hh:mm:ss) est. time remaining.
       89% completed,  00:54:06 (hh:mm:ss) est. time remaining.
       89% completed,  00:54:02 (hh:mm:ss) est. time remaining.
       89% completed,  00:53:57 (hh:mm:ss) est. time remaining.
       89% completed,  00:53:52 (hh:mm:ss) est. time remaining.
       89% completed,  00:53:47 (hh:mm:ss) est. time remaining.
       89% completed,  00:53:43 (hh:mm:ss) est. time remaining.
       89% completed,  00:53:40 (hh:mm:ss) est. time remaining.
       89% completed,  00:53:36 (hh:mm:ss) est. time remaining.
       89% completed,  00:53:31 (hh:mm:ss) est. time remaining.
       89% completed,  00:53:28 (hh:mm:ss) est. time remaining.
       89% completed,  00:53:23 (hh:mm:ss) est. time remaining.
       89% completed,  00:53:18 (hh:mm:ss) est. time remaining.
       90% completed,  00:53:13 (hh:mm:ss) est. time remaining.
       90% completed,  00:53:08 (hh:mm:ss) est. time remaining.
       90% completed,  00:53:03 (hh:mm:ss) est. time remaining.
       90% completed,  00:52:58 (hh:mm:ss) est. time remaining.
       90% completed,  00:52:53 (hh:mm:ss) est. time remaining.
       90% completed,  00:52:49 (hh:mm:ss) est. time remaining.
       90% completed,  00:52:44 (hh:mm:ss) est. time remaining.
       90% completed,  00:52:40 (hh:mm:ss) est. time remaining.
       90% completed,  00:52:37 (hh:mm:ss) est. time remaining.
       90% completed,  00:52:32 (hh:mm:ss) est. time remaining.
       90% completed,  00:52:27 (hh:mm:ss) est. time remaining.
       90% completed,  00:52:23 (hh:mm:ss) est. time remaining.
       90% completed,  00:52:19 (hh:mm:ss) est. time remaining.
       90% completed,  00:52:14 (hh:mm:ss) est. time remaining.
       90% completed,  00:52:10 (hh:mm:ss) est. time remaining.
       90% completed,  00:52:05 (hh:mm:ss) est. time remaining.
       90% completed,  00:52:00 (hh:mm:ss) est. time remaining.
       90% completed,  00:51:55 (hh:mm:ss) est. time remaining.
       90% completed,  00:51:50 (hh:mm:ss) est. time remaining.
       90% completed,  00:51:46 (hh:mm:ss) est. time remaining.
       90% completed,  00:51:41 (hh:mm:ss) est. time remaining.
       90% completed,  00:51:36 (hh:mm:ss) est. time remaining.
       90% completed,  00:51:32 (hh:mm:ss) est. time remaining.
       90% completed,  00:51:27 (hh:mm:ss) est. time remaining.
       90% completed,  00:51:23 (hh:mm:ss) est. time remaining.
       90% completed,  00:51:19 (hh:mm:ss) est. time remaining.
       90% completed,  00:51:14 (hh:mm:ss) est. time remaining.
       90% completed,  00:51:10 (hh:mm:ss) est. time remaining.
       90% completed,  00:51:06 (hh:mm:ss) est. time remaining.
       90% completed,  00:51:01 (hh:mm:ss) est. time remaining.
       90% completed,  00:50:56 (hh:mm:ss) est. time remaining.
       90% completed,  00:50:52 (hh:mm:ss) est. time remaining.
       90% completed,  00:50:48 (hh:mm:ss) est. time remaining.
       90% completed,  00:50:43 (hh:mm:ss) est. time remaining.
       90% completed,  00:50:38 (hh:mm:ss) est. time remaining.
       90% completed,  00:50:34 (hh:mm:ss) est. time remaining.
       90% completed,  00:50:30 (hh:mm:ss) est. time remaining.
       90% completed,  00:50:26 (hh:mm:ss) est. time remaining.
       90% completed,  00:50:22 (hh:mm:ss) est. time remaining.
       90% completed,  00:50:17 (hh:mm:ss) est. time remaining.
       90% completed,  00:50:12 (hh:mm:ss) est. time remaining.
       90% completed,  00:50:08 (hh:mm:ss) est. time remaining.
       90% completed,  00:50:03 (hh:mm:ss) est. time remaining.
       90% completed,  00:49:59 (hh:mm:ss) est. time remaining.
       90% completed,  00:49:54 (hh:mm:ss) est. time remaining.
       90% completed,  00:49:50 (hh:mm:ss) est. time remaining.
       90% completed,  00:49:45 (hh:mm:ss) est. time remaining.
       90% completed,  00:49:40 (hh:mm:ss) est. time remaining.
       90% completed,  00:49:37 (hh:mm:ss) est. time remaining.
       90% completed,  00:49:34 (hh:mm:ss) est. time remaining.
       90% completed,  00:49:29 (hh:mm:ss) est. time remaining.
       90% completed,  00:49:25 (hh:mm:ss) est. time remaining.
       90% completed,  00:49:20 (hh:mm:ss) est. time remaining.
       90% completed,  00:49:16 (hh:mm:ss) est. time remaining.
       90% completed,  00:49:11 (hh:mm:ss) est. time remaining.
       90% completed,  00:49:06 (hh:mm:ss) est. time remaining.
       90% completed,  00:49:02 (hh:mm:ss) est. time remaining.
       90% completed,  00:48:58 (hh:mm:ss) est. time remaining.
       90% completed,  00:48:53 (hh:mm:ss) est. time remaining.
       90% completed,  00:48:48 (hh:mm:ss) est. time remaining.
       90% completed,  00:48:44 (hh:mm:ss) est. time remaining.
       90% completed,  00:48:39 (hh:mm:ss) est. time remaining.
       90% completed,  00:48:35 (hh:mm:ss) est. time remaining.
       90% completed,  00:48:31 (hh:mm:ss) est. time remaining.
       90% completed,  00:48:27 (hh:mm:ss) est. time remaining.
       90% completed,  00:48:22 (hh:mm:ss) est. time remaining.
       90% completed,  00:48:18 (hh:mm:ss) est. time remaining.
       90% completed,  00:48:14 (hh:mm:ss) est. time remaining.
       90% completed,  00:48:10 (hh:mm:ss) est. time remaining.
       90% completed,  00:48:06 (hh:mm:ss) est. time remaining.
       90% completed,  00:48:01 (hh:mm:ss) est. time remaining.
       90% completed,  00:47:56 (hh:mm:ss) est. time remaining.
       91% completed,  00:47:52 (hh:mm:ss) est. time remaining.
       91% completed,  00:47:47 (hh:mm:ss) est. time remaining.
       91% completed,  00:47:43 (hh:mm:ss) est. time remaining.
       91% completed,  00:47:38 (hh:mm:ss) est. time remaining.
       91% completed,  00:47:34 (hh:mm:ss) est. time remaining.
       91% completed,  00:47:30 (hh:mm:ss) est. time remaining.
       91% completed,  00:47:25 (hh:mm:ss) est. time remaining.
       91% completed,  00:47:22 (hh:mm:ss) est. time remaining.
       91% completed,  00:47:17 (hh:mm:ss) est. time remaining.
       91% completed,  00:47:13 (hh:mm:ss) est. time remaining.
       91% completed,  00:47:08 (hh:mm:ss) est. time remaining.
       91% completed,  00:47:04 (hh:mm:ss) est. time remaining.
       91% completed,  00:46:59 (hh:mm:ss) est. time remaining.
       91% completed,  00:46:55 (hh:mm:ss) est. time remaining.
       91% completed,  00:46:51 (hh:mm:ss) est. time remaining.
       91% completed,  00:46:47 (hh:mm:ss) est. time remaining.
       91% completed,  00:46:43 (hh:mm:ss) est. time remaining.
       91% completed,  00:46:38 (hh:mm:ss) est. time remaining.
       91% completed,  00:46:34 (hh:mm:ss) est. time remaining.
       91% completed,  00:46:29 (hh:mm:ss) est. time remaining.
       91% completed,  00:46:25 (hh:mm:ss) est. time remaining.
       91% completed,  00:46:20 (hh:mm:ss) est. time remaining.
       91% completed,  00:46:17 (hh:mm:ss) est. time remaining.
       91% completed,  00:46:12 (hh:mm:ss) est. time remaining.
       91% completed,  00:46:08 (hh:mm:ss) est. time remaining.
       91% completed,  00:46:03 (hh:mm:ss) est. time remaining.
       91% completed,  00:46:00 (hh:mm:ss) est. time remaining.
       91% completed,  00:45:55 (hh:mm:ss) est. time remaining.
       91% completed,  00:45:52 (hh:mm:ss) est. time remaining.
       91% completed,  00:45:48 (hh:mm:ss) est. time remaining.
       91% completed,  00:45:43 (hh:mm:ss) est. time remaining.
       91% completed,  00:45:39 (hh:mm:ss) est. time remaining.
       91% completed,  00:45:34 (hh:mm:ss) est. time remaining.
       91% completed,  00:45:30 (hh:mm:ss) est. time remaining.
       91% completed,  00:45:26 (hh:mm:ss) est. time remaining.
       91% completed,  00:45:21 (hh:mm:ss) est. time remaining.
       91% completed,  00:45:17 (hh:mm:ss) est. time remaining.
       91% completed,  00:45:12 (hh:mm:ss) est. time remaining.
       91% completed,  00:45:08 (hh:mm:ss) est. time remaining.
       91% completed,  00:45:03 (hh:mm:ss) est. time remaining.
       91% completed,  00:45:00 (hh:mm:ss) est. time remaining.
       91% completed,  00:44:56 (hh:mm:ss) est. time remaining.
       91% completed,  00:44:51 (hh:mm:ss) est. time remaining.
       91% completed,  00:44:48 (hh:mm:ss) est. time remaining.
       91% completed,  00:44:44 (hh:mm:ss) est. time remaining.
       91% completed,  00:44:40 (hh:mm:ss) est. time remaining.
       91% completed,  00:44:36 (hh:mm:ss) est. time remaining.
       91% completed,  00:44:32 (hh:mm:ss) est. time remaining.
       91% completed,  00:44:28 (hh:mm:ss) est. time remaining.
       91% completed,  00:44:23 (hh:mm:ss) est. time remaining.
       91% completed,  00:44:19 (hh:mm:ss) est. time remaining.
       91% completed,  00:44:15 (hh:mm:ss) est. time remaining.
       91% completed,  00:44:10 (hh:mm:ss) est. time remaining.
       91% completed,  00:44:06 (hh:mm:ss) est. time remaining.
       91% completed,  00:44:02 (hh:mm:ss) est. time remaining.
       91% completed,  00:43:57 (hh:mm:ss) est. time remaining.
       91% completed,  00:43:53 (hh:mm:ss) est. time remaining.
       91% completed,  00:43:49 (hh:mm:ss) est. time remaining.
       91% completed,  00:43:45 (hh:mm:ss) est. time remaining.
       91% completed,  00:43:41 (hh:mm:ss) est. time remaining.
       91% completed,  00:43:37 (hh:mm:ss) est. time remaining.
       91% completed,  00:43:34 (hh:mm:ss) est. time remaining.
       91% completed,  00:43:29 (hh:mm:ss) est. time remaining.
       91% completed,  00:43:25 (hh:mm:ss) est. time remaining.
       91% completed,  00:43:21 (hh:mm:ss) est. time remaining.
       91% completed,  00:43:16 (hh:mm:ss) est. time remaining.
       91% completed,  00:43:12 (hh:mm:ss) est. time remaining.
       91% completed,  00:43:08 (hh:mm:ss) est. time remaining.
       91% completed,  00:43:04 (hh:mm:ss) est. time remaining.
       91% completed,  00:43:00 (hh:mm:ss) est. time remaining.
       91% completed,  00:42:56 (hh:mm:ss) est. time remaining.
       91% completed,  00:42:51 (hh:mm:ss) est. time remaining.
       91% completed,  00:42:47 (hh:mm:ss) est. time remaining.
       91% completed,  00:42:44 (hh:mm:ss) est. time remaining.
       91% completed,  00:42:39 (hh:mm:ss) est. time remaining.
       91% completed,  00:42:35 (hh:mm:ss) est. time remaining.
       92% completed,  00:42:33 (hh:mm:ss) est. time remaining.
       92% completed,  00:42:28 (hh:mm:ss) est. time remaining.
       92% completed,  00:42:24 (hh:mm:ss) est. time remaining.
       92% completed,  00:42:19 (hh:mm:ss) est. time remaining.
       92% completed,  00:42:15 (hh:mm:ss) est. time remaining.
       92% completed,  00:42:11 (hh:mm:ss) est. time remaining.
       92% completed,  00:42:07 (hh:mm:ss) est. time remaining.
       92% completed,  00:42:03 (hh:mm:ss) est. time remaining.
       92% completed,  00:41:59 (hh:mm:ss) est. time remaining.
       92% completed,  00:41:55 (hh:mm:ss) est. time remaining.
       92% completed,  00:41:51 (hh:mm:ss) est. time remaining.
       92% completed,  00:41:47 (hh:mm:ss) est. time remaining.
       92% completed,  00:41:43 (hh:mm:ss) est. time remaining.
       92% completed,  00:41:39 (hh:mm:ss) est. time remaining.
       92% completed,  00:41:35 (hh:mm:ss) est. time remaining.
       92% completed,  00:41:31 (hh:mm:ss) est. time remaining.
       92% completed,  00:41:27 (hh:mm:ss) est. time remaining.
       92% completed,  00:41:23 (hh:mm:ss) est. time remaining.
       92% completed,  00:41:19 (hh:mm:ss) est. time remaining.
       92% completed,  00:41:14 (hh:mm:ss) est. time remaining.
       92% completed,  00:41:10 (hh:mm:ss) est. time remaining.
       92% completed,  00:41:06 (hh:mm:ss) est. time remaining.
       92% completed,  00:41:02 (hh:mm:ss) est. time remaining.
       92% completed,  00:40:59 (hh:mm:ss) est. time remaining.
       92% completed,  00:40:55 (hh:mm:ss) est. time remaining.
       92% completed,  00:40:50 (hh:mm:ss) est. time remaining.
       92% completed,  00:40:47 (hh:mm:ss) est. time remaining.
       92% completed,  00:40:43 (hh:mm:ss) est. time remaining.
       92% completed,  00:40:39 (hh:mm:ss) est. time remaining.
       92% completed,  00:40:35 (hh:mm:ss) est. time remaining.
       92% completed,  00:40:31 (hh:mm:ss) est. time remaining.
       92% completed,  00:40:27 (hh:mm:ss) est. time remaining.
       92% completed,  00:40:23 (hh:mm:ss) est. time remaining.
       92% completed,  00:40:19 (hh:mm:ss) est. time remaining.
       92% completed,  00:40:14 (hh:mm:ss) est. time remaining.
       92% completed,  00:40:10 (hh:mm:ss) est. time remaining.
       92% completed,  00:40:06 (hh:mm:ss) est. time remaining.
       92% completed,  00:40:02 (hh:mm:ss) est. time remaining.
       92% completed,  00:39:58 (hh:mm:ss) est. time remaining.
       92% completed,  00:39:55 (hh:mm:ss) est. time remaining.
       92% completed,  00:39:51 (hh:mm:ss) est. time remaining.
       92% completed,  00:39:47 (hh:mm:ss) est. time remaining.
       92% completed,  00:39:43 (hh:mm:ss) est. time remaining.
       92% completed,  00:39:40 (hh:mm:ss) est. time remaining.
       92% completed,  00:39:36 (hh:mm:ss) est. time remaining.
       92% completed,  00:39:32 (hh:mm:ss) est. time remaining.
       92% completed,  00:39:27 (hh:mm:ss) est. time remaining.
       92% completed,  00:39:23 (hh:mm:ss) est. time remaining.
       92% completed,  00:39:19 (hh:mm:ss) est. time remaining.
       92% completed,  00:39:15 (hh:mm:ss) est. time remaining.
       92% completed,  00:39:11 (hh:mm:ss) est. time remaining.
       92% completed,  00:39:08 (hh:mm:ss) est. time remaining.
       92% completed,  00:39:04 (hh:mm:ss) est. time remaining.
       92% completed,  00:39:00 (hh:mm:ss) est. time remaining.
       92% completed,  00:38:56 (hh:mm:ss) est. time remaining.
       92% completed,  00:38:52 (hh:mm:ss) est. time remaining.
       92% completed,  00:38:49 (hh:mm:ss) est. time remaining.
       92% completed,  00:38:45 (hh:mm:ss) est. time remaining.
       92% completed,  00:38:41 (hh:mm:ss) est. time remaining.
       92% completed,  00:38:37 (hh:mm:ss) est. time remaining.
       92% completed,  00:38:33 (hh:mm:ss) est. time remaining.
       92% completed,  00:38:29 (hh:mm:ss) est. time remaining.
       92% completed,  00:38:26 (hh:mm:ss) est. time remaining.
       92% completed,  00:38:22 (hh:mm:ss) est. time remaining.
       92% completed,  00:38:18 (hh:mm:ss) est. time remaining.
       92% completed,  00:38:14 (hh:mm:ss) est. time remaining.
       92% completed,  00:38:10 (hh:mm:ss) est. time remaining.
       92% completed,  00:38:06 (hh:mm:ss) est. time remaining.
       92% completed,  00:38:02 (hh:mm:ss) est. time remaining.
       92% completed,  00:37:58 (hh:mm:ss) est. time remaining.
       92% completed,  00:37:54 (hh:mm:ss) est. time remaining.
       92% completed,  00:37:50 (hh:mm:ss) est. time remaining.
       92% completed,  00:37:46 (hh:mm:ss) est. time remaining.
       92% completed,  00:37:42 (hh:mm:ss) est. time remaining.
       92% completed,  00:37:39 (hh:mm:ss) est. time remaining.
       92% completed,  00:37:35 (hh:mm:ss) est. time remaining.
       92% completed,  00:37:32 (hh:mm:ss) est. time remaining.
       92% completed,  00:37:28 (hh:mm:ss) est. time remaining.
       92% completed,  00:37:25 (hh:mm:ss) est. time remaining.
       92% completed,  00:37:21 (hh:mm:ss) est. time remaining.
       92% completed,  00:37:17 (hh:mm:ss) est. time remaining.
       93% completed,  00:37:13 (hh:mm:ss) est. time remaining.
       93% completed,  00:37:09 (hh:mm:ss) est. time remaining.
       93% completed,  00:37:05 (hh:mm:ss) est. time remaining.
       93% completed,  00:37:01 (hh:mm:ss) est. time remaining.
       93% completed,  00:36:57 (hh:mm:ss) est. time remaining.
       93% completed,  00:36:53 (hh:mm:ss) est. time remaining.
       93% completed,  00:36:49 (hh:mm:ss) est. time remaining.
       93% completed,  00:36:45 (hh:mm:ss) est. time remaining.
       93% completed,  00:36:42 (hh:mm:ss) est. time remaining.
       93% completed,  00:36:38 (hh:mm:ss) est. time remaining.
       93% completed,  00:36:34 (hh:mm:ss) est. time remaining.
       93% completed,  00:36:31 (hh:mm:ss) est. time remaining.
       93% completed,  00:36:27 (hh:mm:ss) est. time remaining.
       93% completed,  00:36:24 (hh:mm:ss) est. time remaining.
       93% completed,  00:36:20 (hh:mm:ss) est. time remaining.
       93% completed,  00:36:16 (hh:mm:ss) est. time remaining.
       93% completed,  00:36:13 (hh:mm:ss) est. time remaining.
       93% completed,  00:36:09 (hh:mm:ss) est. time remaining.
       93% completed,  00:36:05 (hh:mm:ss) est. time remaining.
       93% completed,  00:36:01 (hh:mm:ss) est. time remaining.
       93% completed,  00:35:57 (hh:mm:ss) est. time remaining.
       93% completed,  00:35:53 (hh:mm:ss) est. time remaining.
       93% completed,  00:35:49 (hh:mm:ss) est. time remaining.
       93% completed,  00:35:46 (hh:mm:ss) est. time remaining.
       93% completed,  00:35:42 (hh:mm:ss) est. time remaining.
       93% completed,  00:35:38 (hh:mm:ss) est. time remaining.
       93% completed,  00:35:34 (hh:mm:ss) est. time remaining.
       93% completed,  00:35:31 (hh:mm:ss) est. time remaining.
       93% completed,  00:35:28 (hh:mm:ss) est. time remaining.
       93% completed,  00:35:24 (hh:mm:ss) est. time remaining.
       93% completed,  00:35:20 (hh:mm:ss) est. time remaining.
       93% completed,  00:35:16 (hh:mm:ss) est. time remaining.
       93% completed,  00:35:12 (hh:mm:ss) est. time remaining.
       93% completed,  00:35:09 (hh:mm:ss) est. time remaining.
       93% completed,  00:35:05 (hh:mm:ss) est. time remaining.
       93% completed,  00:35:01 (hh:mm:ss) est. time remaining.
       93% completed,  00:34:57 (hh:mm:ss) est. time remaining.
       93% completed,  00:34:53 (hh:mm:ss) est. time remaining.
       93% completed,  00:34:49 (hh:mm:ss) est. time remaining.
       93% completed,  00:34:46 (hh:mm:ss) est. time remaining.
       93% completed,  00:34:43 (hh:mm:ss) est. time remaining.
       93% completed,  00:34:39 (hh:mm:ss) est. time remaining.
       93% completed,  00:34:36 (hh:mm:ss) est. time remaining.
       93% completed,  00:34:32 (hh:mm:ss) est. time remaining.
       93% completed,  00:34:28 (hh:mm:ss) est. time remaining.
       93% completed,  00:34:24 (hh:mm:ss) est. time remaining.
       93% completed,  00:34:21 (hh:mm:ss) est. time remaining.
       93% completed,  00:34:17 (hh:mm:ss) est. time remaining.
       93% completed,  00:34:14 (hh:mm:ss) est. time remaining.
       93% completed,  00:34:10 (hh:mm:ss) est. time remaining.
       93% completed,  00:34:06 (hh:mm:ss) est. time remaining.
       93% completed,  00:34:03 (hh:mm:ss) est. time remaining.
       93% completed,  00:33:59 (hh:mm:ss) est. time remaining.
       93% completed,  00:33:55 (hh:mm:ss) est. time remaining.
       93% completed,  00:33:51 (hh:mm:ss) est. time remaining.
       93% completed,  00:33:47 (hh:mm:ss) est. time remaining.
       93% completed,  00:33:44 (hh:mm:ss) est. time remaining.
       93% completed,  00:33:40 (hh:mm:ss) est. time remaining.
       93% completed,  00:33:36 (hh:mm:ss) est. time remaining.
       93% completed,  00:33:33 (hh:mm:ss) est. time remaining.
       93% completed,  00:33:30 (hh:mm:ss) est. time remaining.
       93% completed,  00:33:26 (hh:mm:ss) est. time remaining.
       93% completed,  00:33:23 (hh:mm:ss) est. time remaining.
       93% completed,  00:33:19 (hh:mm:ss) est. time remaining.
       93% completed,  00:33:16 (hh:mm:ss) est. time remaining.
       93% completed,  00:33:12 (hh:mm:ss) est. time remaining.
       93% completed,  00:33:08 (hh:mm:ss) est. time remaining.
       93% completed,  00:33:05 (hh:mm:ss) est. time remaining.
       93% completed,  00:33:02 (hh:mm:ss) est. time remaining.
       93% completed,  00:32:58 (hh:mm:ss) est. time remaining.
       93% completed,  00:32:54 (hh:mm:ss) est. time remaining.
       93% completed,  00:32:50 (hh:mm:ss) est. time remaining.
       93% completed,  00:32:47 (hh:mm:ss) est. time remaining.
       93% completed,  00:32:43 (hh:mm:ss) est. time remaining.
       93% completed,  00:32:39 (hh:mm:ss) est. time remaining.
       93% completed,  00:32:36 (hh:mm:ss) est. time remaining.
       93% completed,  00:32:32 (hh:mm:ss) est. time remaining.
       93% completed,  00:32:29 (hh:mm:ss) est. time remaining.
       93% completed,  00:32:26 (hh:mm:ss) est. time remaining.
       93% completed,  00:32:22 (hh:mm:ss) est. time remaining.
       93% completed,  00:32:18 (hh:mm:ss) est. time remaining.
       93% completed,  00:32:15 (hh:mm:ss) est. time remaining.
       93% completed,  00:32:11 (hh:mm:ss) est. time remaining.
       93% completed,  00:32:08 (hh:mm:ss) est. time remaining.
       93% completed,  00:32:04 (hh:mm:ss) est. time remaining.
       93% completed,  00:32:00 (hh:mm:ss) est. time remaining.
       93% completed,  00:31:57 (hh:mm:ss) est. time remaining.
       94% completed,  00:31:53 (hh:mm:ss) est. time remaining.
       94% completed,  00:31:50 (hh:mm:ss) est. time remaining.
       94% completed,  00:31:47 (hh:mm:ss) est. time remaining.
       94% completed,  00:31:43 (hh:mm:ss) est. time remaining.
       94% completed,  00:31:40 (hh:mm:ss) est. time remaining.
       94% completed,  00:31:36 (hh:mm:ss) est. time remaining.
       94% completed,  00:31:33 (hh:mm:ss) est. time remaining.
       94% completed,  00:31:29 (hh:mm:ss) est. time remaining.
       94% completed,  00:31:26 (hh:mm:ss) est. time remaining.
       94% completed,  00:31:22 (hh:mm:ss) est. time remaining.
       94% completed,  00:31:18 (hh:mm:ss) est. time remaining.
       94% completed,  00:31:15 (hh:mm:ss) est. time remaining.
       94% completed,  00:31:11 (hh:mm:ss) est. time remaining.
       94% completed,  00:31:08 (hh:mm:ss) est. time remaining.
       94% completed,  00:31:04 (hh:mm:ss) est. time remaining.
       94% completed,  00:31:00 (hh:mm:ss) est. time remaining.
       94% completed,  00:30:57 (hh:mm:ss) est. time remaining.
       94% completed,  00:30:54 (hh:mm:ss) est. time remaining.
       94% completed,  00:30:50 (hh:mm:ss) est. time remaining.
       94% completed,  00:30:47 (hh:mm:ss) est. time remaining.
       94% completed,  00:30:44 (hh:mm:ss) est. time remaining.
       94% completed,  00:30:40 (hh:mm:ss) est. time remaining.
       94% completed,  00:30:37 (hh:mm:ss) est. time remaining.
       94% completed,  00:30:33 (hh:mm:ss) est. time remaining.
       94% completed,  00:30:30 (hh:mm:ss) est. time remaining.
       94% completed,  00:30:26 (hh:mm:ss) est. time remaining.
       94% completed,  00:30:23 (hh:mm:ss) est. time remaining.
       94% completed,  00:30:19 (hh:mm:ss) est. time remaining.
       94% completed,  00:30:15 (hh:mm:ss) est. time remaining.
       94% completed,  00:30:13 (hh:mm:ss) est. time remaining.
       94% completed,  00:30:09 (hh:mm:ss) est. time remaining.
       94% completed,  00:30:06 (hh:mm:ss) est. time remaining.
       94% completed,  00:30:02 (hh:mm:ss) est. time remaining.
       94% completed,  00:29:58 (hh:mm:ss) est. time remaining.
       94% completed,  00:29:55 (hh:mm:ss) est. time remaining.
       94% completed,  00:29:51 (hh:mm:ss) est. time remaining.
       94% completed,  00:29:48 (hh:mm:ss) est. time remaining.
       94% completed,  00:29:45 (hh:mm:ss) est. time remaining.
       94% completed,  00:29:41 (hh:mm:ss) est. time remaining.
       94% completed,  00:29:38 (hh:mm:ss) est. time remaining.
       94% completed,  00:29:35 (hh:mm:ss) est. time remaining.
       94% completed,  00:29:31 (hh:mm:ss) est. time remaining.
       94% completed,  00:29:28 (hh:mm:ss) est. time remaining.
       94% completed,  00:29:24 (hh:mm:ss) est. time remaining.
       94% completed,  00:29:21 (hh:mm:ss) est. time remaining.
       94% completed,  00:29:17 (hh:mm:ss) est. time remaining.
       94% completed,  00:29:14 (hh:mm:ss) est. time remaining.
       94% completed,  00:29:11 (hh:mm:ss) est. time remaining.
       94% completed,  00:29:07 (hh:mm:ss) est. time remaining.
       94% completed,  00:29:04 (hh:mm:ss) est. time remaining.
       94% completed,  00:29:00 (hh:mm:ss) est. time remaining.
       94% completed,  00:28:57 (hh:mm:ss) est. time remaining.
       94% completed,  00:28:54 (hh:mm:ss) est. time remaining.
       94% completed,  00:28:51 (hh:mm:ss) est. time remaining.
       94% completed,  00:28:47 (hh:mm:ss) est. time remaining.
       94% completed,  00:28:44 (hh:mm:ss) est. time remaining.
       94% completed,  00:28:41 (hh:mm:ss) est. time remaining.
       94% completed,  00:28:38 (hh:mm:ss) est. time remaining.
       94% completed,  00:28:34 (hh:mm:ss) est. time remaining.
       94% completed,  00:28:31 (hh:mm:ss) est. time remaining.
       94% completed,  00:28:28 (hh:mm:ss) est. time remaining.
       94% completed,  00:28:24 (hh:mm:ss) est. time remaining.
       94% completed,  00:28:21 (hh:mm:ss) est. time remaining.
       94% completed,  00:28:17 (hh:mm:ss) est. time remaining.
       94% completed,  00:28:14 (hh:mm:ss) est. time remaining.
       94% completed,  00:28:11 (hh:mm:ss) est. time remaining.
       94% completed,  00:28:07 (hh:mm:ss) est. time remaining.
       94% completed,  00:28:04 (hh:mm:ss) est. time remaining.
       94% completed,  00:28:00 (hh:mm:ss) est. time remaining.
       94% completed,  00:27:57 (hh:mm:ss) est. time remaining.
       94% completed,  00:27:54 (hh:mm:ss) est. time remaining.
       94% completed,  00:27:51 (hh:mm:ss) est. time remaining.
       94% completed,  00:27:48 (hh:mm:ss) est. time remaining.
       94% completed,  00:27:45 (hh:mm:ss) est. time remaining.
       94% completed,  00:27:41 (hh:mm:ss) est. time remaining.
       94% completed,  00:27:38 (hh:mm:ss) est. time remaining.
       94% completed,  00:27:35 (hh:mm:ss) est. time remaining.
       94% completed,  00:27:31 (hh:mm:ss) est. time remaining.
       94% completed,  00:27:28 (hh:mm:ss) est. time remaining.
       94% completed,  00:27:25 (hh:mm:ss) est. time remaining.
       94% completed,  00:27:21 (hh:mm:ss) est. time remaining.
       94% completed,  00:27:18 (hh:mm:ss) est. time remaining.
       94% completed,  00:27:14 (hh:mm:ss) est. time remaining.
       94% completed,  00:27:11 (hh:mm:ss) est. time remaining.
       94% completed,  00:27:08 (hh:mm:ss) est. time remaining.
       94% completed,  00:27:05 (hh:mm:ss) est. time remaining.
       94% completed,  00:27:02 (hh:mm:ss) est. time remaining.
       94% completed,  00:26:59 (hh:mm:ss) est. time remaining.
       94% completed,  00:26:56 (hh:mm:ss) est. time remaining.
       94% completed,  00:26:52 (hh:mm:ss) est. time remaining.
       94% completed,  00:26:49 (hh:mm:ss) est. time remaining.
       94% completed,  00:26:46 (hh:mm:ss) est. time remaining.
       94% completed,  00:26:43 (hh:mm:ss) est. time remaining.
       94% completed,  00:26:39 (hh:mm:ss) est. time remaining.
       94% completed,  00:26:36 (hh:mm:ss) est. time remaining.
       95% completed,  00:26:33 (hh:mm:ss) est. time remaining.
       95% completed,  00:26:30 (hh:mm:ss) est. time remaining.
       95% completed,  00:26:26 (hh:mm:ss) est. time remaining.
       95% completed,  00:26:23 (hh:mm:ss) est. time remaining.
       95% completed,  00:26:20 (hh:mm:ss) est. time remaining.
       95% completed,  00:26:16 (hh:mm:ss) est. time remaining.
       95% completed,  00:26:13 (hh:mm:ss) est. time remaining.
       95% completed,  00:26:10 (hh:mm:ss) est. time remaining.
       95% completed,  00:26:07 (hh:mm:ss) est. time remaining.
       95% completed,  00:26:04 (hh:mm:ss) est. time remaining.
       95% completed,  00:26:01 (hh:mm:ss) est. time remaining.
       95% completed,  00:25:58 (hh:mm:ss) est. time remaining.
       95% completed,  00:25:54 (hh:mm:ss) est. time remaining.
       95% completed,  00:25:51 (hh:mm:ss) est. time remaining.
       95% completed,  00:25:48 (hh:mm:ss) est. time remaining.
       95% completed,  00:25:44 (hh:mm:ss) est. time remaining.
       95% completed,  00:25:41 (hh:mm:ss) est. time remaining.
       95% completed,  00:25:38 (hh:mm:ss) est. time remaining.
       95% completed,  00:25:35 (hh:mm:ss) est. time remaining.
       95% completed,  00:25:32 (hh:mm:ss) est. time remaining.
       95% completed,  00:25:29 (hh:mm:ss) est. time remaining.
       95% completed,  00:25:26 (hh:mm:ss) est. time remaining.
       95% completed,  00:25:23 (hh:mm:ss) est. time remaining.
       95% completed,  00:25:20 (hh:mm:ss) est. time remaining.
       95% completed,  00:25:17 (hh:mm:ss) est. time remaining.
       95% completed,  00:25:13 (hh:mm:ss) est. time remaining.
       95% completed,  00:25:10 (hh:mm:ss) est. time remaining.
       95% completed,  00:25:07 (hh:mm:ss) est. time remaining.
       95% completed,  00:25:04 (hh:mm:ss) est. time remaining.
       95% completed,  00:25:01 (hh:mm:ss) est. time remaining.
       95% completed,  00:24:58 (hh:mm:ss) est. time remaining.
       95% completed,  00:24:54 (hh:mm:ss) est. time remaining.
       95% completed,  00:24:51 (hh:mm:ss) est. time remaining.
       95% completed,  00:24:48 (hh:mm:ss) est. time remaining.
       95% completed,  00:24:45 (hh:mm:ss) est. time remaining.
       95% completed,  00:24:42 (hh:mm:ss) est. time remaining.
       95% completed,  00:24:39 (hh:mm:ss) est. time remaining.
       95% completed,  00:24:36 (hh:mm:ss) est. time remaining.
       95% completed,  00:24:33 (hh:mm:ss) est. time remaining.
       95% completed,  00:24:30 (hh:mm:ss) est. time remaining.
       95% completed,  00:24:27 (hh:mm:ss) est. time remaining.
       95% completed,  00:24:23 (hh:mm:ss) est. time remaining.
       95% completed,  00:24:20 (hh:mm:ss) est. time remaining.
       95% completed,  00:24:17 (hh:mm:ss) est. time remaining.
       95% completed,  00:24:14 (hh:mm:ss) est. time remaining.
       95% completed,  00:24:11 (hh:mm:ss) est. time remaining.
       95% completed,  00:24:08 (hh:mm:ss) est. time remaining.
       95% completed,  00:24:05 (hh:mm:ss) est. time remaining.
       95% completed,  00:24:02 (hh:mm:ss) est. time remaining.
       95% completed,  00:23:59 (hh:mm:ss) est. time remaining.
       95% completed,  00:23:56 (hh:mm:ss) est. time remaining.
       95% completed,  00:23:53 (hh:mm:ss) est. time remaining.
       95% completed,  00:23:50 (hh:mm:ss) est. time remaining.
       95% completed,  00:23:47 (hh:mm:ss) est. time remaining.
       95% completed,  00:23:44 (hh:mm:ss) est. time remaining.
       95% completed,  00:23:41 (hh:mm:ss) est. time remaining.
       95% completed,  00:23:37 (hh:mm:ss) est. time remaining.
       95% completed,  00:23:35 (hh:mm:ss) est. time remaining.
       95% completed,  00:23:32 (hh:mm:ss) est. time remaining.
       95% completed,  00:23:29 (hh:mm:ss) est. time remaining.
       95% completed,  00:23:26 (hh:mm:ss) est. time remaining.
       95% completed,  00:23:23 (hh:mm:ss) est. time remaining.
       95% completed,  00:23:20 (hh:mm:ss) est. time remaining.
       95% completed,  00:23:17 (hh:mm:ss) est. time remaining.
       95% completed,  00:23:14 (hh:mm:ss) est. time remaining.
       95% completed,  00:23:11 (hh:mm:ss) est. time remaining.
       95% completed,  00:23:08 (hh:mm:ss) est. time remaining.
       95% completed,  00:23:05 (hh:mm:ss) est. time remaining.
       95% completed,  00:23:02 (hh:mm:ss) est. time remaining.
       95% completed,  00:22:59 (hh:mm:ss) est. time remaining.
       95% completed,  00:22:55 (hh:mm:ss) est. time remaining.
       95% completed,  00:22:52 (hh:mm:ss) est. time remaining.
       95% completed,  00:22:49 (hh:mm:ss) est. time remaining.
       95% completed,  00:22:46 (hh:mm:ss) est. time remaining.
       95% completed,  00:22:43 (hh:mm:ss) est. time remaining.
       95% completed,  00:22:41 (hh:mm:ss) est. time remaining.
       95% completed,  00:22:38 (hh:mm:ss) est. time remaining.
       95% completed,  00:22:35 (hh:mm:ss) est. time remaining.
       95% completed,  00:22:32 (hh:mm:ss) est. time remaining.
       95% completed,  00:22:29 (hh:mm:ss) est. time remaining.
       95% completed,  00:22:26 (hh:mm:ss) est. time remaining.
       95% completed,  00:22:23 (hh:mm:ss) est. time remaining.
       95% completed,  00:22:20 (hh:mm:ss) est. time remaining.
       95% completed,  00:22:17 (hh:mm:ss) est. time remaining.
       95% completed,  00:22:14 (hh:mm:ss) est. time remaining.
       95% completed,  00:22:11 (hh:mm:ss) est. time remaining.
       95% completed,  00:22:08 (hh:mm:ss) est. time remaining.
       95% completed,  00:22:05 (hh:mm:ss) est. time remaining.
       95% completed,  00:22:02 (hh:mm:ss) est. time remaining.
       95% completed,  00:21:59 (hh:mm:ss) est. time remaining.
       95% completed,  00:21:56 (hh:mm:ss) est. time remaining.
       95% completed,  00:21:53 (hh:mm:ss) est. time remaining.
       95% completed,  00:21:51 (hh:mm:ss) est. time remaining.
       95% completed,  00:21:48 (hh:mm:ss) est. time remaining.
       95% completed,  00:21:45 (hh:mm:ss) est. time remaining.
       95% completed,  00:21:42 (hh:mm:ss) est. time remaining.
       95% completed,  00:21:39 (hh:mm:ss) est. time remaining.
       95% completed,  00:21:36 (hh:mm:ss) est. time remaining.
       95% completed,  00:21:33 (hh:mm:ss) est. time remaining.
       95% completed,  00:21:30 (hh:mm:ss) est. time remaining.
       95% completed,  00:21:27 (hh:mm:ss) est. time remaining.
       95% completed,  00:21:24 (hh:mm:ss) est. time remaining.
       95% completed,  00:21:21 (hh:mm:ss) est. time remaining.
       95% completed,  00:21:19 (hh:mm:ss) est. time remaining.
       95% completed,  00:21:16 (hh:mm:ss) est. time remaining.
       96% completed,  00:21:13 (hh:mm:ss) est. time remaining.
       96% completed,  00:21:10 (hh:mm:ss) est. time remaining.
       96% completed,  00:21:07 (hh:mm:ss) est. time remaining.
       96% completed,  00:21:04 (hh:mm:ss) est. time remaining.
       96% completed,  00:21:01 (hh:mm:ss) est. time remaining.
       96% completed,  00:20:59 (hh:mm:ss) est. time remaining.
       96% completed,  00:20:56 (hh:mm:ss) est. time remaining.
       96% completed,  00:20:53 (hh:mm:ss) est. time remaining.
       96% completed,  00:20:50 (hh:mm:ss) est. time remaining.
       96% completed,  00:20:47 (hh:mm:ss) est. time remaining.
       96% completed,  00:20:44 (hh:mm:ss) est. time remaining.
       96% completed,  00:20:41 (hh:mm:ss) est. time remaining.
       96% completed,  00:20:38 (hh:mm:ss) est. time remaining.
       96% completed,  00:20:36 (hh:mm:ss) est. time remaining.
       96% completed,  00:20:33 (hh:mm:ss) est. time remaining.
       96% completed,  00:20:30 (hh:mm:ss) est. time remaining.
       96% completed,  00:20:27 (hh:mm:ss) est. time remaining.
       96% completed,  00:20:25 (hh:mm:ss) est. time remaining.
       96% completed,  00:20:22 (hh:mm:ss) est. time remaining.
       96% completed,  00:20:19 (hh:mm:ss) est. time remaining.
       96% completed,  00:20:16 (hh:mm:ss) est. time remaining.
       96% completed,  00:20:13 (hh:mm:ss) est. time remaining.
       96% completed,  00:20:11 (hh:mm:ss) est. time remaining.
       96% completed,  00:20:08 (hh:mm:ss) est. time remaining.
       96% completed,  00:20:05 (hh:mm:ss) est. time remaining.
       96% completed,  00:20:02 (hh:mm:ss) est. time remaining.
       96% completed,  00:19:59 (hh:mm:ss) est. time remaining.
       96% completed,  00:19:56 (hh:mm:ss) est. time remaining.
       96% completed,  00:19:54 (hh:mm:ss) est. time remaining.
       96% completed,  00:19:51 (hh:mm:ss) est. time remaining.
       96% completed,  00:19:48 (hh:mm:ss) est. time remaining.
       96% completed,  00:19:45 (hh:mm:ss) est. time remaining.
       96% completed,  00:19:42 (hh:mm:ss) est. time remaining.
       96% completed,  00:19:40 (hh:mm:ss) est. time remaining.
       96% completed,  00:19:37 (hh:mm:ss) est. time remaining.
       96% completed,  00:19:34 (hh:mm:ss) est. time remaining.
       96% completed,  00:19:32 (hh:mm:ss) est. time remaining.
       96% completed,  00:19:29 (hh:mm:ss) est. time remaining.
       96% completed,  00:19:26 (hh:mm:ss) est. time remaining.
       96% completed,  00:19:23 (hh:mm:ss) est. time remaining.
       96% completed,  00:19:21 (hh:mm:ss) est. time remaining.
       96% completed,  00:19:18 (hh:mm:ss) est. time remaining.
       96% completed,  00:19:15 (hh:mm:ss) est. time remaining.
       96% completed,  00:19:12 (hh:mm:ss) est. time remaining.
       96% completed,  00:19:09 (hh:mm:ss) est. time remaining.
       96% completed,  00:19:07 (hh:mm:ss) est. time remaining.
       96% completed,  00:19:04 (hh:mm:ss) est. time remaining.
       96% completed,  00:19:01 (hh:mm:ss) est. time remaining.
       96% completed,  00:18:59 (hh:mm:ss) est. time remaining.
       96% completed,  00:18:56 (hh:mm:ss) est. time remaining.
       96% completed,  00:18:53 (hh:mm:ss) est. time remaining.
       96% completed,  00:18:50 (hh:mm:ss) est. time remaining.
       96% completed,  00:18:48 (hh:mm:ss) est. time remaining.
       96% completed,  00:18:45 (hh:mm:ss) est. time remaining.
       96% completed,  00:18:42 (hh:mm:ss) est. time remaining.
       96% completed,  00:18:40 (hh:mm:ss) est. time remaining.
       96% completed,  00:18:37 (hh:mm:ss) est. time remaining.
       96% completed,  00:18:35 (hh:mm:ss) est. time remaining.
       96% completed,  00:18:32 (hh:mm:ss) est. time remaining.
       96% completed,  00:18:29 (hh:mm:ss) est. time remaining.
       96% completed,  00:18:26 (hh:mm:ss) est. time remaining.
       96% completed,  00:18:24 (hh:mm:ss) est. time remaining.
       96% completed,  00:18:21 (hh:mm:ss) est. time remaining.
       96% completed,  00:18:18 (hh:mm:ss) est. time remaining.
       96% completed,  00:18:16 (hh:mm:ss) est. time remaining.
       96% completed,  00:18:13 (hh:mm:ss) est. time remaining.
       96% completed,  00:18:10 (hh:mm:ss) est. time remaining.
       96% completed,  00:18:08 (hh:mm:ss) est. time remaining.
       96% completed,  00:18:05 (hh:mm:ss) est. time remaining.
       96% completed,  00:18:02 (hh:mm:ss) est. time remaining.
       96% completed,  00:18:00 (hh:mm:ss) est. time remaining.
       96% completed,  00:17:57 (hh:mm:ss) est. time remaining.
       96% completed,  00:17:54 (hh:mm:ss) est. time remaining.
       96% completed,  00:17:52 (hh:mm:ss) est. time remaining.
       96% completed,  00:17:49 (hh:mm:ss) est. time remaining.
       96% completed,  00:17:47 (hh:mm:ss) est. time remaining.
       96% completed,  00:17:44 (hh:mm:ss) est. time remaining.
       96% completed,  00:17:41 (hh:mm:ss) est. time remaining.
       96% completed,  00:17:39 (hh:mm:ss) est. time remaining.
       96% completed,  00:17:36 (hh:mm:ss) est. time remaining.
       96% completed,  00:17:33 (hh:mm:ss) est. time remaining.
       96% completed,  00:17:31 (hh:mm:ss) est. time remaining.
       96% completed,  00:17:28 (hh:mm:ss) est. time remaining.
       96% completed,  00:17:26 (hh:mm:ss) est. time remaining.
       96% completed,  00:17:23 (hh:mm:ss) est. time remaining.
       96% completed,  00:17:20 (hh:mm:ss) est. time remaining.
       96% completed,  00:17:18 (hh:mm:ss) est. time remaining.
       96% completed,  00:17:15 (hh:mm:ss) est. time remaining.
       96% completed,  00:17:13 (hh:mm:ss) est. time remaining.
       96% completed,  00:17:10 (hh:mm:ss) est. time remaining.
       96% completed,  00:17:08 (hh:mm:ss) est. time remaining.
       96% completed,  00:17:05 (hh:mm:ss) est. time remaining.
       96% completed,  00:17:03 (hh:mm:ss) est. time remaining.
       96% completed,  00:17:00 (hh:mm:ss) est. time remaining.
       96% completed,  00:16:57 (hh:mm:ss) est. time remaining.
       96% completed,  00:16:55 (hh:mm:ss) est. time remaining.
       96% completed,  00:16:52 (hh:mm:ss) est. time remaining.
       96% completed,  00:16:49 (hh:mm:ss) est. time remaining.
       96% completed,  00:16:47 (hh:mm:ss) est. time remaining.
       96% completed,  00:16:44 (hh:mm:ss) est. time remaining.
       96% completed,  00:16:42 (hh:mm:ss) est. time remaining.
       96% completed,  00:16:39 (hh:mm:ss) est. time remaining.
       96% completed,  00:16:37 (hh:mm:ss) est. time remaining.
       96% completed,  00:16:34 (hh:mm:ss) est. time remaining.
       96% completed,  00:16:32 (hh:mm:ss) est. time remaining.
       96% completed,  00:16:29 (hh:mm:ss) est. time remaining.
       96% completed,  00:16:27 (hh:mm:ss) est. time remaining.
       96% completed,  00:16:24 (hh:mm:ss) est. time remaining.
       96% completed,  00:16:22 (hh:mm:ss) est. time remaining.
       96% completed,  00:16:19 (hh:mm:ss) est. time remaining.
       96% completed,  00:16:17 (hh:mm:ss) est. time remaining.
       96% completed,  00:16:14 (hh:mm:ss) est. time remaining.
       96% completed,  00:16:12 (hh:mm:ss) est. time remaining.
       96% completed,  00:16:09 (hh:mm:ss) est. time remaining.
       96% completed,  00:16:06 (hh:mm:ss) est. time remaining.
       96% completed,  00:16:04 (hh:mm:ss) est. time remaining.
       96% completed,  00:16:01 (hh:mm:ss) est. time remaining.
       96% completed,  00:15:59 (hh:mm:ss) est. time remaining.
       97% completed,  00:15:56 (hh:mm:ss) est. time remaining.
       97% completed,  00:15:54 (hh:mm:ss) est. time remaining.
       97% completed,  00:15:51 (hh:mm:ss) est. time remaining.
       97% completed,  00:15:49 (hh:mm:ss) est. time remaining.
       97% completed,  00:15:47 (hh:mm:ss) est. time remaining.
       97% completed,  00:15:44 (hh:mm:ss) est. time remaining.
       97% completed,  00:15:42 (hh:mm:ss) est. time remaining.
       97% completed,  00:15:39 (hh:mm:ss) est. time remaining.
       97% completed,  00:15:37 (hh:mm:ss) est. time remaining.
       97% completed,  00:15:34 (hh:mm:ss) est. time remaining.
       97% completed,  00:15:32 (hh:mm:ss) est. time remaining.
       97% completed,  00:15:29 (hh:mm:ss) est. time remaining.
       97% completed,  00:15:27 (hh:mm:ss) est. time remaining.
       97% completed,  00:15:24 (hh:mm:ss) est. time remaining.
       97% completed,  00:15:22 (hh:mm:ss) est. time remaining.
       97% completed,  00:15:19 (hh:mm:ss) est. time remaining.
       97% completed,  00:15:17 (hh:mm:ss) est. time remaining.
       97% completed,  00:15:14 (hh:mm:ss) est. time remaining.
       97% completed,  00:15:12 (hh:mm:ss) est. time remaining.
       97% completed,  00:15:09 (hh:mm:ss) est. time remaining.
       97% completed,  00:15:07 (hh:mm:ss) est. time remaining.
       97% completed,  00:15:05 (hh:mm:ss) est. time remaining.
       97% completed,  00:15:02 (hh:mm:ss) est. time remaining.
       97% completed,  00:15:00 (hh:mm:ss) est. time remaining.
       97% completed,  00:14:58 (hh:mm:ss) est. time remaining.
       97% completed,  00:14:55 (hh:mm:ss) est. time remaining.
       97% completed,  00:14:53 (hh:mm:ss) est. time remaining.
       97% completed,  00:14:50 (hh:mm:ss) est. time remaining.
       97% completed,  00:14:48 (hh:mm:ss) est. time remaining.
       97% completed,  00:14:46 (hh:mm:ss) est. time remaining.
       97% completed,  00:14:43 (hh:mm:ss) est. time remaining.
       97% completed,  00:14:41 (hh:mm:ss) est. time remaining.
       97% completed,  00:14:39 (hh:mm:ss) est. time remaining.
       97% completed,  00:14:36 (hh:mm:ss) est. time remaining.
       97% completed,  00:14:34 (hh:mm:ss) est. time remaining.
       97% completed,  00:14:31 (hh:mm:ss) est. time remaining.
       97% completed,  00:14:29 (hh:mm:ss) est. time remaining.
       97% completed,  00:14:26 (hh:mm:ss) est. time remaining.
       97% completed,  00:14:24 (hh:mm:ss) est. time remaining.
       97% completed,  00:14:22 (hh:mm:ss) est. time remaining.
       97% completed,  00:14:19 (hh:mm:ss) est. time remaining.
       97% completed,  00:14:17 (hh:mm:ss) est. time remaining.
       97% completed,  00:14:15 (hh:mm:ss) est. time remaining.
       97% completed,  00:14:13 (hh:mm:ss) est. time remaining.
       97% completed,  00:14:10 (hh:mm:ss) est. time remaining.
       97% completed,  00:14:08 (hh:mm:ss) est. time remaining.
       97% completed,  00:14:06 (hh:mm:ss) est. time remaining.
       97% completed,  00:14:03 (hh:mm:ss) est. time remaining.
       97% completed,  00:14:01 (hh:mm:ss) est. time remaining.
       97% completed,  00:13:58 (hh:mm:ss) est. time remaining.
       97% completed,  00:13:56 (hh:mm:ss) est. time remaining.
       97% completed,  00:13:54 (hh:mm:ss) est. time remaining.
       97% completed,  00:13:51 (hh:mm:ss) est. time remaining.
       97% completed,  00:13:49 (hh:mm:ss) est. time remaining.
       97% completed,  00:13:47 (hh:mm:ss) est. time remaining.
       97% completed,  00:13:44 (hh:mm:ss) est. time remaining.
       97% completed,  00:13:42 (hh:mm:ss) est. time remaining.
       97% completed,  00:13:40 (hh:mm:ss) est. time remaining.
       97% completed,  00:13:37 (hh:mm:ss) est. time remaining.
       97% completed,  00:13:35 (hh:mm:ss) est. time remaining.
       97% completed,  00:13:33 (hh:mm:ss) est. time remaining.
       97% completed,  00:13:31 (hh:mm:ss) est. time remaining.
       97% completed,  00:13:28 (hh:mm:ss) est. time remaining.
       97% completed,  00:13:26 (hh:mm:ss) est. time remaining.
       97% completed,  00:13:24 (hh:mm:ss) est. time remaining.
       97% completed,  00:13:21 (hh:mm:ss) est. time remaining.
       97% completed,  00:13:19 (hh:mm:ss) est. time remaining.
       97% completed,  00:13:17 (hh:mm:ss) est. time remaining.
       97% completed,  00:13:15 (hh:mm:ss) est. time remaining.
       97% completed,  00:13:12 (hh:mm:ss) est. time remaining.
       97% completed,  00:13:10 (hh:mm:ss) est. time remaining.
       97% completed,  00:13:08 (hh:mm:ss) est. time remaining.
       97% completed,  00:13:06 (hh:mm:ss) est. time remaining.
       97% completed,  00:13:03 (hh:mm:ss) est. time remaining.
       97% completed,  00:13:01 (hh:mm:ss) est. time remaining.
       97% completed,  00:12:59 (hh:mm:ss) est. time remaining.
       97% completed,  00:12:56 (hh:mm:ss) est. time remaining.
       97% completed,  00:12:54 (hh:mm:ss) est. time remaining.
       97% completed,  00:12:52 (hh:mm:ss) est. time remaining.
       97% completed,  00:12:50 (hh:mm:ss) est. time remaining.
       97% completed,  00:12:48 (hh:mm:ss) est. time remaining.
       97% completed,  00:12:45 (hh:mm:ss) est. time remaining.
       97% completed,  00:12:43 (hh:mm:ss) est. time remaining.
       97% completed,  00:12:41 (hh:mm:ss) est. time remaining.
       97% completed,  00:12:39 (hh:mm:ss) est. time remaining.
       97% completed,  00:12:36 (hh:mm:ss) est. time remaining.
       97% completed,  00:12:34 (hh:mm:ss) est. time remaining.
       97% completed,  00:12:32 (hh:mm:ss) est. time remaining.
       97% completed,  00:12:30 (hh:mm:ss) est. time remaining.
       97% completed,  00:12:28 (hh:mm:ss) est. time remaining.
       97% completed,  00:12:25 (hh:mm:ss) est. time remaining.
       97% completed,  00:12:23 (hh:mm:ss) est. time remaining.
       97% completed,  00:12:21 (hh:mm:ss) est. time remaining.
       97% completed,  00:12:19 (hh:mm:ss) est. time remaining.
       97% completed,  00:12:17 (hh:mm:ss) est. time remaining.
       97% completed,  00:12:14 (hh:mm:ss) est. time remaining.
       97% completed,  00:12:12 (hh:mm:ss) est. time remaining.
       97% completed,  00:12:10 (hh:mm:ss) est. time remaining.
       97% completed,  00:12:08 (hh:mm:ss) est. time remaining.
       97% completed,  00:12:06 (hh:mm:ss) est. time remaining.
       97% completed,  00:12:03 (hh:mm:ss) est. time remaining.
       97% completed,  00:12:01 (hh:mm:ss) est. time remaining.
       97% completed,  00:11:59 (hh:mm:ss) est. time remaining.
       97% completed,  00:11:57 (hh:mm:ss) est. time remaining.
       97% completed,  00:11:55 (hh:mm:ss) est. time remaining.
       97% completed,  00:11:53 (hh:mm:ss) est. time remaining.
       97% completed,  00:11:51 (hh:mm:ss) est. time remaining.
       97% completed,  00:11:48 (hh:mm:ss) est. time remaining.
       97% completed,  00:11:46 (hh:mm:ss) est. time remaining.
       97% completed,  00:11:44 (hh:mm:ss) est. time remaining.
       97% completed,  00:11:42 (hh:mm:ss) est. time remaining.
       97% completed,  00:11:40 (hh:mm:ss) est. time remaining.
       97% completed,  00:11:38 (hh:mm:ss) est. time remaining.
       97% completed,  00:11:36 (hh:mm:ss) est. time remaining.
       97% completed,  00:11:34 (hh:mm:ss) est. time remaining.
       97% completed,  00:11:31 (hh:mm:ss) est. time remaining.
       97% completed,  00:11:29 (hh:mm:ss) est. time remaining.
       97% completed,  00:11:27 (hh:mm:ss) est. time remaining.
       97% completed,  00:11:25 (hh:mm:ss) est. time remaining.
       97% completed,  00:11:23 (hh:mm:ss) est. time remaining.
       97% completed,  00:11:21 (hh:mm:ss) est. time remaining.
       97% completed,  00:11:19 (hh:mm:ss) est. time remaining.
       97% completed,  00:11:16 (hh:mm:ss) est. time remaining.
       97% completed,  00:11:15 (hh:mm:ss) est. time remaining.
       97% completed,  00:11:12 (hh:mm:ss) est. time remaining.
       97% completed,  00:11:10 (hh:mm:ss) est. time remaining.
       97% completed,  00:11:08 (hh:mm:ss) est. time remaining.
       97% completed,  00:11:06 (hh:mm:ss) est. time remaining.
       97% completed,  00:11:04 (hh:mm:ss) est. time remaining.
       97% completed,  00:11:02 (hh:mm:ss) est. time remaining.
       97% completed,  00:11:00 (hh:mm:ss) est. time remaining.
       97% completed,  00:10:58 (hh:mm:ss) est. time remaining.
       97% completed,  00:10:56 (hh:mm:ss) est. time remaining.
       97% completed,  00:10:54 (hh:mm:ss) est. time remaining.
       97% completed,  00:10:52 (hh:mm:ss) est. time remaining.
       97% completed,  00:10:50 (hh:mm:ss) est. time remaining.
       97% completed,  00:10:48 (hh:mm:ss) est. time remaining.
       97% completed,  00:10:45 (hh:mm:ss) est. time remaining.
       97% completed,  00:10:43 (hh:mm:ss) est. time remaining.
       97% completed,  00:10:41 (hh:mm:ss) est. time remaining.
       97% completed,  00:10:39 (hh:mm:ss) est. time remaining.
       98% completed,  00:10:37 (hh:mm:ss) est. time remaining.
       98% completed,  00:10:35 (hh:mm:ss) est. time remaining.
       98% completed,  00:10:33 (hh:mm:ss) est. time remaining.
       98% completed,  00:10:31 (hh:mm:ss) est. time remaining.
       98% completed,  00:10:29 (hh:mm:ss) est. time remaining.
       98% completed,  00:10:27 (hh:mm:ss) est. time remaining.
       98% completed,  00:10:25 (hh:mm:ss) est. time remaining.
       98% completed,  00:10:23 (hh:mm:ss) est. time remaining.
       98% completed,  00:10:21 (hh:mm:ss) est. time remaining.
       98% completed,  00:10:19 (hh:mm:ss) est. time remaining.
       98% completed,  00:10:17 (hh:mm:ss) est. time remaining.
       98% completed,  00:10:15 (hh:mm:ss) est. time remaining.
       98% completed,  00:10:13 (hh:mm:ss) est. time remaining.
       98% completed,  00:10:11 (hh:mm:ss) est. time remaining.
       98% completed,  00:10:09 (hh:mm:ss) est. time remaining.
       98% completed,  00:10:07 (hh:mm:ss) est. time remaining.
       98% completed,  00:10:05 (hh:mm:ss) est. time remaining.
       98% completed,  00:10:03 (hh:mm:ss) est. time remaining.
       98% completed,  00:10:01 (hh:mm:ss) est. time remaining.
       98% completed,  00:9:59 (hh:mm:ss) est. time remaining.
       98% completed,  00:9:57 (hh:mm:ss) est. time remaining.
       98% completed,  00:9:55 (hh:mm:ss) est. time remaining.
       98% completed,  00:9:53 (hh:mm:ss) est. time remaining.
       98% completed,  00:9:51 (hh:mm:ss) est. time remaining.
       98% completed,  00:9:49 (hh:mm:ss) est. time remaining.
       98% completed,  00:9:47 (hh:mm:ss) est. time remaining.
       98% completed,  00:9:46 (hh:mm:ss) est. time remaining.
       98% completed,  00:9:44 (hh:mm:ss) est. time remaining.
       98% completed,  00:9:42 (hh:mm:ss) est. time remaining.
       98% completed,  00:9:40 (hh:mm:ss) est. time remaining.
       98% completed,  00:9:38 (hh:mm:ss) est. time remaining.
       98% completed,  00:9:36 (hh:mm:ss) est. time remaining.
       98% completed,  00:9:34 (hh:mm:ss) est. time remaining.
       98% completed,  00:9:32 (hh:mm:ss) est. time remaining.
       98% completed,  00:9:30 (hh:mm:ss) est. time remaining.
       98% completed,  00:9:28 (hh:mm:ss) est. time remaining.
       98% completed,  00:9:26 (hh:mm:ss) est. time remaining.
       98% completed,  00:9:24 (hh:mm:ss) est. time remaining.
       98% completed,  00:9:22 (hh:mm:ss) est. time remaining.
       98% completed,  00:9:20 (hh:mm:ss) est. time remaining.
       98% completed,  00:9:18 (hh:mm:ss) est. time remaining.
       98% completed,  00:9:17 (hh:mm:ss) est. time remaining.
       98% completed,  00:9:15 (hh:mm:ss) est. time remaining.
       98% completed,  00:9:13 (hh:mm:ss) est. time remaining.
       98% completed,  00:9:11 (hh:mm:ss) est. time remaining.
       98% completed,  00:9:09 (hh:mm:ss) est. time remaining.
       98% completed,  00:9:07 (hh:mm:ss) est. time remaining.
       98% completed,  00:9:05 (hh:mm:ss) est. time remaining.
       98% completed,  00:9:03 (hh:mm:ss) est. time remaining.
       98% completed,  00:9:02 (hh:mm:ss) est. time remaining.
       98% completed,  00:9:00 (hh:mm:ss) est. time remaining.
       98% completed,  00:8:58 (hh:mm:ss) est. time remaining.
       98% completed,  00:8:56 (hh:mm:ss) est. time remaining.
       98% completed,  00:8:54 (hh:mm:ss) est. time remaining.
       98% completed,  00:8:52 (hh:mm:ss) est. time remaining.
       98% completed,  00:8:50 (hh:mm:ss) est. time remaining.
       98% completed,  00:8:48 (hh:mm:ss) est. time remaining.
       98% completed,  00:8:47 (hh:mm:ss) est. time remaining.
       98% completed,  00:8:45 (hh:mm:ss) est. time remaining.
       98% completed,  00:8:43 (hh:mm:ss) est. time remaining.
       98% completed,  00:8:41 (hh:mm:ss) est. time remaining.
       98% completed,  00:8:39 (hh:mm:ss) est. time remaining.
       98% completed,  00:8:37 (hh:mm:ss) est. time remaining.
       98% completed,  00:8:36 (hh:mm:ss) est. time remaining.
       98% completed,  00:8:34 (hh:mm:ss) est. time remaining.
       98% completed,  00:8:32 (hh:mm:ss) est. time remaining.
       98% completed,  00:8:30 (hh:mm:ss) est. time remaining.
       98% completed,  00:8:28 (hh:mm:ss) est. time remaining.
       98% completed,  00:8:27 (hh:mm:ss) est. time remaining.
       98% completed,  00:8:25 (hh:mm:ss) est. time remaining.
       98% completed,  00:8:23 (hh:mm:ss) est. time remaining.
       98% completed,  00:8:21 (hh:mm:ss) est. time remaining.
       98% completed,  00:8:19 (hh:mm:ss) est. time remaining.
       98% completed,  00:8:17 (hh:mm:ss) est. time remaining.
       98% completed,  00:8:16 (hh:mm:ss) est. time remaining.
       98% completed,  00:8:14 (hh:mm:ss) est. time remaining.
       98% completed,  00:8:12 (hh:mm:ss) est. time remaining.
       98% completed,  00:8:10 (hh:mm:ss) est. time remaining.
       98% completed,  00:8:08 (hh:mm:ss) est. time remaining.
       98% completed,  00:8:07 (hh:mm:ss) est. time remaining.
       98% completed,  00:8:05 (hh:mm:ss) est. time remaining.
       98% completed,  00:8:03 (hh:mm:ss) est. time remaining.
       98% completed,  00:8:01 (hh:mm:ss) est. time remaining.
       98% completed,  00:8:00 (hh:mm:ss) est. time remaining.
       98% completed,  00:7:58 (hh:mm:ss) est. time remaining.
       98% completed,  00:7:56 (hh:mm:ss) est. time remaining.
       98% completed,  00:7:54 (hh:mm:ss) est. time remaining.
       98% completed,  00:7:53 (hh:mm:ss) est. time remaining.
       98% completed,  00:7:51 (hh:mm:ss) est. time remaining.
       98% completed,  00:7:49 (hh:mm:ss) est. time remaining.
       98% completed,  00:7:47 (hh:mm:ss) est. time remaining.
       98% completed,  00:7:46 (hh:mm:ss) est. time remaining.
       98% completed,  00:7:44 (hh:mm:ss) est. time remaining.
       98% completed,  00:7:42 (hh:mm:ss) est. time remaining.
       98% completed,  00:7:40 (hh:mm:ss) est. time remaining.
       98% completed,  00:7:39 (hh:mm:ss) est. time remaining.
       98% completed,  00:7:37 (hh:mm:ss) est. time remaining.
       98% completed,  00:7:35 (hh:mm:ss) est. time remaining.
       98% completed,  00:7:34 (hh:mm:ss) est. time remaining.
       98% completed,  00:7:32 (hh:mm:ss) est. time remaining.
       98% completed,  00:7:30 (hh:mm:ss) est. time remaining.
       98% completed,  00:7:28 (hh:mm:ss) est. time remaining.
       98% completed,  00:7:27 (hh:mm:ss) est. time remaining.
       98% completed,  00:7:25 (hh:mm:ss) est. time remaining.
       98% completed,  00:7:23 (hh:mm:ss) est. time remaining.
       98% completed,  00:7:22 (hh:mm:ss) est. time remaining.
       98% completed,  00:7:20 (hh:mm:ss) est. time remaining.
       98% completed,  00:7:18 (hh:mm:ss) est. time remaining.
       98% completed,  00:7:17 (hh:mm:ss) est. time remaining.
       98% completed,  00:7:15 (hh:mm:ss) est. time remaining.
       98% completed,  00:7:13 (hh:mm:ss) est. time remaining.
       98% completed,  00:7:11 (hh:mm:ss) est. time remaining.
       98% completed,  00:7:10 (hh:mm:ss) est. time remaining.
       98% completed,  00:7:08 (hh:mm:ss) est. time remaining.
       98% completed,  00:7:06 (hh:mm:ss) est. time remaining.
       98% completed,  00:7:05 (hh:mm:ss) est. time remaining.
       98% completed,  00:7:03 (hh:mm:ss) est. time remaining.
       98% completed,  00:7:02 (hh:mm:ss) est. time remaining.
       98% completed,  00:7:00 (hh:mm:ss) est. time remaining.
       98% completed,  00:6:58 (hh:mm:ss) est. time remaining.
       98% completed,  00:6:57 (hh:mm:ss) est. time remaining.
       98% completed,  00:6:55 (hh:mm:ss) est. time remaining.
       98% completed,  00:6:53 (hh:mm:ss) est. time remaining.
       98% completed,  00:6:52 (hh:mm:ss) est. time remaining.
       98% completed,  00:6:50 (hh:mm:ss) est. time remaining.
       98% completed,  00:6:48 (hh:mm:ss) est. time remaining.
       98% completed,  00:6:47 (hh:mm:ss) est. time remaining.
       98% completed,  00:6:45 (hh:mm:ss) est. time remaining.
       98% completed,  00:6:43 (hh:mm:ss) est. time remaining.
       98% completed,  00:6:42 (hh:mm:ss) est. time remaining.
       98% completed,  00:6:40 (hh:mm:ss) est. time remaining.
       98% completed,  00:6:39 (hh:mm:ss) est. time remaining.
       98% completed,  00:6:37 (hh:mm:ss) est. time remaining.
       98% completed,  00:6:35 (hh:mm:ss) est. time remaining.
       98% completed,  00:6:34 (hh:mm:ss) est. time remaining.
       98% completed,  00:6:32 (hh:mm:ss) est. time remaining.
       98% completed,  00:6:31 (hh:mm:ss) est. time remaining.
       98% completed,  00:6:29 (hh:mm:ss) est. time remaining.
       98% completed,  00:6:27 (hh:mm:ss) est. time remaining.
       98% completed,  00:6:26 (hh:mm:ss) est. time remaining.
       98% completed,  00:6:24 (hh:mm:ss) est. time remaining.
       98% completed,  00:6:23 (hh:mm:ss) est. time remaining.
       98% completed,  00:6:21 (hh:mm:ss) est. time remaining.
       98% completed,  00:6:20 (hh:mm:ss) est. time remaining.
       98% completed,  00:6:18 (hh:mm:ss) est. time remaining.
       98% completed,  00:6:16 (hh:mm:ss) est. time remaining.
       98% completed,  00:6:15 (hh:mm:ss) est. time remaining.
       98% completed,  00:6:13 (hh:mm:ss) est. time remaining.
       98% completed,  00:6:12 (hh:mm:ss) est. time remaining.
       98% completed,  00:6:10 (hh:mm:ss) est. time remaining.
       98% completed,  00:6:09 (hh:mm:ss) est. time remaining.
       98% completed,  00:6:07 (hh:mm:ss) est. time remaining.
       98% completed,  00:6:06 (hh:mm:ss) est. time remaining.
       98% completed,  00:6:04 (hh:mm:ss) est. time remaining.
       98% completed,  00:6:03 (hh:mm:ss) est. time remaining.
       98% completed,  00:6:01 (hh:mm:ss) est. time remaining.
       98% completed,  00:6:00 (hh:mm:ss) est. time remaining.
       98% completed,  00:5:58 (hh:mm:ss) est. time remaining.
       98% completed,  00:5:56 (hh:mm:ss) est. time remaining.
       98% completed,  00:5:55 (hh:mm:ss) est. time remaining.
       98% completed,  00:5:53 (hh:mm:ss) est. time remaining.
       98% completed,  00:5:52 (hh:mm:ss) est. time remaining.
       98% completed,  00:5:50 (hh:mm:ss) est. time remaining.
       98% completed,  00:5:49 (hh:mm:ss) est. time remaining.
       98% completed,  00:5:47 (hh:mm:ss) est. time remaining.
       98% completed,  00:5:46 (hh:mm:ss) est. time remaining.
       98% completed,  00:5:44 (hh:mm:ss) est. time remaining.
       98% completed,  00:5:43 (hh:mm:ss) est. time remaining.
       98% completed,  00:5:41 (hh:mm:ss) est. time remaining.
       98% completed,  00:5:40 (hh:mm:ss) est. time remaining.
       98% completed,  00:5:38 (hh:mm:ss) est. time remaining.
       98% completed,  00:5:37 (hh:mm:ss) est. time remaining.
       98% completed,  00:5:35 (hh:mm:ss) est. time remaining.
       98% completed,  00:5:34 (hh:mm:ss) est. time remaining.
       98% completed,  00:5:33 (hh:mm:ss) est. time remaining.
       98% completed,  00:5:31 (hh:mm:ss) est. time remaining.
       98% completed,  00:5:30 (hh:mm:ss) est. time remaining.
       98% completed,  00:5:28 (hh:mm:ss) est. time remaining.
       98% completed,  00:5:27 (hh:mm:ss) est. time remaining.
       98% completed,  00:5:25 (hh:mm:ss) est. time remaining.
       98% completed,  00:5:24 (hh:mm:ss) est. time remaining.
       98% completed,  00:5:22 (hh:mm:ss) est. time remaining.
       98% completed,  00:5:21 (hh:mm:ss) est. time remaining.
       98% completed,  00:5:19 (hh:mm:ss) est. time remaining.
       99% completed,  00:5:18 (hh:mm:ss) est. time remaining.
       99% completed,  00:5:17 (hh:mm:ss) est. time remaining.
       99% completed,  00:5:15 (hh:mm:ss) est. time remaining.
       99% completed,  00:5:14 (hh:mm:ss) est. time remaining.
       99% completed,  00:5:12 (hh:mm:ss) est. time remaining.
       99% completed,  00:5:11 (hh:mm:ss) est. time remaining.
       99% completed,  00:5:09 (hh:mm:ss) est. time remaining.
       99% completed,  00:5:08 (hh:mm:ss) est. time remaining.
       99% completed,  00:5:07 (hh:mm:ss) est. time remaining.
       99% completed,  00:5:05 (hh:mm:ss) est. time remaining.
       99% completed,  00:5:04 (hh:mm:ss) est. time remaining.
       99% completed,  00:5:02 (hh:mm:ss) est. time remaining.
       99% completed,  00:5:01 (hh:mm:ss) est. time remaining.
       99% completed,  00:5:00 (hh:mm:ss) est. time remaining.
       99% completed,  00:4:58 (hh:mm:ss) est. time remaining.
       99% completed,  00:4:57 (hh:mm:ss) est. time remaining.
       99% completed,  00:4:55 (hh:mm:ss) est. time remaining.
       99% completed,  00:4:54 (hh:mm:ss) est. time remaining.
       99% completed,  00:4:53 (hh:mm:ss) est. time remaining.
       99% completed,  00:4:51 (hh:mm:ss) est. time remaining.
       99% completed,  00:4:50 (hh:mm:ss) est. time remaining.
       99% completed,  00:4:49 (hh:mm:ss) est. time remaining.
       99% completed,  00:4:47 (hh:mm:ss) est. time remaining.
       99% completed,  00:4:46 (hh:mm:ss) est. time remaining.
       99% completed,  00:4:44 (hh:mm:ss) est. time remaining.
       99% completed,  00:4:43 (hh:mm:ss) est. time remaining.
       99% completed,  00:4:42 (hh:mm:ss) est. time remaining.
       99% completed,  00:4:40 (hh:mm:ss) est. time remaining.
       99% completed,  00:4:39 (hh:mm:ss) est. time remaining.
       99% completed,  00:4:38 (hh:mm:ss) est. time remaining.
       99% completed,  00:4:36 (hh:mm:ss) est. time remaining.
       99% completed,  00:4:35 (hh:mm:ss) est. time remaining.
       99% completed,  00:4:34 (hh:mm:ss) est. time remaining.
       99% completed,  00:4:32 (hh:mm:ss) est. time remaining.
       99% completed,  00:4:31 (hh:mm:ss) est. time remaining.
       99% completed,  00:4:30 (hh:mm:ss) est. time remaining.
       99% completed,  00:4:28 (hh:mm:ss) est. time remaining.
       99% completed,  00:4:27 (hh:mm:ss) est. time remaining.
       99% completed,  00:4:26 (hh:mm:ss) est. time remaining.
       99% completed,  00:4:24 (hh:mm:ss) est. time remaining.
       99% completed,  00:4:23 (hh:mm:ss) est. time remaining.
       99% completed,  00:4:22 (hh:mm:ss) est. time remaining.
       99% completed,  00:4:21 (hh:mm:ss) est. time remaining.
       99% completed,  00:4:19 (hh:mm:ss) est. time remaining.
       99% completed,  00:4:18 (hh:mm:ss) est. time remaining.
       99% completed,  00:4:17 (hh:mm:ss) est. time remaining.
       99% completed,  00:4:15 (hh:mm:ss) est. time remaining.
       99% completed,  00:4:14 (hh:mm:ss) est. time remaining.
       99% completed,  00:4:13 (hh:mm:ss) est. time remaining.
       99% completed,  00:4:12 (hh:mm:ss) est. time remaining.
       99% completed,  00:4:10 (hh:mm:ss) est. time remaining.
       99% completed,  00:4:09 (hh:mm:ss) est. time remaining.
       99% completed,  00:4:08 (hh:mm:ss) est. time remaining.
       99% completed,  00:4:06 (hh:mm:ss) est. time remaining.
       99% completed,  00:4:05 (hh:mm:ss) est. time remaining.
       99% completed,  00:4:04 (hh:mm:ss) est. time remaining.
       99% completed,  00:4:03 (hh:mm:ss) est. time remaining.
       99% completed,  00:4:01 (hh:mm:ss) est. time remaining.
       99% completed,  00:4:00 (hh:mm:ss) est. time remaining.
       99% completed,  00:3:59 (hh:mm:ss) est. time remaining.
       99% completed,  00:3:58 (hh:mm:ss) est. time remaining.
       99% completed,  00:3:56 (hh:mm:ss) est. time remaining.
       99% completed,  00:3:55 (hh:mm:ss) est. time remaining.
       99% completed,  00:3:54 (hh:mm:ss) est. time remaining.
       99% completed,  00:3:53 (hh:mm:ss) est. time remaining.
       99% completed,  00:3:52 (hh:mm:ss) est. time remaining.
       99% completed,  00:3:50 (hh:mm:ss) est. time remaining.
       99% completed,  00:3:49 (hh:mm:ss) est. time remaining.
       99% completed,  00:3:48 (hh:mm:ss) est. time remaining.
       99% completed,  00:3:47 (hh:mm:ss) est. time remaining.
       99% completed,  00:3:45 (hh:mm:ss) est. time remaining.
       99% completed,  00:3:44 (hh:mm:ss) est. time remaining.
       99% completed,  00:3:43 (hh:mm:ss) est. time remaining.
       99% completed,  00:3:42 (hh:mm:ss) est. time remaining.
       99% completed,  00:3:41 (hh:mm:ss) est. time remaining.
       99% completed,  00:3:39 (hh:mm:ss) est. time remaining.
       99% completed,  00:3:38 (hh:mm:ss) est. time remaining.
       99% completed,  00:3:37 (hh:mm:ss) est. time remaining.
       99% completed,  00:3:36 (hh:mm:ss) est. time remaining.
       99% completed,  00:3:35 (hh:mm:ss) est. time remaining.
       99% completed,  00:3:33 (hh:mm:ss) est. time remaining.
       99% completed,  00:3:32 (hh:mm:ss) est. time remaining.
       99% completed,  00:3:31 (hh:mm:ss) est. time remaining.
       99% completed,  00:3:30 (hh:mm:ss) est. time remaining.
       99% completed,  00:3:29 (hh:mm:ss) est. time remaining.
       99% completed,  00:3:28 (hh:mm:ss) est. time remaining.
       99% completed,  00:3:26 (hh:mm:ss) est. time remaining.
       99% completed,  00:3:25 (hh:mm:ss) est. time remaining.
       99% completed,  00:3:24 (hh:mm:ss) est. time remaining.
       99% completed,  00:3:23 (hh:mm:ss) est. time remaining.
       99% completed,  00:3:22 (hh:mm:ss) est. time remaining.
       99% completed,  00:3:21 (hh:mm:ss) est. time remaining.
       99% completed,  00:3:20 (hh:mm:ss) est. time remaining.
       99% completed,  00:3:18 (hh:mm:ss) est. time remaining.
       99% completed,  00:3:17 (hh:mm:ss) est. time remaining.
       99% completed,  00:3:16 (hh:mm:ss) est. time remaining.
       99% completed,  00:3:15 (hh:mm:ss) est. time remaining.
       99% completed,  00:3:14 (hh:mm:ss) est. time remaining.
       99% completed,  00:3:13 (hh:mm:ss) est. time remaining.
       99% completed,  00:3:12 (hh:mm:ss) est. time remaining.
       99% completed,  00:3:11 (hh:mm:ss) est. time remaining.
       99% completed,  00:3:09 (hh:mm:ss) est. time remaining.
       99% completed,  00:3:08 (hh:mm:ss) est. time remaining.
       99% completed,  00:3:07 (hh:mm:ss) est. time remaining.
       99% completed,  00:3:06 (hh:mm:ss) est. time remaining.
       99% completed,  00:3:05 (hh:mm:ss) est. time remaining.
       99% completed,  00:3:04 (hh:mm:ss) est. time remaining.
       99% completed,  00:3:03 (hh:mm:ss) est. time remaining.
       99% completed,  00:3:02 (hh:mm:ss) est. time remaining.
       99% completed,  00:3:01 (hh:mm:ss) est. time remaining.
       99% completed,  00:3:00 (hh:mm:ss) est. time remaining.
       99% completed,  00:2:59 (hh:mm:ss) est. time remaining.
       99% completed,  00:2:57 (hh:mm:ss) est. time remaining.
       99% completed,  00:2:56 (hh:mm:ss) est. time remaining.
       99% completed,  00:2:55 (hh:mm:ss) est. time remaining.
       99% completed,  00:2:54 (hh:mm:ss) est. time remaining.
       99% completed,  00:2:53 (hh:mm:ss) est. time remaining.
       99% completed,  00:2:52 (hh:mm:ss) est. time remaining.
       99% completed,  00:2:51 (hh:mm:ss) est. time remaining.
       99% completed,  00:2:50 (hh:mm:ss) est. time remaining.
       99% completed,  00:2:49 (hh:mm:ss) est. time remaining.
       99% completed,  00:2:48 (hh:mm:ss) est. time remaining.
       99% completed,  00:2:47 (hh:mm:ss) est. time remaining.
       99% completed,  00:2:46 (hh:mm:ss) est. time remaining.
       99% completed,  00:2:45 (hh:mm:ss) est. time remaining.
       99% completed,  00:2:44 (hh:mm:ss) est. time remaining.
       99% completed,  00:2:43 (hh:mm:ss) est. time remaining.
       99% completed,  00:2:42 (hh:mm:ss) est. time remaining.
       99% completed,  00:2:41 (hh:mm:ss) est. time remaining.
       99% completed,  00:2:40 (hh:mm:ss) est. time remaining.
       99% completed,  00:2:39 (hh:mm:ss) est. time remaining.
       99% completed,  00:2:38 (hh:mm:ss) est. time remaining.
       99% completed,  00:2:37 (hh:mm:ss) est. time remaining.
       99% completed,  00:2:36 (hh:mm:ss) est. time remaining.
       99% completed,  00:2:35 (hh:mm:ss) est. time remaining.
       99% completed,  00:2:34 (hh:mm:ss) est. time remaining.
       99% completed,  00:2:33 (hh:mm:ss) est. time remaining.
       99% completed,  00:2:32 (hh:mm:ss) est. time remaining.
       99% completed,  00:2:31 (hh:mm:ss) est. time remaining.
       99% completed,  00:2:30 (hh:mm:ss) est. time remaining.
       99% completed,  00:2:29 (hh:mm:ss) est. time remaining.
       99% completed,  00:2:28 (hh:mm:ss) est. time remaining.
       99% completed,  00:2:27 (hh:mm:ss) est. time remaining.
       99% completed,  00:2:26 (hh:mm:ss) est. time remaining.
       99% completed,  00:2:25 (hh:mm:ss) est. time remaining.
       99% completed,  00:2:24 (hh:mm:ss) est. time remaining.
       99% completed,  00:2:23 (hh:mm:ss) est. time remaining.
       99% completed,  00:2:22 (hh:mm:ss) est. time remaining.
       99% completed,  00:2:21 (hh:mm:ss) est. time remaining.
       99% completed,  00:2:20 (hh:mm:ss) est. time remaining.
       99% completed,  00:2:19 (hh:mm:ss) est. time remaining.
       99% completed,  00:2:18 (hh:mm:ss) est. time remaining.
       99% completed,  00:2:17 (hh:mm:ss) est. time remaining.
       99% completed,  00:2:16 (hh:mm:ss) est. time remaining.
       99% completed,  00:2:15 (hh:mm:ss) est. time remaining.
       99% completed,  00:2:14 (hh:mm:ss) est. time remaining.
       99% completed,  00:2:13 (hh:mm:ss) est. time remaining.
       99% completed,  00:2:12 (hh:mm:ss) est. time remaining.
       99% completed,  00:2:11 (hh:mm:ss) est. time remaining.
       99% completed,  00:2:11 (hh:mm:ss) est. time remaining.
       99% completed,  00:2:10 (hh:mm:ss) est. time remaining.
       99% completed,  00:2:09 (hh:mm:ss) est. time remaining.
       99% completed,  00:2:08 (hh:mm:ss) est. time remaining.
       99% completed,  00:2:07 (hh:mm:ss) est. time remaining.
       99% completed,  00:2:06 (hh:mm:ss) est. time remaining.
       99% completed,  00:2:05 (hh:mm:ss) est. time remaining.
       99% completed,  00:2:04 (hh:mm:ss) est. time remaining.
       99% completed,  00:2:03 (hh:mm:ss) est. time remaining.
       99% completed,  00:2:02 (hh:mm:ss) est. time remaining.
       99% completed,  00:2:02 (hh:mm:ss) est. time remaining.
       99% completed,  00:2:01 (hh:mm:ss) est. time remaining.
       99% completed,  00:2:00 (hh:mm:ss) est. time remaining.
       99% completed,  00:1:59 (hh:mm:ss) est. time remaining.
       99% completed,  00:1:58 (hh:mm:ss) est. time remaining.
       99% completed,  00:1:57 (hh:mm:ss) est. time remaining.
       99% completed,  00:1:56 (hh:mm:ss) est. time remaining.
       99% completed,  00:1:55 (hh:mm:ss) est. time remaining.
       99% completed,  00:1:55 (hh:mm:ss) est. time remaining.
       99% completed,  00:1:54 (hh:mm:ss) est. time remaining.
       99% completed,  00:1:53 (hh:mm:ss) est. time remaining.
       99% completed,  00:1:52 (hh:mm:ss) est. time remaining.
       99% completed,  00:1:51 (hh:mm:ss) est. time remaining.
       99% completed,  00:1:50 (hh:mm:ss) est. time remaining.
       99% completed,  00:1:49 (hh:mm:ss) est. time remaining.
       99% completed,  00:1:49 (hh:mm:ss) est. time remaining.
       99% completed,  00:1:48 (hh:mm:ss) est. time remaining.
       99% completed,  00:1:47 (hh:mm:ss) est. time remaining.
       99% completed,  00:1:46 (hh:mm:ss) est. time remaining.
       99% completed,  00:1:45 (hh:mm:ss) est. time remaining.
       99% completed,  00:1:44 (hh:mm:ss) est. time remaining.
       99% completed,  00:1:44 (hh:mm:ss) est. time remaining.
       99% completed,  00:1:43 (hh:mm:ss) est. time remaining.
       99% completed,  00:1:42 (hh:mm:ss) est. time remaining.
       99% completed,  00:1:41 (hh:mm:ss) est. time remaining.
       99% completed,  00:1:40 (hh:mm:ss) est. time remaining.
       99% completed,  00:1:40 (hh:mm:ss) est. time remaining.
       99% completed,  00:1:39 (hh:mm:ss) est. time remaining.
       99% completed,  00:1:38 (hh:mm:ss) est. time remaining.
       99% completed,  00:1:37 (hh:mm:ss) est. time remaining.
       99% completed,  00:1:36 (hh:mm:ss) est. time remaining.
       99% completed,  00:1:36 (hh:mm:ss) est. time remaining.
       99% completed,  00:1:35 (hh:mm:ss) est. time remaining.
       99% completed,  00:1:34 (hh:mm:ss) est. time remaining.
       99% completed,  00:1:33 (hh:mm:ss) est. time remaining.
       99% completed,  00:1:32 (hh:mm:ss) est. time remaining.
       99% completed,  00:1:32 (hh:mm:ss) est. time remaining.
       99% completed,  00:1:31 (hh:mm:ss) est. time remaining.
       99% completed,  00:1:30 (hh:mm:ss) est. time remaining.
       99% completed,  00:1:29 (hh:mm:ss) est. time remaining.
       99% completed,  00:1:29 (hh:mm:ss) est. time remaining.
       99% completed,  00:1:28 (hh:mm:ss) est. time remaining.
       99% completed,  00:1:27 (hh:mm:ss) est. time remaining.
       99% completed,  00:1:26 (hh:mm:ss) est. time remaining.
       99% completed,  00:1:26 (hh:mm:ss) est. time remaining.
       99% completed,  00:1:25 (hh:mm:ss) est. time remaining.
       99% completed,  00:1:24 (hh:mm:ss) est. time remaining.
       99% completed,  00:1:23 (hh:mm:ss) est. time remaining.
       99% completed,  00:1:23 (hh:mm:ss) est. time remaining.
       99% completed,  00:1:22 (hh:mm:ss) est. time remaining.
       99% completed,  00:1:21 (hh:mm:ss) est. time remaining.
       99% completed,  00:1:20 (hh:mm:ss) est. time remaining.
       99% completed,  00:1:20 (hh:mm:ss) est. time remaining.
       99% completed,  00:1:19 (hh:mm:ss) est. time remaining.
       99% completed,  00:1:18 (hh:mm:ss) est. time remaining.
       99% completed,  00:1:18 (hh:mm:ss) est. time remaining.
       99% completed,  00:1:17 (hh:mm:ss) est. time remaining.
       99% completed,  00:1:16 (hh:mm:ss) est. time remaining.
       99% completed,  00:1:15 (hh:mm:ss) est. time remaining.
       99% completed,  00:1:15 (hh:mm:ss) est. time remaining.
       99% completed,  00:1:14 (hh:mm:ss) est. time remaining.
       99% completed,  00:1:13 (hh:mm:ss) est. time remaining.
       99% completed,  00:1:13 (hh:mm:ss) est. time remaining.
       99% completed,  00:1:12 (hh:mm:ss) est. time remaining.
       99% completed,  00:1:11 (hh:mm:ss) est. time remaining.
       99% completed,  00:1:11 (hh:mm:ss) est. time remaining.
       99% completed,  00:1:10 (hh:mm:ss) est. time remaining.
       99% completed,  00:1:09 (hh:mm:ss) est. time remaining.
       99% completed,  00:1:09 (hh:mm:ss) est. time remaining.
       99% completed,  00:1:08 (hh:mm:ss) est. time remaining.
       99% completed,  00:1:07 (hh:mm:ss) est. time remaining.
       99% completed,  00:1:07 (hh:mm:ss) est. time remaining.
       99% completed,  00:1:06 (hh:mm:ss) est. time remaining.
       99% completed,  00:1:05 (hh:mm:ss) est. time remaining.
       99% completed,  00:1:05 (hh:mm:ss) est. time remaining.
       99% completed,  00:1:04 (hh:mm:ss) est. time remaining.
       99% completed,  00:1:03 (hh:mm:ss) est. time remaining.
       99% completed,  00:1:03 (hh:mm:ss) est. time remaining.
       99% completed,  00:1:02 (hh:mm:ss) est. time remaining.
       99% completed,  00:1:01 (hh:mm:ss) est. time remaining.
       99% completed,  00:1:01 (hh:mm:ss) est. time remaining.
       99% completed,  00:1:00 (hh:mm:ss) est. time remaining.
       99% completed,  00:0:59 (hh:mm:ss) est. time remaining.
       99% completed,  00:0:59 (hh:mm:ss) est. time remaining.
       99% completed,  00:0:58 (hh:mm:ss) est. time remaining.
       99% completed,  00:0:58 (hh:mm:ss) est. time remaining.
       99% completed,  00:0:57 (hh:mm:ss) est. time remaining.
       99% completed,  00:0:56 (hh:mm:ss) est. time remaining.
       99% completed,  00:0:56 (hh:mm:ss) est. time remaining.
       99% completed,  00:0:55 (hh:mm:ss) est. time remaining.
       99% completed,  00:0:55 (hh:mm:ss) est. time remaining.
       99% completed,  00:0:54 (hh:mm:ss) est. time remaining.
       99% completed,  00:0:53 (hh:mm:ss) est. time remaining.
       99% completed,  00:0:53 (hh:mm:ss) est. time remaining.
       99% completed,  00:0:52 (hh:mm:ss) est. time remaining.
       99% completed,  00:0:52 (hh:mm:ss) est. time remaining.
       99% completed,  00:0:51 (hh:mm:ss) est. time remaining.
       99% completed,  00:0:51 (hh:mm:ss) est. time remaining.
       99% completed,  00:0:50 (hh:mm:ss) est. time remaining.
       99% completed,  00:0:49 (hh:mm:ss) est. time remaining.
       99% completed,  00:0:49 (hh:mm:ss) est. time remaining.
       99% completed,  00:0:48 (hh:mm:ss) est. time remaining.
       99% completed,  00:0:48 (hh:mm:ss) est. time remaining.
       99% completed,  00:0:47 (hh:mm:ss) est. time remaining.
       99% completed,  00:0:47 (hh:mm:ss) est. time remaining.
       99% completed,  00:0:46 (hh:mm:ss) est. time remaining.
       99% completed,  00:0:45 (hh:mm:ss) est. time remaining.
       99% completed,  00:0:45 (hh:mm:ss) est. time remaining.
       99% completed,  00:0:44 (hh:mm:ss) est. time remaining.
       99% completed,  00:0:44 (hh:mm:ss) est. time remaining.
       99% completed,  00:0:43 (hh:mm:ss) est. time remaining.
       99% completed,  00:0:43 (hh:mm:ss) est. time remaining.
       99% completed,  00:0:42 (hh:mm:ss) est. time remaining.
       99% completed,  00:0:42 (hh:mm:ss) est. time remaining.
       99% completed,  00:0:41 (hh:mm:ss) est. time remaining.
       99% completed,  00:0:41 (hh:mm:ss) est. time remaining.
       99% completed,  00:0:40 (hh:mm:ss) est. time remaining.
       99% completed,  00:0:40 (hh:mm:ss) est. time remaining.
       99% completed,  00:0:39 (hh:mm:ss) est. time remaining.
       99% completed,  00:0:39 (hh:mm:ss) est. time remaining.
       99% completed,  00:0:38 (hh:mm:ss) est. time remaining.
       99% completed,  00:0:38 (hh:mm:ss) est. time remaining.
       99% completed,  00:0:37 (hh:mm:ss) est. time remaining.
       99% completed,  00:0:37 (hh:mm:ss) est. time remaining.
       99% completed,  00:0:36 (hh:mm:ss) est. time remaining.
       99% completed,  00:0:36 (hh:mm:ss) est. time remaining.
       99% completed,  00:0:35 (hh:mm:ss) est. time remaining.
       99% completed,  00:0:35 (hh:mm:ss) est. time remaining.
       99% completed,  00:0:34 (hh:mm:ss) est. time remaining.
       99% completed,  00:0:34 (hh:mm:ss) est. time remaining.
       99% completed,  00:0:33 (hh:mm:ss) est. time remaining.
       99% completed,  00:0:33 (hh:mm:ss) est. time remaining.
       99% completed,  00:0:32 (hh:mm:ss) est. time remaining.
       99% completed,  00:0:32 (hh:mm:ss) est. time remaining.
       99% completed,  00:0:31 (hh:mm:ss) est. time remaining.
       99% completed,  00:0:31 (hh:mm:ss) est. time remaining.
       99% completed,  00:0:31 (hh:mm:ss) est. time remaining.
       99% completed,  00:0:30 (hh:mm:ss) est. time remaining.
       99% completed,  00:0:30 (hh:mm:ss) est. time remaining.
       99% completed,  00:0:29 (hh:mm:ss) est. time remaining.
       99% completed,  00:0:29 (hh:mm:ss) est. time remaining.
       99% completed,  00:0:28 (hh:mm:ss) est. time remaining.
       99% completed,  00:0:28 (hh:mm:ss) est. time remaining.
       99% completed,  00:0:28 (hh:mm:ss) est. time remaining.
       99% completed,  00:0:27 (hh:mm:ss) est. time remaining.
       99% completed,  00:0:27 (hh:mm:ss) est. time remaining.
       99% completed,  00:0:26 (hh:mm:ss) est. time remaining.
       99% completed,  00:0:26 (hh:mm:ss) est. time remaining.
       99% completed,  00:0:25 (hh:mm:ss) est. time remaining.
       99% completed,  00:0:25 (hh:mm:ss) est. time remaining.
       99% completed,  00:0:25 (hh:mm:ss) est. time remaining.
       99% completed,  00:0:24 (hh:mm:ss) est. time remaining.
       99% completed,  00:0:24 (hh:mm:ss) est. time remaining.
       99% completed,  00:0:23 (hh:mm:ss) est. time remaining.
       99% completed,  00:0:23 (hh:mm:ss) est. time remaining.
       99% completed,  00:0:23 (hh:mm:ss) est. time remaining.
       99% completed,  00:0:22 (hh:mm:ss) est. time remaining.
       99% completed,  00:0:22 (hh:mm:ss) est. time remaining.
       99% completed,  00:0:21 (hh:mm:ss) est. time remaining.
       99% completed,  00:0:21 (hh:mm:ss) est. time remaining.
       99% completed,  00:0:21 (hh:mm:ss) est. time remaining.
       99% completed,  00:0:20 (hh:mm:ss) est. time remaining.
       99% completed,  00:0:20 (hh:mm:ss) est. time remaining.
       99% completed,  00:0:20 (hh:mm:ss) est. time remaining.
       99% completed,  00:0:19 (hh:mm:ss) est. time remaining.
       99% completed,  00:0:19 (hh:mm:ss) est. time remaining.
       99% completed,  00:0:19 (hh:mm:ss) est. time remaining.
       99% completed,  00:0:18 (hh:mm:ss) est. time remaining.
       99% completed,  00:0:18 (hh:mm:ss) est. time remaining.
       99% completed,  00:0:18 (hh:mm:ss) est. time remaining.
       99% completed,  00:0:17 (hh:mm:ss) est. time remaining.
       99% completed,  00:0:17 (hh:mm:ss) est. time remaining.
       99% completed,  00:0:17 (hh:mm:ss) est. time remaining.
       99% completed,  00:0:16 (hh:mm:ss) est. time remaining.
       99% completed,  00:0:16 (hh:mm:ss) est. time remaining.
       99% completed,  00:0:16 (hh:mm:ss) est. time remaining.
       99% completed,  00:0:15 (hh:mm:ss) est. time remaining.
       99% completed,  00:0:15 (hh:mm:ss) est. time remaining.
       99% completed,  00:0:15 (hh:mm:ss) est. time remaining.
       99% completed,  00:0:14 (hh:mm:ss) est. time remaining.
       99% completed,  00:0:14 (hh:mm:ss) est. time remaining.
       99% completed,  00:0:14 (hh:mm:ss) est. time remaining.
       99% completed,  00:0:13 (hh:mm:ss) est. time remaining.
       99% completed,  00:0:13 (hh:mm:ss) est. time remaining.
       99% completed,  00:0:13 (hh:mm:ss) est. time remaining.
       99% completed,  00:0:12 (hh:mm:ss) est. time remaining.
       99% completed,  00:0:12 (hh:mm:ss) est. time remaining.
       99% completed,  00:0:12 (hh:mm:ss) est. time remaining.
       99% completed,  00:0:12 (hh:mm:ss) est. time remaining.
       99% completed,  00:0:11 (hh:mm:ss) est. time remaining.
       99% completed,  00:0:11 (hh:mm:ss) est. time remaining.
       99% completed,  00:0:11 (hh:mm:ss) est. time remaining.
       99% completed,  00:0:11 (hh:mm:ss) est. time remaining.
       99% completed,  00:0:10 (hh:mm:ss) est. time remaining.
       99% completed,  00:0:10 (hh:mm:ss) est. time remaining.
       99% completed,  00:0:10 (hh:mm:ss) est. time remaining.
       99% completed,  00:0:09 (hh:mm:ss) est. time remaining.
       99% completed,  00:0:09 (hh:mm:ss) est. time remaining.
       99% completed,  00:0:09 (hh:mm:ss) est. time remaining.
       99% completed,  00:0:09 (hh:mm:ss) est. time remaining.
       99% completed,  00:0:08 (hh:mm:ss) est. time remaining.
       99% completed,  00:0:08 (hh:mm:ss) est. time remaining.
       99% completed,  00:0:08 (hh:mm:ss) est. time remaining.
       99% completed,  00:0:08 (hh:mm:ss) est. time remaining.
       99% completed,  00:0:08 (hh:mm:ss) est. time remaining.
       99% completed,  00:0:07 (hh:mm:ss) est. time remaining.
       99% completed,  00:0:07 (hh:mm:ss) est. time remaining.
       99% completed,  00:0:07 (hh:mm:ss) est. time remaining.
       99% completed,  00:0:07 (hh:mm:ss) est. time remaining.
       99% completed,  00:0:06 (hh:mm:ss) est. time remaining.
       99% completed,  00:0:06 (hh:mm:ss) est. time remaining.
       99% completed,  00:0:06 (hh:mm:ss) est. time remaining.
       99% completed,  00:0:06 (hh:mm:ss) est. time remaining.
       99% completed,  00:0:06 (hh:mm:ss) est. time remaining.
       99% completed,  00:0:05 (hh:mm:ss) est. time remaining.
       99% completed,  00:0:05 (hh:mm:ss) est. time remaining.
       99% completed,  00:0:05 (hh:mm:ss) est. time remaining.
       99% completed,  00:0:05 (hh:mm:ss) est. time remaining.
       99% completed,  00:0:05 (hh:mm:ss) est. time remaining.
       99% completed,  00:0:04 (hh:mm:ss) est. time remaining.
       99% completed,  00:0:04 (hh:mm:ss) est. time remaining.
       99% completed,  00:0:04 (hh:mm:ss) est. time remaining.
       99% completed,  00:0:04 (hh:mm:ss) est. time remaining.
       99% completed,  00:0:04 (hh:mm:ss) est. time remaining.
       99% completed,  00:0:04 (hh:mm:ss) est. time remaining.
       99% completed,  00:0:03 (hh:mm:ss) est. time remaining.
       99% completed,  00:0:03 (hh:mm:ss) est. time remaining.
       99% completed,  00:0:03 (hh:mm:ss) est. time remaining.
       99% completed,  00:0:03 (hh:mm:ss) est. time remaining.
       99% completed,  00:0:03 (hh:mm:ss) est. time remaining.
       99% completed,  00:0:03 (hh:mm:ss) est. time remaining.
       99% completed,  00:0:03 (hh:mm:ss) est. time remaining.
       99% completed,  00:0:02 (hh:mm:ss) est. time remaining.
       99% completed,  00:0:02 (hh:mm:ss) est. time remaining.
       99% completed,  00:0:02 (hh:mm:ss) est. time remaining.
       99% completed,  00:0:02 (hh:mm:ss) est. time remaining.
       99% completed,  00:0:02 (hh:mm:ss) est. time remaining.
       99% completed,  00:0:02 (hh:mm:ss) est. time remaining.
       99% completed,  00:0:02 (hh:mm:ss) est. time remaining.
       99% completed,  00:0:02 (hh:mm:ss) est. time remaining.
       99% completed,  00:0:01 (hh:mm:ss) est. time remaining.
       99% completed,  00:0:01 (hh:mm:ss) est. time remaining.
       99% completed,  00:0:01 (hh:mm:ss) est. time remaining.
       99% completed,  00:0:01 (hh:mm:ss) est. time remaining.
       99% completed,  00:0:01 (hh:mm:ss) est. time remaining.
       99% completed,  00:0:01 (hh:mm:ss) est. time remaining.
       99% completed,  00:0:01 (hh:mm:ss) est. time remaining.
       99% completed,  00:0:01 (hh:mm:ss) est. time remaining.
       99% completed,  00:0:01 (hh:mm:ss) est. time remaining.
       99% completed,  00:0:01 (hh:mm:ss) est. time remaining.
       99% completed,  00:0:00 (hh:mm:ss) est. time remaining.
       99% completed,  00:0:00 (hh:mm:ss) est. time remaining.
       99% completed,  00:0:00 (hh:mm:ss) est. time remaining.
       99% completed,  00:0:00 (hh:mm:ss) est. time remaining.
       99% completed,  00:0:00 (hh:mm:ss) est. time remaining.
       99% completed,  00:0:00 (hh:mm:ss) est. time remaining.
       99% completed,  00:0:00 (hh:mm:ss) est. time remaining.
       99% completed,  00:0:00 (hh:mm:ss) est. time remaining.
       99% completed,  00:0:00 (hh:mm:ss) est. time remaining.
       99% completed,  00:0:00 (hh:mm:ss) est. time remaining.
       99% completed,  00:0:00 (hh:mm:ss) est. time remaining.
       99% completed,  00:0:00 (hh:mm:ss) est. time remaining.
       99% completed,  00:0:00 (hh:mm:ss) est. time remaining.
       99% completed,  00:0:00 (hh:mm:ss) est. time remaining.
       99% completed,  00:0:00 (hh:mm:ss) est. time remaining.
       99% completed,  00:0:00 (hh:mm:ss) est. time remaining.
       99% completed,  00:0:00 (hh:mm:ss) est. time remaining.
       99% completed,  00:0:00 (hh:mm:ss) est. time remaining.
       99% completed,  00:0:00 (hh:mm:ss) est. time remaining.
       99% completed,  00:0:00 (hh:mm:ss) est. time remaining.
       99% completed,  00:0:00 (hh:mm:ss) est. time remaining.
       99% completed,  00:0:00 (hh:mm:ss) est. time remaining.
       99% completed,  00:0:00 (hh:mm:ss) est. time remaining.
       99% completed,  00:0:00 (hh:mm:ss) est. time remaining.
      100% completed,  00:0:00 (hh:mm:ss) est. time remaining.
Comparison Time: 08:51:39 (hh:mm:ss) Elapsed Time, 437331 HSPs Collected
  - RECON: Running imagespread..
RECON Elapsed: 00:00:01 (hh:mm:ss) Elapsed Time
  - RECON: Running initial definition of elements ( eledef )..
RECON Elapsed: 00:00:08 (hh:mm:ss) Elapsed Time
  - RECON: Running re-definition of elements ( eleredef )..
RECON Elapsed: 00:01:37 (hh:mm:ss) Elapsed Time
  - RECON: Running re-definition of edges ( edgeredef )..
RECON Elapsed: 00:34:28 (hh:mm:ss) Elapsed Time
  - RECON: Running family definition ( famdef )..
RECON Elapsed: 00:00:04 (hh:mm:ss) Elapsed Time
  - Obtaining element sequences
Number of families returned by RECON: 24677
Processing families with greater than 15 elements

Processing RECON family: 76
  - Saving 302 elements
  - Refining family-76 model...

Processing RECON family: 1539
  - Saving 152 elements
  - Refining family-1539 model...

Processing RECON family: 2063
  - Saving 103 elements
  - Refining family-2063 model...

Processing RECON family: 572
  - Saving 103 elements
  - Refining family-572 model...

Processing RECON family: 388
  - Saving 96 elements
  - Refining family-388 model...

Processing RECON family: 161
  - Saving 93 elements
  - Refining family-161 model...

Processing RECON family: 1322
  - Saving 91 elements
  - Refining family-1322 model...

Processing RECON family: 447
  - Saving 91 elements
  - Refining family-447 model...

Processing RECON family: 425
  - Saving 90 elements
  - Refining family-425 model...

Processing RECON family: 3860
  - Saving 86 elements
  - Refining family-3860 model...

Processing RECON family: 588
  - Saving 83 elements
  - Refining family-588 model...

Processing RECON family: 818
  - Saving 80 elements
  - Refining family-818 model...

Processing RECON family: 516
  - Saving 79 elements
  - Refining family-516 model...

Processing RECON family: 3421
  - Saving 74 elements
  - Refining family-3421 model...

Processing RECON family: 110
  - Saving 73 elements
  - Refining family-110 model...

Processing RECON family: 849
  - Saving 72 elements
  - Refining family-849 model...

Processing RECON family: 1560
  - Saving 72 elements
  - Refining family-1560 model...

Processing RECON family: 380
  - Saving 71 elements
  - Refining family-380 model...

Processing RECON family: 804
  - Saving 69 elements
  - Refining family-804 model...

Processing RECON family: 317
  - Saving 69 elements
  - Refining family-317 model...

Processing RECON family: 162
  - Saving 69 elements
  - Refining family-162 model...

Processing RECON family: 687
  - Saving 67 elements
  - Refining family-687 model...

Processing RECON family: 414
  - Saving 66 elements
  - Refining family-414 model...

Processing RECON family: 8408
  - Saving 65 elements
  - Refining family-8408 model...

Processing RECON family: 2141
  - Saving 65 elements
  - Refining family-2141 model...

Processing RECON family: 850
  - Saving 64 elements
  - Refining family-850 model...

Processing RECON family: 2528
  - Saving 63 elements
  - Refining family-2528 model...

Processing RECON family: 3236
  - Saving 61 elements
  - Refining family-3236 model...

Processing RECON family: 534
  - Saving 59 elements
  - Refining family-534 model...

Processing RECON family: 2938
  - Saving 59 elements
  - Refining family-2938 model...

Processing RECON family: 925
  - Saving 59 elements
  - Refining family-925 model...

Processing RECON family: 14
  - Saving 57 elements
  - Refining family-14 model...

Processing RECON family: 4720
  - Saving 56 elements
  - Refining family-4720 model...

Processing RECON family: 7350
  - Saving 55 elements
  - Refining family-7350 model...

Processing RECON family: 2398
  - Saving 55 elements
  - Refining family-2398 model...

Processing RECON family: 3775
  - Saving 55 elements
  - Refining family-3775 model...

Processing RECON family: 214
  - Saving 55 elements
  - Refining family-214 model...

Processing RECON family: 568
  - Saving 54 elements
  - Refining family-568 model...

Processing RECON family: 4827
  - Saving 53 elements
  - Refining family-4827 model...

Processing RECON family: 2314
  - Saving 53 elements
  - Refining family-2314 model...

Processing RECON family: 2666
  - Saving 52 elements
  - Refining family-2666 model...

Processing RECON family: 3793
  - Saving 52 elements
  - Refining family-3793 model...

Processing RECON family: 998
  - Saving 52 elements
  - Refining family-998 model...

Processing RECON family: 204
  - Saving 51 elements
  - Refining family-204 model...

Processing RECON family: 2744
  - Saving 51 elements
  - Refining family-2744 model...

Processing RECON family: 2499
  - Saving 51 elements
  - Refining family-2499 model...

Processing RECON family: 2087
  - Saving 51 elements
  - Refining family-2087 model...

Processing RECON family: 1340
  - Saving 51 elements
  - Refining family-1340 model...

Processing RECON family: 3021
  - Saving 50 elements
  - Refining family-3021 model...

Processing RECON family: 1557
  - Saving 50 elements
  - Refining family-1557 model...

Processing RECON family: 4125
  - Saving 49 elements
  - Refining family-4125 model...

Processing RECON family: 2280
  - Saving 48 elements
  - Refining family-2280 model...

Processing RECON family: 989
  - Saving 48 elements
  - Refining family-989 model...

Processing RECON family: 718
  - Saving 48 elements
  - Refining family-718 model...

Processing RECON family: 3759
  - Saving 48 elements
  - Refining family-3759 model...

Processing RECON family: 653
  - Saving 47 elements
  - Refining family-653 model...

Processing RECON family: 1401
  - Saving 47 elements
  - Refining family-1401 model...

Processing RECON family: 4483
  - Saving 46 elements
  - Refining family-4483 model...

Processing RECON family: 2155
  - Saving 46 elements
  - Refining family-2155 model...

Processing RECON family: 2904
  - Saving 46 elements
  - Refining family-2904 model...

Processing RECON family: 62
  - Saving 46 elements
  - Refining family-62 model...

Processing RECON family: 1784
  - Saving 46 elements
  - Refining family-1784 model...

Processing RECON family: 438
  - Saving 45 elements
  - Refining family-438 model...

Processing RECON family: 5734
  - Saving 45 elements
  - Refining family-5734 model...

Processing RECON family: 792
  - Saving 45 elements
  - Refining family-792 model...

Processing RECON family: 95
  - Saving 45 elements
  - Refining family-95 model...

Processing RECON family: 3950
  - Saving 44 elements
  - Refining family-3950 model...

Processing RECON family: 817
  - Saving 44 elements
  - Refining family-817 model...

Processing RECON family: 3944
  - Saving 44 elements
  - Refining family-3944 model...

Processing RECON family: 2257
  - Saving 43 elements
  - Refining family-2257 model...

Processing RECON family: 4397
  - Saving 43 elements
  - Refining family-4397 model...

Processing RECON family: 943
  - Saving 43 elements
  - Refining family-943 model...

Processing RECON family: 6498
  - Saving 43 elements
  - Refining family-6498 model...

Processing RECON family: 515
  - Saving 42 elements
  - Refining family-515 model...

Processing RECON family: 2248
  - Saving 42 elements
  - Refining family-2248 model...

Processing RECON family: 2591
  - Saving 42 elements
  - Refining family-2591 model...

Processing RECON family: 825
  - Saving 42 elements
  - Refining family-825 model...

Processing RECON family: 1370
  - Saving 42 elements
  - Refining family-1370 model...

Processing RECON family: 2425
  - Saving 42 elements
  - Refining family-2425 model...

Processing RECON family: 4248
  - Saving 42 elements
  - Refining family-4248 model...

Processing RECON family: 1935
  - Saving 42 elements
  - Refining family-1935 model...

Processing RECON family: 3214
  - Saving 41 elements
  - Refining family-3214 model...

Processing RECON family: 2165
  - Saving 41 elements
  - Refining family-2165 model...

Processing RECON family: 7409
  - Saving 41 elements
  - Refining family-7409 model...

Processing RECON family: 3096
  - Saving 41 elements
  - Refining family-3096 model...

Processing RECON family: 3053
  - Saving 41 elements
  - Refining family-3053 model...

Processing RECON family: 1472
  - Saving 41 elements
  - Refining family-1472 model...

Processing RECON family: 10803
  - Saving 40 elements
  - Refining family-10803 model...

Processing RECON family: 359
  - Saving 40 elements
  - Refining family-359 model...

Processing RECON family: 1288
  - Saving 40 elements
  - Refining family-1288 model...

Processing RECON family: 761
  - Saving 40 elements
  - Refining family-761 model...

Processing RECON family: 569
  - Saving 40 elements
  - Refining family-569 model...

Processing RECON family: 3218
  - Saving 40 elements
  - Refining family-3218 model...

Processing RECON family: 13725
  - Saving 40 elements
  - Refining family-13725 model...

Processing RECON family: 2633
  - Saving 39 elements
  - Refining family-2633 model...

Processing RECON family: 8937
  - Saving 39 elements
  - Refining family-8937 model...

Processing RECON family: 5735
  - Saving 39 elements
  - Refining family-5735 model...

Processing RECON family: 2434
  - Saving 39 elements
  - Refining family-2434 model...

Processing RECON family: 1628
  - Saving 39 elements
  - Refining family-1628 model...

Processing RECON family: 2046
  - Saving 39 elements
  - Refining family-2046 model...

Processing RECON family: 3141
  - Saving 39 elements
  - Refining family-3141 model...

Processing RECON family: 1707
  - Saving 39 elements
  - Refining family-1707 model...

Processing RECON family: 459
  - Saving 39 elements
  - Refining family-459 model...

Processing RECON family: 518
  - Saving 38 elements
  - Refining family-518 model...

Processing RECON family: 1582
  - Saving 38 elements
  - Refining family-1582 model...

Processing RECON family: 8357
  - Saving 38 elements
  - Refining family-8357 model...

Processing RECON family: 639
  - Saving 38 elements
  - Refining family-639 model...

Processing RECON family: 3192
  - Saving 38 elements
  - Refining family-3192 model...

Processing RECON family: 3623
  - Saving 38 elements
  - Refining family-3623 model...

Processing RECON family: 728
  - Saving 38 elements
  - Refining family-728 model...

Processing RECON family: 236
  - Saving 38 elements
  - Refining family-236 model...

Processing RECON family: 87
  - Saving 37 elements
  - Refining family-87 model...

Processing RECON family: 623
  - Saving 37 elements
  - Refining family-623 model...

Processing RECON family: 5549
  - Saving 37 elements
  - Refining family-5549 model...

Processing RECON family: 28
  - Saving 37 elements
  - Refining family-28 model...

Processing RECON family: 1154
  - Saving 37 elements
  - Refining family-1154 model...

Processing RECON family: 778
  - Saving 37 elements
  - Refining family-778 model...

Processing RECON family: 3118
  - Saving 37 elements
  - Refining family-3118 model...

Processing RECON family: 2740
  - Saving 37 elements
  - Refining family-2740 model...

Processing RECON family: 3123
  - Saving 36 elements
  - Refining family-3123 model...

Processing RECON family: 2423
  - Saving 36 elements
  - Refining family-2423 model...

Processing RECON family: 7540
  - Saving 36 elements
  - Refining family-7540 model...

Processing RECON family: 2678
  - Saving 36 elements
  - Refining family-2678 model...

Processing RECON family: 3849
  - Saving 36 elements
  - Refining family-3849 model...

Processing RECON family: 3394
  - Saving 36 elements
  - Refining family-3394 model...

Processing RECON family: 2667
  - Saving 36 elements
  - Refining family-2667 model...

Processing RECON family: 1245
  - Saving 35 elements
  - Refining family-1245 model...

Processing RECON family: 325
  - Saving 35 elements
  - Refining family-325 model...

Processing RECON family: 1760
  - Saving 35 elements
  - Refining family-1760 model...

Processing RECON family: 1036
  - Saving 35 elements
  - Refining family-1036 model...

Processing RECON family: 8097
  - Saving 35 elements
  - Refining family-8097 model...

Processing RECON family: 2419
  - Saving 35 elements
  - Refining family-2419 model...

Processing RECON family: 1612
  - Saving 35 elements
  - Refining family-1612 model...

Processing RECON family: 751
  - Saving 35 elements
  - Refining family-751 model...

Processing RECON family: 4984
  - Saving 35 elements
  - Refining family-4984 model...

Processing RECON family: 2682
  - Saving 34 elements
  - Refining family-2682 model...

Processing RECON family: 401
  - Saving 34 elements
  - Refining family-401 model...

Processing RECON family: 493
  - Saving 34 elements
  - Refining family-493 model...

Processing RECON family: 484
  - Saving 34 elements
  - Refining family-484 model...

Processing RECON family: 1428
  - Saving 34 elements
  - Refining family-1428 model...

Processing RECON family: 8143
  - Saving 33 elements
  - Refining family-8143 model...

Processing RECON family: 843
  - Saving 33 elements
  - Refining family-843 model...

Processing RECON family: 194
  - Saving 33 elements
  - Refining family-194 model...

Processing RECON family: 958
  - Saving 33 elements
  - Refining family-958 model...

Processing RECON family: 1092
  - Saving 33 elements
  - Refining family-1092 model...

Processing RECON family: 4290
  - Saving 33 elements
  - Refining family-4290 model...

Processing RECON family: 9723
  - Saving 33 elements
  - Refining family-9723 model...

Processing RECON family: 4627
  - Saving 33 elements
  - Refining family-4627 model...

Processing RECON family: 4613
  - Saving 33 elements
  - Refining family-4613 model...

Processing RECON family: 267
  - Saving 32 elements
  - Refining family-267 model...

Processing RECON family: 232
  - Saving 32 elements
  - Refining family-232 model...

Processing RECON family: 9664
  - Saving 32 elements
  - Refining family-9664 model...

Processing RECON family: 1826
  - Saving 32 elements
  - Refining family-1826 model...

Processing RECON family: 3474
  - Saving 32 elements
  - Refining family-3474 model...

Processing RECON family: 654
  - Saving 32 elements
  - Refining family-654 model...

Processing RECON family: 13589
  - Saving 32 elements
  - Refining family-13589 model...

Processing RECON family: 2266
  - Saving 32 elements
  - Refining family-2266 model...

Processing RECON family: 4400
  - Saving 32 elements
  - Refining family-4400 model...

Processing RECON family: 8667
  - Saving 32 elements
  - Refining family-8667 model...

Processing RECON family: 6340
  - Saving 31 elements
  - Refining family-6340 model...

Processing RECON family: 4213
  - Saving 31 elements
  - Refining family-4213 model...

Processing RECON family: 1296
  - Saving 31 elements
  - Refining family-1296 model...

Processing RECON family: 1697
  - Saving 31 elements
  - Refining family-1697 model...

Processing RECON family: 1424
  - Saving 31 elements
  - Refining family-1424 model...

Processing RECON family: 529
  - Saving 31 elements
  - Refining family-529 model...

Processing RECON family: 2017
  - Saving 31 elements
  - Refining family-2017 model...

Processing RECON family: 4012
  - Saving 31 elements
  - Refining family-4012 model...

Processing RECON family: 1261
  - Saving 31 elements
  - Refining family-1261 model...

Processing RECON family: 3622
  - Saving 31 elements
  - Refining family-3622 model...

Processing RECON family: 3593
  - Saving 31 elements
  - Refining family-3593 model...

Processing RECON family: 2272
  - Saving 30 elements
  - Refining family-2272 model...

Processing RECON family: 749
  - Saving 30 elements
  - Refining family-749 model...

Processing RECON family: 2391
  - Saving 30 elements
  - Refining family-2391 model...

Processing RECON family: 5271
  - Saving 30 elements
  - Refining family-5271 model...

Processing RECON family: 6289
  - Saving 30 elements
  - Refining family-6289 model...

Processing RECON family: 19858
  - Saving 30 elements
  - Refining family-19858 model...

Processing RECON family: 453
  - Saving 30 elements
  - Refining family-453 model...

Processing RECON family: 2713
  - Saving 30 elements
  - Refining family-2713 model...

Processing RECON family: 11185
  - Saving 30 elements
  - Refining family-11185 model...

Processing RECON family: 5097
  - Saving 30 elements
  - Refining family-5097 model...

Processing RECON family: 1528
  - Saving 30 elements
  - Refining family-1528 model...

Processing RECON family: 13136
  - Saving 30 elements
  - Refining family-13136 model...

Processing RECON family: 852
  - Saving 30 elements
  - Refining family-852 model...

Processing RECON family: 1399
  - Saving 30 elements
  - Refining family-1399 model...

Processing RECON family: 4471
  - Saving 29 elements
  - Refining family-4471 model...

Processing RECON family: 1351
  - Saving 29 elements
  - Refining family-1351 model...

Processing RECON family: 12107
  - Saving 29 elements
  - Refining family-12107 model...

Processing RECON family: 1850
  - Saving 29 elements
  - Refining family-1850 model...

Processing RECON family: 1556
  - Saving 29 elements
  - Refining family-1556 model...

Processing RECON family: 2869
  - Saving 29 elements
  - Refining family-2869 model...

Processing RECON family: 6838
  - Saving 29 elements
  - Refining family-6838 model...

Processing RECON family: 864
  - Saving 29 elements
  - Refining family-864 model...

Processing RECON family: 3301
  - Saving 29 elements
  - Refining family-3301 model...

Processing RECON family: 195
  - Saving 29 elements
  - Refining family-195 model...

Processing RECON family: 956
  - Saving 29 elements
  - Refining family-956 model...

Processing RECON family: 1839
  - Saving 29 elements
  - Refining family-1839 model...

Processing RECON family: 1729
  - Saving 29 elements
  - Refining family-1729 model...

Processing RECON family: 5171
  - Saving 29 elements
  - Refining family-5171 model...

Processing RECON family: 4207
  - Saving 29 elements
  - Refining family-4207 model...

Processing RECON family: 94
  - Saving 29 elements
  - Refining family-94 model...

Processing RECON family: 5544
  - Saving 29 elements
  - Refining family-5544 model...

Processing RECON family: 3453
  - Saving 29 elements
  - Refining family-3453 model...

Processing RECON family: 2844
  - Saving 28 elements
  - Refining family-2844 model...

Processing RECON family: 17829
  - Saving 28 elements
  - Refining family-17829 model...

Processing RECON family: 2404
  - Saving 28 elements
  - Refining family-2404 model...

Processing RECON family: 9351
  - Saving 28 elements
  - Refining family-9351 model...

Processing RECON family: 5287
  - Saving 28 elements
  - Refining family-5287 model...

Processing RECON family: 4298
  - Saving 28 elements
  - Refining family-4298 model...

Processing RECON family: 1283
  - Saving 28 elements
  - Refining family-1283 model...

Processing RECON family: 15552
  - Saving 28 elements
  - Refining family-15552 model...

Processing RECON family: 329
  - Saving 28 elements
  - Refining family-329 model...

Processing RECON family: 1241
  - Saving 28 elements
  - Refining family-1241 model...

Processing RECON family: 4102
  - Saving 28 elements
  - Refining family-4102 model...

Processing RECON family: 5639
  - Saving 28 elements
  - Refining family-5639 model...

Processing RECON family: 171
  - Saving 28 elements
  - Refining family-171 model...

Processing RECON family: 824
  - Saving 28 elements
  - Refining family-824 model...

Processing RECON family: 4808
  - Saving 28 elements
  - Refining family-4808 model...

Processing RECON family: 2381
  - Saving 28 elements
  - Refining family-2381 model...

Processing RECON family: 7437
  - Saving 28 elements
  - Refining family-7437 model...

Processing RECON family: 4899
  - Saving 28 elements
  - Refining family-4899 model...

Processing RECON family: 4633
  - Saving 28 elements
  - Refining family-4633 model...

Processing RECON family: 1576
  - Saving 28 elements
  - Refining family-1576 model...

Processing RECON family: 3028
  - Saving 28 elements
  - Refining family-3028 model...

Processing RECON family: 5986
  - Saving 28 elements
  - Refining family-5986 model...

Processing RECON family: 975
  - Saving 28 elements
  - Refining family-975 model...

Processing RECON family: 3051
  - Saving 28 elements
  - Refining family-3051 model...

Processing RECON family: 2250
  - Saving 27 elements
  - Refining family-2250 model...

Processing RECON family: 4752
  - Saving 27 elements
  - Refining family-4752 model...

Processing RECON family: 2251
  - Saving 27 elements
  - Refining family-2251 model...

Processing RECON family: 403
  - Saving 27 elements
  - Refining family-403 model...

Processing RECON family: 5847
  - Saving 27 elements
  - Refining family-5847 model...

Processing RECON family: 5663
  - Saving 27 elements
  - Refining family-5663 model...

Processing RECON family: 12069
  - Saving 27 elements
  - Refining family-12069 model...

Processing RECON family: 3226
  - Saving 27 elements
  - Refining family-3226 model...

Processing RECON family: 1139
  - Saving 27 elements
  - Refining family-1139 model...

Processing RECON family: 7924
  - Saving 27 elements
  - Refining family-7924 model...

Processing RECON family: 6781
  - Saving 27 elements
  - Refining family-6781 model...

Processing RECON family: 7863
  - Saving 27 elements
  - Refining family-7863 model...

Processing RECON family: 1068
  - Saving 27 elements
  - Refining family-1068 model...

Processing RECON family: 2085
  - Saving 27 elements
  - Refining family-2085 model...

Processing RECON family: 145
  - Saving 27 elements
  - Refining family-145 model...

Processing RECON family: 2329
  - Saving 27 elements
  - Refining family-2329 model...

Processing RECON family: 6596
  - Saving 27 elements
  - Refining family-6596 model...

Processing RECON family: 713
  - Saving 27 elements
  - Refining family-713 model...

Processing RECON family: 2681
  - Saving 27 elements
  - Refining family-2681 model...

Processing RECON family: 6239
  - Saving 27 elements
  - Refining family-6239 model...

Processing RECON family: 8042
  - Saving 27 elements
  - Refining family-8042 model...

Processing RECON family: 5022
  - Saving 27 elements
  - Refining family-5022 model...

Processing RECON family: 9107
  - Saving 27 elements
  - Refining family-9107 model...

Processing RECON family: 2125
  - Saving 27 elements
  - Refining family-2125 model...

Processing RECON family: 4105
  - Saving 27 elements
  - Refining family-4105 model...

Processing RECON family: 5258
  - Saving 27 elements
  - Refining family-5258 model...

Processing RECON family: 20054
  - Saving 26 elements
  - Refining family-20054 model...

Processing RECON family: 2893
  - Saving 26 elements
  - Refining family-2893 model...

Processing RECON family: 10412
  - Saving 26 elements
  - Refining family-10412 model...

Processing RECON family: 4385
  - Saving 26 elements
  - Refining family-4385 model...

Processing RECON family: 40
  - Saving 26 elements
  - Refining family-40 model...

Processing RECON family: 271
  - Saving 26 elements
  - Refining family-271 model...

Processing RECON family: 3052
  - Saving 26 elements
  - Refining family-3052 model...

Processing RECON family: 14323
  - Saving 26 elements
  - Refining family-14323 model...

Processing RECON family: 4001
  - Saving 26 elements
  - Refining family-4001 model...

Processing RECON family: 3234
  - Saving 26 elements
  - Refining family-3234 model...

Processing RECON family: 1626
  - Saving 26 elements
  - Refining family-1626 model...

Processing RECON family: 3038
  - Saving 26 elements
  - Refining family-3038 model...

Processing RECON family: 712
  - Saving 26 elements
  - Refining family-712 model...

Processing RECON family: 4219
  - Saving 26 elements
  - Refining family-4219 model...

Processing RECON family: 1496
  - Saving 26 elements
  - Refining family-1496 model...

Processing RECON family: 5592
  - Saving 26 elements
  - Refining family-5592 model...

Processing RECON family: 1943
  - Saving 26 elements
  - Refining family-1943 model...

Processing RECON family: 4764
  - Saving 26 elements
  - Refining family-4764 model...

Processing RECON family: 719
  - Saving 26 elements
  - Refining family-719 model...

Processing RECON family: 10815
  - Saving 26 elements
  - Refining family-10815 model...

Processing RECON family: 3628
  - Saving 26 elements
  - Refining family-3628 model...

Processing RECON family: 979
  - Saving 26 elements
  - Refining family-979 model...

Processing RECON family: 2752
  - Saving 26 elements
  - Refining family-2752 model...

Processing RECON family: 3662
  - Saving 25 elements
  - Refining family-3662 model...

Processing RECON family: 11901
  - Saving 25 elements
  - Refining family-11901 model...

Processing RECON family: 1436
  - Saving 25 elements
  - Refining family-1436 model...

Processing RECON family: 2396
  - Saving 25 elements
  - Refining family-2396 model...

Processing RECON family: 29
  - Saving 25 elements
  - Refining family-29 model...

Processing RECON family: 2264
  - Saving 25 elements
  - Refining family-2264 model...

Processing RECON family: 690
  - Saving 25 elements
  - Refining family-690 model...

Processing RECON family: 1268
  - Saving 25 elements
  - Refining family-1268 model...

Processing RECON family: 10263
  - Saving 25 elements
  - Refining family-10263 model...

Processing RECON family: 2192
  - Saving 25 elements
  - Refining family-2192 model...

Processing RECON family: 1791
  - Saving 25 elements
  - Refining family-1791 model...

Processing RECON family: 11212
  - Saving 25 elements
  - Refining family-11212 model...

Processing RECON family: 4150
  - Saving 25 elements
  - Refining family-4150 model...

Processing RECON family: 1750
  - Saving 25 elements
  - Refining family-1750 model...

Processing RECON family: 1276
  - Saving 25 elements
  - Refining family-1276 model...

Processing RECON family: 261
  - Saving 25 elements
  - Refining family-261 model...

Processing RECON family: 4370
  - Saving 25 elements
  - Refining family-4370 model...

Processing RECON family: 5186
  - Saving 25 elements
  - Refining family-5186 model...

Processing RECON family: 5752
  - Saving 25 elements
  - Refining family-5752 model...

Processing RECON family: 2195
  - Saving 24 elements
  - Refining family-2195 model...

Processing RECON family: 4166
  - Saving 24 elements
  - Refining family-4166 model...

Processing RECON family: 255
  - Saving 24 elements
  - Refining family-255 model...

Processing RECON family: 3669
  - Saving 24 elements
  - Refining family-3669 model...

Processing RECON family: 4029
  - Saving 24 elements
  - Refining family-4029 model...

Processing RECON family: 6711
  - Saving 24 elements
  - Refining family-6711 model...

Processing RECON family: 3303
  - Saving 24 elements
  - Refining family-3303 model...

Processing RECON family: 1416
  - Saving 24 elements
  - Refining family-1416 model...

Processing RECON family: 3312
  - Saving 24 elements
  - Refining family-3312 model...

Processing RECON family: 832
  - Saving 24 elements
  - Refining family-832 model...

Processing RECON family: 2285
  - Saving 24 elements
  - Refining family-2285 model...

Processing RECON family: 2960
  - Saving 24 elements
  - Refining family-2960 model...

Processing RECON family: 3031
  - Saving 24 elements
  - Refining family-3031 model...

Processing RECON family: 5026
  - Saving 24 elements
  - Refining family-5026 model...

Processing RECON family: 1893
  - Saving 24 elements
  - Refining family-1893 model...

Processing RECON family: 104
  - Saving 24 elements
  - Refining family-104 model...

Processing RECON family: 2470
  - Saving 24 elements
  - Refining family-2470 model...

Processing RECON family: 3138
  - Saving 24 elements
  - Refining family-3138 model...

Processing RECON family: 1900
  - Saving 24 elements
  - Refining family-1900 model...

Processing RECON family: 2903
  - Saving 24 elements
  - Refining family-2903 model...

Processing RECON family: 445
  - Saving 24 elements
  - Refining family-445 model...

Processing RECON family: 2092
  - Saving 23 elements
  - Refining family-2092 model...

Processing RECON family: 4518
  - Saving 23 elements
  - Refining family-4518 model...

Processing RECON family: 1140
  - Saving 23 elements
  - Refining family-1140 model...

Processing RECON family: 3217
  - Saving 23 elements
  - Refining family-3217 model...

Processing RECON family: 4821
  - Saving 23 elements
  - Refining family-4821 model...

Processing RECON family: 2873
  - Saving 23 elements
  - Refining family-2873 model...

Processing RECON family: 1640
  - Saving 23 elements
  - Refining family-1640 model...

Processing RECON family: 1107
  - Saving 23 elements
  - Refining family-1107 model...

Processing RECON family: 4584
  - Saving 23 elements
  - Refining family-4584 model...

Processing RECON family: 1683
  - Saving 23 elements
  - Refining family-1683 model...

Processing RECON family: 5805
  - Saving 23 elements
  - Refining family-5805 model...

Processing RECON family: 20
  - Saving 23 elements
  - Refining family-20 model...

Processing RECON family: 4383
  - Saving 23 elements
  - Refining family-4383 model...

Processing RECON family: 11006
  - Saving 23 elements
  - Refining family-11006 model...

Processing RECON family: 12995
  - Saving 23 elements
  - Refining family-12995 model...

Processing RECON family: 647
  - Saving 23 elements
  - Refining family-647 model...

Processing RECON family: 3208
  - Saving 23 elements
  - Refining family-3208 model...

Processing RECON family: 8546
  - Saving 22 elements
  - Refining family-8546 model...

Processing RECON family: 4103
  - Saving 22 elements
  - Refining family-4103 model...

Processing RECON family: 3715
  - Saving 22 elements
  - Refining family-3715 model...

Processing RECON family: 2235
  - Saving 22 elements
  - Refining family-2235 model...

Processing RECON family: 13810
  - Saving 22 elements
  - Refining family-13810 model...

Processing RECON family: 4170
  - Saving 22 elements
  - Refining family-4170 model...

Processing RECON family: 7520
  - Saving 22 elements
  - Refining family-7520 model...

Processing RECON family: 7842
  - Saving 22 elements
  - Refining family-7842 model...

Processing RECON family: 7685
  - Saving 22 elements
  - Refining family-7685 model...

Processing RECON family: 295
  - Saving 22 elements
  - Refining family-295 model...

Processing RECON family: 8422
  - Saving 22 elements
  - Refining family-8422 model...

Processing RECON family: 1310
  - Saving 22 elements
  - Refining family-1310 model...

Processing RECON family: 1782
  - Saving 22 elements
  - Refining family-1782 model...

Processing RECON family: 1837
  - Saving 22 elements
  - Refining family-1837 model...

Processing RECON family: 1393
  - Saving 22 elements
  - Refining family-1393 model...

Processing RECON family: 2397
  - Saving 22 elements
  - Refining family-2397 model...

Processing RECON family: 5023
  - Saving 22 elements
  - Refining family-5023 model...

Processing RECON family: 8245
  - Saving 22 elements
  - Refining family-8245 model...

Processing RECON family: 402
  - Saving 22 elements
  - Refining family-402 model...

Processing RECON family: 11215
  - Saving 22 elements
  - Refining family-11215 model...

Processing RECON family: 158
  - Saving 22 elements
  - Refining family-158 model...

Processing RECON family: 6694
  - Saving 22 elements
  - Refining family-6694 model...

Processing RECON family: 561
  - Saving 22 elements
  - Refining family-561 model...

Processing RECON family: 779
  - Saving 22 elements
  - Refining family-779 model...

Processing RECON family: 1230
  - Saving 22 elements
  - Refining family-1230 model...

Processing RECON family: 1018
  - Saving 22 elements
  - Refining family-1018 model...

Processing RECON family: 5310
  - Saving 22 elements
  - Refining family-5310 model...

Processing RECON family: 1066
  - Saving 22 elements
  - Refining family-1066 model...

Processing RECON family: 1359
  - Saving 22 elements
  - Refining family-1359 model...

Processing RECON family: 6604
  - Saving 22 elements
  - Refining family-6604 model...

Processing RECON family: 5404
  - Saving 21 elements
  - Refining family-5404 model...

Processing RECON family: 2242
  - Saving 21 elements
  - Refining family-2242 model...

Processing RECON family: 147
  - Saving 21 elements
  - Refining family-147 model...

Processing RECON family: 1065
  - Saving 21 elements
  - Refining family-1065 model...

Processing RECON family: 1936
  - Saving 21 elements
  - Refining family-1936 model...

Processing RECON family: 9447
  - Saving 21 elements
  - Refining family-9447 model...

Processing RECON family: 7127
  - Saving 21 elements
  - Refining family-7127 model...

Processing RECON family: 9916
  - Saving 21 elements
  - Refining family-9916 model...

Processing RECON family: 133
  - Saving 21 elements
  - Refining family-133 model...

Processing RECON family: 1427
  - Saving 21 elements
  - Refining family-1427 model...

Processing RECON family: 4035
  - Saving 21 elements
  - Refining family-4035 model...

Processing RECON family: 3280
  - Saving 21 elements
  - Refining family-3280 model...

Processing RECON family: 8608
  - Saving 21 elements
  - Refining family-8608 model...

Processing RECON family: 1867
  - Saving 21 elements
  - Refining family-1867 model...

Processing RECON family: 2450
  - Saving 21 elements
  - Refining family-2450 model...

Processing RECON family: 8358
  - Saving 21 elements
  - Refining family-8358 model...

Processing RECON family: 6143
  - Saving 21 elements
  - Refining family-6143 model...

Processing RECON family: 1080
  - Saving 21 elements
  - Refining family-1080 model...

Processing RECON family: 3255
  - Saving 21 elements
  - Refining family-3255 model...

Processing RECON family: 8392
  - Saving 21 elements
  - Refining family-8392 model...

Processing RECON family: 3264
  - Saving 21 elements
  - Refining family-3264 model...

Processing RECON family: 7015
  - Saving 21 elements
  - Refining family-7015 model...

Processing RECON family: 14041
  - Saving 21 elements
  - Refining family-14041 model...

Processing RECON family: 3705
  - Saving 21 elements
  - Refining family-3705 model...

Processing RECON family: 2408
  - Saving 21 elements
  - Refining family-2408 model...

Processing RECON family: 2520
  - Saving 21 elements
  - Refining family-2520 model...

Processing RECON family: 12420
  - Saving 21 elements
  - Refining family-12420 model...

Processing RECON family: 7472
  - Saving 21 elements
  - Refining family-7472 model...

Processing RECON family: 19332
  - Saving 21 elements
  - Refining family-19332 model...

Processing RECON family: 9931
  - Saving 21 elements
  - Refining family-9931 model...

Processing RECON family: 11027
  - Saving 21 elements
  - Refining family-11027 model...

Processing RECON family: 4896
  - Saving 21 elements
  - Refining family-4896 model...

Processing RECON family: 12822
  - Saving 21 elements
  - Refining family-12822 model...

Processing RECON family: 880
  - Saving 21 elements
  - Refining family-880 model...

Processing RECON family: 2346
  - Saving 21 elements
  - Refining family-2346 model...

Processing RECON family: 2372
  - Saving 21 elements
  - Refining family-2372 model...

Processing RECON family: 4098
  - Saving 21 elements
  - Refining family-4098 model...

Processing RECON family: 1204
  - Saving 21 elements
  - Refining family-1204 model...

Processing RECON family: 7901
  - Saving 21 elements
  - Refining family-7901 model...

Processing RECON family: 4818
  - Saving 21 elements
  - Refining family-4818 model...

Processing RECON family: 1077
  - Saving 21 elements
  - Refining family-1077 model...

Processing RECON family: 2289
  - Saving 21 elements
  - Refining family-2289 model...

Processing RECON family: 8410
  - Saving 20 elements
  - Refining family-8410 model...

Processing RECON family: 5517
  - Saving 20 elements
  - Refining family-5517 model...

Processing RECON family: 968
  - Saving 20 elements
  - Refining family-968 model...

Processing RECON family: 284
  - Saving 20 elements
  - Refining family-284 model...

Processing RECON family: 1054
  - Saving 20 elements
  - Refining family-1054 model...

Processing RECON family: 10624
  - Saving 20 elements
  - Refining family-10624 model...

Processing RECON family: 4245
  - Saving 20 elements
  - Refining family-4245 model...

Processing RECON family: 1049
  - Saving 20 elements
  - Refining family-1049 model...

Processing RECON family: 2448
  - Saving 20 elements
  - Refining family-2448 model...

Processing RECON family: 1538
  - Saving 20 elements
  - Refining family-1538 model...

Processing RECON family: 424
  - Saving 20 elements
  - Refining family-424 model...

Processing RECON family: 251
  - Saving 20 elements
  - Refining family-251 model...

Processing RECON family: 3670
  - Saving 20 elements
  - Refining family-3670 model...

Processing RECON family: 1145
  - Saving 20 elements
  - Refining family-1145 model...

Processing RECON family: 10906
  - Saving 20 elements
  - Refining family-10906 model...

Processing RECON family: 2442
  - Saving 20 elements
  - Refining family-2442 model...

Processing RECON family: 2922
  - Saving 20 elements
  - Refining family-2922 model...

Processing RECON family: 2551
  - Saving 20 elements
  - Refining family-2551 model...

Processing RECON family: 4108
  - Saving 20 elements
  - Refining family-4108 model...

Processing RECON family: 12399
  - Saving 20 elements
  - Refining family-12399 model...

Processing RECON family: 370
  - Saving 20 elements
  - Refining family-370 model...

Processing RECON family: 6356
  - Saving 20 elements
  - Refining family-6356 model...

Processing RECON family: 7709
  - Saving 20 elements
  - Refining family-7709 model...

Processing RECON family: 10298
  - Saving 20 elements
  - Refining family-10298 model...

Processing RECON family: 14012
  - Saving 20 elements
  - Refining family-14012 model...

Processing RECON family: 3961
  - Saving 20 elements
  - Refining family-3961 model...

Processing RECON family: 10491
  - Saving 20 elements
  - Refining family-10491 model...

Processing RECON family: 635
  - Saving 20 elements
  - Refining family-635 model...

Processing RECON family: 3703
  - Saving 20 elements
  - Refining family-3703 model...

Processing RECON family: 9595
  - Saving 20 elements
  - Refining family-9595 model...

Processing RECON family: 2351
  - Saving 20 elements
  - Refining family-2351 model...

Processing RECON family: 283
  - Saving 20 elements
  - Refining family-283 model...

Processing RECON family: 217
  - Saving 20 elements
  - Refining family-217 model...

Processing RECON family: 10136
  - Saving 20 elements
  - Refining family-10136 model...

Processing RECON family: 1578
  - Saving 20 elements
  - Refining family-1578 model...

Processing RECON family: 10817
  - Saving 20 elements
  - Refining family-10817 model...

Processing RECON family: 3256
  - Saving 20 elements
  - Refining family-3256 model...

Processing RECON family: 5376
  - Saving 20 elements
  - Refining family-5376 model...

Processing RECON family: 652
  - Saving 20 elements
  - Refining family-652 model...

Processing RECON family: 4898
  - Saving 20 elements
  - Refining family-4898 model...

Processing RECON family: 12087
  - Saving 20 elements
  - Refining family-12087 model...

Processing RECON family: 1082
  - Saving 20 elements
  - Refining family-1082 model...

Processing RECON family: 1150
  - Saving 20 elements
  - Refining family-1150 model...

Processing RECON family: 14816
  - Saving 20 elements
  - Refining family-14816 model...

Processing RECON family: 423
  - Saving 20 elements
  - Refining family-423 model...

Processing RECON family: 1785
  - Saving 20 elements
  - Refining family-1785 model...

Processing RECON family: 5394
  - Saving 20 elements
  - Refining family-5394 model...

Processing RECON family: 4504
  - Saving 20 elements
  - Refining family-4504 model...

Processing RECON family: 7809
  - Saving 20 elements
  - Refining family-7809 model...

Processing RECON family: 1442
  - Saving 20 elements
  - Refining family-1442 model...

Processing RECON family: 4864
  - Saving 19 elements
  - Refining family-4864 model...

Processing RECON family: 2767
  - Saving 19 elements
  - Refining family-2767 model...

Processing RECON family: 4747
  - Saving 19 elements
  - Refining family-4747 model...

Processing RECON family: 590
  - Saving 19 elements
  - Refining family-590 model...

Processing RECON family: 13714
  - Saving 19 elements
  - Refining family-13714 model...

Processing RECON family: 5633
  - Saving 19 elements
  - Refining family-5633 model...

Processing RECON family: 9873
  - Saving 19 elements
  - Refining family-9873 model...

Processing RECON family: 1678
  - Saving 19 elements
  - Refining family-1678 model...

Processing RECON family: 427
  - Saving 19 elements
  - Refining family-427 model...

Processing RECON family: 323
  - Saving 19 elements
  - Refining family-323 model...

Processing RECON family: 9499
  - Saving 19 elements
  - Refining family-9499 model...

Processing RECON family: 7314
  - Saving 19 elements
  - Refining family-7314 model...

Processing RECON family: 2923
  - Saving 19 elements
  - Refining family-2923 model...

Processing RECON family: 8812
  - Saving 19 elements
  - Refining family-8812 model...

Processing RECON family: 7413
  - Saving 19 elements
  - Refining family-7413 model...

Processing RECON family: 16135
  - Saving 19 elements
  - Refining family-16135 model...

Processing RECON family: 3464
  - Saving 19 elements
  - Refining family-3464 model...

Processing RECON family: 3250
  - Saving 19 elements
  - Refining family-3250 model...

Processing RECON family: 8587
  - Saving 19 elements
  - Refining family-8587 model...

Processing RECON family: 1918
  - Saving 19 elements
  - Refining family-1918 model...

Processing RECON family: 1466
  - Saving 19 elements
  - Refining family-1466 model...

Processing RECON family: 876
  - Saving 19 elements
  - Refining family-876 model...

Processing RECON family: 5841
  - Saving 19 elements
  - Refining family-5841 model...

Processing RECON family: 6585
  - Saving 19 elements
  - Refining family-6585 model...

Processing RECON family: 6845
  - Saving 19 elements
  - Refining family-6845 model...

Processing RECON family: 7000
  - Saving 19 elements
  - Refining family-7000 model...

Processing RECON family: 2086
  - Saving 19 elements
  - Refining family-2086 model...

Processing RECON family: 10881
  - Saving 19 elements
  - Refining family-10881 model...

Processing RECON family: 17259
  - Saving 19 elements
  - Refining family-17259 model...

Processing RECON family: 794
  - Saving 19 elements
  - Refining family-794 model...

Processing RECON family: 4998
  - Saving 19 elements
  - Refining family-4998 model...

Processing RECON family: 8693
  - Saving 19 elements
  - Refining family-8693 model...

Processing RECON family: 88
  - Saving 19 elements
  - Refining family-88 model...

Processing RECON family: 5796
  - Saving 19 elements
  - Refining family-5796 model...

Processing RECON family: 1164
  - Saving 19 elements
  - Refining family-1164 model...

Processing RECON family: 5253
  - Saving 19 elements
  - Refining family-5253 model...

Processing RECON family: 9659
  - Saving 19 elements
  - Refining family-9659 model...

Processing RECON family: 4279
  - Saving 19 elements
  - Refining family-4279 model...

Processing RECON family: 6823
  - Saving 19 elements
  - Refining family-6823 model...

Processing RECON family: 5777
  - Saving 19 elements
  - Refining family-5777 model...

Processing RECON family: 5664
  - Saving 19 elements
  - Refining family-5664 model...

Processing RECON family: 4180
  - Saving 19 elements
  - Refining family-4180 model...

Processing RECON family: 8610
  - Saving 19 elements
  - Refining family-8610 model...

Processing RECON family: 2373
  - Saving 19 elements
  - Refining family-2373 model...

Processing RECON family: 187
  - Saving 19 elements
  - Refining family-187 model...

Processing RECON family: 312
  - Saving 19 elements
  - Refining family-312 model...

Processing RECON family: 1951
  - Saving 19 elements
  - Refining family-1951 model...

Processing RECON family: 11426
  - Saving 19 elements
  - Refining family-11426 model...

Processing RECON family: 6786
  - Saving 19 elements
  - Refining family-6786 model...

Processing RECON family: 1550
  - Saving 19 elements
  - Refining family-1550 model...

Processing RECON family: 11064
  - Saving 19 elements
  - Refining family-11064 model...

Processing RECON family: 1038
  - Saving 19 elements
  - Refining family-1038 model...

Processing RECON family: 212
  - Saving 19 elements
  - Refining family-212 model...

Processing RECON family: 1019
  - Saving 19 elements
  - Refining family-1019 model...

Processing RECON family: 4446
  - Saving 19 elements
  - Refining family-4446 model...

Processing RECON family: 263
  - Saving 19 elements
  - Refining family-263 model...

Processing RECON family: 10805
  - Saving 19 elements
  - Refining family-10805 model...

Processing RECON family: 1868
  - Saving 19 elements
  - Refining family-1868 model...

Processing RECON family: 514
  - Saving 19 elements
  - Refining family-514 model...

Processing RECON family: 8098
  - Saving 18 elements
  - Refining family-8098 model...

Processing RECON family: 4241
  - Saving 18 elements
  - Refining family-4241 model...

Processing RECON family: 3641
  - Saving 18 elements
  - Refining family-3641 model...

Processing RECON family: 5020
  - Saving 18 elements
  - Refining family-5020 model...

Processing RECON family: 1203
  - Saving 18 elements
  - Refining family-1203 model...

Processing RECON family: 7072
  - Saving 18 elements
  - Refining family-7072 model...

Processing RECON family: 5370
  - Saving 18 elements
  - Refining family-5370 model...

Processing RECON family: 3905
  - Saving 18 elements
  - Refining family-3905 model...

Processing RECON family: 10546
  - Saving 18 elements
  - Refining family-10546 model...

Processing RECON family: 3573
  - Saving 18 elements
  - Refining family-3573 model...

Processing RECON family: 9741
  - Saving 18 elements
  - Refining family-9741 model...

Processing RECON family: 5399
  - Saving 18 elements
  - Refining family-5399 model...

Processing RECON family: 1906
  - Saving 18 elements
  - Refining family-1906 model...

Processing RECON family: 5813
  - Saving 18 elements
  - Refining family-5813 model...

Processing RECON family: 7752
  - Saving 18 elements
  - Refining family-7752 model...

Processing RECON family: 237
  - Saving 18 elements
  - Refining family-237 model...

Processing RECON family: 3254
  - Saving 18 elements
  - Refining family-3254 model...

Processing RECON family: 4270
  - Saving 18 elements
  - Refining family-4270 model...

Processing RECON family: 671
  - Saving 18 elements
  - Refining family-671 model...

Processing RECON family: 4373
  - Saving 18 elements
  - Refining family-4373 model...

Processing RECON family: 6641
  - Saving 18 elements
  - Refining family-6641 model...

Processing RECON family: 2244
  - Saving 18 elements
  - Refining family-2244 model...

Processing RECON family: 869
  - Saving 18 elements
  - Refining family-869 model...

Processing RECON family: 3516
  - Saving 18 elements
  - Refining family-3516 model...

Processing RECON family: 12207
  - Saving 18 elements
  - Refining family-12207 model...

Processing RECON family: 2315
  - Saving 18 elements
  - Refining family-2315 model...

Processing RECON family: 2270
  - Saving 18 elements
  - Refining family-2270 model...

Processing RECON family: 5391
  - Saving 18 elements
  - Refining family-5391 model...

Processing RECON family: 6635
  - Saving 18 elements
  - Refining family-6635 model...

Processing RECON family: 1201
  - Saving 18 elements
  - Refining family-1201 model...

Processing RECON family: 5380
  - Saving 18 elements
  - Refining family-5380 model...

Processing RECON family: 200
  - Saving 18 elements
  - Refining family-200 model...

Processing RECON family: 1767
  - Saving 18 elements
  - Refining family-1767 model...

Processing RECON family: 2212
  - Saving 18 elements
  - Refining family-2212 model...

Processing RECON family: 9443
  - Saving 18 elements
  - Refining family-9443 model...

Processing RECON family: 3286
  - Saving 18 elements
  - Refining family-3286 model...

Processing RECON family: 14632
  - Saving 18 elements
  - Refining family-14632 model...

Processing RECON family: 2837
  - Saving 18 elements
  - Refining family-2837 model...

Processing RECON family: 473
  - Saving 18 elements
  - Refining family-473 model...

Processing RECON family: 2496
  - Saving 18 elements
  - Refining family-2496 model...

Processing RECON family: 6568
  - Saving 18 elements
  - Refining family-6568 model...

Processing RECON family: 2299
  - Saving 18 elements
  - Refining family-2299 model...

Processing RECON family: 151
  - Saving 18 elements
  - Refining family-151 model...

Processing RECON family: 2305
  - Saving 18 elements
  - Refining family-2305 model...

Processing RECON family: 1860
  - Saving 17 elements
  - Refining family-1860 model...

Processing RECON family: 8082
  - Saving 17 elements
  - Refining family-8082 model...

Processing RECON family: 626
  - Saving 17 elements
  - Refining family-626 model...

Processing RECON family: 334
  - Saving 17 elements
  - Refining family-334 model...

Processing RECON family: 12320
  - Saving 17 elements
  - Refining family-12320 model...

Processing RECON family: 2437
  - Saving 17 elements
  - Refining family-2437 model...

Processing RECON family: 2595
  - Saving 17 elements
  - Refining family-2595 model...

Processing RECON family: 4438
  - Saving 17 elements
  - Refining family-4438 model...

Processing RECON family: 69
  - Saving 17 elements
  - Refining family-69 model...

Processing RECON family: 5659
  - Saving 17 elements
  - Refining family-5659 model...

Processing RECON family: 11977
  - Saving 17 elements
  - Refining family-11977 model...

Processing RECON family: 4963
  - Saving 17 elements
  - Refining family-4963 model...

Processing RECON family: 6683
  - Saving 17 elements
  - Refining family-6683 model...

Processing RECON family: 599
  - Saving 17 elements
  - Refining family-599 model...

Processing RECON family: 6230
  - Saving 17 elements
  - Refining family-6230 model...

Processing RECON family: 3546
  - Saving 17 elements
  - Refining family-3546 model...

Processing RECON family: 1397
  - Saving 17 elements
  - Refining family-1397 model...

Processing RECON family: 2205
  - Saving 17 elements
  - Refining family-2205 model...

Processing RECON family: 1673
  - Saving 17 elements
  - Refining family-1673 model...

Processing RECON family: 3882
  - Saving 17 elements
  - Refining family-3882 model...

Processing RECON family: 3129
  - Saving 17 elements
  - Refining family-3129 model...

Processing RECON family: 1275
  - Saving 17 elements
  - Refining family-1275 model...

Processing RECON family: 1125
  - Saving 17 elements
  - Refining family-1125 model...

Processing RECON family: 6155
  - Saving 17 elements
  - Refining family-6155 model...

Processing RECON family: 8006
  - Saving 17 elements
  - Refining family-8006 model...

Processing RECON family: 2115
  - Saving 17 elements
  - Refining family-2115 model...

Processing RECON family: 3093
  - Saving 17 elements
  - Refining family-3093 model...

Processing RECON family: 8019
  - Saving 17 elements
  - Refining family-8019 model...

Processing RECON family: 3852
  - Saving 17 elements
  - Refining family-3852 model...

Processing RECON family: 177
  - Saving 17 elements
  - Refining family-177 model...

Processing RECON family: 138
  - Saving 17 elements
  - Refining family-138 model...

Processing RECON family: 2316
  - Saving 17 elements
  - Refining family-2316 model...

Processing RECON family: 2730
  - Saving 17 elements
  - Refining family-2730 model...

Processing RECON family: 6819
  - Saving 17 elements
  - Refining family-6819 model...

Processing RECON family: 10887
  - Saving 17 elements
  - Refining family-10887 model...

Processing RECON family: 5987
  - Saving 17 elements
  - Refining family-5987 model...

Processing RECON family: 9539
  - Saving 17 elements
  - Refining family-9539 model...

Processing RECON family: 11735
  - Saving 17 elements
  - Refining family-11735 model...

Processing RECON family: 12201
  - Saving 17 elements
  - Refining family-12201 model...

Processing RECON family: 8136
  - Saving 17 elements
  - Refining family-8136 model...

Processing RECON family: 6346
  - Saving 17 elements
  - Refining family-6346 model...

Processing RECON family: 9750
  - Saving 17 elements
  - Refining family-9750 model...

Processing RECON family: 5599
  - Saving 17 elements
  - Refining family-5599 model...

Processing RECON family: 6483
  - Saving 17 elements
  - Refining family-6483 model...

Processing RECON family: 2975
  - Saving 17 elements
  - Refining family-2975 model...

Processing RECON family: 6782
  - Saving 17 elements
  - Refining family-6782 model...

Processing RECON family: 866
  - Saving 17 elements
  - Refining family-866 model...

Processing RECON family: 1905
  - Saving 17 elements
  - Refining family-1905 model...

Processing RECON family: 2271
  - Saving 17 elements
  - Refining family-2271 model...

Processing RECON family: 10112
  - Saving 17 elements
  - Refining family-10112 model...

Processing RECON family: 740
  - Saving 17 elements
  - Refining family-740 model...

Processing RECON family: 3575
  - Saving 17 elements
  - Refining family-3575 model...

Processing RECON family: 4844
  - Saving 17 elements
  - Refining family-4844 model...

Processing RECON family: 23085
  - Saving 17 elements
  - Refining family-23085 model...

Processing RECON family: 4366
  - Saving 17 elements
  - Refining family-4366 model...

Processing RECON family: 4123
  - Saving 17 elements
  - Refining family-4123 model...

Processing RECON family: 1415
  - Saving 17 elements
  - Refining family-1415 model...

Processing RECON family: 175
  - Saving 17 elements
  - Refining family-175 model...

Processing RECON family: 683
  - Saving 17 elements
  - Refining family-683 model...

Processing RECON family: 6296
  - Saving 17 elements
  - Refining family-6296 model...

Processing RECON family: 1497
  - Saving 17 elements
  - Refining family-1497 model...

Processing RECON family: 8614
  - Saving 17 elements
  - Refining family-8614 model...

Processing RECON family: 12661
  - Saving 17 elements
  - Refining family-12661 model...

Processing RECON family: 4812
  - Saving 17 elements
  - Refining family-4812 model...

Processing RECON family: 5289
  - Saving 17 elements
  - Refining family-5289 model...

Processing RECON family: 3566
  - Saving 17 elements
  - Refining family-3566 model...

Processing RECON family: 1869
  - Saving 17 elements
  - Refining family-1869 model...

Processing RECON family: 589
  - Saving 17 elements
  - Refining family-589 model...

Processing RECON family: 6109
  - Saving 17 elements
  - Refining family-6109 model...

Processing RECON family: 1127
  - Saving 16 elements
  - Refining family-1127 model...

Processing RECON family: 1766
  - Saving 16 elements
  - Refining family-1766 model...

Processing RECON family: 3200
  - Saving 16 elements
  - Refining family-3200 model...

Processing RECON family: 6961
  - Saving 16 elements
  - Refining family-6961 model...

Processing RECON family: 3027
  - Saving 16 elements
  - Refining family-3027 model...

Processing RECON family: 2146
  - Saving 16 elements
  - Refining family-2146 model...

Processing RECON family: 6597
  - Saving 16 elements
  - Refining family-6597 model...

Processing RECON family: 8088
  - Saving 16 elements
  - Refining family-8088 model...

Processing RECON family: 9536
  - Saving 16 elements
  - Refining family-9536 model...

Processing RECON family: 3164
  - Saving 16 elements
  - Refining family-3164 model...

Processing RECON family: 4721
  - Saving 16 elements
  - Refining family-4721 model...

Processing RECON family: 7169
  - Saving 16 elements
  - Refining family-7169 model...

Processing RECON family: 7902
  - Saving 16 elements
  - Refining family-7902 model...

Processing RECON family: 8137
  - Saving 16 elements
  - Refining family-8137 model...

Processing RECON family: 5819
  - Saving 16 elements
  - Refining family-5819 model...

Processing RECON family: 3749
  - Saving 16 elements
  - Refining family-3749 model...

Processing RECON family: 933
  - Saving 16 elements
  - Refining family-933 model...

Processing RECON family: 724
  - Saving 16 elements
  - Refining family-724 model...

Processing RECON family: 769
  - Saving 16 elements
  - Refining family-769 model...

Processing RECON family: 299
  - Saving 16 elements
  - Refining family-299 model...

Processing RECON family: 1158
  - Saving 16 elements
  - Refining family-1158 model...

Processing RECON family: 1788
  - Saving 16 elements
  - Refining family-1788 model...

Processing RECON family: 1186
  - Saving 16 elements
  - Refining family-1186 model...

Processing RECON family: 3639
  - Saving 16 elements
  - Refining family-3639 model...

Processing RECON family: 5160
  - Saving 16 elements
  - Refining family-5160 model...

Processing RECON family: 4441
  - Saving 16 elements
  - Refining family-4441 model...

Processing RECON family: 13110
  - Saving 16 elements
  - Refining family-13110 model...

Processing RECON family: 6659
  - Saving 16 elements
  - Refining family-6659 model...

Processing RECON family: 15710
  - Saving 16 elements
  - Refining family-15710 model...

Processing RECON family: 4848
  - Saving 16 elements
  - Refining family-4848 model...

Processing RECON family: 2976
  - Saving 16 elements
  - Refining family-2976 model...

Processing RECON family: 5191
  - Saving 16 elements
  - Refining family-5191 model...

Processing RECON family: 9051
  - Saving 16 elements
  - Refining family-9051 model...

Processing RECON family: 6636
  - Saving 16 elements
  - Refining family-6636 model...

Processing RECON family: 5560
  - Saving 16 elements
  - Refining family-5560 model...

Processing RECON family: 5025
  - Saving 16 elements
  - Refining family-5025 model...

Processing RECON family: 1713
  - Saving 16 elements
  - Refining family-1713 model...

Processing RECON family: 7938
  - Saving 16 elements
  - Refining family-7938 model...

Processing RECON family: 1804
  - Saving 16 elements
  - Refining family-1804 model...

Processing RECON family: 2991
  - Saving 16 elements
  - Refining family-2991 model...

Processing RECON family: 1106
  - Saving 16 elements
  - Refining family-1106 model...

Processing RECON family: 12784
  - Saving 16 elements
  - Refining family-12784 model...

Processing RECON family: 3551
  - Saving 16 elements
  - Refining family-3551 model...

Processing RECON family: 1456
  - Saving 16 elements
  - Refining family-1456 model...

Processing RECON family: 2415
  - Saving 16 elements
  - Refining family-2415 model...

Processing RECON family: 3333
  - Saving 16 elements
  - Refining family-3333 model...

Processing RECON family: 2670
  - Saving 16 elements
  - Refining family-2670 model...

Processing RECON family: 12844
  - Saving 16 elements
  - Refining family-12844 model...

Processing RECON family: 15398
  - Saving 16 elements
  - Refining family-15398 model...

Processing RECON family: 5849
  - Saving 16 elements
  - Refining family-5849 model...

Processing RECON family: 1537
  - Saving 16 elements
  - Refining family-1537 model...

Processing RECON family: 6425
  - Saving 16 elements
  - Refining family-6425 model...

Processing RECON family: 300
  - Saving 16 elements
  - Refining family-300 model...

Processing RECON family: 13352
  - Saving 16 elements
  - Refining family-13352 model...

Processing RECON family: 8011
  - Saving 16 elements
  - Refining family-8011 model...

Processing RECON family: 3492
  - Saving 16 elements
  - Refining family-3492 model...

Processing RECON family: 222
  - Saving 16 elements
  - Refining family-222 model...

Processing RECON family: 1339
  - Saving 16 elements
  - Refining family-1339 model...

Processing RECON family: 1806
  - Saving 16 elements
  - Refining family-1806 model...

Processing RECON family: 1803
  - Saving 16 elements
  - Refining family-1803 model...

Processing RECON family: 3072
  - Saving 16 elements
  - Refining family-3072 model...

Processing RECON family: 8037
  - Saving 16 elements
  - Refining family-8037 model...

Processing RECON family: 12034
  - Saving 16 elements
  - Refining family-12034 model...

Processing RECON family: 159
  - Saving 16 elements
  - Refining family-159 model...

Processing RECON family: 3397
  - Saving 16 elements
  - Refining family-3397 model...

Processing RECON family: 3921
  - Saving 16 elements
  - Refining family-3921 model...

Processing RECON family: 7201
  - Saving 16 elements
  - Refining family-7201 model...

Processing RECON family: 971
  - Saving 16 elements
  - Refining family-971 model...

Processing RECON family: 8939
  - Saving 16 elements
  - Refining family-8939 model...

Processing RECON family: 12067
  - Saving 16 elements
  - Refining family-12067 model...

Processing RECON family: 1128
  - Saving 16 elements
  - Refining family-1128 model...

Processing RECON family: 1991
  - Saving 16 elements
  - Refining family-1991 model...

Processing RECON family: 2269
  - Saving 16 elements
  - Refining family-2269 model...

Processing RECON family: 2268
  - Saving 16 elements
  - Refining family-2268 model...

Processing RECON family: 12475
  - Saving 16 elements
  - Refining family-12475 model...

Processing RECON family: 594
  - Saving 16 elements
  - Refining family-594 model...

Processing RECON family: 5372
  - Saving 16 elements
  - Refining family-5372 model...

Processing RECON family: 3305
  - Saving 16 elements
  - Refining family-3305 model...

Processing RECON family: 3144
  - Saving 16 elements
  - Refining family-3144 model...

Processing RECON family: 1948
  - Saving 16 elements
  - Refining family-1948 model...

Processing RECON family: 4332
  - Saving 16 elements
  - Refining family-4332 model...

Processing RECON family: 2186
  - Saving 16 elements
  - Refining family-2186 model...

Processing RECON family: 3262
  - Saving 16 elements
  - Refining family-3262 model...

Processing RECON family: 1907
  - Saving 16 elements
  - Refining family-1907 model...

Processing RECON family: 24355
  - Saving 16 elements
  - Refining family-24355 model...

Processing RECON family: 10872
  - Saving 16 elements
  - Refining family-10872 model...

Processing RECON family: 3216
  - Saving 16 elements
  - Refining family-3216 model...

Processing RECON family: 1809
  - Saving 16 elements
  - Refining family-1809 model...

Processing RECON family: 978
  - Saving 16 elements
  - Refining family-978 model...

Processing RECON family: 8544
  - Saving 16 elements
  - Refining family-8544 model...
Family Refinement: 01:32:43 (hh:mm:ss) Elapsed Time
Round Time: 13:35:58 (hh:mm:ss) Elapsed Time

RepeatScout/RECON discovery complete: 2109 families found


LTR Structural Analysis
=======================
Running LtrHarvest...     : 00:35:30 (hh:mm:ss) Elapsed Time
Running Ltr_retriever...LTRPipeline: No results after LTR_Retriever filtering.
LTRPipeline Time: 00:35:44 (hh:mm:ss) Elapsed Time


RepeatClassifier Version 2.0.1
======================================
Search Engine = rmblast
  - Looking for Simple and Low Complexity sequences..
  - Looking for similarity to known repeat proteins..
  - Looking for similarity to known repeat consensi..
Classification Time: 00:49:08 (hh:mm:ss) Elapsed Time


Program Time: 23:10:45 (hh:mm:ss) Elapsed Time
Working directory:  /home/wirenia/projects/Discradisca/2024-10-03_BRAKER3/RM_2483503.FriOct40844482024
may be deleted unless there were problems with the run.

The results have been saved to:
  repeats-families.fa  - Consensus sequences for each family identified.
  repeats-families.stk - Seed alignments for each family identified.

The RepeatModeler stockholm file is formatted so that it can
easily be submitted to the Dfam database.  Please consider contributing
curated families to this open database and be a part of this growing
community resource.  For more information contact help@dfam.org.


