INFO:busco.run_BUSCO	***** Start a BUSCO v4.0.2 analysis, current time: 09/25/2024 11:38:24 *****
DEBUG:busco.ConfigManager	Getting config file
INFO:busco.ConfigManager	Configuring BUSCO with /kmk/scripts/busco/config.ini
INFO:busco.BuscoConfig	Mode is genome
INFO:busco.BuscoConfig	Input file is Discradisca_antillarum_haplotype1.fa
DEBUG:busco.BuscoConfig	State of BUSCO config before run:
DEBUG:busco.BuscoConfig	{'_allow_no_value': False,
 '_comment_prefixes': ('#', ';'),
 '_converters': <configparser.ConverterMapping object at 0x155553927a90>,
 '_defaults': OrderedDict(),
 '_delimiters': ('=', ':'),
 '_dict': <class 'collections.OrderedDict'>,
 '_empty_lines_in_values': True,
 '_inline_comment_prefixes': (),
 '_input_filepath': 'Discradisca_antillarum_haplotype1.fa',
 '_interpolation': <configparser.BasicInterpolation object at 0x155552f43da0>,
 '_mode': 'genome',
 '_optcre': re.compile('\n        (?P<option>.*?)                    # very permissive!\n        \\s*(?P<vi>=|:)\\s*              # any number of space/tab,\n                                           # followed by any of t, re.VERBOSE),
 '_proxies': OrderedDict([('DEFAULT', <Section: DEFAULT>),
                          ('busco_run', <Section: busco_run>),
                          ('tblastn', <Section: tblastn>),
                          ('makeblastdb', <Section: makeblastdb>),
                          ('augustus', <Section: augustus>),
                          ('etraining', <Section: etraining>),
                          ('gff2gbSmallDNA.pl', <Section: gff2gbSmallDNA.pl>),
                          ('new_species.pl', <Section: new_species.pl>),
                          ('optimize_augustus.pl',
                           <Section: optimize_augustus.pl>),
                          ('hmmsearch', <Section: hmmsearch>),
                          ('sepp', <Section: sepp>),
                          ('prodigal', <Section: prodigal>)]),
 '_sections': OrderedDict([('busco_run',
                            OrderedDict([('out_path', 'busco_out/'),
                                         ('in',
                                          'Discradisca_antillarum_haplotype1.fa'),
                                         ('cpu', '16'),
                                         ('out', 'BUSCO_metazoa.fasta'),
                                         ('mode', 'genome'),
                                         ('lineage_dataset',
                                          '/kmk/databases/metazoa_odb10'),
                                         ('long', 'True'),
                                         ('offline', 'True'),
                                         ('force', 'False'),
                                         ('evalue', '0.001'),
                                         ('limit', '3'),
                                         ('quiet', 'False'),
                                         ('download_path',
                                          '/grps2/kmk/Nick/2024-07-02-HiC_Discradisca/Discradisca/scaffolding_haplotypes/Hap1/final_assembly/busco_downloads'),
                                         ('datasets_version', 'odb10'),
                                         ('download_base_url',
                                          'https://busco-data.ezlab.org/v4/data/'),
                                         ('auto-lineage', 'False'),
                                         ('auto-lineage-prok', 'False'),
                                         ('auto-lineage-euk', 'False'),
                                         ('update-data', 'False'),
                                         ('main_out',
                                          'busco_out/BUSCO_metazoa.fasta')])),
                           ('tblastn',
                            OrderedDict([('path',
                                          '/kmk/scripts/ncbi-blast-2.3.0+/bin/'),
                                         ('command', 'tblastn')])),
                           ('makeblastdb',
                            OrderedDict([('path',
                                          '/kmk/scripts/ncbi-blast-2.3.0+/bin/'),
                                         ('command', 'makeblastdb')])),
                           ('augustus',
                            OrderedDict([('path',
                                          '/kmk/scripts/augustus.2.5.5/bin/'),
                                         ('command', 'augustus')])),
                           ('etraining',
                            OrderedDict([('path',
                                          '/kmk/scripts/augustus.2.5.5/bin/'),
                                         ('command', 'etraining')])),
                           ('gff2gbSmallDNA.pl',
                            OrderedDict([('path',
                                          '/kmk/scripts/augustus.2.5.5/scripts/'),
                                         ('command', 'gff2gbSmallDNA.pl')])),
                           ('new_species.pl',
                            OrderedDict([('path',
                                          '/kmk/scripts/augustus.2.5.5/scripts/'),
                                         ('command', 'new_species.pl')])),
                           ('optimize_augustus.pl',
                            OrderedDict([('path',
                                          '/kmk/scripts/augustus.2.5.5/scripts/'),
                                         ('command', 'optimize_augustus.pl')])),
                           ('hmmsearch',
                            OrderedDict([('path',
                                          '/share/apps/python_shared/3.6.5/etc/sepp/bundled-v4.3.10/'),
                                         ('command', 'hmmsearch')])),
                           ('sepp',
                            OrderedDict([('path',
                                          '/share/apps/python_shared/3.6.5/bin/'),
                                         ('command', 'run_sepp.py')])),
                           ('prodigal',
                            OrderedDict([('path',
                                          '/share/apps/bioinfoGCC/bin/'),
                                         ('command', 'prodigal')]))]),
 '_strict': True,
 'clargs': ['/share/apps/busco/bin/busco',
            '-c',
            '16',
            '-m',
            'genome',
            '--long',
            '--offline',
            '-l',
            '/kmk/databases/metazoa_odb10',
            '-i',
            'Discradisca_antillarum_haplotype1.fa',
            '-o',
            'BUSCO_metazoa.fasta'],
 'conf_file': '/kmk/scripts/busco/config.ini',
 'default_section': 'DEFAULT',
 'downloader': <busco.BuscoDownloadManager.BuscoDownloadManager object at 0x15552a867ef0>,
 'main_out': 'busco_out/BUSCO_metazoa.fasta',
 'persistent_tools': []}
INFO:busco.BuscoDownloadManager	Using local lineages directory /kmk/databases/metazoa_odb10
DEBUG:busco.BuscoAnalysis	Check all required tools are accessible...
DEBUG:busco.BuscoAnalysis	Checking dataset for HMM profiles
INFO:busco.BuscoAnalysis	Running BUSCO using lineage dataset metazoa_odb10 (eukaryota, 2019-11-20)
INFO:busco.BuscoTools	Creating BLAST database with input file
INFO:busco.Toolset	Running 1 job(s) on makeblastdb
DEBUG:busco.Toolset	cmd call: /kmk/scripts/ncbi-blast-2.3.0+/bin/makeblastdb -in Discradisca_antillarum_haplotype1.fa -dbtype nucl -out busco_out/BUSCO_metazoa.fasta/blast_db/Discradisca_antillarum_haplotype1.fa
INFO:busco.Toolset	[makeblastdb]	1 of 1 task(s) completed
INFO:busco.Analysis	Running a BLAST search for BUSCOs against created database
INFO:busco.Toolset	Running 1 job(s) on tblastn
DEBUG:busco.Toolset	cmd call: /kmk/scripts/ncbi-blast-2.3.0+/bin/tblastn -evalue 0.001 -num_threads 16 -query /kmk/databases/metazoa_odb10/ancestral -db busco_out/BUSCO_metazoa.fasta/blast_db/Discradisca_antillarum_haplotype1.fa -out busco_out/BUSCO_metazoa.fasta/run_metazoa_odb10/blast_output/tblastn.tsv -outfmt 7
INFO:busco.Toolset	[tblastn]	1 of 1 task(s) completed
INFO:busco.GenomeAnalysis	Running Augustus gene predictor on BLAST search results.
INFO:busco.BuscoTools	Running Augustus prediction using fly as species:
INFO:busco.Toolset	Running 953 job(s) on augustus
DEBUG:busco.Toolset	cmd call: /kmk/scripts/augustus.2.5.5/bin/augustus --codingseq=1 --proteinprofile=/kmk/databases/metazoa_odb10/prfl/501788at33208a.prfl --predictionStart=25086521 --predictionEnd=25098759 --species=fly busco_out/BUSCO_metazoa.fasta/run_metazoa_odb10/blast_output/sequences/scaffold_5.temp
DEBUG:busco.Toolset	cmd call: /kmk/scripts/augustus.2.5.5/bin/augustus --codingseq=1 --proteinprofile=/kmk/databases/metazoa_odb10/prfl/361216at33208a.prfl --predictionStart=6948309 --predictionEnd=6963744 --species=fly busco_out/BUSCO_metazoa.fasta/run_metazoa_odb10/blast_output/sequences/scaffold_6.temp
DEBUG:busco.Toolset	cmd call: /kmk/scripts/augustus.2.5.5/bin/augustus --codingseq=1 --proteinprofile=/kmk/databases/metazoa_odb10/prfl/216563at33208a.prfl --predictionStart=568415 --predictionEnd=590932 --species=fly busco_out/BUSCO_metazoa.fasta/run_metazoa_odb10/blast_output/sequences/scaffold_1.temp
DEBUG:busco.Toolset	cmd call: /kmk/scripts/augustus.2.5.5/bin/augustus --codingseq=1 --proteinprofile=/kmk/databases/metazoa_odb10/prfl/597816at33208a.prfl --predictionStart=26180858 --predictionEnd=26194462 --species=fly busco_out/BUSCO_metazoa.fasta/run_metazoa_odb10/blast_output/sequences/scaffold_5.temp
DEBUG:busco.Toolset	cmd call: /kmk/scripts/augustus.2.5.5/bin/augustus --codingseq=1 --proteinprofile=/kmk/databases/metazoa_odb10/prfl/461123at33208a.prfl --predictionStart=19131656 --predictionEnd=19145839 --species=fly busco_out/BUSCO_metazoa.fasta/run_metazoa_odb10/blast_output/sequences/scaffold_5.temp
DEBUG:busco.Toolset	cmd call: /kmk/scripts/augustus.2.5.5/bin/augustus --codingseq=1 --proteinprofile=/kmk/databases/metazoa_odb10/prfl/398202at33208a.prfl --predictionStart=1223685 --predictionEnd=1238238 --species=fly busco_out/BUSCO_metazoa.fasta/run_metazoa_odb10/blast_output/sequences/scaffold_1.temp
DEBUG:busco.Toolset	cmd call: /kmk/scripts/augustus.2.5.5/bin/augustus --codingseq=1 --proteinprofile=/kmk/databases/metazoa_odb10/prfl/554815at33208a.prfl --predictionStart=18352722 --predictionEnd=18364936 --species=fly busco_out/BUSCO_metazoa.fasta/run_metazoa_odb10/blast_output/sequences/scaffold_5.temp
DEBUG:busco.Toolset	cmd call: /kmk/scripts/augustus.2.5.5/bin/augustus --codingseq=1 --proteinprofile=/kmk/databases/metazoa_odb10/prfl/363634at33208a.prfl --predictionStart=14804776 --predictionEnd=14818469 --species=fly busco_out/BUSCO_metazoa.fasta/run_metazoa_odb10/blast_output/sequences/scaffold_5.temp
DEBUG:busco.Toolset	cmd call: /kmk/scripts/augustus.2.5.5/bin/augustus --codingseq=1 --proteinprofile=/kmk/databases/metazoa_odb10/prfl/398013at33208a.prfl --predictionStart=29040464 --predictionEnd=29053236 --species=fly busco_out/BUSCO_metazoa.fasta/run_metazoa_odb10/blast_output/sequences/scaffold_5.temp
DEBUG:busco.Toolset	cmd call: /kmk/scripts/augustus.2.5.5/bin/augustus --codingseq=1 --proteinprofile=/kmk/databases/metazoa_odb10/prfl/367596at33208a.prfl --predictionStart=17264266 --predictionEnd=17290261 --species=fly busco_out/BUSCO_metazoa.fasta/run_metazoa_odb10/blast_output/sequences/scaffold_9.temp
DEBUG:busco.Toolset	cmd call: /kmk/scripts/augustus.2.5.5/bin/augustus --codingseq=1 --proteinprofile=/kmk/databases/metazoa_odb10/prfl/273040at33208a.prfl --predictionStart=37871799 --predictionEnd=37890176 --species=fly busco_out/BUSCO_metazoa.fasta/run_metazoa_odb10/blast_output/sequences/scaffold_1.temp
DEBUG:busco.Toolset	cmd call: /kmk/scripts/augustus.2.5.5/bin/augustus --codingseq=1 --proteinprofile=/kmk/databases/metazoa_odb10/prfl/604211at33208a.prfl --predictionStart=29220306 --predictionEnd=29232472 --species=fly busco_out/BUSCO_metazoa.fasta/run_metazoa_odb10/blast_output/sequences/scaffold_1.temp
DEBUG:busco.Toolset	cmd call: /kmk/scripts/augustus.2.5.5/bin/augustus --codingseq=1 --proteinprofile=/kmk/databases/metazoa_odb10/prfl/576633at33208a.prfl --predictionStart=39419900 --predictionEnd=39433063 --species=fly busco_out/BUSCO_metazoa.fasta/run_metazoa_odb10/blast_output/sequences/scaffold_1.temp
DEBUG:busco.Toolset	cmd call: /kmk/scripts/augustus.2.5.5/bin/augustus --codingseq=1 --proteinprofile=/kmk/databases/metazoa_odb10/prfl/397019at33208a.prfl --predictionStart=831413 --predictionEnd=846919 --species=fly busco_out/BUSCO_metazoa.fasta/run_metazoa_odb10/blast_output/sequences/scaffold_6.temp
DEBUG:busco.Toolset	cmd call: /kmk/scripts/augustus.2.5.5/bin/augustus --codingseq=1 --proteinprofile=/kmk/databases/metazoa_odb10/prfl/447320at33208a.prfl --predictionStart=55884346 --predictionEnd=55900573 --species=fly busco_out/BUSCO_metazoa.fasta/run_metazoa_odb10/blast_output/sequences/scaffold_1.temp
DEBUG:busco.Toolset	cmd call: /kmk/scripts/augustus.2.5.5/bin/augustus --codingseq=1 --proteinprofile=/kmk/databases/metazoa_odb10/prfl/526839at33208a.prfl --predictionStart=43851542 --predictionEnd=43863879 --species=fly busco_out/BUSCO_metazoa.fasta/run_metazoa_odb10/blast_output/sequences/scaffold_3.temp
DEBUG:busco.Toolset	cmd call: /kmk/scripts/augustus.2.5.5/bin/augustus --codingseq=1 --proteinprofile=/kmk/databases/metazoa_odb10/prfl/465092at33208a.prfl --predictionStart=1258294 --predictionEnd=1272714 --species=fly busco_out/BUSCO_metazoa.fasta/run_metazoa_odb10/blast_output/sequences/scaffold_8.temp
DEBUG:busco.Toolset	cmd call: /kmk/scripts/augustus.2.5.5/bin/augustus --codingseq=1 --proteinprofile=/kmk/databases/metazoa_odb10/prfl/361216at33208a.prfl --predictionStart=35116467 --predictionEnd=35129074 --species=fly busco_out/BUSCO_metazoa.fasta/run_metazoa_odb10/blast_output/sequences/scaffold_4.temp
DEBUG:busco.Toolset	cmd call: /kmk/scripts/augustus.2.5.5/bin/augustus --codingseq=1 --proteinprofile=/kmk/databases/metazoa_odb10/prfl/631107at33208a.prfl --predictionStart=3147535 --predictionEnd=3159794 --species=fly busco_out/BUSCO_metazoa.fasta/run_metazoa_odb10/blast_output/sequences/scaffold_1.temp
DEBUG:busco.Toolset	cmd call: /kmk/scripts/augustus.2.5.5/bin/augustus --codingseq=1 --proteinprofile=/kmk/databases/metazoa_odb10/prfl/169864at33208a.prfl --predictionStart=31363348 --predictionEnd=31379857 --species=fly busco_out/BUSCO_metazoa.fasta/run_metazoa_odb10/blast_output/sequences/scaffold_1.temp
DEBUG:busco.Toolset	cmd call: /kmk/scripts/augustus.2.5.5/bin/augustus --codingseq=1 --proteinprofile=/kmk/databases/metazoa_odb10/prfl/625091at33208a.prfl --predictionStart=35638352 --predictionEnd=35650545 --species=fly busco_out/BUSCO_metazoa.fasta/run_metazoa_odb10/blast_output/sequences/scaffold_3.temp
DEBUG:busco.Toolset	cmd call: /kmk/scripts/augustus.2.5.5/bin/augustus --codingseq=1 --proteinprofile=/kmk/databases/metazoa_odb10/prfl/554815at33208a.prfl --predictionStart=8493709 --predictionEnd=8507597 --species=fly busco_out/BUSCO_metazoa.fasta/run_metazoa_odb10/blast_output/sequences/scaffold_7.temp
DEBUG:busco.Toolset	cmd call: /kmk/scripts/augustus.2.5.5/bin/augustus --codingseq=1 --proteinprofile=/kmk/databases/metazoa_odb10/prfl/591391at33208a.prfl --predictionStart=23523821 --predictionEnd=23535987 --species=fly busco_out/BUSCO_metazoa.fasta/run_metazoa_odb10/blast_output/sequences/scaffold_5.temp
DEBUG:busco.Toolset	cmd call: /kmk/scripts/augustus.2.5.5/bin/augustus --codingseq=1 --proteinprofile=/kmk/databases/metazoa_odb10/prfl/628082at33208a.prfl --predictionStart=12116872 --predictionEnd=12130103 --species=fly busco_out/BUSCO_metazoa.fasta/run_metazoa_odb10/blast_output/sequences/scaffold_5.temp
DEBUG:busco.Toolset	cmd call: /kmk/scripts/augustus.2.5.5/bin/augustus --codingseq=1 --proteinprofile=/kmk/databases/metazoa_odb10/prfl/622270at33208a.prfl --predictionStart=35943035 --predictionEnd=35955613 --species=fly busco_out/BUSCO_metazoa.fasta/run_metazoa_odb10/blast_output/sequences/scaffold_4.temp
DEBUG:busco.Toolset	cmd call: /kmk/scripts/augustus.2.5.5/bin/augustus --codingseq=1 --proteinprofile=/kmk/databases/metazoa_odb10/prfl/334336at33208a.prfl --predictionStart=18031250 --predictionEnd=18055328 --species=fly busco_out/BUSCO_metazoa.fasta/run_metazoa_odb10/blast_output/sequences/scaffold_6.temp
DEBUG:busco.Toolset	cmd call: /kmk/scripts/augustus.2.5.5/bin/augustus --codingseq=1 --proteinprofile=/kmk/databases/metazoa_odb10/prfl/353768at33208a.prfl --predictionStart=45306736 --predictionEnd=45323376 --species=fly busco_out/BUSCO_metazoa.fasta/run_metazoa_odb10/blast_output/sequences/scaffold_3.temp
DEBUG:busco.Toolset	cmd call: /kmk/scripts/augustus.2.5.5/bin/augustus --codingseq=1 --proteinprofile=/kmk/databases/metazoa_odb10/prfl/270594at33208a.prfl --predictionStart=23502529 --predictionEnd=23522551 --species=fly busco_out/BUSCO_metazoa.fasta/run_metazoa_odb10/blast_output/sequences/scaffold_7.temp
DEBUG:busco.Toolset	cmd call: /kmk/scripts/augustus.2.5.5/bin/augustus --codingseq=1 --proteinprofile=/kmk/databases/metazoa_odb10/prfl/467106at33208a.prfl --predictionStart=19876861 --predictionEnd=19890336 --species=fly busco_out/BUSCO_metazoa.fasta/run_metazoa_odb10/blast_output/sequences/scaffold_6.temp
DEBUG:busco.Toolset	cmd call: /kmk/scripts/augustus.2.5.5/bin/augustus --codingseq=1 --proteinprofile=/kmk/databases/metazoa_odb10/prfl/355210at33208a.prfl --predictionStart=28167230 --predictionEnd=28190754 --species=fly busco_out/BUSCO_metazoa.fasta/run_metazoa_odb10/blast_output/sequences/scaffold_3.temp
DEBUG:busco.Toolset	cmd call: /kmk/scripts/augustus.2.5.5/bin/augustus --codingseq=1 --proteinprofile=/kmk/databases/metazoa_odb10/prfl/567650at33208a.prfl --predictionStart=13557255 --predictionEnd=13576017 --species=fly busco_out/BUSCO_metazoa.fasta/run_metazoa_odb10/blast_output/sequences/scaffold_8.temp
DEBUG:busco.Toolset	cmd call: /kmk/scripts/augustus.2.5.5/bin/augustus --codingseq=1 --proteinprofile=/kmk/databases/metazoa_odb10/prfl/194754at33208a.prfl --predictionStart=24623269 --predictionEnd=24643786 --species=fly busco_out/BUSCO_metazoa.fasta/run_metazoa_odb10/blast_output/sequences/scaffold_5.temp
DEBUG:busco.Toolset	cmd call: /kmk/scripts/augustus.2.5.5/bin/augustus --codingseq=1 --proteinprofile=/kmk/databases/metazoa_odb10/prfl/591316at33208a.prfl --predictionStart=6621943 --predictionEnd=6635764 --species=fly busco_out/BUSCO_metazoa.fasta/run_metazoa_odb10/blast_output/sequences/scaffold_3.temp
DEBUG:busco.Toolset	cmd call: /kmk/scripts/augustus.2.5.5/bin/augustus --codingseq=1 --proteinprofile=/kmk/databases/metazoa_odb10/prfl/591316at33208a.prfl --predictionStart=50217486 --predictionEnd=50229706 --species=fly busco_out/BUSCO_metazoa.fasta/run_metazoa_odb10/blast_output/sequences/scaffold_1.temp
DEBUG:busco.Toolset	cmd call: /kmk/scripts/augustus.2.5.5/bin/augustus --codingseq=1 --proteinprofile=/kmk/databases/metazoa_odb10/prfl/480700at33208a.prfl --predictionStart=17753550 --predictionEnd=17768043 --species=fly busco_out/BUSCO_metazoa.fasta/run_metazoa_odb10/blast_output/sequences/scaffold_8.temp
DEBUG:busco.Toolset	cmd call: /kmk/scripts/augustus.2.5.5/bin/augustus --codingseq=1 --proteinprofile=/kmk/databases/metazoa_odb10/prfl/130256at33208a.prfl --predictionStart=33467801 --predictionEnd=33487083 --species=fly busco_out/BUSCO_metazoa.fasta/run_metazoa_odb10/blast_output/sequences/scaffold_5.temp
DEBUG:busco.Toolset	cmd call: /kmk/scripts/augustus.2.5.5/bin/augustus --codingseq=1 --proteinprofile=/kmk/databases/metazoa_odb10/prfl/399092at33208a.prfl --predictionStart=29867829 --predictionEnd=29882674 --species=fly busco_out/BUSCO_metazoa.fasta/run_metazoa_odb10/blast_output/sequences/scaffold_1.temp
DEBUG:busco.Toolset	cmd call: /kmk/scripts/augustus.2.5.5/bin/augustus --codingseq=1 --proteinprofile=/kmk/databases/metazoa_odb10/prfl/623324at33208a.prfl --predictionStart=36277432 --predictionEnd=36289969 --species=fly busco_out/BUSCO_metazoa.fasta/run_metazoa_odb10/blast_output/sequences/scaffold_1.temp
DEBUG:busco.Toolset	cmd call: /kmk/scripts/augustus.2.5.5/bin/augustus --codingseq=1 --proteinprofile=/kmk/databases/metazoa_odb10/prfl/600462at33208a.prfl --predictionStart=17085628 --predictionEnd=17099174 --species=fly busco_out/BUSCO_metazoa.fasta/run_metazoa_odb10/blast_output/sequences/scaffold_6.temp
DEBUG:busco.Toolset	cmd call: /kmk/scripts/augustus.2.5.5/bin/augustus --codingseq=1 --proteinprofile=/kmk/databases/metazoa_odb10/prfl/630073at33208a.prfl --predictionStart=14492764 --predictionEnd=14504972 --species=fly busco_out/BUSCO_metazoa.fasta/run_metazoa_odb10/blast_output/sequences/scaffold_7.temp
DEBUG:busco.Toolset	cmd call: /kmk/scripts/augustus.2.5.5/bin/augustus --codingseq=1 --proteinprofile=/kmk/databases/metazoa_odb10/prfl/227979at33208a.prfl --predictionStart=15893357 --predictionEnd=15921202 --species=fly busco_out/BUSCO_metazoa.fasta/run_metazoa_odb10/blast_output/sequences/scaffold_9.temp
DEBUG:busco.Toolset	cmd call: /kmk/scripts/augustus.2.5.5/bin/augustus --codingseq=1 --proteinprofile=/kmk/databases/metazoa_odb10/prfl/467142at33208a.prfl --predictionStart=37980370 --predictionEnd=37994666 --species=fly busco_out/BUSCO_metazoa.fasta/run_metazoa_odb10/blast_output/sequences/scaffold_3.temp
DEBUG:busco.Toolset	cmd call: /kmk/scripts/augustus.2.5.5/bin/augustus --codingseq=1 --proteinprofile=/kmk/databases/metazoa_odb10/prfl/424569at33208a.prfl --predictionStart=16689735 --predictionEnd=16706469 --species=fly busco_out/BUSCO_metazoa.fasta/run_metazoa_odb10/blast_output/sequences/scaffold_1.temp
DEBUG:busco.Toolset	cmd call: /kmk/scripts/augustus.2.5.5/bin/augustus --codingseq=1 --proteinprofile=/kmk/databases/metazoa_odb10/prfl/532930at33208a.prfl --predictionStart=3259920 --predictionEnd=3272923 --species=fly busco_out/BUSCO_metazoa.fasta/run_metazoa_odb10/blast_output/sequences/scaffold_3.temp
DEBUG:busco.Toolset	cmd call: /kmk/scripts/augustus.2.5.5/bin/augustus --codingseq=1 --proteinprofile=/kmk/databases/metazoa_odb10/prfl/148067at33208a.prfl --predictionStart=51811953 --predictionEnd=51831275 --species=fly busco_out/BUSCO_metazoa.fasta/run_metazoa_odb10/blast_output/sequences/scaffold_1.temp
DEBUG:busco.Toolset	cmd call: /kmk/scripts/augustus.2.5.5/bin/augustus --codingseq=1 --proteinprofile=/kmk/databases/metazoa_odb10/prfl/338482at33208a.prfl --predictionStart=13899789 --predictionEnd=13915648 --species=fly busco_out/BUSCO_metazoa.fasta/run_metazoa_odb10/blast_output/sequences/scaffold_5.temp
DEBUG:busco.Toolset	cmd call: /kmk/scripts/augustus.2.5.5/bin/augustus --codingseq=1 --proteinprofile=/kmk/databases/metazoa_odb10/prfl/523376at33208a.prfl --predictionStart=13281749 --predictionEnd=13298643 --species=fly busco_out/BUSCO_metazoa.fasta/run_metazoa_odb10/blast_output/sequences/scaffold_2.temp
DEBUG:busco.Toolset	cmd call: /kmk/scripts/augustus.2.5.5/bin/augustus --codingseq=1 --proteinprofile=/kmk/databases/metazoa_odb10/prfl/443305at33208a.prfl --predictionStart=4828920 --predictionEnd=4844872 --species=fly busco_out/BUSCO_metazoa.fasta/run_metazoa_odb10/blast_output/sequences/scaffold_6.temp
DEBUG:busco.Toolset	cmd call: /kmk/scripts/augustus.2.5.5/bin/augustus --codingseq=1 --proteinprofile=/kmk/databases/metazoa_odb10/prfl/404988at33208a.prfl --predictionStart=21063878 --predictionEnd=21077736 --species=fly busco_out/BUSCO_metazoa.fasta/run_metazoa_odb10/blast_output/sequences/scaffold_5.temp
DEBUG:busco.Toolset	cmd call: /kmk/scripts/augustus.2.5.5/bin/augustus --codingseq=1 --proteinprofile=/kmk/databases/metazoa_odb10/prfl/441575at33208a.prfl --predictionStart=16730116 --predictionEnd=16747895 --species=fly busco_out/BUSCO_metazoa.fasta/run_metazoa_odb10/blast_output/sequences/scaffold_6.temp
DEBUG:busco.Toolset	cmd call: /kmk/scripts/augustus.2.5.5/bin/augustus --codingseq=1 --proteinprofile=/kmk/databases/metazoa_odb10/prfl/414579at33208a.prfl --predictionStart=22195224 --predictionEnd=22210894 --species=fly busco_out/BUSCO_metazoa.fasta/run_metazoa_odb10/blast_output/sequences/scaffold_3.temp
DEBUG:busco.Toolset	cmd call: /kmk/scripts/augustus.2.5.5/bin/augustus --codingseq=1 --proteinprofile=/kmk/databases/metazoa_odb10/prfl/414579at33208a.prfl --predictionStart=2528672 --predictionEnd=2541486 --species=fly busco_out/BUSCO_metazoa.fasta/run_metazoa_odb10/blast_output/sequences/scaffold_5.temp
DEBUG:busco.Toolset	cmd call: /kmk/scripts/augustus.2.5.5/bin/augustus --codingseq=1 --proteinprofile=/kmk/databases/metazoa_odb10/prfl/595316at33208a.prfl --predictionStart=35640504 --predictionEnd=35655045 --species=fly busco_out/BUSCO_metazoa.fasta/run_metazoa_odb10/blast_output/sequences/scaffold_3.temp
DEBUG:busco.Toolset	cmd call: /kmk/scripts/augustus.2.5.5/bin/augustus --codingseq=1 --proteinprofile=/kmk/databases/metazoa_odb10/prfl/612760at33208a.prfl --predictionStart=12398277 --predictionEnd=12410485 --species=fly busco_out/BUSCO_metazoa.fasta/run_metazoa_odb10/blast_output/sequences/scaffold_9.temp
DEBUG:busco.Toolset	cmd call: /kmk/scripts/augustus.2.5.5/bin/augustus --codingseq=1 --proteinprofile=/kmk/databases/metazoa_odb10/prfl/494057at33208a.prfl --predictionStart=6162763 --predictionEnd=6177193 --species=fly busco_out/BUSCO_metazoa.fasta/run_metazoa_odb10/blast_output/sequences/scaffold_3.temp
DEBUG:busco.Toolset	cmd call: /kmk/scripts/augustus.2.5.5/bin/augustus --codingseq=1 --proteinprofile=/kmk/databases/metazoa_odb10/prfl/387117at33208a.prfl --predictionStart=5628701 --predictionEnd=5643404 --species=fly busco_out/BUSCO_metazoa.fasta/run_metazoa_odb10/blast_output/sequences/scaffold_9.temp
DEBUG:busco.Toolset	cmd call: /kmk/scripts/augustus.2.5.5/bin/augustus --codingseq=1 --proteinprofile=/kmk/databases/metazoa_odb10/prfl/387117at33208a.prfl --predictionStart=7729520 --predictionEnd=7742430 --species=fly busco_out/BUSCO_metazoa.fasta/run_metazoa_odb10/blast_output/sequences/scaffold_3.temp
DEBUG:busco.Toolset	cmd call: /kmk/scripts/augustus.2.5.5/bin/augustus --codingseq=1 --proteinprofile=/kmk/databases/metazoa_odb10/prfl/515377at33208a.prfl --predictionStart=31287770 --predictionEnd=31299936 --species=fly busco_out/BUSCO_metazoa.fasta/run_metazoa_odb10/blast_output/sequences/scaffold_3.temp
DEBUG:busco.Toolset	cmd call: /kmk/scripts/augustus.2.5.5/bin/augustus --codingseq=1 --proteinprofile=/kmk/databases/metazoa_odb10/prfl/359075at33208a.prfl --predictionStart=10003837 --predictionEnd=10019949 --species=fly busco_out/BUSCO_metazoa.fasta/run_metazoa_odb10/blast_output/sequences/scaffold_7.temp
DEBUG:busco.Toolset	cmd call: /kmk/scripts/augustus.2.5.5/bin/augustus --codingseq=1 --proteinprofile=/kmk/databases/metazoa_odb10/prfl/578726at33208a.prfl --predictionStart=6315599 --predictionEnd=6337347 --species=fly busco_out/BUSCO_metazoa.fasta/run_metazoa_odb10/blast_output/sequences/scaffold_1.temp
DEBUG:busco.Toolset	cmd call: /kmk/scripts/augustus.2.5.5/bin/augustus --codingseq=1 --proteinprofile=/kmk/databases/metazoa_odb10/prfl/195986at33208a.prfl --predictionStart=52842613 --predictionEnd=52862361 --species=fly busco_out/BUSCO_metazoa.fasta/run_metazoa_odb10/blast_output/sequences/scaffold_1.temp
DEBUG:busco.Toolset	cmd call: /kmk/scripts/augustus.2.5.5/bin/augustus --codingseq=1 --proteinprofile=/kmk/databases/metazoa_odb10/prfl/231157at33208a.prfl --predictionStart=10877856 --predictionEnd=10896147 --species=fly busco_out/BUSCO_metazoa.fasta/run_metazoa_odb10/blast_output/sequences/scaffold_1.temp
DEBUG:busco.Toolset	cmd call: /kmk/scripts/augustus.2.5.5/bin/augustus --codingseq=1 --proteinprofile=/kmk/databases/metazoa_odb10/prfl/596973at33208a.prfl --predictionStart=29464853 --predictionEnd=29477421 --species=fly busco_out/BUSCO_metazoa.fasta/run_metazoa_odb10/blast_output/sequences/scaffold_1.temp
DEBUG:busco.Toolset	cmd call: /kmk/scripts/augustus.2.5.5/bin/augustus --codingseq=1 --proteinprofile=/kmk/databases/metazoa_odb10/prfl/500261at33208a.prfl --predictionStart=27871763 --predictionEnd=27921091 --species=fly busco_out/BUSCO_metazoa.fasta/run_metazoa_odb10/blast_output/sequences/scaffold_4.temp
DEBUG:busco.Toolset	cmd call: /kmk/scripts/augustus.2.5.5/bin/augustus --codingseq=1 --proteinprofile=/kmk/databases/metazoa_odb10/prfl/279631at33208a.prfl --predictionStart=4913348 --predictionEnd=4935084 --species=fly busco_out/BUSCO_metazoa.fasta/run_metazoa_odb10/blast_output/sequences/scaffold_2.temp
DEBUG:busco.Toolset	cmd call: /kmk/scripts/augustus.2.5.5/bin/augustus --codingseq=1 --proteinprofile=/kmk/databases/metazoa_odb10/prfl/601886at33208a.prfl --predictionStart=40481876 --predictionEnd=40495897 --species=fly busco_out/BUSCO_metazoa.fasta/run_metazoa_odb10/blast_output/sequences/scaffold_3.temp
DEBUG:busco.Toolset	cmd call: /kmk/scripts/augustus.2.5.5/bin/augustus --codingseq=1 --proteinprofile=/kmk/databases/metazoa_odb10/prfl/442203at33208a.prfl --predictionStart=12804154 --predictionEnd=12818922 --species=fly busco_out/BUSCO_metazoa.fasta/run_metazoa_odb10/blast_output/sequences/scaffold_7.temp
DEBUG:busco.Toolset	cmd call: /kmk/scripts/augustus.2.5.5/bin/augustus --codingseq=1 --proteinprofile=/kmk/databases/metazoa_odb10/prfl/182834at33208a.prfl --predictionStart=3537047 --predictionEnd=3557744 --species=fly busco_out/BUSCO_metazoa.fasta/run_metazoa_odb10/blast_output/sequences/scaffold_4.temp
DEBUG:busco.Toolset	cmd call: /kmk/scripts/augustus.2.5.5/bin/augustus --codingseq=1 --proteinprofile=/kmk/databases/metazoa_odb10/prfl/625769at33208a.prfl --predictionStart=52320438 --predictionEnd=52333316 --species=fly busco_out/BUSCO_metazoa.fasta/run_metazoa_odb10/blast_output/sequences/scaffold_1.temp
DEBUG:busco.Toolset	cmd call: /kmk/scripts/augustus.2.5.5/bin/augustus --codingseq=1 --proteinprofile=/kmk/databases/metazoa_odb10/prfl/395556at33208a.prfl --predictionStart=14129992 --predictionEnd=14143028 --species=fly busco_out/BUSCO_metazoa.fasta/run_metazoa_odb10/blast_output/sequences/scaffold_8.temp
DEBUG:busco.Toolset	cmd call: /kmk/scripts/augustus.2.5.5/bin/augustus --codingseq=1 --proteinprofile=/kmk/databases/metazoa_odb10/prfl/308610at33208a.prfl --predictionStart=6422654 --predictionEnd=6437706 --species=fly busco_out/BUSCO_metazoa.fasta/run_metazoa_odb10/blast_output/sequences/scaffold_6.temp
DEBUG:busco.Toolset	cmd call: /kmk/scripts/augustus.2.5.5/bin/augustus --codingseq=1 --proteinprofile=/kmk/databases/metazoa_odb10/prfl/244863at33208a.prfl --predictionStart=8253692 --predictionEnd=8276917 --species=fly busco_out/BUSCO_metazoa.fasta/run_metazoa_odb10/blast_output/sequences/scaffold_1.temp
DEBUG:busco.Toolset	cmd call: /kmk/scripts/augustus.2.5.5/bin/augustus --codingseq=1 --proteinprofile=/kmk/databases/metazoa_odb10/prfl/223234at33208a.prfl --predictionStart=20094938 --predictionEnd=20108973 --species=fly busco_out/BUSCO_metazoa.fasta/run_metazoa_odb10/blast_output/sequences/scaffold_4.temp
DEBUG:busco.Toolset	cmd call: /kmk/scripts/augustus.2.5.5/bin/augustus --codingseq=1 --proteinprofile=/kmk/databases/metazoa_odb10/prfl/489359at33208a.prfl --predictionStart=25773477 --predictionEnd=25786960 --species=fly busco_out/BUSCO_metazoa.fasta/run_metazoa_odb10/blast_output/sequences/scaffold_4.temp
DEBUG:busco.Toolset	cmd call: /kmk/scripts/augustus.2.5.5/bin/augustus --codingseq=1 --proteinprofile=/kmk/databases/metazoa_odb10/prfl/565053at33208a.prfl --predictionStart=7578149 --predictionEnd=7595138 --species=fly busco_out/BUSCO_metazoa.fasta/run_metazoa_odb10/blast_output/sequences/scaffold_6.temp
DEBUG:busco.Toolset	cmd call: /kmk/scripts/augustus.2.5.5/bin/augustus --codingseq=1 --proteinprofile=/kmk/databases/metazoa_odb10/prfl/344611at33208a.prfl --predictionStart=26743706 --predictionEnd=26756650 --species=fly busco_out/BUSCO_metazoa.fasta/run_metazoa_odb10/blast_output/sequences/scaffold_3.temp
DEBUG:busco.Toolset	cmd call: /kmk/scripts/augustus.2.5.5/bin/augustus --codingseq=1 --proteinprofile=/kmk/databases/metazoa_odb10/prfl/411755at33208a.prfl --predictionStart=19291432 --predictionEnd=19304733 --species=fly busco_out/BUSCO_metazoa.fasta/run_metazoa_odb10/blast_output/sequences/scaffold_2.temp
DEBUG:busco.Toolset	cmd call: /kmk/scripts/augustus.2.5.5/bin/augustus --codingseq=1 --proteinprofile=/kmk/databases/metazoa_odb10/prfl/572434at33208a.prfl --predictionStart=55940107 --predictionEnd=55974883 --species=fly busco_out/BUSCO_metazoa.fasta/run_metazoa_odb10/blast_output/sequences/scaffold_1.temp
DEBUG:busco.Toolset	cmd call: /kmk/scripts/augustus.2.5.5/bin/augustus --codingseq=1 --proteinprofile=/kmk/databases/metazoa_odb10/prfl/477998at33208a.prfl --predictionStart=7215573 --predictionEnd=7228435 --species=fly busco_out/BUSCO_metazoa.fasta/run_metazoa_odb10/blast_output/sequences/scaffold_1.temp
DEBUG:busco.Toolset	cmd call: /kmk/scripts/augustus.2.5.5/bin/augustus --codingseq=1 --proteinprofile=/kmk/databases/metazoa_odb10/prfl/535664at33208a.prfl --predictionStart=30542864 --predictionEnd=30555048 --species=fly busco_out/BUSCO_metazoa.fasta/run_metazoa_odb10/blast_output/sequences/scaffold_4.temp
DEBUG:busco.Toolset	cmd call: /kmk/scripts/augustus.2.5.5/bin/augustus --codingseq=1 --proteinprofile=/kmk/databases/metazoa_odb10/prfl/631811at33208a.prfl --predictionStart=14843106 --predictionEnd=14855290 --species=fly busco_out/BUSCO_metazoa.fasta/run_metazoa_odb10/blast_output/sequences/scaffold_9.temp
DEBUG:busco.Toolset	cmd call: /kmk/scripts/augustus.2.5.5/bin/augustus --codingseq=1 --proteinprofile=/kmk/databases/metazoa_odb10/prfl/616716at33208a.prfl --predictionStart=11283597 --predictionEnd=11295808 --species=fly busco_out/BUSCO_metazoa.fasta/run_metazoa_odb10/blast_output/sequences/scaffold_3.temp
DEBUG:busco.Toolset	cmd call: /kmk/scripts/augustus.2.5.5/bin/augustus --codingseq=1 --proteinprofile=/kmk/databases/metazoa_odb10/prfl/176247at33208a.prfl --predictionStart=8555771 --predictionEnd=8573682 --species=fly busco_out/BUSCO_metazoa.fasta/run_metazoa_odb10/blast_output/sequences/scaffold_8.temp
DEBUG:busco.Toolset	cmd call: /kmk/scripts/augustus.2.5.5/bin/augustus --codingseq=1 --proteinprofile=/kmk/databases/metazoa_odb10/prfl/509816at33208a.prfl --predictionStart=13442611 --predictionEnd=13456502 --species=fly busco_out/BUSCO_metazoa.fasta/run_metazoa_odb10/blast_output/sequences/scaffold_4.temp
DEBUG:busco.Toolset	cmd call: /kmk/scripts/augustus.2.5.5/bin/augustus --codingseq=1 --proteinprofile=/kmk/databases/metazoa_odb10/prfl/391896at33208a.prfl --predictionStart=3483765 --predictionEnd=3498826 --species=fly busco_out/BUSCO_metazoa.fasta/run_metazoa_odb10/blast_output/sequences/scaffold_6.temp
DEBUG:busco.Toolset	cmd call: /kmk/scripts/augustus.2.5.5/bin/augustus --codingseq=1 --proteinprofile=/kmk/databases/metazoa_odb10/prfl/226335at33208a.prfl --predictionStart=21170279 --predictionEnd=21188553 --species=fly busco_out/BUSCO_metazoa.fasta/run_metazoa_odb10/blast_output/sequences/scaffold_1.temp
DEBUG:busco.Toolset	cmd call: /kmk/scripts/augustus.2.5.5/bin/augustus --codingseq=1 --proteinprofile=/kmk/databases/metazoa_odb10/prfl/323473at33208a.prfl --predictionStart=7664813 --predictionEnd=7679500 --species=fly busco_out/BUSCO_metazoa.fasta/run_metazoa_odb10/blast_output/sequences/scaffold_4.temp
DEBUG:busco.Toolset	cmd call: /kmk/scripts/augustus.2.5.5/bin/augustus --codingseq=1 --proteinprofile=/kmk/databases/metazoa_odb10/prfl/502691at33208a.prfl --predictionStart=16167445 --predictionEnd=16187182 --species=fly busco_out/BUSCO_metazoa.fasta/run_metazoa_odb10/blast_output/sequences/scaffold_9.temp
DEBUG:busco.Toolset	cmd call: /kmk/scripts/augustus.2.5.5/bin/augustus --codingseq=1 --proteinprofile=/kmk/databases/metazoa_odb10/prfl/620546at33208a.prfl --predictionStart=42718751 --predictionEnd=42731805 --species=fly busco_out/BUSCO_metazoa.fasta/run_metazoa_odb10/blast_output/sequences/scaffold_1.temp
DEBUG:busco.Toolset	cmd call: /kmk/scripts/augustus.2.5.5/bin/augustus --codingseq=1 --proteinprofile=/kmk/databases/metazoa_odb10/prfl/224280at33208a.prfl --predictionStart=4304078 --predictionEnd=4323202 --species=fly busco_out/BUSCO_metazoa.fasta/run_metazoa_odb10/blast_output/sequences/scaffold_8.temp
DEBUG:busco.Toolset	cmd call: /kmk/scripts/augustus.2.5.5/bin/augustus --codingseq=1 --proteinprofile=/kmk/databases/metazoa_odb10/prfl/604943at33208a.prfl --predictionStart=25475936 --predictionEnd=25489564 --species=fly busco_out/BUSCO_metazoa.fasta/run_metazoa_odb10/blast_output/sequences/scaffold_7.temp
DEBUG:busco.Toolset	cmd call: /kmk/scripts/augustus.2.5.5/bin/augustus --codingseq=1 --proteinprofile=/kmk/databases/metazoa_odb10/prfl/598944at33208a.prfl --predictionStart=33483905 --predictionEnd=33496065 --species=fly busco_out/BUSCO_metazoa.fasta/run_metazoa_odb10/blast_output/sequences/scaffold_4.temp
DEBUG:busco.Toolset	cmd call: /kmk/scripts/augustus.2.5.5/bin/augustus --codingseq=1 --proteinprofile=/kmk/databases/metazoa_odb10/prfl/460044at33208a.prfl --predictionStart=18257285 --predictionEnd=18284360 --species=fly busco_out/BUSCO_metazoa.fasta/run_metazoa_odb10/blast_output/sequences/scaffold_9.temp
DEBUG:busco.Toolset	cmd call: /kmk/scripts/augustus.2.5.5/bin/augustus --codingseq=1 --proteinprofile=/kmk/databases/metazoa_odb10/prfl/592872at33208a.prfl --predictionStart=6832386 --predictionEnd=6853534 --species=fly busco_out/BUSCO_metazoa.fasta/run_metazoa_odb10/blast_output/sequences/scaffold_5.temp
DEBUG:busco.Toolset	cmd call: /kmk/scripts/augustus.2.5.5/bin/augustus --codingseq=1 --proteinprofile=/kmk/databases/metazoa_odb10/prfl/412542at33208a.prfl --predictionStart=32519206 --predictionEnd=32535519 --species=fly busco_out/BUSCO_metazoa.fasta/run_metazoa_odb10/blast_output/sequences/scaffold_4.temp
DEBUG:busco.Toolset	cmd call: /kmk/scripts/augustus.2.5.5/bin/augustus --codingseq=1 --proteinprofile=/kmk/databases/metazoa_odb10/prfl/508188at33208a.prfl --predictionStart=7120222 --predictionEnd=7132877 --species=fly busco_out/BUSCO_metazoa.fasta/run_metazoa_odb10/blast_output/sequences/scaffold_3.temp
DEBUG:busco.Toolset	cmd call: /kmk/scripts/augustus.2.5.5/bin/augustus --codingseq=1 --proteinprofile=/kmk/databases/metazoa_odb10/prfl/412370at33208a.prfl --predictionStart=31186420 --predictionEnd=31199711 --species=fly busco_out/BUSCO_metazoa.fasta/run_metazoa_odb10/blast_output/sequences/scaffold_4.temp
DEBUG:busco.Toolset	cmd call: /kmk/scripts/augustus.2.5.5/bin/augustus --codingseq=1 --proteinprofile=/kmk/databases/metazoa_odb10/prfl/429751at33208a.prfl --predictionStart=964536 --predictionEnd=979171 --species=fly busco_out/BUSCO_metazoa.fasta/run_metazoa_odb10/blast_output/sequences/scaffold_9.temp
DEBUG:busco.Toolset	cmd call: /kmk/scripts/augustus.2.5.5/bin/augustus --codingseq=1 --proteinprofile=/kmk/databases/metazoa_odb10/prfl/333062at33208a.prfl --predictionStart=9867917 --predictionEnd=9887262 --species=fly busco_out/BUSCO_metazoa.fasta/run_metazoa_odb10/blast_output/sequences/scaffold_3.temp
DEBUG:busco.Toolset	cmd call: /kmk/scripts/augustus.2.5.5/bin/augustus --codingseq=1 --proteinprofile=/kmk/databases/metazoa_odb10/prfl/534172at33208a.prfl --predictionStart=8352174 --predictionEnd=8366765 --species=fly busco_out/BUSCO_metazoa.fasta/run_metazoa_odb10/blast_output/sequences/scaffold_8.temp
DEBUG:busco.Toolset	cmd call: /kmk/scripts/augustus.2.5.5/bin/augustus --codingseq=1 --proteinprofile=/kmk/databases/metazoa_odb10/prfl/114954at33208a.prfl --predictionStart=16328657 --predictionEnd=16349263 --species=fly busco_out/BUSCO_metazoa.fasta/run_metazoa_odb10/blast_output/sequences/scaffold_9.temp
DEBUG:busco.Toolset	cmd call: /kmk/scripts/augustus.2.5.5/bin/augustus --codingseq=1 --proteinprofile=/kmk/databases/metazoa_odb10/prfl/463071at33208a.prfl --predictionStart=7866282 --predictionEnd=7882783 --species=fly busco_out/BUSCO_metazoa.fasta/run_metazoa_odb10/blast_output/sequences/scaffold_9.temp
DEBUG:busco.Toolset	cmd call: /kmk/scripts/augustus.2.5.5/bin/augustus --codingseq=1 --proteinprofile=/kmk/databases/metazoa_odb10/prfl/284059at33208a.prfl --predictionStart=1599407 --predictionEnd=1616568 --species=fly busco_out/BUSCO_metazoa.fasta/run_metazoa_odb10/blast_output/sequences/scaffold_3.temp
DEBUG:busco.Toolset	cmd call: /kmk/scripts/augustus.2.5.5/bin/augustus --codingseq=1 --proteinprofile=/kmk/databases/metazoa_odb10/prfl/631196at33208a.prfl --predictionStart=19171251 --predictionEnd=19183489 --species=fly busco_out/BUSCO_metazoa.fasta/run_metazoa_odb10/blast_output/sequences/scaffold_1.temp
DEBUG:busco.Toolset	cmd call: /kmk/scripts/augustus.2.5.5/bin/augustus --codingseq=1 --proteinprofile=/kmk/databases/metazoa_odb10/prfl/493148at33208a.prfl --predictionStart=25895750 --predictionEnd=25911451 --species=fly busco_out/BUSCO_metazoa.fasta/run_metazoa_odb10/blast_output/sequences/scaffold_3.temp
DEBUG:busco.Toolset	cmd call: /kmk/scripts/augustus.2.5.5/bin/augustus --codingseq=1 --proteinprofile=/kmk/databases/metazoa_odb10/prfl/560566at33208a.prfl --predictionStart=7503303 --predictionEnd=7515523 --species=fly busco_out/BUSCO_metazoa.fasta/run_metazoa_odb10/blast_output/sequences/scaffold_4.temp
DEBUG:busco.Toolset	cmd call: /kmk/scripts/augustus.2.5.5/bin/augustus --codingseq=1 --proteinprofile=/kmk/databases/metazoa_odb10/prfl/478984at33208a.prfl --predictionStart=25056992 --predictionEnd=25071078 --species=fly busco_out/BUSCO_metazoa.fasta/run_metazoa_odb10/blast_output/sequences/scaffold_8.temp
DEBUG:busco.Toolset	cmd call: /kmk/scripts/augustus.2.5.5/bin/augustus --codingseq=1 --proteinprofile=/kmk/databases/metazoa_odb10/prfl/430701at33208a.prfl --predictionStart=13557477 --predictionEnd=13571441 --species=fly busco_out/BUSCO_metazoa.fasta/run_metazoa_odb10/blast_output/sequences/scaffold_5.temp
DEBUG:busco.Toolset	cmd call: /kmk/scripts/augustus.2.5.5/bin/augustus --codingseq=1 --proteinprofile=/kmk/databases/metazoa_odb10/prfl/302279at33208a.prfl --predictionStart=4580565 --predictionEnd=4613557 --species=fly busco_out/BUSCO_metazoa.fasta/run_metazoa_odb10/blast_output/sequences/scaffold_8.temp
DEBUG:busco.Toolset	cmd call: /kmk/scripts/augustus.2.5.5/bin/augustus --codingseq=1 --proteinprofile=/kmk/databases/metazoa_odb10/prfl/398607at33208a.prfl --predictionStart=2192528 --predictionEnd=2214985 --species=fly busco_out/BUSCO_metazoa.fasta/run_metazoa_odb10/blast_output/sequences/scaffold_7.temp
DEBUG:busco.Toolset	cmd call: /kmk/scripts/augustus.2.5.5/bin/augustus --codingseq=1 --proteinprofile=/kmk/databases/metazoa_odb10/prfl/458807at33208a.prfl --predictionStart=38413268 --predictionEnd=38429010 --species=fly busco_out/BUSCO_metazoa.fasta/run_metazoa_odb10/blast_output/sequences/scaffold_3.temp
INFO:busco.Toolset	[augustus]	96 of 953 task(s) completed
DEBUG:busco.Toolset	cmd call: /kmk/scripts/augustus.2.5.5/bin/augustus --codingseq=1 --proteinprofile=/kmk/databases/metazoa_odb10/prfl/594842at33208a.prfl --predictionStart=8798284 --predictionEnd=8811095 --species=fly busco_out/BUSCO_metazoa.fasta/run_metazoa_odb10/blast_output/sequences/scaffold_9.temp
DEBUG:busco.Toolset	cmd call: /kmk/scripts/augustus.2.5.5/bin/augustus --codingseq=1 --proteinprofile=/kmk/databases/metazoa_odb10/prfl/594172at33208a.prfl --predictionStart=24109682 --predictionEnd=24122381 --species=fly busco_out/BUSCO_metazoa.fasta/run_metazoa_odb10/blast_output/sequences/scaffold_6.temp
DEBUG:busco.Toolset	cmd call: /kmk/scripts/augustus.2.5.5/bin/augustus --codingseq=1 --proteinprofile=/kmk/databases/metazoa_odb10/prfl/548327at33208a.prfl --predictionStart=19369714 --predictionEnd=19382834 --species=fly busco_out/BUSCO_metazoa.fasta/run_metazoa_odb10/blast_output/sequences/scaffold_5.temp
DEBUG:busco.Toolset	cmd call: /kmk/scripts/augustus.2.5.5/bin/augustus --codingseq=1 --proteinprofile=/kmk/databases/metazoa_odb10/prfl/620753at33208a.prfl --predictionStart=8541935 --predictionEnd=8554934 --species=fly busco_out/BUSCO_metazoa.fasta/run_metazoa_odb10/blast_output/sequences/scaffold_9.temp
DEBUG:busco.Toolset	cmd call: /kmk/scripts/augustus.2.5.5/bin/augustus --codingseq=1 --proteinprofile=/kmk/databases/metazoa_odb10/prfl/543124at33208a.prfl --predictionStart=4000964 --predictionEnd=4013151 --species=fly busco_out/BUSCO_metazoa.fasta/run_metazoa_odb10/blast_output/sequences/scaffold_9.temp
DEBUG:busco.Toolset	cmd call: /kmk/scripts/augustus.2.5.5/bin/augustus --codingseq=1 --proteinprofile=/kmk/databases/metazoa_odb10/prfl/546751at33208a.prfl --predictionStart=41336300 --predictionEnd=41350520 --species=fly busco_out/BUSCO_metazoa.fasta/run_metazoa_odb10/blast_output/sequences/scaffold_3.temp
DEBUG:busco.Toolset	cmd call: /kmk/scripts/augustus.2.5.5/bin/augustus --codingseq=1 --proteinprofile=/kmk/databases/metazoa_odb10/prfl/295775at33208a.prfl --predictionStart=687256 --predictionEnd=703099 --species=fly busco_out/BUSCO_metazoa.fasta/run_metazoa_odb10/blast_output/sequences/scaffold_8.temp
DEBUG:busco.Toolset	cmd call: /kmk/scripts/augustus.2.5.5/bin/augustus --codingseq=1 --proteinprofile=/kmk/databases/metazoa_odb10/prfl/325183at33208a.prfl --predictionStart=13095611 --predictionEnd=13112200 --species=fly busco_out/BUSCO_metazoa.fasta/run_metazoa_odb10/blast_output/sequences/scaffold_6.temp
DEBUG:busco.Toolset	cmd call: /kmk/scripts/augustus.2.5.5/bin/augustus --codingseq=1 --proteinprofile=/kmk/databases/metazoa_odb10/prfl/515058at33208a.prfl --predictionStart=38847873 --predictionEnd=38870908 --species=fly busco_out/BUSCO_metazoa.fasta/run_metazoa_odb10/blast_output/sequences/scaffold_1.temp
DEBUG:busco.Toolset	cmd call: /kmk/scripts/augustus.2.5.5/bin/augustus --codingseq=1 --proteinprofile=/kmk/databases/metazoa_odb10/prfl/572754at33208a.prfl --predictionStart=45226628 --predictionEnd=45241557 --species=fly busco_out/BUSCO_metazoa.fasta/run_metazoa_odb10/blast_output/sequences/scaffold_1.temp
DEBUG:busco.Toolset	cmd call: /kmk/scripts/augustus.2.5.5/bin/augustus --codingseq=1 --proteinprofile=/kmk/databases/metazoa_odb10/prfl/556337at33208a.prfl --predictionStart=40000733 --predictionEnd=40013898 --species=fly busco_out/BUSCO_metazoa.fasta/run_metazoa_odb10/blast_output/sequences/scaffold_3.temp
DEBUG:busco.Toolset	cmd call: /kmk/scripts/augustus.2.5.5/bin/augustus --codingseq=1 --proteinprofile=/kmk/databases/metazoa_odb10/prfl/486743at33208a.prfl --predictionStart=55175345 --predictionEnd=55187972 --species=fly busco_out/BUSCO_metazoa.fasta/run_metazoa_odb10/blast_output/sequences/scaffold_1.temp
DEBUG:busco.Toolset	cmd call: /kmk/scripts/augustus.2.5.5/bin/augustus --codingseq=1 --proteinprofile=/kmk/databases/metazoa_odb10/prfl/414603at33208a.prfl --predictionStart=22000228 --predictionEnd=22026690 --species=fly busco_out/BUSCO_metazoa.fasta/run_metazoa_odb10/blast_output/sequences/scaffold_8.temp
DEBUG:busco.Toolset	cmd call: /kmk/scripts/augustus.2.5.5/bin/augustus --codingseq=1 --proteinprofile=/kmk/databases/metazoa_odb10/prfl/529092at33208a.prfl --predictionStart=3165374 --predictionEnd=3177537 --species=fly busco_out/BUSCO_metazoa.fasta/run_metazoa_odb10/blast_output/sequences/scaffold_1.temp
DEBUG:busco.Toolset	cmd call: /kmk/scripts/augustus.2.5.5/bin/augustus --codingseq=1 --proteinprofile=/kmk/databases/metazoa_odb10/prfl/412930at33208a.prfl --predictionStart=12229189 --predictionEnd=12248832 --species=fly busco_out/BUSCO_metazoa.fasta/run_metazoa_odb10/blast_output/sequences/scaffold_2.temp
DEBUG:busco.Toolset	cmd call: /kmk/scripts/augustus.2.5.5/bin/augustus --codingseq=1 --proteinprofile=/kmk/databases/metazoa_odb10/prfl/396237at33208a.prfl --predictionStart=39402433 --predictionEnd=39417107 --species=fly busco_out/BUSCO_metazoa.fasta/run_metazoa_odb10/blast_output/sequences/scaffold_3.temp
DEBUG:busco.Toolset	cmd call: /kmk/scripts/augustus.2.5.5/bin/augustus --codingseq=1 --proteinprofile=/kmk/databases/metazoa_odb10/prfl/483489at33208a.prfl --predictionStart=29983180 --predictionEnd=29997395 --species=fly busco_out/BUSCO_metazoa.fasta/run_metazoa_odb10/blast_output/sequences/scaffold_3.temp
DEBUG:busco.Toolset	cmd call: /kmk/scripts/augustus.2.5.5/bin/augustus --codingseq=1 --proteinprofile=/kmk/databases/metazoa_odb10/prfl/632234at33208a.prfl --predictionStart=3034804 --predictionEnd=3048365 --species=fly busco_out/BUSCO_metazoa.fasta/run_metazoa_odb10/blast_output/sequences/scaffold_7.temp
DEBUG:busco.Toolset	cmd call: /kmk/scripts/augustus.2.5.5/bin/augustus --codingseq=1 --proteinprofile=/kmk/databases/metazoa_odb10/prfl/491289at33208a.prfl --predictionStart=41307781 --predictionEnd=41324183 --species=fly busco_out/BUSCO_metazoa.fasta/run_metazoa_odb10/blast_output/sequences/scaffold_3.temp
DEBUG:busco.Toolset	cmd call: /kmk/scripts/augustus.2.5.5/bin/augustus --codingseq=1 --proteinprofile=/kmk/databases/metazoa_odb10/prfl/216257at33208a.prfl --predictionStart=26626538 --predictionEnd=26643427 --species=fly busco_out/BUSCO_metazoa.fasta/run_metazoa_odb10/blast_output/sequences/scaffold_1.temp
DEBUG:busco.Toolset	cmd call: /kmk/scripts/augustus.2.5.5/bin/augustus --codingseq=1 --proteinprofile=/kmk/databases/metazoa_odb10/prfl/587688at33208a.prfl --predictionStart=21719482 --predictionEnd=21731663 --species=fly busco_out/BUSCO_metazoa.fasta/run_metazoa_odb10/blast_output/sequences/scaffold_1.temp
DEBUG:busco.Toolset	cmd call: /kmk/scripts/augustus.2.5.5/bin/augustus --codingseq=1 --proteinprofile=/kmk/databases/metazoa_odb10/prfl/570717at33208a.prfl --predictionStart=43438347 --predictionEnd=43451475 --species=fly busco_out/BUSCO_metazoa.fasta/run_metazoa_odb10/blast_output/sequences/scaffold_3.temp
DEBUG:busco.Toolset	cmd call: /kmk/scripts/augustus.2.5.5/bin/augustus --codingseq=1 --proteinprofile=/kmk/databases/metazoa_odb10/prfl/464312at33208a.prfl --predictionStart=47541777 --predictionEnd=47557994 --species=fly busco_out/BUSCO_metazoa.fasta/run_metazoa_odb10/blast_output/sequences/scaffold_1.temp
DEBUG:busco.Toolset	cmd call: /kmk/scripts/augustus.2.5.5/bin/augustus --codingseq=1 --proteinprofile=/kmk/databases/metazoa_odb10/prfl/446031at33208a.prfl --predictionStart=28011018 --predictionEnd=28024433 --species=fly busco_out/BUSCO_metazoa.fasta/run_metazoa_odb10/blast_output/sequences/scaffold_3.temp
DEBUG:busco.Toolset	cmd call: /kmk/scripts/augustus.2.5.5/bin/augustus --codingseq=1 --proteinprofile=/kmk/databases/metazoa_odb10/prfl/359324at33208a.prfl --predictionStart=18220931 --predictionEnd=18237722 --species=fly busco_out/BUSCO_metazoa.fasta/run_metazoa_odb10/blast_output/sequences/scaffold_4.temp
DEBUG:busco.Toolset	cmd call: /kmk/scripts/augustus.2.5.5/bin/augustus --codingseq=1 --proteinprofile=/kmk/databases/metazoa_odb10/prfl/518635at33208a.prfl --predictionStart=29936417 --predictionEnd=29955742 --species=fly busco_out/BUSCO_metazoa.fasta/run_metazoa_odb10/blast_output/sequences/scaffold_5.temp
DEBUG:busco.Toolset	cmd call: /kmk/scripts/augustus.2.5.5/bin/augustus --codingseq=1 --proteinprofile=/kmk/databases/metazoa_odb10/prfl/207599at33208a.prfl --predictionStart=25166556 --predictionEnd=25182850 --species=fly busco_out/BUSCO_metazoa.fasta/run_metazoa_odb10/blast_output/sequences/scaffold_5.temp
DEBUG:busco.Toolset	cmd call: /kmk/scripts/augustus.2.5.5/bin/augustus --codingseq=1 --proteinprofile=/kmk/databases/metazoa_odb10/prfl/577339at33208a.prfl --predictionStart=9343655 --predictionEnd=9355887 --species=fly busco_out/BUSCO_metazoa.fasta/run_metazoa_odb10/blast_output/sequences/scaffold_4.temp
DEBUG:busco.Toolset	cmd call: /kmk/scripts/augustus.2.5.5/bin/augustus --codingseq=1 --proteinprofile=/kmk/databases/metazoa_odb10/prfl/585232at33208a.prfl --predictionStart=48418471 --predictionEnd=48431441 --species=fly busco_out/BUSCO_metazoa.fasta/run_metazoa_odb10/blast_output/sequences/scaffold_1.temp
DEBUG:busco.Toolset	cmd call: /kmk/scripts/augustus.2.5.5/bin/augustus --codingseq=1 --proteinprofile=/kmk/databases/metazoa_odb10/prfl/465703at33208a.prfl --predictionStart=26197109 --predictionEnd=26211481 --species=fly busco_out/BUSCO_metazoa.fasta/run_metazoa_odb10/blast_output/sequences/scaffold_3.temp
DEBUG:busco.Toolset	cmd call: /kmk/scripts/augustus.2.5.5/bin/augustus --codingseq=1 --proteinprofile=/kmk/databases/metazoa_odb10/prfl/580062at33208a.prfl --predictionStart=32885639 --predictionEnd=32899822 --species=fly busco_out/BUSCO_metazoa.fasta/run_metazoa_odb10/blast_output/sequences/scaffold_1.temp
DEBUG:busco.Toolset	cmd call: /kmk/scripts/augustus.2.5.5/bin/augustus --codingseq=1 --proteinprofile=/kmk/databases/metazoa_odb10/prfl/13816at33208a.prfl --predictionStart=8314155 --predictionEnd=8352367 --species=fly busco_out/BUSCO_metazoa.fasta/run_metazoa_odb10/blast_output/sequences/scaffold_3.temp
DEBUG:busco.Toolset	cmd call: /kmk/scripts/augustus.2.5.5/bin/augustus --codingseq=1 --proteinprofile=/kmk/databases/metazoa_odb10/prfl/202545at33208a.prfl --predictionStart=35089955 --predictionEnd=35107412 --species=fly busco_out/BUSCO_metazoa.fasta/run_metazoa_odb10/blast_output/sequences/scaffold_3.temp
DEBUG:busco.Toolset	cmd call: /kmk/scripts/augustus.2.5.5/bin/augustus --codingseq=1 --proteinprofile=/kmk/databases/metazoa_odb10/prfl/538442at33208a.prfl --predictionStart=2839457 --predictionEnd=2851647 --species=fly busco_out/BUSCO_metazoa.fasta/run_metazoa_odb10/blast_output/sequences/scaffold_8.temp
DEBUG:busco.Toolset	cmd call: /kmk/scripts/augustus.2.5.5/bin/augustus --codingseq=1 --proteinprofile=/kmk/databases/metazoa_odb10/prfl/511272at33208a.prfl --predictionStart=48542950 --predictionEnd=48556899 --species=fly busco_out/BUSCO_metazoa.fasta/run_metazoa_odb10/blast_output/sequences/scaffold_3.temp
DEBUG:busco.Toolset	cmd call: /kmk/scripts/augustus.2.5.5/bin/augustus --codingseq=1 --proteinprofile=/kmk/databases/metazoa_odb10/prfl/107151at33208a.prfl --predictionStart=15189724 --predictionEnd=15216915 --species=fly busco_out/BUSCO_metazoa.fasta/run_metazoa_odb10/blast_output/sequences/scaffold_3.temp
DEBUG:busco.Toolset	cmd call: /kmk/scripts/augustus.2.5.5/bin/augustus --codingseq=1 --proteinprofile=/kmk/databases/metazoa_odb10/prfl/419914at33208a.prfl --predictionStart=16018667 --predictionEnd=16037730 --species=fly busco_out/BUSCO_metazoa.fasta/run_metazoa_odb10/blast_output/sequences/scaffold_2.temp
DEBUG:busco.Toolset	cmd call: /kmk/scripts/augustus.2.5.5/bin/augustus --codingseq=1 --proteinprofile=/kmk/databases/metazoa_odb10/prfl/419914at33208a.prfl --predictionStart=2528780 --predictionEnd=2541501 --species=fly busco_out/BUSCO_metazoa.fasta/run_metazoa_odb10/blast_output/sequences/scaffold_5.temp
DEBUG:busco.Toolset	cmd call: /kmk/scripts/augustus.2.5.5/bin/augustus --codingseq=1 --proteinprofile=/kmk/databases/metazoa_odb10/prfl/419914at33208a.prfl --predictionStart=256387 --predictionEnd=268871 --species=fly busco_out/BUSCO_metazoa.fasta/run_metazoa_odb10/blast_output/sequences/scaffold_3.temp
DEBUG:busco.Toolset	cmd call: /kmk/scripts/augustus.2.5.5/bin/augustus --codingseq=1 --proteinprofile=/kmk/databases/metazoa_odb10/prfl/390192at33208a.prfl --predictionStart=16649982 --predictionEnd=16663952 --species=fly busco_out/BUSCO_metazoa.fasta/run_metazoa_odb10/blast_output/sequences/scaffold_3.temp
DEBUG:busco.Toolset	cmd call: /kmk/scripts/augustus.2.5.5/bin/augustus --codingseq=1 --proteinprofile=/kmk/databases/metazoa_odb10/prfl/572463at33208a.prfl --predictionStart=32808382 --predictionEnd=32828895 --species=fly busco_out/BUSCO_metazoa.fasta/run_metazoa_odb10/blast_output/sequences/scaffold_1.temp
DEBUG:busco.Toolset	cmd call: /kmk/scripts/augustus.2.5.5/bin/augustus --codingseq=1 --proteinprofile=/kmk/databases/metazoa_odb10/prfl/608011at33208a.prfl --predictionStart=34240572 --predictionEnd=34253241 --species=fly busco_out/BUSCO_metazoa.fasta/run_metazoa_odb10/blast_output/sequences/scaffold_4.temp
DEBUG:busco.Toolset	cmd call: /kmk/scripts/augustus.2.5.5/bin/augustus --codingseq=1 --proteinprofile=/kmk/databases/metazoa_odb10/prfl/608011at33208a.prfl --predictionStart=30809762 --predictionEnd=30822060 --species=fly busco_out/BUSCO_metazoa.fasta/run_metazoa_odb10/blast_output/sequences/scaffold_1.temp
DEBUG:busco.Toolset	cmd call: /kmk/scripts/augustus.2.5.5/bin/augustus --codingseq=1 --proteinprofile=/kmk/databases/metazoa_odb10/prfl/334272at33208a.prfl --predictionStart=11720209 --predictionEnd=11754304 --species=fly busco_out/BUSCO_metazoa.fasta/run_metazoa_odb10/blast_output/sequences/scaffold_1.temp
DEBUG:busco.Toolset	cmd call: /kmk/scripts/augustus.2.5.5/bin/augustus --codingseq=1 --proteinprofile=/kmk/databases/metazoa_odb10/prfl/365323at33208a.prfl --predictionStart=3228741 --predictionEnd=3246338 --species=fly busco_out/BUSCO_metazoa.fasta/run_metazoa_odb10/blast_output/sequences/scaffold_1.temp
DEBUG:busco.Toolset	cmd call: /kmk/scripts/augustus.2.5.5/bin/augustus --codingseq=1 --proteinprofile=/kmk/databases/metazoa_odb10/prfl/365323at33208a.prfl --predictionStart=2528756 --predictionEnd=2541630 --species=fly busco_out/BUSCO_metazoa.fasta/run_metazoa_odb10/blast_output/sequences/scaffold_5.temp
DEBUG:busco.Toolset	cmd call: /kmk/scripts/augustus.2.5.5/bin/augustus --codingseq=1 --proteinprofile=/kmk/databases/metazoa_odb10/prfl/519030at33208a.prfl --predictionStart=27888328 --predictionEnd=27903715 --species=fly busco_out/BUSCO_metazoa.fasta/run_metazoa_odb10/blast_output/sequences/scaffold_4.temp
DEBUG:busco.Toolset	cmd call: /kmk/scripts/augustus.2.5.5/bin/augustus --codingseq=1 --proteinprofile=/kmk/databases/metazoa_odb10/prfl/505248at33208a.prfl --predictionStart=27817149 --predictionEnd=27829756 --species=fly busco_out/BUSCO_metazoa.fasta/run_metazoa_odb10/blast_output/sequences/scaffold_5.temp
DEBUG:busco.Toolset	cmd call: /kmk/scripts/augustus.2.5.5/bin/augustus --codingseq=1 --proteinprofile=/kmk/databases/metazoa_odb10/prfl/505248at33208a.prfl --predictionStart=19700892 --predictionEnd=19713439 --species=fly busco_out/BUSCO_metazoa.fasta/run_metazoa_odb10/blast_output/sequences/scaffold_6.temp
DEBUG:busco.Toolset	cmd call: /kmk/scripts/augustus.2.5.5/bin/augustus --codingseq=1 --proteinprofile=/kmk/databases/metazoa_odb10/prfl/346541at33208a.prfl --predictionStart=10806538 --predictionEnd=10830761 --species=fly busco_out/BUSCO_metazoa.fasta/run_metazoa_odb10/blast_output/sequences/scaffold_8.temp
DEBUG:busco.Toolset	cmd call: /kmk/scripts/augustus.2.5.5/bin/augustus --codingseq=1 --proteinprofile=/kmk/databases/metazoa_odb10/prfl/452574at33208a.prfl --predictionStart=20844132 --predictionEnd=20863057 --species=fly busco_out/BUSCO_metazoa.fasta/run_metazoa_odb10/blast_output/sequences/scaffold_5.temp
DEBUG:busco.Toolset	cmd call: /kmk/scripts/augustus.2.5.5/bin/augustus --codingseq=1 --proteinprofile=/kmk/databases/metazoa_odb10/prfl/632472at33208a.prfl --predictionStart=2857949 --predictionEnd=2870115 --species=fly busco_out/BUSCO_metazoa.fasta/run_metazoa_odb10/blast_output/sequences/scaffold_3.temp
DEBUG:busco.Toolset	cmd call: /kmk/scripts/augustus.2.5.5/bin/augustus --codingseq=1 --proteinprofile=/kmk/databases/metazoa_odb10/prfl/418979at33208a.prfl --predictionStart=29080437 --predictionEnd=29096380 --species=fly busco_out/BUSCO_metazoa.fasta/run_metazoa_odb10/blast_output/sequences/scaffold_5.temp
DEBUG:busco.Toolset	cmd call: /kmk/scripts/augustus.2.5.5/bin/augustus --codingseq=1 --proteinprofile=/kmk/databases/metazoa_odb10/prfl/92367at33208a.prfl --predictionStart=7838417 --predictionEnd=7863117 --species=fly busco_out/BUSCO_metazoa.fasta/run_metazoa_odb10/blast_output/sequences/scaffold_2.temp
DEBUG:busco.Toolset	cmd call: /kmk/scripts/augustus.2.5.5/bin/augustus --codingseq=1 --proteinprofile=/kmk/databases/metazoa_odb10/prfl/557834at33208a.prfl --predictionStart=7329812 --predictionEnd=7346566 --species=fly busco_out/BUSCO_metazoa.fasta/run_metazoa_odb10/blast_output/sequences/scaffold_1.temp
DEBUG:busco.Toolset	cmd call: /kmk/scripts/augustus.2.5.5/bin/augustus --codingseq=1 --proteinprofile=/kmk/databases/metazoa_odb10/prfl/585078at33208a.prfl --predictionStart=1127072 --predictionEnd=1139241 --species=fly busco_out/BUSCO_metazoa.fasta/run_metazoa_odb10/blast_output/sequences/scaffold_8.temp
DEBUG:busco.Toolset	cmd call: /kmk/scripts/augustus.2.5.5/bin/augustus --codingseq=1 --proteinprofile=/kmk/databases/metazoa_odb10/prfl/580288at33208a.prfl --predictionStart=6536981 --predictionEnd=6551191 --species=fly busco_out/BUSCO_metazoa.fasta/run_metazoa_odb10/blast_output/sequences/scaffold_5.temp
DEBUG:busco.Toolset	cmd call: /kmk/scripts/augustus.2.5.5/bin/augustus --codingseq=1 --proteinprofile=/kmk/databases/metazoa_odb10/prfl/147873at33208a.prfl --predictionStart=19811091 --predictionEnd=19838797 --species=fly busco_out/BUSCO_metazoa.fasta/run_metazoa_odb10/blast_output/sequences/scaffold_8.temp
DEBUG:busco.Toolset	cmd call: /kmk/scripts/augustus.2.5.5/bin/augustus --codingseq=1 --proteinprofile=/kmk/databases/metazoa_odb10/prfl/331186at33208a.prfl --predictionStart=20870606 --predictionEnd=20884824 --species=fly busco_out/BUSCO_metazoa.fasta/run_metazoa_odb10/blast_output/sequences/scaffold_3.temp
DEBUG:busco.Toolset	cmd call: /kmk/scripts/augustus.2.5.5/bin/augustus --codingseq=1 --proteinprofile=/kmk/databases/metazoa_odb10/prfl/331186at33208a.prfl --predictionStart=51300817 --predictionEnd=51314611 --species=fly busco_out/BUSCO_metazoa.fasta/run_metazoa_odb10/blast_output/sequences/scaffold_1.temp
DEBUG:busco.Toolset	cmd call: /kmk/scripts/augustus.2.5.5/bin/augustus --codingseq=1 --proteinprofile=/kmk/databases/metazoa_odb10/prfl/348544at33208a.prfl --predictionStart=3086810 --predictionEnd=3106125 --species=fly busco_out/BUSCO_metazoa.fasta/run_metazoa_odb10/blast_output/sequences/scaffold_8.temp
DEBUG:busco.Toolset	cmd call: /kmk/scripts/augustus.2.5.5/bin/augustus --codingseq=1 --proteinprofile=/kmk/databases/metazoa_odb10/prfl/433216at33208a.prfl --predictionStart=33252330 --predictionEnd=33267215 --species=fly busco_out/BUSCO_metazoa.fasta/run_metazoa_odb10/blast_output/sequences/scaffold_5.temp
DEBUG:busco.Toolset	cmd call: /kmk/scripts/augustus.2.5.5/bin/augustus --codingseq=1 --proteinprofile=/kmk/databases/metazoa_odb10/prfl/433216at33208a.prfl --predictionStart=19691421 --predictionEnd=19704139 --species=fly busco_out/BUSCO_metazoa.fasta/run_metazoa_odb10/blast_output/sequences/scaffold_8.temp
DEBUG:busco.Toolset	cmd call: /kmk/scripts/augustus.2.5.5/bin/augustus --codingseq=1 --proteinprofile=/kmk/databases/metazoa_odb10/prfl/421396at33208a.prfl --predictionStart=5958502 --predictionEnd=5973525 --species=fly busco_out/BUSCO_metazoa.fasta/run_metazoa_odb10/blast_output/sequences/scaffold_4.temp
DEBUG:busco.Toolset	cmd call: /kmk/scripts/augustus.2.5.5/bin/augustus --codingseq=1 --proteinprofile=/kmk/databases/metazoa_odb10/prfl/184717at33208a.prfl --predictionStart=4472833 --predictionEnd=4493422 --species=fly busco_out/BUSCO_metazoa.fasta/run_metazoa_odb10/blast_output/sequences/scaffold_7.temp
DEBUG:busco.Toolset	cmd call: /kmk/scripts/augustus.2.5.5/bin/augustus --codingseq=1 --proteinprofile=/kmk/databases/metazoa_odb10/prfl/450643at33208a.prfl --predictionStart=14160591 --predictionEnd=14173795 --species=fly busco_out/BUSCO_metazoa.fasta/run_metazoa_odb10/blast_output/sequences/scaffold_1.temp
DEBUG:busco.Toolset	cmd call: /kmk/scripts/augustus.2.5.5/bin/augustus --codingseq=1 --proteinprofile=/kmk/databases/metazoa_odb10/prfl/251076at33208a.prfl --predictionStart=11657520 --predictionEnd=11673127 --species=fly busco_out/BUSCO_metazoa.fasta/run_metazoa_odb10/blast_output/sequences/scaffold_5.temp
DEBUG:busco.Toolset	cmd call: /kmk/scripts/augustus.2.5.5/bin/augustus --codingseq=1 --proteinprofile=/kmk/databases/metazoa_odb10/prfl/360753at33208a.prfl --predictionStart=6366209 --predictionEnd=6380023 --species=fly busco_out/BUSCO_metazoa.fasta/run_metazoa_odb10/blast_output/sequences/scaffold_2.temp
DEBUG:busco.Toolset	cmd call: /kmk/scripts/augustus.2.5.5/bin/augustus --codingseq=1 --proteinprofile=/kmk/databases/metazoa_odb10/prfl/563426at33208a.prfl --predictionStart=6401372 --predictionEnd=6415262 --species=fly busco_out/BUSCO_metazoa.fasta/run_metazoa_odb10/blast_output/sequences/scaffold_5.temp
DEBUG:busco.Toolset	cmd call: /kmk/scripts/augustus.2.5.5/bin/augustus --codingseq=1 --proteinprofile=/kmk/databases/metazoa_odb10/prfl/449189at33208a.prfl --predictionStart=22355262 --predictionEnd=22373077 --species=fly busco_out/BUSCO_metazoa.fasta/run_metazoa_odb10/blast_output/sequences/scaffold_5.temp
DEBUG:busco.Toolset	cmd call: /kmk/scripts/augustus.2.5.5/bin/augustus --codingseq=1 --proteinprofile=/kmk/databases/metazoa_odb10/prfl/495100at33208a.prfl --predictionStart=13055721 --predictionEnd=13073780 --species=fly busco_out/BUSCO_metazoa.fasta/run_metazoa_odb10/blast_output/sequences/scaffold_9.temp
DEBUG:busco.Toolset	cmd call: /kmk/scripts/augustus.2.5.5/bin/augustus --codingseq=1 --proteinprofile=/kmk/databases/metazoa_odb10/prfl/558791at33208a.prfl --predictionStart=13846237 --predictionEnd=13877412 --species=fly busco_out/BUSCO_metazoa.fasta/run_metazoa_odb10/blast_output/sequences/scaffold_5.temp
DEBUG:busco.Toolset	cmd call: /kmk/scripts/augustus.2.5.5/bin/augustus --codingseq=1 --proteinprofile=/kmk/databases/metazoa_odb10/prfl/389570at33208a.prfl --predictionStart=1231537 --predictionEnd=1249681 --species=fly busco_out/BUSCO_metazoa.fasta/run_metazoa_odb10/blast_output/sequences/scaffold_9.temp
DEBUG:busco.Toolset	cmd call: /kmk/scripts/augustus.2.5.5/bin/augustus --codingseq=1 --proteinprofile=/kmk/databases/metazoa_odb10/prfl/524148at33208a.prfl --predictionStart=997531 --predictionEnd=1010296 --species=fly busco_out/BUSCO_metazoa.fasta/run_metazoa_odb10/blast_output/sequences/scaffold_9.temp
DEBUG:busco.Toolset	cmd call: /kmk/scripts/augustus.2.5.5/bin/augustus --codingseq=1 --proteinprofile=/kmk/databases/metazoa_odb10/prfl/450785at33208a.prfl --predictionStart=20408440 --predictionEnd=20420609 --species=fly busco_out/BUSCO_metazoa.fasta/run_metazoa_odb10/blast_output/sequences/scaffold_9.temp
DEBUG:busco.Toolset	cmd call: /kmk/scripts/augustus.2.5.5/bin/augustus --codingseq=1 --proteinprofile=/kmk/databases/metazoa_odb10/prfl/50756at33208a.prfl --predictionStart=32777386 --predictionEnd=32818194 --species=fly busco_out/BUSCO_metazoa.fasta/run_metazoa_odb10/blast_output/sequences/scaffold_4.temp
DEBUG:busco.Toolset	cmd call: /kmk/scripts/augustus.2.5.5/bin/augustus --codingseq=1 --proteinprofile=/kmk/databases/metazoa_odb10/prfl/438133at33208a.prfl --predictionStart=3855546 --predictionEnd=3870239 --species=fly busco_out/BUSCO_metazoa.fasta/run_metazoa_odb10/blast_output/sequences/scaffold_1.temp
DEBUG:busco.Toolset	cmd call: /kmk/scripts/augustus.2.5.5/bin/augustus --codingseq=1 --proteinprofile=/kmk/databases/metazoa_odb10/prfl/351226at33208a.prfl --predictionStart=19896268 --predictionEnd=19908440 --species=fly busco_out/BUSCO_metazoa.fasta/run_metazoa_odb10/blast_output/sequences/scaffold_8.temp
DEBUG:busco.Toolset	cmd call: /kmk/scripts/augustus.2.5.5/bin/augustus --codingseq=1 --proteinprofile=/kmk/databases/metazoa_odb10/prfl/435678at33208a.prfl --predictionStart=26188907 --predictionEnd=26204078 --species=fly busco_out/BUSCO_metazoa.fasta/run_metazoa_odb10/blast_output/sequences/scaffold_3.temp
DEBUG:busco.Toolset	cmd call: /kmk/scripts/augustus.2.5.5/bin/augustus --codingseq=1 --proteinprofile=/kmk/databases/metazoa_odb10/prfl/549156at33208a.prfl --predictionStart=7221047 --predictionEnd=7235853 --species=fly busco_out/BUSCO_metazoa.fasta/run_metazoa_odb10/blast_output/sequences/scaffold_9.temp
DEBUG:busco.Toolset	cmd call: /kmk/scripts/augustus.2.5.5/bin/augustus --codingseq=1 --proteinprofile=/kmk/databases/metazoa_odb10/prfl/549156at33208a.prfl --predictionStart=40680365 --predictionEnd=40693020 --species=fly busco_out/BUSCO_metazoa.fasta/run_metazoa_odb10/blast_output/sequences/scaffold_3.temp
DEBUG:busco.Toolset	cmd call: /kmk/scripts/augustus.2.5.5/bin/augustus --codingseq=1 --proteinprofile=/kmk/databases/metazoa_odb10/prfl/632566at33208a.prfl --predictionStart=7491127 --predictionEnd=7505679 --species=fly busco_out/BUSCO_metazoa.fasta/run_metazoa_odb10/blast_output/sequences/scaffold_7.temp
DEBUG:busco.Toolset	cmd call: /kmk/scripts/augustus.2.5.5/bin/augustus --codingseq=1 --proteinprofile=/kmk/databases/metazoa_odb10/prfl/257141at33208a.prfl --predictionStart=29421950 --predictionEnd=29436863 --species=fly busco_out/BUSCO_metazoa.fasta/run_metazoa_odb10/blast_output/sequences/scaffold_5.temp
DEBUG:busco.Toolset	cmd call: /kmk/scripts/augustus.2.5.5/bin/augustus --codingseq=1 --proteinprofile=/kmk/databases/metazoa_odb10/prfl/455512at33208a.prfl --predictionStart=22677505 --predictionEnd=22691300 --species=fly busco_out/BUSCO_metazoa.fasta/run_metazoa_odb10/blast_output/sequences/scaffold_8.temp
DEBUG:busco.Toolset	cmd call: /kmk/scripts/augustus.2.5.5/bin/augustus --codingseq=1 --proteinprofile=/kmk/databases/metazoa_odb10/prfl/631662at33208a.prfl --predictionStart=26994176 --predictionEnd=27006992 --species=fly busco_out/BUSCO_metazoa.fasta/run_metazoa_odb10/blast_output/sequences/scaffold_1.temp
DEBUG:busco.Toolset	cmd call: /kmk/scripts/augustus.2.5.5/bin/augustus --codingseq=1 --proteinprofile=/kmk/databases/metazoa_odb10/prfl/537718at33208a.prfl --predictionStart=46981848 --predictionEnd=46996922 --species=fly busco_out/BUSCO_metazoa.fasta/run_metazoa_odb10/blast_output/sequences/scaffold_3.temp
DEBUG:busco.Toolset	cmd call: /kmk/scripts/augustus.2.5.5/bin/augustus --codingseq=1 --proteinprofile=/kmk/databases/metazoa_odb10/prfl/537718at33208a.prfl --predictionStart=2528765 --predictionEnd=2541336 --species=fly busco_out/BUSCO_metazoa.fasta/run_metazoa_odb10/blast_output/sequences/scaffold_5.temp
DEBUG:busco.Toolset	cmd call: /kmk/scripts/augustus.2.5.5/bin/augustus --codingseq=1 --proteinprofile=/kmk/databases/metazoa_odb10/prfl/537718at33208a.prfl --predictionStart=23263230 --predictionEnd=23275552 --species=fly busco_out/BUSCO_metazoa.fasta/run_metazoa_odb10/blast_output/sequences/scaffold_7.temp
DEBUG:busco.Toolset	cmd call: /kmk/scripts/augustus.2.5.5/bin/augustus --codingseq=1 --proteinprofile=/kmk/databases/metazoa_odb10/prfl/371297at33208a.prfl --predictionStart=17427151 --predictionEnd=17448095 --species=fly busco_out/BUSCO_metazoa.fasta/run_metazoa_odb10/blast_output/sequences/scaffold_7.temp
DEBUG:busco.Toolset	cmd call: /kmk/scripts/augustus.2.5.5/bin/augustus --codingseq=1 --proteinprofile=/kmk/databases/metazoa_odb10/prfl/139188at33208a.prfl --predictionStart=19675692 --predictionEnd=19728098 --species=fly busco_out/BUSCO_metazoa.fasta/run_metazoa_odb10/blast_output/sequences/scaffold_9.temp
DEBUG:busco.Toolset	cmd call: /kmk/scripts/augustus.2.5.5/bin/augustus --codingseq=1 --proteinprofile=/kmk/databases/metazoa_odb10/prfl/249486at33208a.prfl --predictionStart=3864276 --predictionEnd=3880438 --species=fly busco_out/BUSCO_metazoa.fasta/run_metazoa_odb10/blast_output/sequences/scaffold_8.temp
DEBUG:busco.Toolset	cmd call: /kmk/scripts/augustus.2.5.5/bin/augustus --codingseq=1 --proteinprofile=/kmk/databases/metazoa_odb10/prfl/393419at33208a.prfl --predictionStart=8204651 --predictionEnd=8227597 --species=fly busco_out/BUSCO_metazoa.fasta/run_metazoa_odb10/blast_output/sequences/scaffold_9.temp
DEBUG:busco.Toolset	cmd call: /kmk/scripts/augustus.2.5.5/bin/augustus --codingseq=1 --proteinprofile=/kmk/databases/metazoa_odb10/prfl/411664at33208a.prfl --predictionStart=5147955 --predictionEnd=5163163 --species=fly busco_out/BUSCO_metazoa.fasta/run_metazoa_odb10/blast_output/sequences/scaffold_8.temp
DEBUG:busco.Toolset	cmd call: /kmk/scripts/augustus.2.5.5/bin/augustus --codingseq=1 --proteinprofile=/kmk/databases/metazoa_odb10/prfl/88053at33208a.prfl --predictionStart=673309 --predictionEnd=699852 --species=fly busco_out/BUSCO_metazoa.fasta/run_metazoa_odb10/blast_output/sequences/scaffold_9.temp
DEBUG:busco.Toolset	cmd call: /kmk/scripts/augustus.2.5.5/bin/augustus --codingseq=1 --proteinprofile=/kmk/databases/metazoa_odb10/prfl/76852at33208a.prfl --predictionStart=3725183 --predictionEnd=3762274 --species=fly busco_out/BUSCO_metazoa.fasta/run_metazoa_odb10/blast_output/sequences/scaffold_9.temp
INFO:busco.Toolset	[augustus]	191 of 953 task(s) completed
DEBUG:busco.Toolset	cmd call: /kmk/scripts/augustus.2.5.5/bin/augustus --codingseq=1 --proteinprofile=/kmk/databases/metazoa_odb10/prfl/305260at33208a.prfl --predictionStart=16501821 --predictionEnd=16517379 --species=fly busco_out/BUSCO_metazoa.fasta/run_metazoa_odb10/blast_output/sequences/scaffold_5.temp
DEBUG:busco.Toolset	cmd call: /kmk/scripts/augustus.2.5.5/bin/augustus --codingseq=1 --proteinprofile=/kmk/databases/metazoa_odb10/prfl/582341at33208a.prfl --predictionStart=25341520 --predictionEnd=25358230 --species=fly busco_out/BUSCO_metazoa.fasta/run_metazoa_odb10/blast_output/sequences/scaffold_4.temp
DEBUG:busco.Toolset	cmd call: /kmk/scripts/augustus.2.5.5/bin/augustus --codingseq=1 --proteinprofile=/kmk/databases/metazoa_odb10/prfl/558385at33208a.prfl --predictionStart=5484952 --predictionEnd=5498906 --species=fly busco_out/BUSCO_metazoa.fasta/run_metazoa_odb10/blast_output/sequences/scaffold_8.temp
DEBUG:busco.Toolset	cmd call: /kmk/scripts/augustus.2.5.5/bin/augustus --codingseq=1 --proteinprofile=/kmk/databases/metazoa_odb10/prfl/279992at33208a.prfl --predictionStart=28558841 --predictionEnd=28584323 --species=fly busco_out/BUSCO_metazoa.fasta/run_metazoa_odb10/blast_output/sequences/scaffold_3.temp
DEBUG:busco.Toolset	cmd call: /kmk/scripts/augustus.2.5.5/bin/augustus --codingseq=1 --proteinprofile=/kmk/databases/metazoa_odb10/prfl/453056at33208a.prfl --predictionStart=16585849 --predictionEnd=16607936 --species=fly busco_out/BUSCO_metazoa.fasta/run_metazoa_odb10/blast_output/sequences/scaffold_6.temp
DEBUG:busco.Toolset	cmd call: /kmk/scripts/augustus.2.5.5/bin/augustus --codingseq=1 --proteinprofile=/kmk/databases/metazoa_odb10/prfl/508986at33208a.prfl --predictionStart=49376193 --predictionEnd=49388766 --species=fly busco_out/BUSCO_metazoa.fasta/run_metazoa_odb10/blast_output/sequences/scaffold_1.temp
DEBUG:busco.Toolset	cmd call: /kmk/scripts/augustus.2.5.5/bin/augustus --codingseq=1 --proteinprofile=/kmk/databases/metazoa_odb10/prfl/613580at33208a.prfl --predictionStart=9657896 --predictionEnd=9670616 --species=fly busco_out/BUSCO_metazoa.fasta/run_metazoa_odb10/blast_output/sequences/scaffold_1.temp
DEBUG:busco.Toolset	cmd call: /kmk/scripts/augustus.2.5.5/bin/augustus --codingseq=1 --proteinprofile=/kmk/databases/metazoa_odb10/prfl/240437at33208a.prfl --predictionStart=48510737 --predictionEnd=48526955 --species=fly busco_out/BUSCO_metazoa.fasta/run_metazoa_odb10/blast_output/sequences/scaffold_3.temp
DEBUG:busco.Toolset	cmd call: /kmk/scripts/augustus.2.5.5/bin/augustus --codingseq=1 --proteinprofile=/kmk/databases/metazoa_odb10/prfl/437653at33208a.prfl --predictionStart=31957245 --predictionEnd=31969963 --species=fly busco_out/BUSCO_metazoa.fasta/run_metazoa_odb10/blast_output/sequences/scaffold_4.temp
DEBUG:busco.Toolset	cmd call: /kmk/scripts/augustus.2.5.5/bin/augustus --codingseq=1 --proteinprofile=/kmk/databases/metazoa_odb10/prfl/365561at33208a.prfl --predictionStart=13073857 --predictionEnd=13088697 --species=fly busco_out/BUSCO_metazoa.fasta/run_metazoa_odb10/blast_output/sequences/scaffold_8.temp
DEBUG:busco.Toolset	cmd call: /kmk/scripts/augustus.2.5.5/bin/augustus --codingseq=1 --proteinprofile=/kmk/databases/metazoa_odb10/prfl/552764at33208a.prfl --predictionStart=14459976 --predictionEnd=14472496 --species=fly busco_out/BUSCO_metazoa.fasta/run_metazoa_odb10/blast_output/sequences/scaffold_7.temp
DEBUG:busco.Toolset	cmd call: /kmk/scripts/augustus.2.5.5/bin/augustus --codingseq=1 --proteinprofile=/kmk/databases/metazoa_odb10/prfl/552764at33208a.prfl --predictionStart=10074430 --predictionEnd=10086962 --species=fly busco_out/BUSCO_metazoa.fasta/run_metazoa_odb10/blast_output/sequences/scaffold_9.temp
DEBUG:busco.Toolset	cmd call: /kmk/scripts/augustus.2.5.5/bin/augustus --codingseq=1 --proteinprofile=/kmk/databases/metazoa_odb10/prfl/552764at33208a.prfl --predictionStart=28595137 --predictionEnd=28607618 --species=fly busco_out/BUSCO_metazoa.fasta/run_metazoa_odb10/blast_output/sequences/scaffold_4.temp
DEBUG:busco.Toolset	cmd call: /kmk/scripts/augustus.2.5.5/bin/augustus --codingseq=1 --proteinprofile=/kmk/databases/metazoa_odb10/prfl/349064at33208a.prfl --predictionStart=5646386 --predictionEnd=5661323 --species=fly busco_out/BUSCO_metazoa.fasta/run_metazoa_odb10/blast_output/sequences/scaffold_4.temp
DEBUG:busco.Toolset	cmd call: /kmk/scripts/augustus.2.5.5/bin/augustus --codingseq=1 --proteinprofile=/kmk/databases/metazoa_odb10/prfl/45934at33208a.prfl --predictionStart=27745429 --predictionEnd=27769924 --species=fly busco_out/BUSCO_metazoa.fasta/run_metazoa_odb10/blast_output/sequences/scaffold_5.temp
DEBUG:busco.Toolset	cmd call: /kmk/scripts/augustus.2.5.5/bin/augustus --codingseq=1 --proteinprofile=/kmk/databases/metazoa_odb10/prfl/461193at33208a.prfl --predictionStart=29406008 --predictionEnd=29418622 --species=fly busco_out/BUSCO_metazoa.fasta/run_metazoa_odb10/blast_output/sequences/scaffold_5.temp
DEBUG:busco.Toolset	cmd call: /kmk/scripts/augustus.2.5.5/bin/augustus --codingseq=1 --proteinprofile=/kmk/databases/metazoa_odb10/prfl/478073at33208a.prfl --predictionStart=6012167 --predictionEnd=6034308 --species=fly busco_out/BUSCO_metazoa.fasta/run_metazoa_odb10/blast_output/sequences/scaffold_4.temp
DEBUG:busco.Toolset	cmd call: /kmk/scripts/augustus.2.5.5/bin/augustus --codingseq=1 --proteinprofile=/kmk/databases/metazoa_odb10/prfl/353286at33208a.prfl --predictionStart=34254376 --predictionEnd=34273071 --species=fly busco_out/BUSCO_metazoa.fasta/run_metazoa_odb10/blast_output/sequences/scaffold_5.temp
DEBUG:busco.Toolset	cmd call: /kmk/scripts/augustus.2.5.5/bin/augustus --codingseq=1 --proteinprofile=/kmk/databases/metazoa_odb10/prfl/606748at33208a.prfl --predictionStart=22191742 --predictionEnd=22205180 --species=fly busco_out/BUSCO_metazoa.fasta/run_metazoa_odb10/blast_output/sequences/scaffold_5.temp
DEBUG:busco.Toolset	cmd call: /kmk/scripts/augustus.2.5.5/bin/augustus --codingseq=1 --proteinprofile=/kmk/databases/metazoa_odb10/prfl/560584at33208a.prfl --predictionStart=38684198 --predictionEnd=38696679 --species=fly busco_out/BUSCO_metazoa.fasta/run_metazoa_odb10/blast_output/sequences/scaffold_3.temp
DEBUG:busco.Toolset	cmd call: /kmk/scripts/augustus.2.5.5/bin/augustus --codingseq=1 --proteinprofile=/kmk/databases/metazoa_odb10/prfl/334342at33208a.prfl --predictionStart=25772785 --predictionEnd=25807147 --species=fly busco_out/BUSCO_metazoa.fasta/run_metazoa_odb10/blast_output/sequences/scaffold_1.temp
DEBUG:busco.Toolset	cmd call: /kmk/scripts/augustus.2.5.5/bin/augustus --codingseq=1 --proteinprofile=/kmk/databases/metazoa_odb10/prfl/356175at33208a.prfl --predictionStart=16605378 --predictionEnd=16617715 --species=fly busco_out/BUSCO_metazoa.fasta/run_metazoa_odb10/blast_output/sequences/scaffold_3.temp
DEBUG:busco.Toolset	cmd call: /kmk/scripts/augustus.2.5.5/bin/augustus --codingseq=1 --proteinprofile=/kmk/databases/metazoa_odb10/prfl/378316at33208a.prfl --predictionStart=4615338 --predictionEnd=4632362 --species=fly busco_out/BUSCO_metazoa.fasta/run_metazoa_odb10/blast_output/sequences/scaffold_9.temp
DEBUG:busco.Toolset	cmd call: /kmk/scripts/augustus.2.5.5/bin/augustus --codingseq=1 --proteinprofile=/kmk/databases/metazoa_odb10/prfl/373040at33208a.prfl --predictionStart=20005383 --predictionEnd=20019710 --species=fly busco_out/BUSCO_metazoa.fasta/run_metazoa_odb10/blast_output/sequences/scaffold_5.temp
DEBUG:busco.Toolset	cmd call: /kmk/scripts/augustus.2.5.5/bin/augustus --codingseq=1 --proteinprofile=/kmk/databases/metazoa_odb10/prfl/196950at33208a.prfl --predictionStart=20870603 --predictionEnd=20884854 --species=fly busco_out/BUSCO_metazoa.fasta/run_metazoa_odb10/blast_output/sequences/scaffold_3.temp
DEBUG:busco.Toolset	cmd call: /kmk/scripts/augustus.2.5.5/bin/augustus --codingseq=1 --proteinprofile=/kmk/databases/metazoa_odb10/prfl/523206at33208a.prfl --predictionStart=23606199 --predictionEnd=23621638 --species=fly busco_out/BUSCO_metazoa.fasta/run_metazoa_odb10/blast_output/sequences/scaffold_7.temp
DEBUG:busco.Toolset	cmd call: /kmk/scripts/augustus.2.5.5/bin/augustus --codingseq=1 --proteinprofile=/kmk/databases/metazoa_odb10/prfl/331112at33208a.prfl --predictionStart=20562624 --predictionEnd=20580464 --species=fly busco_out/BUSCO_metazoa.fasta/run_metazoa_odb10/blast_output/sequences/scaffold_2.temp
DEBUG:busco.Toolset	cmd call: /kmk/scripts/augustus.2.5.5/bin/augustus --codingseq=1 --proteinprofile=/kmk/databases/metazoa_odb10/prfl/268134at33208a.prfl --predictionStart=13489635 --predictionEnd=13514945 --species=fly busco_out/BUSCO_metazoa.fasta/run_metazoa_odb10/blast_output/sequences/scaffold_8.temp
DEBUG:busco.Toolset	cmd call: /kmk/scripts/augustus.2.5.5/bin/augustus --codingseq=1 --proteinprofile=/kmk/databases/metazoa_odb10/prfl/615585at33208a.prfl --predictionStart=33149894 --predictionEnd=33162177 --species=fly busco_out/BUSCO_metazoa.fasta/run_metazoa_odb10/blast_output/sequences/scaffold_1.temp
DEBUG:busco.Toolset	cmd call: /kmk/scripts/augustus.2.5.5/bin/augustus --codingseq=1 --proteinprofile=/kmk/databases/metazoa_odb10/prfl/129179at33208a.prfl --predictionStart=18502559 --predictionEnd=18538888 --species=fly busco_out/BUSCO_metazoa.fasta/run_metazoa_odb10/blast_output/sequences/scaffold_8.temp
DEBUG:busco.Toolset	cmd call: /kmk/scripts/augustus.2.5.5/bin/augustus --codingseq=1 --proteinprofile=/kmk/databases/metazoa_odb10/prfl/587399at33208a.prfl --predictionStart=45353098 --predictionEnd=45369161 --species=fly busco_out/BUSCO_metazoa.fasta/run_metazoa_odb10/blast_output/sequences/scaffold_1.temp
DEBUG:busco.Toolset	cmd call: /kmk/scripts/augustus.2.5.5/bin/augustus --codingseq=1 --proteinprofile=/kmk/databases/metazoa_odb10/prfl/304388at33208a.prfl --predictionStart=20469597 --predictionEnd=20514571 --species=fly busco_out/BUSCO_metazoa.fasta/run_metazoa_odb10/blast_output/sequences/scaffold_1.temp
DEBUG:busco.Toolset	cmd call: /kmk/scripts/augustus.2.5.5/bin/augustus --codingseq=1 --proteinprofile=/kmk/databases/metazoa_odb10/prfl/578734at33208a.prfl --predictionStart=16117504 --predictionEnd=16134953 --species=fly busco_out/BUSCO_metazoa.fasta/run_metazoa_odb10/blast_output/sequences/scaffold_8.temp
DEBUG:busco.Toolset	cmd call: /kmk/scripts/augustus.2.5.5/bin/augustus --codingseq=1 --proteinprofile=/kmk/databases/metazoa_odb10/prfl/578734at33208a.prfl --predictionStart=3567690 --predictionEnd=3580135 --species=fly busco_out/BUSCO_metazoa.fasta/run_metazoa_odb10/blast_output/sequences/scaffold_6.temp
DEBUG:busco.Toolset	cmd call: /kmk/scripts/augustus.2.5.5/bin/augustus --codingseq=1 --proteinprofile=/kmk/databases/metazoa_odb10/prfl/578734at33208a.prfl --predictionStart=19977175 --predictionEnd=19989908 --species=fly busco_out/BUSCO_metazoa.fasta/run_metazoa_odb10/blast_output/sequences/scaffold_2.temp
DEBUG:busco.Toolset	cmd call: /kmk/scripts/augustus.2.5.5/bin/augustus --codingseq=1 --proteinprofile=/kmk/databases/metazoa_odb10/prfl/423799at33208a.prfl --predictionStart=18638872 --predictionEnd=18652706 --species=fly busco_out/BUSCO_metazoa.fasta/run_metazoa_odb10/blast_output/sequences/scaffold_3.temp
DEBUG:busco.Toolset	cmd call: /kmk/scripts/augustus.2.5.5/bin/augustus --codingseq=1 --proteinprofile=/kmk/databases/metazoa_odb10/prfl/556189at33208a.prfl --predictionStart=18744589 --predictionEnd=18763681 --species=fly busco_out/BUSCO_metazoa.fasta/run_metazoa_odb10/blast_output/sequences/scaffold_3.temp
DEBUG:busco.Toolset	cmd call: /kmk/scripts/augustus.2.5.5/bin/augustus --codingseq=1 --proteinprofile=/kmk/databases/metazoa_odb10/prfl/245567at33208a.prfl --predictionStart=20380265 --predictionEnd=20398131 --species=fly busco_out/BUSCO_metazoa.fasta/run_metazoa_odb10/blast_output/sequences/scaffold_5.temp
DEBUG:busco.Toolset	cmd call: /kmk/scripts/augustus.2.5.5/bin/augustus --codingseq=1 --proteinprofile=/kmk/databases/metazoa_odb10/prfl/317470at33208a.prfl --predictionStart=5425870 --predictionEnd=5441840 --species=fly busco_out/BUSCO_metazoa.fasta/run_metazoa_odb10/blast_output/sequences/scaffold_4.temp
DEBUG:busco.Toolset	cmd call: /kmk/scripts/augustus.2.5.5/bin/augustus --codingseq=1 --proteinprofile=/kmk/databases/metazoa_odb10/prfl/442169at33208a.prfl --predictionStart=18533159 --predictionEnd=18552239 --species=fly busco_out/BUSCO_metazoa.fasta/run_metazoa_odb10/blast_output/sequences/scaffold_6.temp
DEBUG:busco.Toolset	cmd call: /kmk/scripts/augustus.2.5.5/bin/augustus --codingseq=1 --proteinprofile=/kmk/databases/metazoa_odb10/prfl/285146at33208a.prfl --predictionStart=3302769 --predictionEnd=3319402 --species=fly busco_out/BUSCO_metazoa.fasta/run_metazoa_odb10/blast_output/sequences/scaffold_6.temp
DEBUG:busco.Toolset	cmd call: /kmk/scripts/augustus.2.5.5/bin/augustus --codingseq=1 --proteinprofile=/kmk/databases/metazoa_odb10/prfl/393219at33208a.prfl --predictionStart=39230333 --predictionEnd=39243516 --species=fly busco_out/BUSCO_metazoa.fasta/run_metazoa_odb10/blast_output/sequences/scaffold_1.temp
DEBUG:busco.Toolset	cmd call: /kmk/scripts/augustus.2.5.5/bin/augustus --codingseq=1 --proteinprofile=/kmk/databases/metazoa_odb10/prfl/439736at33208a.prfl --predictionStart=29645281 --predictionEnd=29661214 --species=fly busco_out/BUSCO_metazoa.fasta/run_metazoa_odb10/blast_output/sequences/scaffold_4.temp
DEBUG:busco.Toolset	cmd call: /kmk/scripts/augustus.2.5.5/bin/augustus --codingseq=1 --proteinprofile=/kmk/databases/metazoa_odb10/prfl/439736at33208a.prfl --predictionStart=2528672 --predictionEnd=2541576 --species=fly busco_out/BUSCO_metazoa.fasta/run_metazoa_odb10/blast_output/sequences/scaffold_5.temp
DEBUG:busco.Toolset	cmd call: /kmk/scripts/augustus.2.5.5/bin/augustus --codingseq=1 --proteinprofile=/kmk/databases/metazoa_odb10/prfl/366124at33208a.prfl --predictionStart=28999182 --predictionEnd=29013381 --species=fly busco_out/BUSCO_metazoa.fasta/run_metazoa_odb10/blast_output/sequences/scaffold_3.temp
DEBUG:busco.Toolset	cmd call: /kmk/scripts/augustus.2.5.5/bin/augustus --codingseq=1 --proteinprofile=/kmk/databases/metazoa_odb10/prfl/575360at33208a.prfl --predictionStart=6208393 --predictionEnd=6220909 --species=fly busco_out/BUSCO_metazoa.fasta/run_metazoa_odb10/blast_output/sequences/scaffold_1.temp
DEBUG:busco.Toolset	cmd call: /kmk/scripts/augustus.2.5.5/bin/augustus --codingseq=1 --proteinprofile=/kmk/databases/metazoa_odb10/prfl/496219at33208a.prfl --predictionStart=9683852 --predictionEnd=9715723 --species=fly busco_out/BUSCO_metazoa.fasta/run_metazoa_odb10/blast_output/sequences/scaffold_6.temp
DEBUG:busco.Toolset	cmd call: /kmk/scripts/augustus.2.5.5/bin/augustus --codingseq=1 --proteinprofile=/kmk/databases/metazoa_odb10/prfl/568839at33208a.prfl --predictionStart=11476785 --predictionEnd=11491097 --species=fly busco_out/BUSCO_metazoa.fasta/run_metazoa_odb10/blast_output/sequences/scaffold_7.temp
DEBUG:busco.Toolset	cmd call: /kmk/scripts/augustus.2.5.5/bin/augustus --codingseq=1 --proteinprofile=/kmk/databases/metazoa_odb10/prfl/449139at33208a.prfl --predictionStart=50331408 --predictionEnd=50372657 --species=fly busco_out/BUSCO_metazoa.fasta/run_metazoa_odb10/blast_output/sequences/scaffold_1.temp
DEBUG:busco.Toolset	cmd call: /kmk/scripts/augustus.2.5.5/bin/augustus --codingseq=1 --proteinprofile=/kmk/databases/metazoa_odb10/prfl/251577at33208a.prfl --predictionStart=48229818 --predictionEnd=48243501 --species=fly busco_out/BUSCO_metazoa.fasta/run_metazoa_odb10/blast_output/sequences/scaffold_1.temp
DEBUG:busco.Toolset	cmd call: /kmk/scripts/augustus.2.5.5/bin/augustus --codingseq=1 --proteinprofile=/kmk/databases/metazoa_odb10/prfl/108764at33208a.prfl --predictionStart=47610917 --predictionEnd=47637873 --species=fly busco_out/BUSCO_metazoa.fasta/run_metazoa_odb10/blast_output/sequences/scaffold_3.temp
DEBUG:busco.Toolset	cmd call: /kmk/scripts/augustus.2.5.5/bin/augustus --codingseq=1 --proteinprofile=/kmk/databases/metazoa_odb10/prfl/595404at33208a.prfl --predictionStart=9422698 --predictionEnd=9436391 --species=fly busco_out/BUSCO_metazoa.fasta/run_metazoa_odb10/blast_output/sequences/scaffold_4.temp
DEBUG:busco.Toolset	cmd call: /kmk/scripts/augustus.2.5.5/bin/augustus --codingseq=1 --proteinprofile=/kmk/databases/metazoa_odb10/prfl/557962at33208a.prfl --predictionStart=19809346 --predictionEnd=19824423 --species=fly busco_out/BUSCO_metazoa.fasta/run_metazoa_odb10/blast_output/sequences/scaffold_1.temp
DEBUG:busco.Toolset	cmd call: /kmk/scripts/augustus.2.5.5/bin/augustus --codingseq=1 --proteinprofile=/kmk/databases/metazoa_odb10/prfl/576997at33208a.prfl --predictionStart=53712218 --predictionEnd=53725223 --species=fly busco_out/BUSCO_metazoa.fasta/run_metazoa_odb10/blast_output/sequences/scaffold_1.temp
DEBUG:busco.Toolset	cmd call: /kmk/scripts/augustus.2.5.5/bin/augustus --codingseq=1 --proteinprofile=/kmk/databases/metazoa_odb10/prfl/474387at33208a.prfl --predictionStart=22134011 --predictionEnd=22151556 --species=fly busco_out/BUSCO_metazoa.fasta/run_metazoa_odb10/blast_output/sequences/scaffold_3.temp
DEBUG:busco.Toolset	cmd call: /kmk/scripts/augustus.2.5.5/bin/augustus --codingseq=1 --proteinprofile=/kmk/databases/metazoa_odb10/prfl/285902at33208a.prfl --predictionStart=7204421 --predictionEnd=7220096 --species=fly busco_out/BUSCO_metazoa.fasta/run_metazoa_odb10/blast_output/sequences/scaffold_5.temp
DEBUG:busco.Toolset	cmd call: /kmk/scripts/augustus.2.5.5/bin/augustus --codingseq=1 --proteinprofile=/kmk/databases/metazoa_odb10/prfl/460518at33208a.prfl --predictionStart=3666757 --predictionEnd=3688805 --species=fly busco_out/BUSCO_metazoa.fasta/run_metazoa_odb10/blast_output/sequences/scaffold_1.temp
DEBUG:busco.Toolset	cmd call: /kmk/scripts/augustus.2.5.5/bin/augustus --codingseq=1 --proteinprofile=/kmk/databases/metazoa_odb10/prfl/569812at33208a.prfl --predictionStart=16188567 --predictionEnd=16201472 --species=fly busco_out/BUSCO_metazoa.fasta/run_metazoa_odb10/blast_output/sequences/scaffold_1.temp
DEBUG:busco.Toolset	cmd call: /kmk/scripts/augustus.2.5.5/bin/augustus --codingseq=1 --proteinprofile=/kmk/databases/metazoa_odb10/prfl/464987at33208a.prfl --predictionStart=39747652 --predictionEnd=39762299 --species=fly busco_out/BUSCO_metazoa.fasta/run_metazoa_odb10/blast_output/sequences/scaffold_1.temp
DEBUG:busco.Toolset	cmd call: /kmk/scripts/augustus.2.5.5/bin/augustus --codingseq=1 --proteinprofile=/kmk/databases/metazoa_odb10/prfl/477939at33208a.prfl --predictionStart=29042181 --predictionEnd=29059036 --species=fly busco_out/BUSCO_metazoa.fasta/run_metazoa_odb10/blast_output/sequences/scaffold_5.temp
DEBUG:busco.Toolset	cmd call: /kmk/scripts/augustus.2.5.5/bin/augustus --codingseq=1 --proteinprofile=/kmk/databases/metazoa_odb10/prfl/334331at33208a.prfl --predictionStart=19748780 --predictionEnd=19769144 --species=fly busco_out/BUSCO_metazoa.fasta/run_metazoa_odb10/blast_output/sequences/scaffold_1.temp
DEBUG:busco.Toolset	cmd call: /kmk/scripts/augustus.2.5.5/bin/augustus --codingseq=1 --proteinprofile=/kmk/databases/metazoa_odb10/prfl/349627at33208a.prfl --predictionStart=3470071 --predictionEnd=3486787 --species=fly busco_out/BUSCO_metazoa.fasta/run_metazoa_odb10/blast_output/sequences/scaffold_3.temp
DEBUG:busco.Toolset	cmd call: /kmk/scripts/augustus.2.5.5/bin/augustus --codingseq=1 --proteinprofile=/kmk/databases/metazoa_odb10/prfl/587958at33208a.prfl --predictionStart=2475126 --predictionEnd=2488186 --species=fly busco_out/BUSCO_metazoa.fasta/run_metazoa_odb10/blast_output/sequences/scaffold_3.temp
DEBUG:busco.Toolset	cmd call: /kmk/scripts/augustus.2.5.5/bin/augustus --codingseq=1 --proteinprofile=/kmk/databases/metazoa_odb10/prfl/468631at33208a.prfl --predictionStart=17666417 --predictionEnd=17680726 --species=fly busco_out/BUSCO_metazoa.fasta/run_metazoa_odb10/blast_output/sequences/scaffold_6.temp
DEBUG:busco.Toolset	cmd call: /kmk/scripts/augustus.2.5.5/bin/augustus --codingseq=1 --proteinprofile=/kmk/databases/metazoa_odb10/prfl/578354at33208a.prfl --predictionStart=33172185 --predictionEnd=33186569 --species=fly busco_out/BUSCO_metazoa.fasta/run_metazoa_odb10/blast_output/sequences/scaffold_3.temp
DEBUG:busco.Toolset	cmd call: /kmk/scripts/augustus.2.5.5/bin/augustus --codingseq=1 --proteinprofile=/kmk/databases/metazoa_odb10/prfl/419502at33208a.prfl --predictionStart=40423977 --predictionEnd=40438635 --species=fly busco_out/BUSCO_metazoa.fasta/run_metazoa_odb10/blast_output/sequences/scaffold_1.temp
DEBUG:busco.Toolset	cmd call: /kmk/scripts/augustus.2.5.5/bin/augustus --codingseq=1 --proteinprofile=/kmk/databases/metazoa_odb10/prfl/231700at33208a.prfl --predictionStart=13081718 --predictionEnd=13097648 --species=fly busco_out/BUSCO_metazoa.fasta/run_metazoa_odb10/blast_output/sequences/scaffold_8.temp
DEBUG:busco.Toolset	cmd call: /kmk/scripts/augustus.2.5.5/bin/augustus --codingseq=1 --proteinprofile=/kmk/databases/metazoa_odb10/prfl/359369at33208a.prfl --predictionStart=18747369 --predictionEnd=18765649 --species=fly busco_out/BUSCO_metazoa.fasta/run_metazoa_odb10/blast_output/sequences/scaffold_8.temp
DEBUG:busco.Toolset	cmd call: /kmk/scripts/augustus.2.5.5/bin/augustus --codingseq=1 --proteinprofile=/kmk/databases/metazoa_odb10/prfl/422158at33208a.prfl --predictionStart=21255996 --predictionEnd=21270885 --species=fly busco_out/BUSCO_metazoa.fasta/run_metazoa_odb10/blast_output/sequences/scaffold_5.temp
DEBUG:busco.Toolset	cmd call: /kmk/scripts/augustus.2.5.5/bin/augustus --codingseq=1 --proteinprofile=/kmk/databases/metazoa_odb10/prfl/422158at33208a.prfl --predictionStart=13396528 --predictionEnd=13409273 --species=fly busco_out/BUSCO_metazoa.fasta/run_metazoa_odb10/blast_output/sequences/scaffold_9.temp
DEBUG:busco.Toolset	cmd call: /kmk/scripts/augustus.2.5.5/bin/augustus --codingseq=1 --proteinprofile=/kmk/databases/metazoa_odb10/prfl/323399at33208a.prfl --predictionStart=40845363 --predictionEnd=40859672 --species=fly busco_out/BUSCO_metazoa.fasta/run_metazoa_odb10/blast_output/sequences/scaffold_3.temp
DEBUG:busco.Toolset	cmd call: /kmk/scripts/augustus.2.5.5/bin/augustus --codingseq=1 --proteinprofile=/kmk/databases/metazoa_odb10/prfl/218441at33208a.prfl --predictionStart=4515785 --predictionEnd=4528950 --species=fly busco_out/BUSCO_metazoa.fasta/run_metazoa_odb10/blast_output/sequences/scaffold_8.temp
DEBUG:busco.Toolset	cmd call: /kmk/scripts/augustus.2.5.5/bin/augustus --codingseq=1 --proteinprofile=/kmk/databases/metazoa_odb10/prfl/603370at33208a.prfl --predictionStart=47524533 --predictionEnd=47537242 --species=fly busco_out/BUSCO_metazoa.fasta/run_metazoa_odb10/blast_output/sequences/scaffold_1.temp
DEBUG:busco.Toolset	cmd call: /kmk/scripts/augustus.2.5.5/bin/augustus --codingseq=1 --proteinprofile=/kmk/databases/metazoa_odb10/prfl/563084at33208a.prfl --predictionStart=32388411 --predictionEnd=32401470 --species=fly busco_out/BUSCO_metazoa.fasta/run_metazoa_odb10/blast_output/sequences/scaffold_3.temp
DEBUG:busco.Toolset	cmd call: /kmk/scripts/augustus.2.5.5/bin/augustus --codingseq=1 --proteinprofile=/kmk/databases/metazoa_odb10/prfl/286553at33208a.prfl --predictionStart=28290374 --predictionEnd=28307820 --species=fly busco_out/BUSCO_metazoa.fasta/run_metazoa_odb10/blast_output/sequences/scaffold_4.temp
DEBUG:busco.Toolset	cmd call: /kmk/scripts/augustus.2.5.5/bin/augustus --codingseq=1 --proteinprofile=/kmk/databases/metazoa_odb10/prfl/559883at33208a.prfl --predictionStart=8971593 --predictionEnd=8993062 --species=fly busco_out/BUSCO_metazoa.fasta/run_metazoa_odb10/blast_output/sequences/scaffold_9.temp
DEBUG:busco.Toolset	cmd call: /kmk/scripts/augustus.2.5.5/bin/augustus --codingseq=1 --proteinprofile=/kmk/databases/metazoa_odb10/prfl/584023at33208a.prfl --predictionStart=26190346 --predictionEnd=26203876 --species=fly busco_out/BUSCO_metazoa.fasta/run_metazoa_odb10/blast_output/sequences/scaffold_5.temp
DEBUG:busco.Toolset	cmd call: /kmk/scripts/augustus.2.5.5/bin/augustus --codingseq=1 --proteinprofile=/kmk/databases/metazoa_odb10/prfl/158845at33208a.prfl --predictionStart=29316363 --predictionEnd=29338879 --species=fly busco_out/BUSCO_metazoa.fasta/run_metazoa_odb10/blast_output/sequences/scaffold_5.temp
DEBUG:busco.Toolset	cmd call: /kmk/scripts/augustus.2.5.5/bin/augustus --codingseq=1 --proteinprofile=/kmk/databases/metazoa_odb10/prfl/318483at33208a.prfl --predictionStart=21188676 --predictionEnd=21203534 --species=fly busco_out/BUSCO_metazoa.fasta/run_metazoa_odb10/blast_output/sequences/scaffold_5.temp
DEBUG:busco.Toolset	cmd call: /kmk/scripts/augustus.2.5.5/bin/augustus --codingseq=1 --proteinprofile=/kmk/databases/metazoa_odb10/prfl/371241at33208a.prfl --predictionStart=12633026 --predictionEnd=12648023 --species=fly busco_out/BUSCO_metazoa.fasta/run_metazoa_odb10/blast_output/sequences/scaffold_8.temp
DEBUG:busco.Toolset	cmd call: /kmk/scripts/augustus.2.5.5/bin/augustus --codingseq=1 --proteinprofile=/kmk/databases/metazoa_odb10/prfl/581717at33208a.prfl --predictionStart=1114452 --predictionEnd=1128713 --species=fly busco_out/BUSCO_metazoa.fasta/run_metazoa_odb10/blast_output/sequences/scaffold_8.temp
DEBUG:busco.Toolset	cmd call: /kmk/scripts/augustus.2.5.5/bin/augustus --codingseq=1 --proteinprofile=/kmk/databases/metazoa_odb10/prfl/360379at33208a.prfl --predictionStart=24969675 --predictionEnd=24985983 --species=fly busco_out/BUSCO_metazoa.fasta/run_metazoa_odb10/blast_output/sequences/scaffold_5.temp
DEBUG:busco.Toolset	cmd call: /kmk/scripts/augustus.2.5.5/bin/augustus --codingseq=1 --proteinprofile=/kmk/databases/metazoa_odb10/prfl/578959at33208a.prfl --predictionStart=5766102 --predictionEnd=5778466 --species=fly busco_out/BUSCO_metazoa.fasta/run_metazoa_odb10/blast_output/sequences/scaffold_9.temp
DEBUG:busco.Toolset	cmd call: /kmk/scripts/augustus.2.5.5/bin/augustus --codingseq=1 --proteinprofile=/kmk/databases/metazoa_odb10/prfl/257339at33208a.prfl --predictionStart=15640633 --predictionEnd=15657508 --species=fly busco_out/BUSCO_metazoa.fasta/run_metazoa_odb10/blast_output/sequences/scaffold_6.temp
DEBUG:busco.Toolset	cmd call: /kmk/scripts/augustus.2.5.5/bin/augustus --codingseq=1 --proteinprofile=/kmk/databases/metazoa_odb10/prfl/598405at33208a.prfl --predictionStart=16066671 --predictionEnd=16078873 --species=fly busco_out/BUSCO_metazoa.fasta/run_metazoa_odb10/blast_output/sequences/scaffold_5.temp
DEBUG:busco.Toolset	cmd call: /kmk/scripts/augustus.2.5.5/bin/augustus --codingseq=1 --proteinprofile=/kmk/databases/metazoa_odb10/prfl/458988at33208a.prfl --predictionStart=17627036 --predictionEnd=17641363 --species=fly busco_out/BUSCO_metazoa.fasta/run_metazoa_odb10/blast_output/sequences/scaffold_9.temp
DEBUG:busco.Toolset	cmd call: /kmk/scripts/augustus.2.5.5/bin/augustus --codingseq=1 --proteinprofile=/kmk/databases/metazoa_odb10/prfl/327301at33208a.prfl --predictionStart=22537557 --predictionEnd=22554210 --species=fly busco_out/BUSCO_metazoa.fasta/run_metazoa_odb10/blast_output/sequences/scaffold_7.temp
DEBUG:busco.Toolset	cmd call: /kmk/scripts/augustus.2.5.5/bin/augustus --codingseq=1 --proteinprofile=/kmk/databases/metazoa_odb10/prfl/327301at33208a.prfl --predictionStart=2528723 --predictionEnd=2541483 --species=fly busco_out/BUSCO_metazoa.fasta/run_metazoa_odb10/blast_output/sequences/scaffold_5.temp
DEBUG:busco.Toolset	cmd call: /kmk/scripts/augustus.2.5.5/bin/augustus --codingseq=1 --proteinprofile=/kmk/databases/metazoa_odb10/prfl/340558at33208a.prfl --predictionStart=34705131 --predictionEnd=34720110 --species=fly busco_out/BUSCO_metazoa.fasta/run_metazoa_odb10/blast_output/sequences/scaffold_3.temp
DEBUG:busco.Toolset	cmd call: /kmk/scripts/augustus.2.5.5/bin/augustus --codingseq=1 --proteinprofile=/kmk/databases/metazoa_odb10/prfl/119252at33208a.prfl --predictionStart=16977148 --predictionEnd=17001092 --species=fly busco_out/BUSCO_metazoa.fasta/run_metazoa_odb10/blast_output/sequences/scaffold_2.temp
DEBUG:busco.Toolset	cmd call: /kmk/scripts/augustus.2.5.5/bin/augustus --codingseq=1 --proteinprofile=/kmk/databases/metazoa_odb10/prfl/318532at33208a.prfl --predictionStart=2988612 --predictionEnd=3005012 --species=fly busco_out/BUSCO_metazoa.fasta/run_metazoa_odb10/blast_output/sequences/scaffold_4.temp
DEBUG:busco.Toolset	cmd call: /kmk/scripts/augustus.2.5.5/bin/augustus --codingseq=1 --proteinprofile=/kmk/databases/metazoa_odb10/prfl/521343at33208a.prfl --predictionStart=10121997 --predictionEnd=10135125 --species=fly busco_out/BUSCO_metazoa.fasta/run_metazoa_odb10/blast_output/sequences/scaffold_6.temp
DEBUG:busco.Toolset	cmd call: /kmk/scripts/augustus.2.5.5/bin/augustus --codingseq=1 --proteinprofile=/kmk/databases/metazoa_odb10/prfl/526673at33208a.prfl --predictionStart=31314878 --predictionEnd=31329921 --species=fly busco_out/BUSCO_metazoa.fasta/run_metazoa_odb10/blast_output/sequences/scaffold_1.temp
DEBUG:busco.Toolset	cmd call: /kmk/scripts/augustus.2.5.5/bin/augustus --codingseq=1 --proteinprofile=/kmk/databases/metazoa_odb10/prfl/235430at33208a.prfl --predictionStart=50001801 --predictionEnd=50022484 --species=fly busco_out/BUSCO_metazoa.fasta/run_metazoa_odb10/blast_output/sequences/scaffold_1.temp
DEBUG:busco.Toolset	cmd call: /kmk/scripts/augustus.2.5.5/bin/augustus --codingseq=1 --proteinprofile=/kmk/databases/metazoa_odb10/prfl/511386at33208a.prfl --predictionStart=828014 --predictionEnd=842644 --species=fly busco_out/BUSCO_metazoa.fasta/run_metazoa_odb10/blast_output/sequences/scaffold_3.temp
INFO:busco.Toolset	[augustus]	286 of 953 task(s) completed
DEBUG:busco.Toolset	cmd call: /kmk/scripts/augustus.2.5.5/bin/augustus --codingseq=1 --proteinprofile=/kmk/databases/metazoa_odb10/prfl/573203at33208a.prfl --predictionStart=7150552 --predictionEnd=7164833 --species=fly busco_out/BUSCO_metazoa.fasta/run_metazoa_odb10/blast_output/sequences/scaffold_9.temp
DEBUG:busco.Toolset	cmd call: /kmk/scripts/augustus.2.5.5/bin/augustus --codingseq=1 --proteinprofile=/kmk/databases/metazoa_odb10/prfl/444160at33208a.prfl --predictionStart=44117225 --predictionEnd=44131196 --species=fly busco_out/BUSCO_metazoa.fasta/run_metazoa_odb10/blast_output/sequences/scaffold_3.temp
DEBUG:busco.Toolset	cmd call: /kmk/scripts/augustus.2.5.5/bin/augustus --codingseq=1 --proteinprofile=/kmk/databases/metazoa_odb10/prfl/583626at33208a.prfl --predictionStart=2136322 --predictionEnd=2151286 --species=fly busco_out/BUSCO_metazoa.fasta/run_metazoa_odb10/blast_output/sequences/scaffold_2.temp
DEBUG:busco.Toolset	cmd call: /kmk/scripts/augustus.2.5.5/bin/augustus --codingseq=1 --proteinprofile=/kmk/databases/metazoa_odb10/prfl/311438at33208a.prfl --predictionStart=36594307 --predictionEnd=36613904 --species=fly busco_out/BUSCO_metazoa.fasta/run_metazoa_odb10/blast_output/sequences/scaffold_1.temp
DEBUG:busco.Toolset	cmd call: /kmk/scripts/augustus.2.5.5/bin/augustus --codingseq=1 --proteinprofile=/kmk/databases/metazoa_odb10/prfl/389367at33208a.prfl --predictionStart=10460986 --predictionEnd=10477044 --species=fly busco_out/BUSCO_metazoa.fasta/run_metazoa_odb10/blast_output/sequences/scaffold_7.temp
DEBUG:busco.Toolset	cmd call: /kmk/scripts/augustus.2.5.5/bin/augustus --codingseq=1 --proteinprofile=/kmk/databases/metazoa_odb10/prfl/611891at33208a.prfl --predictionStart=7356623 --predictionEnd=7368849 --species=fly busco_out/BUSCO_metazoa.fasta/run_metazoa_odb10/blast_output/sequences/scaffold_8.temp
DEBUG:busco.Toolset	cmd call: /kmk/scripts/augustus.2.5.5/bin/augustus --codingseq=1 --proteinprofile=/kmk/databases/metazoa_odb10/prfl/611258at33208a.prfl --predictionStart=46876931 --predictionEnd=46891928 --species=fly busco_out/BUSCO_metazoa.fasta/run_metazoa_odb10/blast_output/sequences/scaffold_1.temp
DEBUG:busco.Toolset	cmd call: /kmk/scripts/augustus.2.5.5/bin/augustus --codingseq=1 --proteinprofile=/kmk/databases/metazoa_odb10/prfl/611258at33208a.prfl --predictionStart=5658983 --predictionEnd=5671212 --species=fly busco_out/BUSCO_metazoa.fasta/run_metazoa_odb10/blast_output/sequences/scaffold_8.temp
DEBUG:busco.Toolset	cmd call: /kmk/scripts/augustus.2.5.5/bin/augustus --codingseq=1 --proteinprofile=/kmk/databases/metazoa_odb10/prfl/611258at33208a.prfl --predictionStart=41418895 --predictionEnd=41431124 --species=fly busco_out/BUSCO_metazoa.fasta/run_metazoa_odb10/blast_output/sequences/scaffold_3.temp
DEBUG:busco.Toolset	cmd call: /kmk/scripts/augustus.2.5.5/bin/augustus --codingseq=1 --proteinprofile=/kmk/databases/metazoa_odb10/prfl/639252at33208a.prfl --predictionStart=41200267 --predictionEnd=41213289 --species=fly busco_out/BUSCO_metazoa.fasta/run_metazoa_odb10/blast_output/sequences/scaffold_1.temp
DEBUG:busco.Toolset	cmd call: /kmk/scripts/augustus.2.5.5/bin/augustus --codingseq=1 --proteinprofile=/kmk/databases/metazoa_odb10/prfl/534808at33208a.prfl --predictionStart=15788728 --predictionEnd=15804858 --species=fly busco_out/BUSCO_metazoa.fasta/run_metazoa_odb10/blast_output/sequences/scaffold_9.temp
DEBUG:busco.Toolset	cmd call: /kmk/scripts/augustus.2.5.5/bin/augustus --codingseq=1 --proteinprofile=/kmk/databases/metazoa_odb10/prfl/320390at33208a.prfl --predictionStart=6326786 --predictionEnd=6346682 --species=fly busco_out/BUSCO_metazoa.fasta/run_metazoa_odb10/blast_output/sequences/scaffold_1.temp
DEBUG:busco.Toolset	cmd call: /kmk/scripts/augustus.2.5.5/bin/augustus --codingseq=1 --proteinprofile=/kmk/databases/metazoa_odb10/prfl/245482at33208a.prfl --predictionStart=31155676 --predictionEnd=31172121 --species=fly busco_out/BUSCO_metazoa.fasta/run_metazoa_odb10/blast_output/sequences/scaffold_1.temp
DEBUG:busco.Toolset	cmd call: /kmk/scripts/augustus.2.5.5/bin/augustus --codingseq=1 --proteinprofile=/kmk/databases/metazoa_odb10/prfl/535268at33208a.prfl --predictionStart=46073827 --predictionEnd=46086909 --species=fly busco_out/BUSCO_metazoa.fasta/run_metazoa_odb10/blast_output/sequences/scaffold_1.temp
DEBUG:busco.Toolset	cmd call: /kmk/scripts/augustus.2.5.5/bin/augustus --codingseq=1 --proteinprofile=/kmk/databases/metazoa_odb10/prfl/356334at33208a.prfl --predictionStart=31134645 --predictionEnd=31160906 --species=fly busco_out/BUSCO_metazoa.fasta/run_metazoa_odb10/blast_output/sequences/scaffold_3.temp
DEBUG:busco.Toolset	cmd call: /kmk/scripts/augustus.2.5.5/bin/augustus --codingseq=1 --proteinprofile=/kmk/databases/metazoa_odb10/prfl/533690at33208a.prfl --predictionStart=46620800 --predictionEnd=46636132 --species=fly busco_out/BUSCO_metazoa.fasta/run_metazoa_odb10/blast_output/sequences/scaffold_3.temp
DEBUG:busco.Toolset	cmd call: /kmk/scripts/augustus.2.5.5/bin/augustus --codingseq=1 --proteinprofile=/kmk/databases/metazoa_odb10/prfl/260752at33208a.prfl --predictionStart=9892939 --predictionEnd=9907321 --species=fly busco_out/BUSCO_metazoa.fasta/run_metazoa_odb10/blast_output/sequences/scaffold_8.temp
DEBUG:busco.Toolset	cmd call: /kmk/scripts/augustus.2.5.5/bin/augustus --codingseq=1 --proteinprofile=/kmk/databases/metazoa_odb10/prfl/372707at33208a.prfl --predictionStart=7814045 --predictionEnd=7827671 --species=fly busco_out/BUSCO_metazoa.fasta/run_metazoa_odb10/blast_output/sequences/scaffold_2.temp
DEBUG:busco.Toolset	cmd call: /kmk/scripts/augustus.2.5.5/bin/augustus --codingseq=1 --proteinprofile=/kmk/databases/metazoa_odb10/prfl/572845at33208a.prfl --predictionStart=20404573 --predictionEnd=20418155 --species=fly busco_out/BUSCO_metazoa.fasta/run_metazoa_odb10/blast_output/sequences/scaffold_3.temp
DEBUG:busco.Toolset	cmd call: /kmk/scripts/augustus.2.5.5/bin/augustus --codingseq=1 --proteinprofile=/kmk/databases/metazoa_odb10/prfl/557292at33208a.prfl --predictionStart=30695457 --predictionEnd=30708807 --species=fly busco_out/BUSCO_metazoa.fasta/run_metazoa_odb10/blast_output/sequences/scaffold_4.temp
DEBUG:busco.Toolset	cmd call: /kmk/scripts/augustus.2.5.5/bin/augustus --codingseq=1 --proteinprofile=/kmk/databases/metazoa_odb10/prfl/557292at33208a.prfl --predictionStart=19390224 --predictionEnd=19402795 --species=fly busco_out/BUSCO_metazoa.fasta/run_metazoa_odb10/blast_output/sequences/scaffold_3.temp
DEBUG:busco.Toolset	cmd call: /kmk/scripts/augustus.2.5.5/bin/augustus --codingseq=1 --proteinprofile=/kmk/databases/metazoa_odb10/prfl/452208at33208a.prfl --predictionStart=14606587 --predictionEnd=14621814 --species=fly busco_out/BUSCO_metazoa.fasta/run_metazoa_odb10/blast_output/sequences/scaffold_7.temp
DEBUG:busco.Toolset	cmd call: /kmk/scripts/augustus.2.5.5/bin/augustus --codingseq=1 --proteinprofile=/kmk/databases/metazoa_odb10/prfl/603673at33208a.prfl --predictionStart=11792111 --predictionEnd=11807205 --species=fly busco_out/BUSCO_metazoa.fasta/run_metazoa_odb10/blast_output/sequences/scaffold_1.temp
DEBUG:busco.Toolset	cmd call: /kmk/scripts/augustus.2.5.5/bin/augustus --codingseq=1 --proteinprofile=/kmk/databases/metazoa_odb10/prfl/448196at33208a.prfl --predictionStart=26871591 --predictionEnd=26894151 --species=fly busco_out/BUSCO_metazoa.fasta/run_metazoa_odb10/blast_output/sequences/scaffold_1.temp
DEBUG:busco.Toolset	cmd call: /kmk/scripts/augustus.2.5.5/bin/augustus --codingseq=1 --proteinprofile=/kmk/databases/metazoa_odb10/prfl/568022at33208a.prfl --predictionStart=7037501 --predictionEnd=7052073 --species=fly busco_out/BUSCO_metazoa.fasta/run_metazoa_odb10/blast_output/sequences/scaffold_7.temp
DEBUG:busco.Toolset	cmd call: /kmk/scripts/augustus.2.5.5/bin/augustus --codingseq=1 --proteinprofile=/kmk/databases/metazoa_odb10/prfl/532728at33208a.prfl --predictionStart=5927376 --predictionEnd=5941739 --species=fly busco_out/BUSCO_metazoa.fasta/run_metazoa_odb10/blast_output/sequences/scaffold_3.temp
DEBUG:busco.Toolset	cmd call: /kmk/scripts/augustus.2.5.5/bin/augustus --codingseq=1 --proteinprofile=/kmk/databases/metazoa_odb10/prfl/407472at33208a.prfl --predictionStart=48554561 --predictionEnd=48569353 --species=fly busco_out/BUSCO_metazoa.fasta/run_metazoa_odb10/blast_output/sequences/scaffold_3.temp
DEBUG:busco.Toolset	cmd call: /kmk/scripts/augustus.2.5.5/bin/augustus --codingseq=1 --proteinprofile=/kmk/databases/metazoa_odb10/prfl/590470at33208a.prfl --predictionStart=19505939 --predictionEnd=19518171 --species=fly busco_out/BUSCO_metazoa.fasta/run_metazoa_odb10/blast_output/sequences/scaffold_6.temp
DEBUG:busco.Toolset	cmd call: /kmk/scripts/augustus.2.5.5/bin/augustus --codingseq=1 --proteinprofile=/kmk/databases/metazoa_odb10/prfl/395147at33208a.prfl --predictionStart=13361077 --predictionEnd=13378350 --species=fly busco_out/BUSCO_metazoa.fasta/run_metazoa_odb10/blast_output/sequences/scaffold_6.temp
DEBUG:busco.Toolset	cmd call: /kmk/scripts/augustus.2.5.5/bin/augustus --codingseq=1 --proteinprofile=/kmk/databases/metazoa_odb10/prfl/272605at33208a.prfl --predictionStart=5770526 --predictionEnd=5785003 --species=fly busco_out/BUSCO_metazoa.fasta/run_metazoa_odb10/blast_output/sequences/scaffold_1.temp
DEBUG:busco.Toolset	cmd call: /kmk/scripts/augustus.2.5.5/bin/augustus --codingseq=1 --proteinprofile=/kmk/databases/metazoa_odb10/prfl/345959at33208a.prfl --predictionStart=17982880 --predictionEnd=17998014 --species=fly busco_out/BUSCO_metazoa.fasta/run_metazoa_odb10/blast_output/sequences/scaffold_6.temp
DEBUG:busco.Toolset	cmd call: /kmk/scripts/augustus.2.5.5/bin/augustus --codingseq=1 --proteinprofile=/kmk/databases/metazoa_odb10/prfl/378913at33208a.prfl --predictionStart=42033821 --predictionEnd=42051564 --species=fly busco_out/BUSCO_metazoa.fasta/run_metazoa_odb10/blast_output/sequences/scaffold_3.temp
DEBUG:busco.Toolset	cmd call: /kmk/scripts/augustus.2.5.5/bin/augustus --codingseq=1 --proteinprofile=/kmk/databases/metazoa_odb10/prfl/566116at33208a.prfl --predictionStart=32877546 --predictionEnd=32890360 --species=fly busco_out/BUSCO_metazoa.fasta/run_metazoa_odb10/blast_output/sequences/scaffold_3.temp
DEBUG:busco.Toolset	cmd call: /kmk/scripts/augustus.2.5.5/bin/augustus --codingseq=1 --proteinprofile=/kmk/databases/metazoa_odb10/prfl/352854at33208a.prfl --predictionStart=43548414 --predictionEnd=43567123 --species=fly busco_out/BUSCO_metazoa.fasta/run_metazoa_odb10/blast_output/sequences/scaffold_3.temp
DEBUG:busco.Toolset	cmd call: /kmk/scripts/augustus.2.5.5/bin/augustus --codingseq=1 --proteinprofile=/kmk/databases/metazoa_odb10/prfl/586156at33208a.prfl --predictionStart=34610530 --predictionEnd=34623256 --species=fly busco_out/BUSCO_metazoa.fasta/run_metazoa_odb10/blast_output/sequences/scaffold_4.temp
DEBUG:busco.Toolset	cmd call: /kmk/scripts/augustus.2.5.5/bin/augustus --codingseq=1 --proteinprofile=/kmk/databases/metazoa_odb10/prfl/606539at33208a.prfl --predictionStart=12559680 --predictionEnd=12572403 --species=fly busco_out/BUSCO_metazoa.fasta/run_metazoa_odb10/blast_output/sequences/scaffold_9.temp
DEBUG:busco.Toolset	cmd call: /kmk/scripts/augustus.2.5.5/bin/augustus --codingseq=1 --proteinprofile=/kmk/databases/metazoa_odb10/prfl/381303at33208a.prfl --predictionStart=5602364 --predictionEnd=5614551 --species=fly busco_out/BUSCO_metazoa.fasta/run_metazoa_odb10/blast_output/sequences/scaffold_3.temp
DEBUG:busco.Toolset	cmd call: /kmk/scripts/augustus.2.5.5/bin/augustus --codingseq=1 --proteinprofile=/kmk/databases/metazoa_odb10/prfl/9639at33208a.prfl --predictionStart=28669101 --predictionEnd=28718335 --species=fly busco_out/BUSCO_metazoa.fasta/run_metazoa_odb10/blast_output/sequences/scaffold_5.temp
DEBUG:busco.Toolset	cmd call: /kmk/scripts/augustus.2.5.5/bin/augustus --codingseq=1 --proteinprofile=/kmk/databases/metazoa_odb10/prfl/514565at33208a.prfl --predictionStart=15126261 --predictionEnd=15148227 --species=fly busco_out/BUSCO_metazoa.fasta/run_metazoa_odb10/blast_output/sequences/scaffold_2.temp
DEBUG:busco.Toolset	cmd call: /kmk/scripts/augustus.2.5.5/bin/augustus --codingseq=1 --proteinprofile=/kmk/databases/metazoa_odb10/prfl/577929at33208a.prfl --predictionStart=3117309 --predictionEnd=3129553 --species=fly busco_out/BUSCO_metazoa.fasta/run_metazoa_odb10/blast_output/sequences/scaffold_1.temp
DEBUG:busco.Toolset	cmd call: /kmk/scripts/augustus.2.5.5/bin/augustus --codingseq=1 --proteinprofile=/kmk/databases/metazoa_odb10/prfl/502128at33208a.prfl --predictionStart=3109959 --predictionEnd=3125535 --species=fly busco_out/BUSCO_metazoa.fasta/run_metazoa_odb10/blast_output/sequences/scaffold_1.temp
DEBUG:busco.Toolset	cmd call: /kmk/scripts/augustus.2.5.5/bin/augustus --codingseq=1 --proteinprofile=/kmk/databases/metazoa_odb10/prfl/502128at33208a.prfl --predictionStart=2528765 --predictionEnd=2541465 --species=fly busco_out/BUSCO_metazoa.fasta/run_metazoa_odb10/blast_output/sequences/scaffold_5.temp
DEBUG:busco.Toolset	cmd call: /kmk/scripts/augustus.2.5.5/bin/augustus --codingseq=1 --proteinprofile=/kmk/databases/metazoa_odb10/prfl/569303at33208a.prfl --predictionStart=49705898 --predictionEnd=49733944 --species=fly busco_out/BUSCO_metazoa.fasta/run_metazoa_odb10/blast_output/sequences/scaffold_1.temp
DEBUG:busco.Toolset	cmd call: /kmk/scripts/augustus.2.5.5/bin/augustus --codingseq=1 --proteinprofile=/kmk/databases/metazoa_odb10/prfl/601242at33208a.prfl --predictionStart=11283965 --predictionEnd=11296128 --species=fly busco_out/BUSCO_metazoa.fasta/run_metazoa_odb10/blast_output/sequences/scaffold_4.temp
DEBUG:busco.Toolset	cmd call: /kmk/scripts/augustus.2.5.5/bin/augustus --codingseq=1 --proteinprofile=/kmk/databases/metazoa_odb10/prfl/636423at33208a.prfl --predictionStart=31715812 --predictionEnd=31728050 --species=fly busco_out/BUSCO_metazoa.fasta/run_metazoa_odb10/blast_output/sequences/scaffold_4.temp
DEBUG:busco.Toolset	cmd call: /kmk/scripts/augustus.2.5.5/bin/augustus --codingseq=1 --proteinprofile=/kmk/databases/metazoa_odb10/prfl/515425at33208a.prfl --predictionStart=5944300 --predictionEnd=5956919 --species=fly busco_out/BUSCO_metazoa.fasta/run_metazoa_odb10/blast_output/sequences/scaffold_6.temp
DEBUG:busco.Toolset	cmd call: /kmk/scripts/augustus.2.5.5/bin/augustus --codingseq=1 --proteinprofile=/kmk/databases/metazoa_odb10/prfl/200997at33208a.prfl --predictionStart=32607956 --predictionEnd=32624734 --species=fly busco_out/BUSCO_metazoa.fasta/run_metazoa_odb10/blast_output/sequences/scaffold_5.temp
DEBUG:busco.Toolset	cmd call: /kmk/scripts/augustus.2.5.5/bin/augustus --codingseq=1 --proteinprofile=/kmk/databases/metazoa_odb10/prfl/395919at33208a.prfl --predictionStart=24959620 --predictionEnd=24976665 --species=fly busco_out/BUSCO_metazoa.fasta/run_metazoa_odb10/blast_output/sequences/scaffold_5.temp
DEBUG:busco.Toolset	cmd call: /kmk/scripts/augustus.2.5.5/bin/augustus --codingseq=1 --proteinprofile=/kmk/databases/metazoa_odb10/prfl/607862at33208a.prfl --predictionStart=27546683 --predictionEnd=27558960 --species=fly busco_out/BUSCO_metazoa.fasta/run_metazoa_odb10/blast_output/sequences/scaffold_4.temp
DEBUG:busco.Toolset	cmd call: /kmk/scripts/augustus.2.5.5/bin/augustus --codingseq=1 --proteinprofile=/kmk/databases/metazoa_odb10/prfl/359532at33208a.prfl --predictionStart=11646445 --predictionEnd=11674444 --species=fly busco_out/BUSCO_metazoa.fasta/run_metazoa_odb10/blast_output/sequences/scaffold_9.temp
DEBUG:busco.Toolset	cmd call: /kmk/scripts/augustus.2.5.5/bin/augustus --codingseq=1 --proteinprofile=/kmk/databases/metazoa_odb10/prfl/359532at33208a.prfl --predictionStart=5439962 --predictionEnd=5452722 --species=fly busco_out/BUSCO_metazoa.fasta/run_metazoa_odb10/blast_output/sequences/scaffold_3.temp
DEBUG:busco.Toolset	cmd call: /kmk/scripts/augustus.2.5.5/bin/augustus --codingseq=1 --proteinprofile=/kmk/databases/metazoa_odb10/prfl/203698at33208a.prfl --predictionStart=16510690 --predictionEnd=16524644 --species=fly busco_out/BUSCO_metazoa.fasta/run_metazoa_odb10/blast_output/sequences/scaffold_1.temp
DEBUG:busco.Toolset	cmd call: /kmk/scripts/augustus.2.5.5/bin/augustus --codingseq=1 --proteinprofile=/kmk/databases/metazoa_odb10/prfl/40200at33208a.prfl --predictionStart=8459936 --predictionEnd=8485523 --species=fly busco_out/BUSCO_metazoa.fasta/run_metazoa_odb10/blast_output/sequences/scaffold_1.temp
DEBUG:busco.Toolset	cmd call: /kmk/scripts/augustus.2.5.5/bin/augustus --codingseq=1 --proteinprofile=/kmk/databases/metazoa_odb10/prfl/608669at33208a.prfl --predictionStart=531023 --predictionEnd=543261 --species=fly busco_out/BUSCO_metazoa.fasta/run_metazoa_odb10/blast_output/sequences/scaffold_4.temp
DEBUG:busco.Toolset	cmd call: /kmk/scripts/augustus.2.5.5/bin/augustus --codingseq=1 --proteinprofile=/kmk/databases/metazoa_odb10/prfl/622461at33208a.prfl --predictionStart=34543443 --predictionEnd=34555687 --species=fly busco_out/BUSCO_metazoa.fasta/run_metazoa_odb10/blast_output/sequences/scaffold_3.temp
DEBUG:busco.Toolset	cmd call: /kmk/scripts/augustus.2.5.5/bin/augustus --codingseq=1 --proteinprofile=/kmk/databases/metazoa_odb10/prfl/485003at33208a.prfl --predictionStart=48763241 --predictionEnd=48778752 --species=fly busco_out/BUSCO_metazoa.fasta/run_metazoa_odb10/blast_output/sequences/scaffold_1.temp
DEBUG:busco.Toolset	cmd call: /kmk/scripts/augustus.2.5.5/bin/augustus --codingseq=1 --proteinprofile=/kmk/databases/metazoa_odb10/prfl/119591at33208a.prfl --predictionStart=2247216 --predictionEnd=2273694 --species=fly busco_out/BUSCO_metazoa.fasta/run_metazoa_odb10/blast_output/sequences/scaffold_6.temp
DEBUG:busco.Toolset	cmd call: /kmk/scripts/augustus.2.5.5/bin/augustus --codingseq=1 --proteinprofile=/kmk/databases/metazoa_odb10/prfl/511575at33208a.prfl --predictionStart=15878178 --predictionEnd=15891105 --species=fly busco_out/BUSCO_metazoa.fasta/run_metazoa_odb10/blast_output/sequences/scaffold_4.temp
DEBUG:busco.Toolset	cmd call: /kmk/scripts/augustus.2.5.5/bin/augustus --codingseq=1 --proteinprofile=/kmk/databases/metazoa_odb10/prfl/289235at33208a.prfl --predictionStart=35324899 --predictionEnd=35340389 --species=fly busco_out/BUSCO_metazoa.fasta/run_metazoa_odb10/blast_output/sequences/scaffold_1.temp
DEBUG:busco.Toolset	cmd call: /kmk/scripts/augustus.2.5.5/bin/augustus --codingseq=1 --proteinprofile=/kmk/databases/metazoa_odb10/prfl/634446at33208a.prfl --predictionStart=3563456 --predictionEnd=3578818 --species=fly busco_out/BUSCO_metazoa.fasta/run_metazoa_odb10/blast_output/sequences/scaffold_2.temp
DEBUG:busco.Toolset	cmd call: /kmk/scripts/augustus.2.5.5/bin/augustus --codingseq=1 --proteinprofile=/kmk/databases/metazoa_odb10/prfl/281693at33208a.prfl --predictionStart=11980085 --predictionEnd=12017464 --species=fly busco_out/BUSCO_metazoa.fasta/run_metazoa_odb10/blast_output/sequences/scaffold_7.temp
DEBUG:busco.Toolset	cmd call: /kmk/scripts/augustus.2.5.5/bin/augustus --codingseq=1 --proteinprofile=/kmk/databases/metazoa_odb10/prfl/547099at33208a.prfl --predictionStart=11271500 --predictionEnd=11283816 --species=fly busco_out/BUSCO_metazoa.fasta/run_metazoa_odb10/blast_output/sequences/scaffold_6.temp
DEBUG:busco.Toolset	cmd call: /kmk/scripts/augustus.2.5.5/bin/augustus --codingseq=1 --proteinprofile=/kmk/databases/metazoa_odb10/prfl/458974at33208a.prfl --predictionStart=11163498 --predictionEnd=11176179 --species=fly busco_out/BUSCO_metazoa.fasta/run_metazoa_odb10/blast_output/sequences/scaffold_5.temp
DEBUG:busco.Toolset	cmd call: /kmk/scripts/augustus.2.5.5/bin/augustus --codingseq=1 --proteinprofile=/kmk/databases/metazoa_odb10/prfl/634447at33208a.prfl --predictionStart=11345419 --predictionEnd=11358666 --species=fly busco_out/BUSCO_metazoa.fasta/run_metazoa_odb10/blast_output/sequences/scaffold_6.temp
DEBUG:busco.Toolset	cmd call: /kmk/scripts/augustus.2.5.5/bin/augustus --codingseq=1 --proteinprofile=/kmk/databases/metazoa_odb10/prfl/384187at33208a.prfl --predictionStart=14734480 --predictionEnd=14752309 --species=fly busco_out/BUSCO_metazoa.fasta/run_metazoa_odb10/blast_output/sequences/scaffold_8.temp
DEBUG:busco.Toolset	cmd call: /kmk/scripts/augustus.2.5.5/bin/augustus --codingseq=1 --proteinprofile=/kmk/databases/metazoa_odb10/prfl/359532at33208a.prfl --predictionStart=35116479 --predictionEnd=35129221 --species=fly busco_out/BUSCO_metazoa.fasta/run_metazoa_odb10/blast_output/sequences/scaffold_4.temp
DEBUG:busco.Toolset	cmd call: /kmk/scripts/augustus.2.5.5/bin/augustus --codingseq=1 --proteinprofile=/kmk/databases/metazoa_odb10/prfl/203698at33208a.prfl --predictionStart=9220348 --predictionEnd=9234529 --species=fly busco_out/BUSCO_metazoa.fasta/run_metazoa_odb10/blast_output/sequences/scaffold_9.temp
DEBUG:busco.Toolset	cmd call: /kmk/scripts/augustus.2.5.5/bin/augustus --codingseq=1 --proteinprofile=/kmk/databases/metazoa_odb10/prfl/529708at33208a.prfl --predictionStart=19715504 --predictionEnd=19732637 --species=fly busco_out/BUSCO_metazoa.fasta/run_metazoa_odb10/blast_output/sequences/scaffold_8.temp
DEBUG:busco.Toolset	cmd call: /kmk/scripts/augustus.2.5.5/bin/augustus --codingseq=1 --proteinprofile=/kmk/databases/metazoa_odb10/prfl/491252at33208a.prfl --predictionStart=33916171 --predictionEnd=33931763 --species=fly busco_out/BUSCO_metazoa.fasta/run_metazoa_odb10/blast_output/sequences/scaffold_4.temp
DEBUG:busco.Toolset	cmd call: /kmk/scripts/augustus.2.5.5/bin/augustus --codingseq=1 --proteinprofile=/kmk/databases/metazoa_odb10/prfl/545641at33208a.prfl --predictionStart=20164728 --predictionEnd=20179576 --species=fly busco_out/BUSCO_metazoa.fasta/run_metazoa_odb10/blast_output/sequences/scaffold_5.temp
DEBUG:busco.Toolset	cmd call: /kmk/scripts/augustus.2.5.5/bin/augustus --codingseq=1 --proteinprofile=/kmk/databases/metazoa_odb10/prfl/464204at33208a.prfl --predictionStart=16017873 --predictionEnd=16041048 --species=fly busco_out/BUSCO_metazoa.fasta/run_metazoa_odb10/blast_output/sequences/scaffold_7.temp
DEBUG:busco.Toolset	cmd call: /kmk/scripts/augustus.2.5.5/bin/augustus --codingseq=1 --proteinprofile=/kmk/databases/metazoa_odb10/prfl/121127at33208a.prfl --predictionStart=4690130 --predictionEnd=4703396 --species=fly busco_out/BUSCO_metazoa.fasta/run_metazoa_odb10/blast_output/sequences/scaffold_1.temp
DEBUG:busco.Toolset	cmd call: /kmk/scripts/augustus.2.5.5/bin/augustus --codingseq=1 --proteinprofile=/kmk/databases/metazoa_odb10/prfl/235149at33208a.prfl --predictionStart=53825095 --predictionEnd=53840764 --species=fly busco_out/BUSCO_metazoa.fasta/run_metazoa_odb10/blast_output/sequences/scaffold_1.temp
DEBUG:busco.Toolset	cmd call: /kmk/scripts/augustus.2.5.5/bin/augustus --codingseq=1 --proteinprofile=/kmk/databases/metazoa_odb10/prfl/371526at33208a.prfl --predictionStart=19179057 --predictionEnd=19199957 --species=fly busco_out/BUSCO_metazoa.fasta/run_metazoa_odb10/blast_output/sequences/scaffold_2.temp
DEBUG:busco.Toolset	cmd call: /kmk/scripts/augustus.2.5.5/bin/augustus --codingseq=1 --proteinprofile=/kmk/databases/metazoa_odb10/prfl/395948at33208a.prfl --predictionStart=25775208 --predictionEnd=25793435 --species=fly busco_out/BUSCO_metazoa.fasta/run_metazoa_odb10/blast_output/sequences/scaffold_7.temp
DEBUG:busco.Toolset	cmd call: /kmk/scripts/augustus.2.5.5/bin/augustus --codingseq=1 --proteinprofile=/kmk/databases/metazoa_odb10/prfl/434068at33208a.prfl --predictionStart=21850292 --predictionEnd=21863657 --species=fly busco_out/BUSCO_metazoa.fasta/run_metazoa_odb10/blast_output/sequences/scaffold_6.temp
DEBUG:busco.Toolset	cmd call: /kmk/scripts/augustus.2.5.5/bin/augustus --codingseq=1 --proteinprofile=/kmk/databases/metazoa_odb10/prfl/547099at33208a.prfl --predictionStart=22803057 --predictionEnd=22816492 --species=fly busco_out/BUSCO_metazoa.fasta/run_metazoa_odb10/blast_output/sequences/scaffold_5.temp
DEBUG:busco.Toolset	cmd call: /kmk/scripts/augustus.2.5.5/bin/augustus --codingseq=1 --proteinprofile=/kmk/databases/metazoa_odb10/prfl/502584at33208a.prfl --predictionStart=25632887 --predictionEnd=25645149 --species=fly busco_out/BUSCO_metazoa.fasta/run_metazoa_odb10/blast_output/sequences/scaffold_7.temp
DEBUG:busco.Toolset	cmd call: /kmk/scripts/augustus.2.5.5/bin/augustus --codingseq=1 --proteinprofile=/kmk/databases/metazoa_odb10/prfl/581621at33208a.prfl --predictionStart=46983698 --predictionEnd=46997623 --species=fly busco_out/BUSCO_metazoa.fasta/run_metazoa_odb10/blast_output/sequences/scaffold_1.temp
DEBUG:busco.Toolset	cmd call: /kmk/scripts/augustus.2.5.5/bin/augustus --codingseq=1 --proteinprofile=/kmk/databases/metazoa_odb10/prfl/558368at33208a.prfl --predictionStart=5654787 --predictionEnd=5668612 --species=fly busco_out/BUSCO_metazoa.fasta/run_metazoa_odb10/blast_output/sequences/scaffold_3.temp
DEBUG:busco.Toolset	cmd call: /kmk/scripts/augustus.2.5.5/bin/augustus --codingseq=1 --proteinprofile=/kmk/databases/metazoa_odb10/prfl/390402at33208a.prfl --predictionStart=734715 --predictionEnd=749003 --species=fly busco_out/BUSCO_metazoa.fasta/run_metazoa_odb10/blast_output/sequences/scaffold_1.temp
DEBUG:busco.Toolset	cmd call: /kmk/scripts/augustus.2.5.5/bin/augustus --codingseq=1 --proteinprofile=/kmk/databases/metazoa_odb10/prfl/84980at33208a.prfl --predictionStart=12258382 --predictionEnd=12276918 --species=fly busco_out/BUSCO_metazoa.fasta/run_metazoa_odb10/blast_output/sequences/scaffold_4.temp
DEBUG:busco.Toolset	cmd call: /kmk/scripts/augustus.2.5.5/bin/augustus --codingseq=1 --proteinprofile=/kmk/databases/metazoa_odb10/prfl/57158at33208a.prfl --predictionStart=19718591 --predictionEnd=19746047 --species=fly busco_out/BUSCO_metazoa.fasta/run_metazoa_odb10/blast_output/sequences/scaffold_9.temp
DEBUG:busco.Toolset	cmd call: /kmk/scripts/augustus.2.5.5/bin/augustus --codingseq=1 --proteinprofile=/kmk/databases/metazoa_odb10/prfl/255924at33208a.prfl --predictionStart=15683603 --predictionEnd=15705433 --species=fly busco_out/BUSCO_metazoa.fasta/run_metazoa_odb10/blast_output/sequences/scaffold_3.temp
DEBUG:busco.Toolset	cmd call: /kmk/scripts/augustus.2.5.5/bin/augustus --codingseq=1 --proteinprofile=/kmk/databases/metazoa_odb10/prfl/516659at33208a.prfl --predictionStart=7217097 --predictionEnd=7231820 --species=fly busco_out/BUSCO_metazoa.fasta/run_metazoa_odb10/blast_output/sequences/scaffold_9.temp
DEBUG:busco.Toolset	cmd call: /kmk/scripts/augustus.2.5.5/bin/augustus --codingseq=1 --proteinprofile=/kmk/databases/metazoa_odb10/prfl/268397at33208a.prfl --predictionStart=29636377 --predictionEnd=29658763 --species=fly busco_out/BUSCO_metazoa.fasta/run_metazoa_odb10/blast_output/sequences/scaffold_1.temp
DEBUG:busco.Toolset	cmd call: /kmk/scripts/augustus.2.5.5/bin/augustus --codingseq=1 --proteinprofile=/kmk/databases/metazoa_odb10/prfl/561878at33208a.prfl --predictionStart=11585246 --predictionEnd=11597505 --species=fly busco_out/BUSCO_metazoa.fasta/run_metazoa_odb10/blast_output/sequences/scaffold_6.temp
DEBUG:busco.Toolset	cmd call: /kmk/scripts/augustus.2.5.5/bin/augustus --codingseq=1 --proteinprofile=/kmk/databases/metazoa_odb10/prfl/514892at33208a.prfl --predictionStart=43155714 --predictionEnd=43170421 --species=fly busco_out/BUSCO_metazoa.fasta/run_metazoa_odb10/blast_output/sequences/scaffold_1.temp
DEBUG:busco.Toolset	cmd call: /kmk/scripts/augustus.2.5.5/bin/augustus --codingseq=1 --proteinprofile=/kmk/databases/metazoa_odb10/prfl/158962at33208a.prfl --predictionStart=170268 --predictionEnd=226608 --species=fly busco_out/BUSCO_metazoa.fasta/run_metazoa_odb10/blast_output/sequences/scaffold_2.temp
DEBUG:busco.Toolset	cmd call: /kmk/scripts/augustus.2.5.5/bin/augustus --codingseq=1 --proteinprofile=/kmk/databases/metazoa_odb10/prfl/517686at33208a.prfl --predictionStart=34747900 --predictionEnd=34760927 --species=fly busco_out/BUSCO_metazoa.fasta/run_metazoa_odb10/blast_output/sequences/scaffold_4.temp
DEBUG:busco.Toolset	cmd call: /kmk/scripts/augustus.2.5.5/bin/augustus --codingseq=1 --proteinprofile=/kmk/databases/metazoa_odb10/prfl/554010at33208a.prfl --predictionStart=19709302 --predictionEnd=19723123 --species=fly busco_out/BUSCO_metazoa.fasta/run_metazoa_odb10/blast_output/sequences/scaffold_8.temp
DEBUG:busco.Toolset	cmd call: /kmk/scripts/augustus.2.5.5/bin/augustus --codingseq=1 --proteinprofile=/kmk/databases/metazoa_odb10/prfl/642552at33208a.prfl --predictionStart=20980647 --predictionEnd=20992825 --species=fly busco_out/BUSCO_metazoa.fasta/run_metazoa_odb10/blast_output/sequences/scaffold_8.temp
DEBUG:busco.Toolset	cmd call: /kmk/scripts/augustus.2.5.5/bin/augustus --codingseq=1 --proteinprofile=/kmk/databases/metazoa_odb10/prfl/492033at33208a.prfl --predictionStart=17672272 --predictionEnd=17687479 --species=fly busco_out/BUSCO_metazoa.fasta/run_metazoa_odb10/blast_output/sequences/scaffold_6.temp
DEBUG:busco.Toolset	cmd call: /kmk/scripts/augustus.2.5.5/bin/augustus --codingseq=1 --proteinprofile=/kmk/databases/metazoa_odb10/prfl/611279at33208a.prfl --predictionStart=17064551 --predictionEnd=17083266 --species=fly busco_out/BUSCO_metazoa.fasta/run_metazoa_odb10/blast_output/sequences/scaffold_1.temp
DEBUG:busco.Toolset	cmd call: /kmk/scripts/augustus.2.5.5/bin/augustus --codingseq=1 --proteinprofile=/kmk/databases/metazoa_odb10/prfl/514675at33208a.prfl --predictionStart=23317618 --predictionEnd=23330331 --species=fly busco_out/BUSCO_metazoa.fasta/run_metazoa_odb10/blast_output/sequences/scaffold_5.temp
DEBUG:busco.Toolset	cmd call: /kmk/scripts/augustus.2.5.5/bin/augustus --codingseq=1 --proteinprofile=/kmk/databases/metazoa_odb10/prfl/592087at33208a.prfl --predictionStart=32554613 --predictionEnd=32573785 --species=fly busco_out/BUSCO_metazoa.fasta/run_metazoa_odb10/blast_output/sequences/scaffold_5.temp
INFO:busco.Toolset	[augustus]	382 of 953 task(s) completed
DEBUG:busco.Toolset	cmd call: /kmk/scripts/augustus.2.5.5/bin/augustus --codingseq=1 --proteinprofile=/kmk/databases/metazoa_odb10/prfl/553585at33208a.prfl --predictionStart=12734857 --predictionEnd=12789857 --species=fly busco_out/BUSCO_metazoa.fasta/run_metazoa_odb10/blast_output/sequences/scaffold_3.temp
DEBUG:busco.Toolset	cmd call: /kmk/scripts/augustus.2.5.5/bin/augustus --codingseq=1 --proteinprofile=/kmk/databases/metazoa_odb10/prfl/446000at33208a.prfl --predictionStart=1530528 --predictionEnd=1544257 --species=fly busco_out/BUSCO_metazoa.fasta/run_metazoa_odb10/blast_output/sequences/scaffold_5.temp
DEBUG:busco.Toolset	cmd call: /kmk/scripts/augustus.2.5.5/bin/augustus --codingseq=1 --proteinprofile=/kmk/databases/metazoa_odb10/prfl/555390at33208a.prfl --predictionStart=5434343 --predictionEnd=5446956 --species=fly busco_out/BUSCO_metazoa.fasta/run_metazoa_odb10/blast_output/sequences/scaffold_3.temp
DEBUG:busco.Toolset	cmd call: /kmk/scripts/augustus.2.5.5/bin/augustus --codingseq=1 --proteinprofile=/kmk/databases/metazoa_odb10/prfl/14776at33208a.prfl --predictionStart=38116184 --predictionEnd=38147992 --species=fly busco_out/BUSCO_metazoa.fasta/run_metazoa_odb10/blast_output/sequences/scaffold_1.temp
DEBUG:busco.Toolset	cmd call: /kmk/scripts/augustus.2.5.5/bin/augustus --codingseq=1 --proteinprofile=/kmk/databases/metazoa_odb10/prfl/495389at33208a.prfl --predictionStart=13554453 --predictionEnd=13568875 --species=fly busco_out/BUSCO_metazoa.fasta/run_metazoa_odb10/blast_output/sequences/scaffold_4.temp
DEBUG:busco.Toolset	cmd call: /kmk/scripts/augustus.2.5.5/bin/augustus --codingseq=1 --proteinprofile=/kmk/databases/metazoa_odb10/prfl/644034at33208a.prfl --predictionStart=43238377 --predictionEnd=43251933 --species=fly busco_out/BUSCO_metazoa.fasta/run_metazoa_odb10/blast_output/sequences/scaffold_1.temp
DEBUG:busco.Toolset	cmd call: /kmk/scripts/augustus.2.5.5/bin/augustus --codingseq=1 --proteinprofile=/kmk/databases/metazoa_odb10/prfl/514698at33208a.prfl --predictionStart=27368510 --predictionEnd=27389823 --species=fly busco_out/BUSCO_metazoa.fasta/run_metazoa_odb10/blast_output/sequences/scaffold_4.temp
DEBUG:busco.Toolset	cmd call: /kmk/scripts/augustus.2.5.5/bin/augustus --codingseq=1 --proteinprofile=/kmk/databases/metazoa_odb10/prfl/222489at33208a.prfl --predictionStart=9937379 --predictionEnd=9961108 --species=fly busco_out/BUSCO_metazoa.fasta/run_metazoa_odb10/blast_output/sequences/scaffold_7.temp
DEBUG:busco.Toolset	cmd call: /kmk/scripts/augustus.2.5.5/bin/augustus --codingseq=1 --proteinprofile=/kmk/databases/metazoa_odb10/prfl/602148at33208a.prfl --predictionStart=2061719 --predictionEnd=2074071 --species=fly busco_out/BUSCO_metazoa.fasta/run_metazoa_odb10/blast_output/sequences/scaffold_9.temp
DEBUG:busco.Toolset	cmd call: /kmk/scripts/augustus.2.5.5/bin/augustus --codingseq=1 --proteinprofile=/kmk/databases/metazoa_odb10/prfl/295556at33208a.prfl --predictionStart=17724674 --predictionEnd=17747851 --species=fly busco_out/BUSCO_metazoa.fasta/run_metazoa_odb10/blast_output/sequences/scaffold_8.temp
DEBUG:busco.Toolset	cmd call: /kmk/scripts/augustus.2.5.5/bin/augustus --codingseq=1 --proteinprofile=/kmk/databases/metazoa_odb10/prfl/534206at33208a.prfl --predictionStart=44637402 --predictionEnd=44650408 --species=fly busco_out/BUSCO_metazoa.fasta/run_metazoa_odb10/blast_output/sequences/scaffold_1.temp
DEBUG:busco.Toolset	cmd call: /kmk/scripts/augustus.2.5.5/bin/augustus --codingseq=1 --proteinprofile=/kmk/databases/metazoa_odb10/prfl/445091at33208a.prfl --predictionStart=6031994 --predictionEnd=6044142 --species=fly busco_out/BUSCO_metazoa.fasta/run_metazoa_odb10/blast_output/sequences/scaffold_1.temp
DEBUG:busco.Toolset	cmd call: /kmk/scripts/augustus.2.5.5/bin/augustus --codingseq=1 --proteinprofile=/kmk/databases/metazoa_odb10/prfl/582473at33208a.prfl --predictionStart=11631743 --predictionEnd=11645533 --species=fly busco_out/BUSCO_metazoa.fasta/run_metazoa_odb10/blast_output/sequences/scaffold_7.temp
DEBUG:busco.Toolset	cmd call: /kmk/scripts/augustus.2.5.5/bin/augustus --codingseq=1 --proteinprofile=/kmk/databases/metazoa_odb10/prfl/541421at33208a.prfl --predictionStart=7205667 --predictionEnd=7220155 --species=fly busco_out/BUSCO_metazoa.fasta/run_metazoa_odb10/blast_output/sequences/scaffold_7.temp
DEBUG:busco.Toolset	cmd call: /kmk/scripts/augustus.2.5.5/bin/augustus --codingseq=1 --proteinprofile=/kmk/databases/metazoa_odb10/prfl/563679at33208a.prfl --predictionStart=12787248 --predictionEnd=12801297 --species=fly busco_out/BUSCO_metazoa.fasta/run_metazoa_odb10/blast_output/sequences/scaffold_8.temp
DEBUG:busco.Toolset	cmd call: /kmk/scripts/augustus.2.5.5/bin/augustus --codingseq=1 --proteinprofile=/kmk/databases/metazoa_odb10/prfl/435939at33208a.prfl --predictionStart=14168636 --predictionEnd=14181186 --species=fly busco_out/BUSCO_metazoa.fasta/run_metazoa_odb10/blast_output/sequences/scaffold_8.temp
DEBUG:busco.Toolset	cmd call: /kmk/scripts/augustus.2.5.5/bin/augustus --codingseq=1 --proteinprofile=/kmk/databases/metazoa_odb10/prfl/435939at33208a.prfl --predictionStart=15447751 --predictionEnd=15462261 --species=fly busco_out/BUSCO_metazoa.fasta/run_metazoa_odb10/blast_output/sequences/scaffold_3.temp
DEBUG:busco.Toolset	cmd call: /kmk/scripts/augustus.2.5.5/bin/augustus --codingseq=1 --proteinprofile=/kmk/databases/metazoa_odb10/prfl/432287at33208a.prfl --predictionStart=5033471 --predictionEnd=5048803 --species=fly busco_out/BUSCO_metazoa.fasta/run_metazoa_odb10/blast_output/sequences/scaffold_3.temp
DEBUG:busco.Toolset	cmd call: /kmk/scripts/augustus.2.5.5/bin/augustus --codingseq=1 --proteinprofile=/kmk/databases/metazoa_odb10/prfl/551620at33208a.prfl --predictionStart=46043349 --predictionEnd=46055794 --species=fly busco_out/BUSCO_metazoa.fasta/run_metazoa_odb10/blast_output/sequences/scaffold_1.temp
DEBUG:busco.Toolset	cmd call: /kmk/scripts/augustus.2.5.5/bin/augustus --codingseq=1 --proteinprofile=/kmk/databases/metazoa_odb10/prfl/500808at33208a.prfl --predictionStart=5457899 --predictionEnd=5473300 --species=fly busco_out/BUSCO_metazoa.fasta/run_metazoa_odb10/blast_output/sequences/scaffold_1.temp
DEBUG:busco.Toolset	cmd call: /kmk/scripts/augustus.2.5.5/bin/augustus --codingseq=1 --proteinprofile=/kmk/databases/metazoa_odb10/prfl/453049at33208a.prfl --predictionStart=17307870 --predictionEnd=17325797 --species=fly busco_out/BUSCO_metazoa.fasta/run_metazoa_odb10/blast_output/sequences/scaffold_4.temp
DEBUG:busco.Toolset	cmd call: /kmk/scripts/augustus.2.5.5/bin/augustus --codingseq=1 --proteinprofile=/kmk/databases/metazoa_odb10/prfl/581543at33208a.prfl --predictionStart=50014697 --predictionEnd=50028182 --species=fly busco_out/BUSCO_metazoa.fasta/run_metazoa_odb10/blast_output/sequences/scaffold_1.temp
DEBUG:busco.Toolset	cmd call: /kmk/scripts/augustus.2.5.5/bin/augustus --codingseq=1 --proteinprofile=/kmk/databases/metazoa_odb10/prfl/548444at33208a.prfl --predictionStart=33752571 --predictionEnd=33765968 --species=fly busco_out/BUSCO_metazoa.fasta/run_metazoa_odb10/blast_output/sequences/scaffold_3.temp
DEBUG:busco.Toolset	cmd call: /kmk/scripts/augustus.2.5.5/bin/augustus --codingseq=1 --proteinprofile=/kmk/databases/metazoa_odb10/prfl/551166at33208a.prfl --predictionStart=44409980 --predictionEnd=44422458 --species=fly busco_out/BUSCO_metazoa.fasta/run_metazoa_odb10/blast_output/sequences/scaffold_3.temp
DEBUG:busco.Toolset	cmd call: /kmk/scripts/augustus.2.5.5/bin/augustus --codingseq=1 --proteinprofile=/kmk/databases/metazoa_odb10/prfl/452499at33208a.prfl --predictionStart=30110033 --predictionEnd=30127483 --species=fly busco_out/BUSCO_metazoa.fasta/run_metazoa_odb10/blast_output/sequences/scaffold_5.temp
DEBUG:busco.Toolset	cmd call: /kmk/scripts/augustus.2.5.5/bin/augustus --codingseq=1 --proteinprofile=/kmk/databases/metazoa_odb10/prfl/514834at33208a.prfl --predictionStart=5435072 --predictionEnd=5447865 --species=fly busco_out/BUSCO_metazoa.fasta/run_metazoa_odb10/blast_output/sequences/scaffold_9.temp
DEBUG:busco.Toolset	cmd call: /kmk/scripts/augustus.2.5.5/bin/augustus --codingseq=1 --proteinprofile=/kmk/databases/metazoa_odb10/prfl/586719at33208a.prfl --predictionStart=25683140 --predictionEnd=25696192 --species=fly busco_out/BUSCO_metazoa.fasta/run_metazoa_odb10/blast_output/sequences/scaffold_1.temp
DEBUG:busco.Toolset	cmd call: /kmk/scripts/augustus.2.5.5/bin/augustus --codingseq=1 --proteinprofile=/kmk/databases/metazoa_odb10/prfl/590221at33208a.prfl --predictionStart=41380393 --predictionEnd=41392820 --species=fly busco_out/BUSCO_metazoa.fasta/run_metazoa_odb10/blast_output/sequences/scaffold_3.temp
DEBUG:busco.Toolset	cmd call: /kmk/scripts/augustus.2.5.5/bin/augustus --codingseq=1 --proteinprofile=/kmk/databases/metazoa_odb10/prfl/517525at33208a.prfl --predictionStart=20249988 --predictionEnd=20270405 --species=fly busco_out/BUSCO_metazoa.fasta/run_metazoa_odb10/blast_output/sequences/scaffold_3.temp
DEBUG:busco.Toolset	cmd call: /kmk/scripts/augustus.2.5.5/bin/augustus --codingseq=1 --proteinprofile=/kmk/databases/metazoa_odb10/prfl/517525at33208a.prfl --predictionStart=5075022 --predictionEnd=5087887 --species=fly busco_out/BUSCO_metazoa.fasta/run_metazoa_odb10/blast_output/sequences/scaffold_8.temp
DEBUG:busco.Toolset	cmd call: /kmk/scripts/augustus.2.5.5/bin/augustus --codingseq=1 --proteinprofile=/kmk/databases/metazoa_odb10/prfl/517525at33208a.prfl --predictionStart=19818943 --predictionEnd=19831697 --species=fly busco_out/BUSCO_metazoa.fasta/run_metazoa_odb10/blast_output/sequences/scaffold_9.temp
DEBUG:busco.Toolset	cmd call: /kmk/scripts/augustus.2.5.5/bin/augustus --codingseq=1 --proteinprofile=/kmk/databases/metazoa_odb10/prfl/344346at33208a.prfl --predictionStart=22582800 --predictionEnd=22594975 --species=fly busco_out/BUSCO_metazoa.fasta/run_metazoa_odb10/blast_output/sequences/scaffold_1.temp
DEBUG:busco.Toolset	cmd call: /kmk/scripts/augustus.2.5.5/bin/augustus --codingseq=1 --proteinprofile=/kmk/databases/metazoa_odb10/prfl/631173at33208a.prfl --predictionStart=7348909 --predictionEnd=7361861 --species=fly busco_out/BUSCO_metazoa.fasta/run_metazoa_odb10/blast_output/sequences/scaffold_6.temp
DEBUG:busco.Toolset	cmd call: /kmk/scripts/augustus.2.5.5/bin/augustus --codingseq=1 --proteinprofile=/kmk/databases/metazoa_odb10/prfl/162821at33208a.prfl --predictionStart=38867532 --predictionEnd=38882122 --species=fly busco_out/BUSCO_metazoa.fasta/run_metazoa_odb10/blast_output/sequences/scaffold_1.temp
DEBUG:busco.Toolset	cmd call: /kmk/scripts/augustus.2.5.5/bin/augustus --codingseq=1 --proteinprofile=/kmk/databases/metazoa_odb10/prfl/552359at33208a.prfl --predictionStart=1937748 --predictionEnd=1952430 --species=fly busco_out/BUSCO_metazoa.fasta/run_metazoa_odb10/blast_output/sequences/scaffold_4.temp
DEBUG:busco.Toolset	cmd call: /kmk/scripts/augustus.2.5.5/bin/augustus --codingseq=1 --proteinprofile=/kmk/databases/metazoa_odb10/prfl/471787at33208a.prfl --predictionStart=55378308 --predictionEnd=55404705 --species=fly busco_out/BUSCO_metazoa.fasta/run_metazoa_odb10/blast_output/sequences/scaffold_1.temp
DEBUG:busco.Toolset	cmd call: /kmk/scripts/augustus.2.5.5/bin/augustus --codingseq=1 --proteinprofile=/kmk/databases/metazoa_odb10/prfl/312577at33208a.prfl --predictionStart=38965655 --predictionEnd=38981615 --species=fly busco_out/BUSCO_metazoa.fasta/run_metazoa_odb10/blast_output/sequences/scaffold_1.temp
DEBUG:busco.Toolset	cmd call: /kmk/scripts/augustus.2.5.5/bin/augustus --codingseq=1 --proteinprofile=/kmk/databases/metazoa_odb10/prfl/130245at33208a.prfl --predictionStart=25617915 --predictionEnd=25649641 --species=fly busco_out/BUSCO_metazoa.fasta/run_metazoa_odb10/blast_output/sequences/scaffold_1.temp
DEBUG:busco.Toolset	cmd call: /kmk/scripts/augustus.2.5.5/bin/augustus --codingseq=1 --proteinprofile=/kmk/databases/metazoa_odb10/prfl/590416at33208a.prfl --predictionStart=23191748 --predictionEnd=23204874 --species=fly busco_out/BUSCO_metazoa.fasta/run_metazoa_odb10/blast_output/sequences/scaffold_1.temp
DEBUG:busco.Toolset	cmd call: /kmk/scripts/augustus.2.5.5/bin/augustus --codingseq=1 --proteinprofile=/kmk/databases/metazoa_odb10/prfl/545889at33208a.prfl --predictionStart=2091868 --predictionEnd=2104578 --species=fly busco_out/BUSCO_metazoa.fasta/run_metazoa_odb10/blast_output/sequences/scaffold_1.temp
DEBUG:busco.Toolset	cmd call: /kmk/scripts/augustus.2.5.5/bin/augustus --codingseq=1 --proteinprofile=/kmk/databases/metazoa_odb10/prfl/642323at33208a.prfl --predictionStart=1600694 --predictionEnd=1612986 --species=fly busco_out/BUSCO_metazoa.fasta/run_metazoa_odb10/blast_output/sequences/scaffold_1.temp
DEBUG:busco.Toolset	cmd call: /kmk/scripts/augustus.2.5.5/bin/augustus --codingseq=1 --proteinprofile=/kmk/databases/metazoa_odb10/prfl/445034at33208a.prfl --predictionStart=21021026 --predictionEnd=21035821 --species=fly busco_out/BUSCO_metazoa.fasta/run_metazoa_odb10/blast_output/sequences/scaffold_5.temp
DEBUG:busco.Toolset	cmd call: /kmk/scripts/augustus.2.5.5/bin/augustus --codingseq=1 --proteinprofile=/kmk/databases/metazoa_odb10/prfl/608924at33208a.prfl --predictionStart=7207720 --predictionEnd=7220227 --species=fly busco_out/BUSCO_metazoa.fasta/run_metazoa_odb10/blast_output/sequences/scaffold_2.temp
DEBUG:busco.Toolset	cmd call: /kmk/scripts/augustus.2.5.5/bin/augustus --codingseq=1 --proteinprofile=/kmk/databases/metazoa_odb10/prfl/262757at33208a.prfl --predictionStart=3805301 --predictionEnd=3817563 --species=fly busco_out/BUSCO_metazoa.fasta/run_metazoa_odb10/blast_output/sequences/scaffold_8.temp
DEBUG:busco.Toolset	cmd call: /kmk/scripts/augustus.2.5.5/bin/augustus --codingseq=1 --proteinprofile=/kmk/databases/metazoa_odb10/prfl/434863at33208a.prfl --predictionStart=32285136 --predictionEnd=32301400 --species=fly busco_out/BUSCO_metazoa.fasta/run_metazoa_odb10/blast_output/sequences/scaffold_1.temp
DEBUG:busco.Toolset	cmd call: /kmk/scripts/augustus.2.5.5/bin/augustus --codingseq=1 --proteinprofile=/kmk/databases/metazoa_odb10/prfl/414571at33208a.prfl --predictionStart=7612690 --predictionEnd=7627621 --species=fly busco_out/BUSCO_metazoa.fasta/run_metazoa_odb10/blast_output/sequences/scaffold_4.temp
DEBUG:busco.Toolset	cmd call: /kmk/scripts/augustus.2.5.5/bin/augustus --codingseq=1 --proteinprofile=/kmk/databases/metazoa_odb10/prfl/619326at33208a.prfl --predictionStart=56139771 --predictionEnd=56152308 --species=fly busco_out/BUSCO_metazoa.fasta/run_metazoa_odb10/blast_output/sequences/scaffold_1.temp
DEBUG:busco.Toolset	cmd call: /kmk/scripts/augustus.2.5.5/bin/augustus --codingseq=1 --proteinprofile=/kmk/databases/metazoa_odb10/prfl/103854at33208a.prfl --predictionStart=9208326 --predictionEnd=9242702 --species=fly busco_out/BUSCO_metazoa.fasta/run_metazoa_odb10/blast_output/sequences/scaffold_2.temp
DEBUG:busco.Toolset	cmd call: /kmk/scripts/augustus.2.5.5/bin/augustus --codingseq=1 --proteinprofile=/kmk/databases/metazoa_odb10/prfl/514296at33208a.prfl --predictionStart=16154447 --predictionEnd=16180222 --species=fly busco_out/BUSCO_metazoa.fasta/run_metazoa_odb10/blast_output/sequences/scaffold_7.temp
DEBUG:busco.Toolset	cmd call: /kmk/scripts/augustus.2.5.5/bin/augustus --codingseq=1 --proteinprofile=/kmk/databases/metazoa_odb10/prfl/178537at33208a.prfl --predictionStart=17757001 --predictionEnd=17778373 --species=fly busco_out/BUSCO_metazoa.fasta/run_metazoa_odb10/blast_output/sequences/scaffold_3.temp
DEBUG:busco.Toolset	cmd call: /kmk/scripts/augustus.2.5.5/bin/augustus --codingseq=1 --proteinprofile=/kmk/databases/metazoa_odb10/prfl/387079at33208a.prfl --predictionStart=3558018 --predictionEnd=3573826 --species=fly busco_out/BUSCO_metazoa.fasta/run_metazoa_odb10/blast_output/sequences/scaffold_2.temp
DEBUG:busco.Toolset	cmd call: /kmk/scripts/augustus.2.5.5/bin/augustus --codingseq=1 --proteinprofile=/kmk/databases/metazoa_odb10/prfl/274992at33208a.prfl --predictionStart=6214070 --predictionEnd=6232263 --species=fly busco_out/BUSCO_metazoa.fasta/run_metazoa_odb10/blast_output/sequences/scaffold_6.temp
DEBUG:busco.Toolset	cmd call: /kmk/scripts/augustus.2.5.5/bin/augustus --codingseq=1 --proteinprofile=/kmk/databases/metazoa_odb10/prfl/539600at33208a.prfl --predictionStart=16149966 --predictionEnd=16162399 --species=fly busco_out/BUSCO_metazoa.fasta/run_metazoa_odb10/blast_output/sequences/scaffold_1.temp
DEBUG:busco.Toolset	cmd call: /kmk/scripts/augustus.2.5.5/bin/augustus --codingseq=1 --proteinprofile=/kmk/databases/metazoa_odb10/prfl/582823at33208a.prfl --predictionStart=56798797 --predictionEnd=56811911 --species=fly busco_out/BUSCO_metazoa.fasta/run_metazoa_odb10/blast_output/sequences/scaffold_1.temp
DEBUG:busco.Toolset	cmd call: /kmk/scripts/augustus.2.5.5/bin/augustus --codingseq=1 --proteinprofile=/kmk/databases/metazoa_odb10/prfl/208219at33208a.prfl --predictionStart=18127778 --predictionEnd=18142182 --species=fly busco_out/BUSCO_metazoa.fasta/run_metazoa_odb10/blast_output/sequences/scaffold_6.temp
DEBUG:busco.Toolset	cmd call: /kmk/scripts/augustus.2.5.5/bin/augustus --codingseq=1 --proteinprofile=/kmk/databases/metazoa_odb10/prfl/440195at33208a.prfl --predictionStart=3481862 --predictionEnd=3494746 --species=fly busco_out/BUSCO_metazoa.fasta/run_metazoa_odb10/blast_output/sequences/scaffold_8.temp
DEBUG:busco.Toolset	cmd call: /kmk/scripts/augustus.2.5.5/bin/augustus --codingseq=1 --proteinprofile=/kmk/databases/metazoa_odb10/prfl/75406at33208a.prfl --predictionStart=24136310 --predictionEnd=24156655 --species=fly busco_out/BUSCO_metazoa.fasta/run_metazoa_odb10/blast_output/sequences/scaffold_8.temp
DEBUG:busco.Toolset	cmd call: /kmk/scripts/augustus.2.5.5/bin/augustus --codingseq=1 --proteinprofile=/kmk/databases/metazoa_odb10/prfl/271742at33208a.prfl --predictionStart=32138530 --predictionEnd=32154192 --species=fly busco_out/BUSCO_metazoa.fasta/run_metazoa_odb10/blast_output/sequences/scaffold_5.temp
DEBUG:busco.Toolset	cmd call: /kmk/scripts/augustus.2.5.5/bin/augustus --codingseq=1 --proteinprofile=/kmk/databases/metazoa_odb10/prfl/409186at33208a.prfl --predictionStart=4880151 --predictionEnd=4943264 --species=fly busco_out/BUSCO_metazoa.fasta/run_metazoa_odb10/blast_output/sequences/scaffold_8.temp
DEBUG:busco.Toolset	cmd call: /kmk/scripts/augustus.2.5.5/bin/augustus --codingseq=1 --proteinprofile=/kmk/databases/metazoa_odb10/prfl/505718at33208a.prfl --predictionStart=19826255 --predictionEnd=19841092 --species=fly busco_out/BUSCO_metazoa.fasta/run_metazoa_odb10/blast_output/sequences/scaffold_1.temp
DEBUG:busco.Toolset	cmd call: /kmk/scripts/augustus.2.5.5/bin/augustus --codingseq=1 --proteinprofile=/kmk/databases/metazoa_odb10/prfl/227087at33208a.prfl --predictionStart=48509098 --predictionEnd=48521327 --species=fly busco_out/BUSCO_metazoa.fasta/run_metazoa_odb10/blast_output/sequences/scaffold_3.temp
DEBUG:busco.Toolset	cmd call: /kmk/scripts/augustus.2.5.5/bin/augustus --codingseq=1 --proteinprofile=/kmk/databases/metazoa_odb10/prfl/638541at33208a.prfl --predictionStart=32880732 --predictionEnd=32892916 --species=fly busco_out/BUSCO_metazoa.fasta/run_metazoa_odb10/blast_output/sequences/scaffold_3.temp
DEBUG:busco.Toolset	cmd call: /kmk/scripts/augustus.2.5.5/bin/augustus --codingseq=1 --proteinprofile=/kmk/databases/metazoa_odb10/prfl/266460at33208a.prfl --predictionStart=27849124 --predictionEnd=27865467 --species=fly busco_out/BUSCO_metazoa.fasta/run_metazoa_odb10/blast_output/sequences/scaffold_5.temp
DEBUG:busco.Toolset	cmd call: /kmk/scripts/augustus.2.5.5/bin/augustus --codingseq=1 --proteinprofile=/kmk/databases/metazoa_odb10/prfl/518569at33208a.prfl --predictionStart=17402839 --predictionEnd=17422184 --species=fly busco_out/BUSCO_metazoa.fasta/run_metazoa_odb10/blast_output/sequences/scaffold_1.temp
DEBUG:busco.Toolset	cmd call: /kmk/scripts/augustus.2.5.5/bin/augustus --codingseq=1 --proteinprofile=/kmk/databases/metazoa_odb10/prfl/559501at33208a.prfl --predictionStart=37553893 --predictionEnd=37570996 --species=fly busco_out/BUSCO_metazoa.fasta/run_metazoa_odb10/blast_output/sequences/scaffold_1.temp
DEBUG:busco.Toolset	cmd call: /kmk/scripts/augustus.2.5.5/bin/augustus --codingseq=1 --proteinprofile=/kmk/databases/metazoa_odb10/prfl/315393at33208a.prfl --predictionStart=1257120 --predictionEnd=1272727 --species=fly busco_out/BUSCO_metazoa.fasta/run_metazoa_odb10/blast_output/sequences/scaffold_1.temp
DEBUG:busco.Toolset	cmd call: /kmk/scripts/augustus.2.5.5/bin/augustus --codingseq=1 --proteinprofile=/kmk/databases/metazoa_odb10/prfl/602089at33208a.prfl --predictionStart=773785 --predictionEnd=786812 --species=fly busco_out/BUSCO_metazoa.fasta/run_metazoa_odb10/blast_output/sequences/scaffold_9.temp
DEBUG:busco.Toolset	cmd call: /kmk/scripts/augustus.2.5.5/bin/augustus --codingseq=1 --proteinprofile=/kmk/databases/metazoa_odb10/prfl/379076at33208a.prfl --predictionStart=11658903 --predictionEnd=11672765 --species=fly busco_out/BUSCO_metazoa.fasta/run_metazoa_odb10/blast_output/sequences/scaffold_7.temp
DEBUG:busco.Toolset	cmd call: /kmk/scripts/augustus.2.5.5/bin/augustus --codingseq=1 --proteinprofile=/kmk/databases/metazoa_odb10/prfl/378768at33208a.prfl --predictionStart=29620442 --predictionEnd=29634635 --species=fly busco_out/BUSCO_metazoa.fasta/run_metazoa_odb10/blast_output/sequences/scaffold_4.temp
DEBUG:busco.Toolset	cmd call: /kmk/scripts/augustus.2.5.5/bin/augustus --codingseq=1 --proteinprofile=/kmk/databases/metazoa_odb10/prfl/190726at33208a.prfl --predictionStart=9406263 --predictionEnd=9430498 --species=fly busco_out/BUSCO_metazoa.fasta/run_metazoa_odb10/blast_output/sequences/scaffold_5.temp
DEBUG:busco.Toolset	cmd call: /kmk/scripts/augustus.2.5.5/bin/augustus --codingseq=1 --proteinprofile=/kmk/databases/metazoa_odb10/prfl/99987at33208a.prfl --predictionStart=27173424 --predictionEnd=27217596 --species=fly busco_out/BUSCO_metazoa.fasta/run_metazoa_odb10/blast_output/sequences/scaffold_1.temp
DEBUG:busco.Toolset	cmd call: /kmk/scripts/augustus.2.5.5/bin/augustus --codingseq=1 --proteinprofile=/kmk/databases/metazoa_odb10/prfl/99987at33208a.prfl --predictionStart=2528669 --predictionEnd=2541552 --species=fly busco_out/BUSCO_metazoa.fasta/run_metazoa_odb10/blast_output/sequences/scaffold_5.temp
DEBUG:busco.Toolset	cmd call: /kmk/scripts/augustus.2.5.5/bin/augustus --codingseq=1 --proteinprofile=/kmk/databases/metazoa_odb10/prfl/464286at33208a.prfl --predictionStart=35590187 --predictionEnd=35606664 --species=fly busco_out/BUSCO_metazoa.fasta/run_metazoa_odb10/blast_output/sequences/scaffold_3.temp
DEBUG:busco.Toolset	cmd call: /kmk/scripts/augustus.2.5.5/bin/augustus --codingseq=1 --proteinprofile=/kmk/databases/metazoa_odb10/prfl/435921at33208a.prfl --predictionStart=11007924 --predictionEnd=11023007 --species=fly busco_out/BUSCO_metazoa.fasta/run_metazoa_odb10/blast_output/sequences/scaffold_8.temp
DEBUG:busco.Toolset	cmd call: /kmk/scripts/augustus.2.5.5/bin/augustus --codingseq=1 --proteinprofile=/kmk/databases/metazoa_odb10/prfl/177718at33208a.prfl --predictionStart=35067971 --predictionEnd=35084559 --species=fly busco_out/BUSCO_metazoa.fasta/run_metazoa_odb10/blast_output/sequences/scaffold_3.temp
DEBUG:busco.Toolset	cmd call: /kmk/scripts/augustus.2.5.5/bin/augustus --codingseq=1 --proteinprofile=/kmk/databases/metazoa_odb10/prfl/618339at33208a.prfl --predictionStart=977096 --predictionEnd=989226 --species=fly busco_out/BUSCO_metazoa.fasta/run_metazoa_odb10/blast_output/sequences/scaffold_6.temp
DEBUG:busco.Toolset	cmd call: /kmk/scripts/augustus.2.5.5/bin/augustus --codingseq=1 --proteinprofile=/kmk/databases/metazoa_odb10/prfl/273367at33208a.prfl --predictionStart=33888305 --predictionEnd=33901680 --species=fly busco_out/BUSCO_metazoa.fasta/run_metazoa_odb10/blast_output/sequences/scaffold_4.temp
DEBUG:busco.Toolset	cmd call: /kmk/scripts/augustus.2.5.5/bin/augustus --codingseq=1 --proteinprofile=/kmk/databases/metazoa_odb10/prfl/344442at33208a.prfl --predictionStart=5508959 --predictionEnd=5523610 --species=fly busco_out/BUSCO_metazoa.fasta/run_metazoa_odb10/blast_output/sequences/scaffold_3.temp
DEBUG:busco.Toolset	cmd call: /kmk/scripts/augustus.2.5.5/bin/augustus --codingseq=1 --proteinprofile=/kmk/databases/metazoa_odb10/prfl/148325at33208a.prfl --predictionStart=23466552 --predictionEnd=23483453 --species=fly busco_out/BUSCO_metazoa.fasta/run_metazoa_odb10/blast_output/sequences/scaffold_3.temp
DEBUG:busco.Toolset	cmd call: /kmk/scripts/augustus.2.5.5/bin/augustus --codingseq=1 --proteinprofile=/kmk/databases/metazoa_odb10/prfl/589773at33208a.prfl --predictionStart=17090675 --predictionEnd=17102874 --species=fly busco_out/BUSCO_metazoa.fasta/run_metazoa_odb10/blast_output/sequences/scaffold_6.temp
DEBUG:busco.Toolset	cmd call: /kmk/scripts/augustus.2.5.5/bin/augustus --codingseq=1 --proteinprofile=/kmk/databases/metazoa_odb10/prfl/376982at33208a.prfl --predictionStart=43569315 --predictionEnd=43584151 --species=fly busco_out/BUSCO_metazoa.fasta/run_metazoa_odb10/blast_output/sequences/scaffold_3.temp
DEBUG:busco.Toolset	cmd call: /kmk/scripts/augustus.2.5.5/bin/augustus --codingseq=1 --proteinprofile=/kmk/databases/metazoa_odb10/prfl/239149at33208a.prfl --predictionStart=44796349 --predictionEnd=44808656 --species=fly busco_out/BUSCO_metazoa.fasta/run_metazoa_odb10/blast_output/sequences/scaffold_1.temp
DEBUG:busco.Toolset	cmd call: /kmk/scripts/augustus.2.5.5/bin/augustus --codingseq=1 --proteinprofile=/kmk/databases/metazoa_odb10/prfl/274044at33208a.prfl --predictionStart=9988269 --predictionEnd=10006130 --species=fly busco_out/BUSCO_metazoa.fasta/run_metazoa_odb10/blast_output/sequences/scaffold_8.temp
DEBUG:busco.Toolset	cmd call: /kmk/scripts/augustus.2.5.5/bin/augustus --codingseq=1 --proteinprofile=/kmk/databases/metazoa_odb10/prfl/599320at33208a.prfl --predictionStart=24597842 --predictionEnd=24610931 --species=fly busco_out/BUSCO_metazoa.fasta/run_metazoa_odb10/blast_output/sequences/scaffold_4.temp
DEBUG:busco.Toolset	cmd call: /kmk/scripts/augustus.2.5.5/bin/augustus --codingseq=1 --proteinprofile=/kmk/databases/metazoa_odb10/prfl/383313at33208a.prfl --predictionStart=24526093 --predictionEnd=24548236 --species=fly busco_out/BUSCO_metazoa.fasta/run_metazoa_odb10/blast_output/sequences/scaffold_3.temp
DEBUG:busco.Toolset	cmd call: /kmk/scripts/augustus.2.5.5/bin/augustus --codingseq=1 --proteinprofile=/kmk/databases/metazoa_odb10/prfl/401679at33208a.prfl --predictionStart=34681702 --predictionEnd=34694808 --species=fly busco_out/BUSCO_metazoa.fasta/run_metazoa_odb10/blast_output/sequences/scaffold_3.temp
DEBUG:busco.Toolset	cmd call: /kmk/scripts/augustus.2.5.5/bin/augustus --codingseq=1 --proteinprofile=/kmk/databases/metazoa_odb10/prfl/453052at33208a.prfl --predictionStart=2528711 --predictionEnd=2541483 --species=fly busco_out/BUSCO_metazoa.fasta/run_metazoa_odb10/blast_output/sequences/scaffold_5.temp
DEBUG:busco.Toolset	cmd call: /kmk/scripts/augustus.2.5.5/bin/augustus --codingseq=1 --proteinprofile=/kmk/databases/metazoa_odb10/prfl/561688at33208a.prfl --predictionStart=45908797 --predictionEnd=45922179 --species=fly busco_out/BUSCO_metazoa.fasta/run_metazoa_odb10/blast_output/sequences/scaffold_1.temp
DEBUG:busco.Toolset	cmd call: /kmk/scripts/augustus.2.5.5/bin/augustus --codingseq=1 --proteinprofile=/kmk/databases/metazoa_odb10/prfl/570262at33208a.prfl --predictionStart=19027410 --predictionEnd=19041131 --species=fly busco_out/BUSCO_metazoa.fasta/run_metazoa_odb10/blast_output/sequences/scaffold_6.temp
DEBUG:busco.Toolset	cmd call: /kmk/scripts/augustus.2.5.5/bin/augustus --codingseq=1 --proteinprofile=/kmk/databases/metazoa_odb10/prfl/338191at33208a.prfl --predictionStart=33407612 --predictionEnd=33426533 --species=fly busco_out/BUSCO_metazoa.fasta/run_metazoa_odb10/blast_output/sequences/scaffold_4.temp
DEBUG:busco.Toolset	cmd call: /kmk/scripts/augustus.2.5.5/bin/augustus --codingseq=1 --proteinprofile=/kmk/databases/metazoa_odb10/prfl/168924at33208a.prfl --predictionStart=24717729 --predictionEnd=24743215 --species=fly busco_out/BUSCO_metazoa.fasta/run_metazoa_odb10/blast_output/sequences/scaffold_6.temp
DEBUG:busco.Toolset	cmd call: /kmk/scripts/augustus.2.5.5/bin/augustus --codingseq=1 --proteinprofile=/kmk/databases/metazoa_odb10/prfl/166097at33208a.prfl --predictionStart=26494724 --predictionEnd=26541342 --species=fly busco_out/BUSCO_metazoa.fasta/run_metazoa_odb10/blast_output/sequences/scaffold_4.temp
DEBUG:busco.Toolset	cmd call: /kmk/scripts/augustus.2.5.5/bin/augustus --codingseq=1 --proteinprofile=/kmk/databases/metazoa_odb10/prfl/445031at33208a.prfl --predictionStart=7268732 --predictionEnd=7283754 --species=fly busco_out/BUSCO_metazoa.fasta/run_metazoa_odb10/blast_output/sequences/scaffold_5.temp
DEBUG:busco.Toolset	cmd call: /kmk/scripts/augustus.2.5.5/bin/augustus --codingseq=1 --proteinprofile=/kmk/databases/metazoa_odb10/prfl/5951at33208a.prfl --predictionStart=29891733 --predictionEnd=29908271 --species=fly busco_out/BUSCO_metazoa.fasta/run_metazoa_odb10/blast_output/sequences/scaffold_1.temp
DEBUG:busco.Toolset	cmd call: /kmk/scripts/augustus.2.5.5/bin/augustus --codingseq=1 --proteinprofile=/kmk/databases/metazoa_odb10/prfl/495802at33208a.prfl --predictionStart=501407 --predictionEnd=513654 --species=fly busco_out/BUSCO_metazoa.fasta/run_metazoa_odb10/blast_output/sequences/scaffold_1.temp
INFO:busco.Toolset	[augustus]	477 of 953 task(s) completed
DEBUG:busco.Toolset	cmd call: /kmk/scripts/augustus.2.5.5/bin/augustus --codingseq=1 --proteinprofile=/kmk/databases/metazoa_odb10/prfl/227453at33208a.prfl --predictionStart=26057597 --predictionEnd=26073095 --species=fly busco_out/BUSCO_metazoa.fasta/run_metazoa_odb10/blast_output/sequences/scaffold_1.temp
DEBUG:busco.Toolset	cmd call: /kmk/scripts/augustus.2.5.5/bin/augustus --codingseq=1 --proteinprofile=/kmk/databases/metazoa_odb10/prfl/477052at33208a.prfl --predictionStart=1483029 --predictionEnd=1496029 --species=fly busco_out/BUSCO_metazoa.fasta/run_metazoa_odb10/blast_output/sequences/scaffold_5.temp
DEBUG:busco.Toolset	cmd call: /kmk/scripts/augustus.2.5.5/bin/augustus --codingseq=1 --proteinprofile=/kmk/databases/metazoa_odb10/prfl/502407at33208a.prfl --predictionStart=2555941 --predictionEnd=2574651 --species=fly busco_out/BUSCO_metazoa.fasta/run_metazoa_odb10/blast_output/sequences/scaffold_1.temp
DEBUG:busco.Toolset	cmd call: /kmk/scripts/augustus.2.5.5/bin/augustus --codingseq=1 --proteinprofile=/kmk/databases/metazoa_odb10/prfl/278227at33208a.prfl --predictionStart=4384006 --predictionEnd=4401372 --species=fly busco_out/BUSCO_metazoa.fasta/run_metazoa_odb10/blast_output/sequences/scaffold_1.temp
DEBUG:busco.Toolset	cmd call: /kmk/scripts/augustus.2.5.5/bin/augustus --codingseq=1 --proteinprofile=/kmk/databases/metazoa_odb10/prfl/482691at33208a.prfl --predictionStart=32189560 --predictionEnd=32205589 --species=fly busco_out/BUSCO_metazoa.fasta/run_metazoa_odb10/blast_output/sequences/scaffold_4.temp
DEBUG:busco.Toolset	cmd call: /kmk/scripts/augustus.2.5.5/bin/augustus --codingseq=1 --proteinprofile=/kmk/databases/metazoa_odb10/prfl/585726at33208a.prfl --predictionStart=5793425 --predictionEnd=5809305 --species=fly busco_out/BUSCO_metazoa.fasta/run_metazoa_odb10/blast_output/sequences/scaffold_2.temp
DEBUG:busco.Toolset	cmd call: /kmk/scripts/augustus.2.5.5/bin/augustus --codingseq=1 --proteinprofile=/kmk/databases/metazoa_odb10/prfl/428754at33208a.prfl --predictionStart=20114815 --predictionEnd=20127038 --species=fly busco_out/BUSCO_metazoa.fasta/run_metazoa_odb10/blast_output/sequences/scaffold_3.temp
DEBUG:busco.Toolset	cmd call: /kmk/scripts/augustus.2.5.5/bin/augustus --codingseq=1 --proteinprofile=/kmk/databases/metazoa_odb10/prfl/177858at33208a.prfl --predictionStart=4721270 --predictionEnd=4739129 --species=fly busco_out/BUSCO_metazoa.fasta/run_metazoa_odb10/blast_output/sequences/scaffold_9.temp
DEBUG:busco.Toolset	cmd call: /kmk/scripts/augustus.2.5.5/bin/augustus --codingseq=1 --proteinprofile=/kmk/databases/metazoa_odb10/prfl/247905at33208a.prfl --predictionStart=21737027 --predictionEnd=21756220 --species=fly busco_out/BUSCO_metazoa.fasta/run_metazoa_odb10/blast_output/sequences/scaffold_3.temp
DEBUG:busco.Toolset	cmd call: /kmk/scripts/augustus.2.5.5/bin/augustus --codingseq=1 --proteinprofile=/kmk/databases/metazoa_odb10/prfl/558552at33208a.prfl --predictionStart=22545575 --predictionEnd=22558152 --species=fly busco_out/BUSCO_metazoa.fasta/run_metazoa_odb10/blast_output/sequences/scaffold_5.temp
DEBUG:busco.Toolset	cmd call: /kmk/scripts/augustus.2.5.5/bin/augustus --codingseq=1 --proteinprofile=/kmk/databases/metazoa_odb10/prfl/610427at33208a.prfl --predictionStart=23027707 --predictionEnd=23040936 --species=fly busco_out/BUSCO_metazoa.fasta/run_metazoa_odb10/blast_output/sequences/scaffold_4.temp
DEBUG:busco.Toolset	cmd call: /kmk/scripts/augustus.2.5.5/bin/augustus --codingseq=1 --proteinprofile=/kmk/databases/metazoa_odb10/prfl/157109at33208a.prfl --predictionStart=9584854 --predictionEnd=9600762 --species=fly busco_out/BUSCO_metazoa.fasta/run_metazoa_odb10/blast_output/sequences/scaffold_5.temp
DEBUG:busco.Toolset	cmd call: /kmk/scripts/augustus.2.5.5/bin/augustus --codingseq=1 --proteinprofile=/kmk/databases/metazoa_odb10/prfl/382750at33208a.prfl --predictionStart=19639023 --predictionEnd=19659041 --species=fly busco_out/BUSCO_metazoa.fasta/run_metazoa_odb10/blast_output/sequences/scaffold_2.temp
DEBUG:busco.Toolset	cmd call: /kmk/scripts/augustus.2.5.5/bin/augustus --codingseq=1 --proteinprofile=/kmk/databases/metazoa_odb10/prfl/573313at33208a.prfl --predictionStart=29765526 --predictionEnd=29780511 --species=fly busco_out/BUSCO_metazoa.fasta/run_metazoa_odb10/blast_output/sequences/scaffold_4.temp
DEBUG:busco.Toolset	cmd call: /kmk/scripts/augustus.2.5.5/bin/augustus --codingseq=1 --proteinprofile=/kmk/databases/metazoa_odb10/prfl/568949at33208a.prfl --predictionStart=19734068 --predictionEnd=19749942 --species=fly busco_out/BUSCO_metazoa.fasta/run_metazoa_odb10/blast_output/sequences/scaffold_1.temp
DEBUG:busco.Toolset	cmd call: /kmk/scripts/augustus.2.5.5/bin/augustus --codingseq=1 --proteinprofile=/kmk/databases/metazoa_odb10/prfl/274064at33208a.prfl --predictionStart=7713942 --predictionEnd=7729080 --species=fly busco_out/BUSCO_metazoa.fasta/run_metazoa_odb10/blast_output/sequences/scaffold_5.temp
DEBUG:busco.Toolset	cmd call: /kmk/scripts/augustus.2.5.5/bin/augustus --codingseq=1 --proteinprofile=/kmk/databases/metazoa_odb10/prfl/527406at33208a.prfl --predictionStart=14382983 --predictionEnd=14397941 --species=fly busco_out/BUSCO_metazoa.fasta/run_metazoa_odb10/blast_output/sequences/scaffold_4.temp
DEBUG:busco.Toolset	cmd call: /kmk/scripts/augustus.2.5.5/bin/augustus --codingseq=1 --proteinprofile=/kmk/databases/metazoa_odb10/prfl/561054at33208a.prfl --predictionStart=6100917 --predictionEnd=6115170 --species=fly busco_out/BUSCO_metazoa.fasta/run_metazoa_odb10/blast_output/sequences/scaffold_4.temp
DEBUG:busco.Toolset	cmd call: /kmk/scripts/augustus.2.5.5/bin/augustus --codingseq=1 --proteinprofile=/kmk/databases/metazoa_odb10/prfl/495311at33208a.prfl --predictionStart=18728193 --predictionEnd=18740416 --species=fly busco_out/BUSCO_metazoa.fasta/run_metazoa_odb10/blast_output/sequences/scaffold_3.temp
DEBUG:busco.Toolset	cmd call: /kmk/scripts/augustus.2.5.5/bin/augustus --codingseq=1 --proteinprofile=/kmk/databases/metazoa_odb10/prfl/619415at33208a.prfl --predictionStart=39208854 --predictionEnd=39223129 --species=fly busco_out/BUSCO_metazoa.fasta/run_metazoa_odb10/blast_output/sequences/scaffold_1.temp
DEBUG:busco.Toolset	cmd call: /kmk/scripts/augustus.2.5.5/bin/augustus --codingseq=1 --proteinprofile=/kmk/databases/metazoa_odb10/prfl/535782at33208a.prfl --predictionStart=7867601 --predictionEnd=7883249 --species=fly busco_out/BUSCO_metazoa.fasta/run_metazoa_odb10/blast_output/sequences/scaffold_2.temp
DEBUG:busco.Toolset	cmd call: /kmk/scripts/augustus.2.5.5/bin/augustus --codingseq=1 --proteinprofile=/kmk/databases/metazoa_odb10/prfl/368565at33208a.prfl --predictionStart=25194182 --predictionEnd=25209690 --species=fly busco_out/BUSCO_metazoa.fasta/run_metazoa_odb10/blast_output/sequences/scaffold_8.temp
DEBUG:busco.Toolset	cmd call: /kmk/scripts/augustus.2.5.5/bin/augustus --codingseq=1 --proteinprofile=/kmk/databases/metazoa_odb10/prfl/613851at33208a.prfl --predictionStart=33964940 --predictionEnd=33978053 --species=fly busco_out/BUSCO_metazoa.fasta/run_metazoa_odb10/blast_output/sequences/scaffold_4.temp
DEBUG:busco.Toolset	cmd call: /kmk/scripts/augustus.2.5.5/bin/augustus --codingseq=1 --proteinprofile=/kmk/databases/metazoa_odb10/prfl/302186at33208a.prfl --predictionStart=30467939 --predictionEnd=30483085 --species=fly busco_out/BUSCO_metazoa.fasta/run_metazoa_odb10/blast_output/sequences/scaffold_1.temp
DEBUG:busco.Toolset	cmd call: /kmk/scripts/augustus.2.5.5/bin/augustus --codingseq=1 --proteinprofile=/kmk/databases/metazoa_odb10/prfl/556510at33208a.prfl --predictionStart=10228424 --predictionEnd=10240929 --species=fly busco_out/BUSCO_metazoa.fasta/run_metazoa_odb10/blast_output/sequences/scaffold_8.temp
DEBUG:busco.Toolset	cmd call: /kmk/scripts/augustus.2.5.5/bin/augustus --codingseq=1 --proteinprofile=/kmk/databases/metazoa_odb10/prfl/641073at33208a.prfl --predictionStart=1318317 --predictionEnd=1330450 --species=fly busco_out/BUSCO_metazoa.fasta/run_metazoa_odb10/blast_output/sequences/scaffold_4.temp
DEBUG:busco.Toolset	cmd call: /kmk/scripts/augustus.2.5.5/bin/augustus --codingseq=1 --proteinprofile=/kmk/databases/metazoa_odb10/prfl/563832at33208a.prfl --predictionStart=37044094 --predictionEnd=37056710 --species=fly busco_out/BUSCO_metazoa.fasta/run_metazoa_odb10/blast_output/sequences/scaffold_3.temp
DEBUG:busco.Toolset	cmd call: /kmk/scripts/augustus.2.5.5/bin/augustus --codingseq=1 --proteinprofile=/kmk/databases/metazoa_odb10/prfl/214788at33208a.prfl --predictionStart=8736536 --predictionEnd=8755557 --species=fly busco_out/BUSCO_metazoa.fasta/run_metazoa_odb10/blast_output/sequences/scaffold_4.temp
DEBUG:busco.Toolset	cmd call: /kmk/scripts/augustus.2.5.5/bin/augustus --codingseq=1 --proteinprofile=/kmk/databases/metazoa_odb10/prfl/637971at33208a.prfl --predictionStart=5199061 --predictionEnd=5211302 --species=fly busco_out/BUSCO_metazoa.fasta/run_metazoa_odb10/blast_output/sequences/scaffold_1.temp
DEBUG:busco.Toolset	cmd call: /kmk/scripts/augustus.2.5.5/bin/augustus --codingseq=1 --proteinprofile=/kmk/databases/metazoa_odb10/prfl/637971at33208a.prfl --predictionStart=45848615 --predictionEnd=45860853 --species=fly busco_out/BUSCO_metazoa.fasta/run_metazoa_odb10/blast_output/sequences/scaffold_3.temp
DEBUG:busco.Toolset	cmd call: /kmk/scripts/augustus.2.5.5/bin/augustus --codingseq=1 --proteinprofile=/kmk/databases/metazoa_odb10/prfl/637971at33208a.prfl --predictionStart=30655915 --predictionEnd=30668156 --species=fly busco_out/BUSCO_metazoa.fasta/run_metazoa_odb10/blast_output/sequences/scaffold_5.temp
DEBUG:busco.Toolset	cmd call: /kmk/scripts/augustus.2.5.5/bin/augustus --codingseq=1 --proteinprofile=/kmk/databases/metazoa_odb10/prfl/280914at33208a.prfl --predictionStart=18437282 --predictionEnd=18451786 --species=fly busco_out/BUSCO_metazoa.fasta/run_metazoa_odb10/blast_output/sequences/scaffold_3.temp
DEBUG:busco.Toolset	cmd call: /kmk/scripts/augustus.2.5.5/bin/augustus --codingseq=1 --proteinprofile=/kmk/databases/metazoa_odb10/prfl/543269at33208a.prfl --predictionStart=10343967 --predictionEnd=10356941 --species=fly busco_out/BUSCO_metazoa.fasta/run_metazoa_odb10/blast_output/sequences/scaffold_1.temp
DEBUG:busco.Toolset	cmd call: /kmk/scripts/augustus.2.5.5/bin/augustus --codingseq=1 --proteinprofile=/kmk/databases/metazoa_odb10/prfl/291505at33208a.prfl --predictionStart=9711061 --predictionEnd=9730573 --species=fly busco_out/BUSCO_metazoa.fasta/run_metazoa_odb10/blast_output/sequences/scaffold_9.temp
DEBUG:busco.Toolset	cmd call: /kmk/scripts/augustus.2.5.5/bin/augustus --codingseq=1 --proteinprofile=/kmk/databases/metazoa_odb10/prfl/495926at33208a.prfl --predictionStart=7925661 --predictionEnd=7938400 --species=fly busco_out/BUSCO_metazoa.fasta/run_metazoa_odb10/blast_output/sequences/scaffold_3.temp
DEBUG:busco.Toolset	cmd call: /kmk/scripts/augustus.2.5.5/bin/augustus --codingseq=1 --proteinprofile=/kmk/databases/metazoa_odb10/prfl/115878at33208a.prfl --predictionStart=42816339 --predictionEnd=42831918 --species=fly busco_out/BUSCO_metazoa.fasta/run_metazoa_odb10/blast_output/sequences/scaffold_1.temp
DEBUG:busco.Toolset	cmd call: /kmk/scripts/augustus.2.5.5/bin/augustus --codingseq=1 --proteinprofile=/kmk/databases/metazoa_odb10/prfl/551831at33208a.prfl --predictionStart=12547836 --predictionEnd=12563637 --species=fly busco_out/BUSCO_metazoa.fasta/run_metazoa_odb10/blast_output/sequences/scaffold_9.temp
DEBUG:busco.Toolset	cmd call: /kmk/scripts/augustus.2.5.5/bin/augustus --codingseq=1 --proteinprofile=/kmk/databases/metazoa_odb10/prfl/403817at33208a.prfl --predictionStart=5496518 --predictionEnd=5509244 --species=fly busco_out/BUSCO_metazoa.fasta/run_metazoa_odb10/blast_output/sequences/scaffold_3.temp
DEBUG:busco.Toolset	cmd call: /kmk/scripts/augustus.2.5.5/bin/augustus --codingseq=1 --proteinprofile=/kmk/databases/metazoa_odb10/prfl/560453at33208a.prfl --predictionStart=8513836 --predictionEnd=8528178 --species=fly busco_out/BUSCO_metazoa.fasta/run_metazoa_odb10/blast_output/sequences/scaffold_1.temp
DEBUG:busco.Toolset	cmd call: /kmk/scripts/augustus.2.5.5/bin/augustus --codingseq=1 --proteinprofile=/kmk/databases/metazoa_odb10/prfl/526074at33208a.prfl --predictionStart=25659557 --predictionEnd=25672478 --species=fly busco_out/BUSCO_metazoa.fasta/run_metazoa_odb10/blast_output/sequences/scaffold_5.temp
DEBUG:busco.Toolset	cmd call: /kmk/scripts/augustus.2.5.5/bin/augustus --codingseq=1 --proteinprofile=/kmk/databases/metazoa_odb10/prfl/601768at33208a.prfl --predictionStart=1938384 --predictionEnd=1954498 --species=fly busco_out/BUSCO_metazoa.fasta/run_metazoa_odb10/blast_output/sequences/scaffold_9.temp
DEBUG:busco.Toolset	cmd call: /kmk/scripts/augustus.2.5.5/bin/augustus --codingseq=1 --proteinprofile=/kmk/databases/metazoa_odb10/prfl/514724at33208a.prfl --predictionStart=17055453 --predictionEnd=17068345 --species=fly busco_out/BUSCO_metazoa.fasta/run_metazoa_odb10/blast_output/sequences/scaffold_6.temp
DEBUG:busco.Toolset	cmd call: /kmk/scripts/augustus.2.5.5/bin/augustus --codingseq=1 --proteinprofile=/kmk/databases/metazoa_odb10/prfl/567750at33208a.prfl --predictionStart=14034666 --predictionEnd=14048272 --species=fly busco_out/BUSCO_metazoa.fasta/run_metazoa_odb10/blast_output/sequences/scaffold_9.temp
DEBUG:busco.Toolset	cmd call: /kmk/scripts/augustus.2.5.5/bin/augustus --codingseq=1 --proteinprofile=/kmk/databases/metazoa_odb10/prfl/566447at33208a.prfl --predictionStart=15399805 --predictionEnd=15412539 --species=fly busco_out/BUSCO_metazoa.fasta/run_metazoa_odb10/blast_output/sequences/scaffold_6.temp
DEBUG:busco.Toolset	cmd call: /kmk/scripts/augustus.2.5.5/bin/augustus --codingseq=1 --proteinprofile=/kmk/databases/metazoa_odb10/prfl/511668at33208a.prfl --predictionStart=8758682 --predictionEnd=8773550 --species=fly busco_out/BUSCO_metazoa.fasta/run_metazoa_odb10/blast_output/sequences/scaffold_8.temp
DEBUG:busco.Toolset	cmd call: /kmk/scripts/augustus.2.5.5/bin/augustus --codingseq=1 --proteinprofile=/kmk/databases/metazoa_odb10/prfl/459253at33208a.prfl --predictionStart=13233519 --predictionEnd=13248516 --species=fly busco_out/BUSCO_metazoa.fasta/run_metazoa_odb10/blast_output/sequences/scaffold_1.temp
DEBUG:busco.Toolset	cmd call: /kmk/scripts/augustus.2.5.5/bin/augustus --codingseq=1 --proteinprofile=/kmk/databases/metazoa_odb10/prfl/495175at33208a.prfl --predictionStart=25582919 --predictionEnd=25601875 --species=fly busco_out/BUSCO_metazoa.fasta/run_metazoa_odb10/blast_output/sequences/scaffold_1.temp
DEBUG:busco.Toolset	cmd call: /kmk/scripts/augustus.2.5.5/bin/augustus --codingseq=1 --proteinprofile=/kmk/databases/metazoa_odb10/prfl/548732at33208a.prfl --predictionStart=52590871 --predictionEnd=52604341 --species=fly busco_out/BUSCO_metazoa.fasta/run_metazoa_odb10/blast_output/sequences/scaffold_1.temp
DEBUG:busco.Toolset	cmd call: /kmk/scripts/augustus.2.5.5/bin/augustus --codingseq=1 --proteinprofile=/kmk/databases/metazoa_odb10/prfl/510174at33208a.prfl --predictionStart=40902577 --predictionEnd=40915555 --species=fly busco_out/BUSCO_metazoa.fasta/run_metazoa_odb10/blast_output/sequences/scaffold_3.temp
DEBUG:busco.Toolset	cmd call: /kmk/scripts/augustus.2.5.5/bin/augustus --codingseq=1 --proteinprofile=/kmk/databases/metazoa_odb10/prfl/146671at33208a.prfl --predictionStart=10836498 --predictionEnd=10870890 --species=fly busco_out/BUSCO_metazoa.fasta/run_metazoa_odb10/blast_output/sequences/scaffold_8.temp
DEBUG:busco.Toolset	cmd call: /kmk/scripts/augustus.2.5.5/bin/augustus --codingseq=1 --proteinprofile=/kmk/databases/metazoa_odb10/prfl/623995at33208a.prfl --predictionStart=1333772 --predictionEnd=1347578 --species=fly busco_out/BUSCO_metazoa.fasta/run_metazoa_odb10/blast_output/sequences/scaffold_8.temp
DEBUG:busco.Toolset	cmd call: /kmk/scripts/augustus.2.5.5/bin/augustus --codingseq=1 --proteinprofile=/kmk/databases/metazoa_odb10/prfl/455941at33208a.prfl --predictionStart=18958157 --predictionEnd=18970473 --species=fly busco_out/BUSCO_metazoa.fasta/run_metazoa_odb10/blast_output/sequences/scaffold_5.temp
DEBUG:busco.Toolset	cmd call: /kmk/scripts/augustus.2.5.5/bin/augustus --codingseq=1 --proteinprofile=/kmk/databases/metazoa_odb10/prfl/628247at33208a.prfl --predictionStart=19399026 --predictionEnd=19411177 --species=fly busco_out/BUSCO_metazoa.fasta/run_metazoa_odb10/blast_output/sequences/scaffold_9.temp
DEBUG:busco.Toolset	cmd call: /kmk/scripts/augustus.2.5.5/bin/augustus --codingseq=1 --proteinprofile=/kmk/databases/metazoa_odb10/prfl/464243at33208a.prfl --predictionStart=20741003 --predictionEnd=20753295 --species=fly busco_out/BUSCO_metazoa.fasta/run_metazoa_odb10/blast_output/sequences/scaffold_3.temp
DEBUG:busco.Toolset	cmd call: /kmk/scripts/augustus.2.5.5/bin/augustus --codingseq=1 --proteinprofile=/kmk/databases/metazoa_odb10/prfl/581475at33208a.prfl --predictionStart=3667959 --predictionEnd=3681831 --species=fly busco_out/BUSCO_metazoa.fasta/run_metazoa_odb10/blast_output/sequences/scaffold_5.temp
DEBUG:busco.Toolset	cmd call: /kmk/scripts/augustus.2.5.5/bin/augustus --codingseq=1 --proteinprofile=/kmk/databases/metazoa_odb10/prfl/535806at33208a.prfl --predictionStart=2844046 --predictionEnd=2858222 --species=fly busco_out/BUSCO_metazoa.fasta/run_metazoa_odb10/blast_output/sequences/scaffold_8.temp
DEBUG:busco.Toolset	cmd call: /kmk/scripts/augustus.2.5.5/bin/augustus --codingseq=1 --proteinprofile=/kmk/databases/metazoa_odb10/prfl/617667at33208a.prfl --predictionStart=2180259 --predictionEnd=2192503 --species=fly busco_out/BUSCO_metazoa.fasta/run_metazoa_odb10/blast_output/sequences/scaffold_6.temp
DEBUG:busco.Toolset	cmd call: /kmk/scripts/augustus.2.5.5/bin/augustus --codingseq=1 --proteinprofile=/kmk/databases/metazoa_odb10/prfl/617667at33208a.prfl --predictionStart=17545818 --predictionEnd=17558089 --species=fly busco_out/BUSCO_metazoa.fasta/run_metazoa_odb10/blast_output/sequences/scaffold_9.temp
DEBUG:busco.Toolset	cmd call: /kmk/scripts/augustus.2.5.5/bin/augustus --codingseq=1 --proteinprofile=/kmk/databases/metazoa_odb10/prfl/428202at33208a.prfl --predictionStart=7856107 --predictionEnd=7872563 --species=fly busco_out/BUSCO_metazoa.fasta/run_metazoa_odb10/blast_output/sequences/scaffold_3.temp
DEBUG:busco.Toolset	cmd call: /kmk/scripts/augustus.2.5.5/bin/augustus --codingseq=1 --proteinprofile=/kmk/databases/metazoa_odb10/prfl/440493at33208a.prfl --predictionStart=21710539 --predictionEnd=21726344 --species=fly busco_out/BUSCO_metazoa.fasta/run_metazoa_odb10/blast_output/sequences/scaffold_8.temp
DEBUG:busco.Toolset	cmd call: /kmk/scripts/augustus.2.5.5/bin/augustus --codingseq=1 --proteinprofile=/kmk/databases/metazoa_odb10/prfl/534312at33208a.prfl --predictionStart=6366545 --predictionEnd=6378963 --species=fly busco_out/BUSCO_metazoa.fasta/run_metazoa_odb10/blast_output/sequences/scaffold_2.temp
DEBUG:busco.Toolset	cmd call: /kmk/scripts/augustus.2.5.5/bin/augustus --codingseq=1 --proteinprofile=/kmk/databases/metazoa_odb10/prfl/534312at33208a.prfl --predictionStart=26665510 --predictionEnd=26678767 --species=fly busco_out/BUSCO_metazoa.fasta/run_metazoa_odb10/blast_output/sequences/scaffold_3.temp
DEBUG:busco.Toolset	cmd call: /kmk/scripts/augustus.2.5.5/bin/augustus --codingseq=1 --proteinprofile=/kmk/databases/metazoa_odb10/prfl/540193at33208a.prfl --predictionStart=18391815 --predictionEnd=18406357 --species=fly busco_out/BUSCO_metazoa.fasta/run_metazoa_odb10/blast_output/sequences/scaffold_3.temp
DEBUG:busco.Toolset	cmd call: /kmk/scripts/augustus.2.5.5/bin/augustus --codingseq=1 --proteinprofile=/kmk/databases/metazoa_odb10/prfl/587407at33208a.prfl --predictionStart=7850024 --predictionEnd=7862214 --species=fly busco_out/BUSCO_metazoa.fasta/run_metazoa_odb10/blast_output/sequences/scaffold_9.temp
DEBUG:busco.Toolset	cmd call: /kmk/scripts/augustus.2.5.5/bin/augustus --codingseq=1 --proteinprofile=/kmk/databases/metazoa_odb10/prfl/111746at33208a.prfl --predictionStart=21903230 --predictionEnd=21922058 --species=fly busco_out/BUSCO_metazoa.fasta/run_metazoa_odb10/blast_output/sequences/scaffold_5.temp
DEBUG:busco.Toolset	cmd call: /kmk/scripts/augustus.2.5.5/bin/augustus --codingseq=1 --proteinprofile=/kmk/databases/metazoa_odb10/prfl/413334at33208a.prfl --predictionStart=31024485 --predictionEnd=31039586 --species=fly busco_out/BUSCO_metazoa.fasta/run_metazoa_odb10/blast_output/sequences/scaffold_3.temp
DEBUG:busco.Toolset	cmd call: /kmk/scripts/augustus.2.5.5/bin/augustus --codingseq=1 --proteinprofile=/kmk/databases/metazoa_odb10/prfl/592759at33208a.prfl --predictionStart=35907031 --predictionEnd=35921763 --species=fly busco_out/BUSCO_metazoa.fasta/run_metazoa_odb10/blast_output/sequences/scaffold_4.temp
DEBUG:busco.Toolset	cmd call: /kmk/scripts/augustus.2.5.5/bin/augustus --codingseq=1 --proteinprofile=/kmk/databases/metazoa_odb10/prfl/354829at33208a.prfl --predictionStart=38170466 --predictionEnd=38187325 --species=fly busco_out/BUSCO_metazoa.fasta/run_metazoa_odb10/blast_output/sequences/scaffold_3.temp
DEBUG:busco.Toolset	cmd call: /kmk/scripts/augustus.2.5.5/bin/augustus --codingseq=1 --proteinprofile=/kmk/databases/metazoa_odb10/prfl/602587at33208a.prfl --predictionStart=8506802 --predictionEnd=8520200 --species=fly busco_out/BUSCO_metazoa.fasta/run_metazoa_odb10/blast_output/sequences/scaffold_7.temp
DEBUG:busco.Toolset	cmd call: /kmk/scripts/augustus.2.5.5/bin/augustus --codingseq=1 --proteinprofile=/kmk/databases/metazoa_odb10/prfl/563358at33208a.prfl --predictionStart=50216749 --predictionEnd=50229706 --species=fly busco_out/BUSCO_metazoa.fasta/run_metazoa_odb10/blast_output/sequences/scaffold_1.temp
DEBUG:busco.Toolset	cmd call: /kmk/scripts/augustus.2.5.5/bin/augustus --codingseq=1 --proteinprofile=/kmk/databases/metazoa_odb10/prfl/487873at33208a.prfl --predictionStart=25823893 --predictionEnd=25842298 --species=fly busco_out/BUSCO_metazoa.fasta/run_metazoa_odb10/blast_output/sequences/scaffold_4.temp
DEBUG:busco.Toolset	cmd call: /kmk/scripts/augustus.2.5.5/bin/augustus --codingseq=1 --proteinprofile=/kmk/databases/metazoa_odb10/prfl/266808at33208a.prfl --predictionStart=22049596 --predictionEnd=22065826 --species=fly busco_out/BUSCO_metazoa.fasta/run_metazoa_odb10/blast_output/sequences/scaffold_6.temp
DEBUG:busco.Toolset	cmd call: /kmk/scripts/augustus.2.5.5/bin/augustus --codingseq=1 --proteinprofile=/kmk/databases/metazoa_odb10/prfl/266808at33208a.prfl --predictionStart=2528774 --predictionEnd=2541486 --species=fly busco_out/BUSCO_metazoa.fasta/run_metazoa_odb10/blast_output/sequences/scaffold_5.temp
DEBUG:busco.Toolset	cmd call: /kmk/scripts/augustus.2.5.5/bin/augustus --codingseq=1 --proteinprofile=/kmk/databases/metazoa_odb10/prfl/611373at33208a.prfl --predictionStart=26207541 --predictionEnd=26220336 --species=fly busco_out/BUSCO_metazoa.fasta/run_metazoa_odb10/blast_output/sequences/scaffold_3.temp
DEBUG:busco.Toolset	cmd call: /kmk/scripts/augustus.2.5.5/bin/augustus --codingseq=1 --proteinprofile=/kmk/databases/metazoa_odb10/prfl/544849at33208a.prfl --predictionStart=8745152 --predictionEnd=8758422 --species=fly busco_out/BUSCO_metazoa.fasta/run_metazoa_odb10/blast_output/sequences/scaffold_8.temp
DEBUG:busco.Toolset	cmd call: /kmk/scripts/augustus.2.5.5/bin/augustus --codingseq=1 --proteinprofile=/kmk/databases/metazoa_odb10/prfl/367493at33208a.prfl --predictionStart=3579042 --predictionEnd=3596827 --species=fly busco_out/BUSCO_metazoa.fasta/run_metazoa_odb10/blast_output/sequences/scaffold_1.temp
DEBUG:busco.Toolset	cmd call: /kmk/scripts/augustus.2.5.5/bin/augustus --codingseq=1 --proteinprofile=/kmk/databases/metazoa_odb10/prfl/382000at33208a.prfl --predictionStart=6267003 --predictionEnd=6280762 --species=fly busco_out/BUSCO_metazoa.fasta/run_metazoa_odb10/blast_output/sequences/scaffold_3.temp
DEBUG:busco.Toolset	cmd call: /kmk/scripts/augustus.2.5.5/bin/augustus --codingseq=1 --proteinprofile=/kmk/databases/metazoa_odb10/prfl/382000at33208a.prfl --predictionStart=28664667 --predictionEnd=28677862 --species=fly busco_out/BUSCO_metazoa.fasta/run_metazoa_odb10/blast_output/sequences/scaffold_5.temp
DEBUG:busco.Toolset	cmd call: /kmk/scripts/augustus.2.5.5/bin/augustus --codingseq=1 --proteinprofile=/kmk/databases/metazoa_odb10/prfl/382000at33208a.prfl --predictionStart=20295698 --predictionEnd=20308452 --species=fly busco_out/BUSCO_metazoa.fasta/run_metazoa_odb10/blast_output/sequences/scaffold_2.temp
DEBUG:busco.Toolset	cmd call: /kmk/scripts/augustus.2.5.5/bin/augustus --codingseq=1 --proteinprofile=/kmk/databases/metazoa_odb10/prfl/186208at33208a.prfl --predictionStart=5565520 --predictionEnd=5589013 --species=fly busco_out/BUSCO_metazoa.fasta/run_metazoa_odb10/blast_output/sequences/scaffold_3.temp
DEBUG:busco.Toolset	cmd call: /kmk/scripts/augustus.2.5.5/bin/augustus --codingseq=1 --proteinprofile=/kmk/databases/metazoa_odb10/prfl/621808at33208a.prfl --predictionStart=13270587 --predictionEnd=13284183 --species=fly busco_out/BUSCO_metazoa.fasta/run_metazoa_odb10/blast_output/sequences/scaffold_5.temp
DEBUG:busco.Toolset	cmd call: /kmk/scripts/augustus.2.5.5/bin/augustus --codingseq=1 --proteinprofile=/kmk/databases/metazoa_odb10/prfl/219856at33208a.prfl --predictionStart=11461392 --predictionEnd=11489908 --species=fly busco_out/BUSCO_metazoa.fasta/run_metazoa_odb10/blast_output/sequences/scaffold_6.temp
DEBUG:busco.Toolset	cmd call: /kmk/scripts/augustus.2.5.5/bin/augustus --codingseq=1 --proteinprofile=/kmk/databases/metazoa_odb10/prfl/596131at33208a.prfl --predictionStart=565652 --predictionEnd=578947 --species=fly busco_out/BUSCO_metazoa.fasta/run_metazoa_odb10/blast_output/sequences/scaffold_1.temp
DEBUG:busco.Toolset	cmd call: /kmk/scripts/augustus.2.5.5/bin/augustus --codingseq=1 --proteinprofile=/kmk/databases/metazoa_odb10/prfl/49474at33208a.prfl --predictionStart=12904109 --predictionEnd=12932030 --species=fly busco_out/BUSCO_metazoa.fasta/run_metazoa_odb10/blast_output/sequences/scaffold_5.temp
DEBUG:busco.Toolset	cmd call: /kmk/scripts/augustus.2.5.5/bin/augustus --codingseq=1 --proteinprofile=/kmk/databases/metazoa_odb10/prfl/401196at33208a.prfl --predictionStart=33312466 --predictionEnd=33325035 --species=fly busco_out/BUSCO_metazoa.fasta/run_metazoa_odb10/blast_output/sequences/scaffold_4.temp
DEBUG:busco.Toolset	cmd call: /kmk/scripts/augustus.2.5.5/bin/augustus --codingseq=1 --proteinprofile=/kmk/databases/metazoa_odb10/prfl/606795at33208a.prfl --predictionStart=19036205 --predictionEnd=19049438 --species=fly busco_out/BUSCO_metazoa.fasta/run_metazoa_odb10/blast_output/sequences/scaffold_2.temp
DEBUG:busco.Toolset	cmd call: /kmk/scripts/augustus.2.5.5/bin/augustus --codingseq=1 --proteinprofile=/kmk/databases/metazoa_odb10/prfl/366936at33208a.prfl --predictionStart=648232 --predictionEnd=661151 --species=fly busco_out/BUSCO_metazoa.fasta/run_metazoa_odb10/blast_output/sequences/scaffold_1.temp
DEBUG:busco.Toolset	cmd call: /kmk/scripts/augustus.2.5.5/bin/augustus --codingseq=1 --proteinprofile=/kmk/databases/metazoa_odb10/prfl/366936at33208a.prfl --predictionStart=14300810 --predictionEnd=14317229 --species=fly busco_out/BUSCO_metazoa.fasta/run_metazoa_odb10/blast_output/sequences/scaffold_2.temp
DEBUG:busco.Toolset	cmd call: /kmk/scripts/augustus.2.5.5/bin/augustus --codingseq=1 --proteinprofile=/kmk/databases/metazoa_odb10/prfl/580896at33208a.prfl --predictionStart=43092269 --predictionEnd=43107794 --species=fly busco_out/BUSCO_metazoa.fasta/run_metazoa_odb10/blast_output/sequences/scaffold_3.temp
DEBUG:busco.Toolset	cmd call: /kmk/scripts/augustus.2.5.5/bin/augustus --codingseq=1 --proteinprofile=/kmk/databases/metazoa_odb10/prfl/379771at33208a.prfl --predictionStart=39239961 --predictionEnd=39256704 --species=fly busco_out/BUSCO_metazoa.fasta/run_metazoa_odb10/blast_output/sequences/scaffold_3.temp
DEBUG:busco.Toolset	cmd call: /kmk/scripts/augustus.2.5.5/bin/augustus --codingseq=1 --proteinprofile=/kmk/databases/metazoa_odb10/prfl/592094at33208a.prfl --predictionStart=8173274 --predictionEnd=8208274 --species=fly busco_out/BUSCO_metazoa.fasta/run_metazoa_odb10/blast_output/sequences/scaffold_8.temp
DEBUG:busco.Toolset	cmd call: /kmk/scripts/augustus.2.5.5/bin/augustus --codingseq=1 --proteinprofile=/kmk/databases/metazoa_odb10/prfl/468757at33208a.prfl --predictionStart=8161398 --predictionEnd=8176617 --species=fly busco_out/BUSCO_metazoa.fasta/run_metazoa_odb10/blast_output/sequences/scaffold_8.temp
DEBUG:busco.Toolset	cmd call: /kmk/scripts/augustus.2.5.5/bin/augustus --codingseq=1 --proteinprofile=/kmk/databases/metazoa_odb10/prfl/215654at33208a.prfl --predictionStart=8767744 --predictionEnd=8786752 --species=fly busco_out/BUSCO_metazoa.fasta/run_metazoa_odb10/blast_output/sequences/scaffold_1.temp
DEBUG:busco.Toolset	cmd call: /kmk/scripts/augustus.2.5.5/bin/augustus --codingseq=1 --proteinprofile=/kmk/databases/metazoa_odb10/prfl/471608at33208a.prfl --predictionStart=6950992 --predictionEnd=6967175 --species=fly busco_out/BUSCO_metazoa.fasta/run_metazoa_odb10/blast_output/sequences/scaffold_3.temp
DEBUG:busco.Toolset	cmd call: /kmk/scripts/augustus.2.5.5/bin/augustus --codingseq=1 --proteinprofile=/kmk/databases/metazoa_odb10/prfl/436098at33208a.prfl --predictionStart=12462189 --predictionEnd=12476912 --species=fly busco_out/BUSCO_metazoa.fasta/run_metazoa_odb10/blast_output/sequences/scaffold_9.temp
INFO:busco.Toolset	[augustus]	572 of 953 task(s) completed
DEBUG:busco.Toolset	cmd call: /kmk/scripts/augustus.2.5.5/bin/augustus --codingseq=1 --proteinprofile=/kmk/databases/metazoa_odb10/prfl/403171at33208a.prfl --predictionStart=46146010 --predictionEnd=46160377 --species=fly busco_out/BUSCO_metazoa.fasta/run_metazoa_odb10/blast_output/sequences/scaffold_3.temp
DEBUG:busco.Toolset	cmd call: /kmk/scripts/augustus.2.5.5/bin/augustus --codingseq=1 --proteinprofile=/kmk/databases/metazoa_odb10/prfl/474144at33208a.prfl --predictionStart=27902483 --predictionEnd=27916543 --species=fly busco_out/BUSCO_metazoa.fasta/run_metazoa_odb10/blast_output/sequences/scaffold_1.temp
DEBUG:busco.Toolset	cmd call: /kmk/scripts/augustus.2.5.5/bin/augustus --codingseq=1 --proteinprofile=/kmk/databases/metazoa_odb10/prfl/503333at33208a.prfl --predictionStart=50013008 --predictionEnd=50025618 --species=fly busco_out/BUSCO_metazoa.fasta/run_metazoa_odb10/blast_output/sequences/scaffold_1.temp
DEBUG:busco.Toolset	cmd call: /kmk/scripts/augustus.2.5.5/bin/augustus --codingseq=1 --proteinprofile=/kmk/databases/metazoa_odb10/prfl/541260at33208a.prfl --predictionStart=9625462 --predictionEnd=9638741 --species=fly busco_out/BUSCO_metazoa.fasta/run_metazoa_odb10/blast_output/sequences/scaffold_1.temp
DEBUG:busco.Toolset	cmd call: /kmk/scripts/augustus.2.5.5/bin/augustus --codingseq=1 --proteinprofile=/kmk/databases/metazoa_odb10/prfl/132087at33208a.prfl --predictionStart=2100077 --predictionEnd=2126354 --species=fly busco_out/BUSCO_metazoa.fasta/run_metazoa_odb10/blast_output/sequences/scaffold_8.temp
DEBUG:busco.Toolset	cmd call: /kmk/scripts/augustus.2.5.5/bin/augustus --codingseq=1 --proteinprofile=/kmk/databases/metazoa_odb10/prfl/510581at33208a.prfl --predictionStart=22544417 --predictionEnd=22560039 --species=fly busco_out/BUSCO_metazoa.fasta/run_metazoa_odb10/blast_output/sequences/scaffold_4.temp
DEBUG:busco.Toolset	cmd call: /kmk/scripts/augustus.2.5.5/bin/augustus --codingseq=1 --proteinprofile=/kmk/databases/metazoa_odb10/prfl/557694at33208a.prfl --predictionStart=2902990 --predictionEnd=2918245 --species=fly busco_out/BUSCO_metazoa.fasta/run_metazoa_odb10/blast_output/sequences/scaffold_3.temp
DEBUG:busco.Toolset	cmd call: /kmk/scripts/augustus.2.5.5/bin/augustus --codingseq=1 --proteinprofile=/kmk/databases/metazoa_odb10/prfl/291875at33208a.prfl --predictionStart=35972565 --predictionEnd=36036634 --species=fly busco_out/BUSCO_metazoa.fasta/run_metazoa_odb10/blast_output/sequences/scaffold_1.temp
DEBUG:busco.Toolset	cmd call: /kmk/scripts/augustus.2.5.5/bin/augustus --codingseq=1 --proteinprofile=/kmk/databases/metazoa_odb10/prfl/313091at33208a.prfl --predictionStart=11995447 --predictionEnd=12011093 --species=fly busco_out/BUSCO_metazoa.fasta/run_metazoa_odb10/blast_output/sequences/scaffold_1.temp
DEBUG:busco.Toolset	cmd call: /kmk/scripts/augustus.2.5.5/bin/augustus --codingseq=1 --proteinprofile=/kmk/databases/metazoa_odb10/prfl/423848at33208a.prfl --predictionStart=12879952 --predictionEnd=12893168 --species=fly busco_out/BUSCO_metazoa.fasta/run_metazoa_odb10/blast_output/sequences/scaffold_5.temp
DEBUG:busco.Toolset	cmd call: /kmk/scripts/augustus.2.5.5/bin/augustus --codingseq=1 --proteinprofile=/kmk/databases/metazoa_odb10/prfl/361203at33208a.prfl --predictionStart=42378730 --predictionEnd=42398443 --species=fly busco_out/BUSCO_metazoa.fasta/run_metazoa_odb10/blast_output/sequences/scaffold_3.temp
DEBUG:busco.Toolset	cmd call: /kmk/scripts/augustus.2.5.5/bin/augustus --codingseq=1 --proteinprofile=/kmk/databases/metazoa_odb10/prfl/345099at33208a.prfl --predictionStart=29628887 --predictionEnd=29651282 --species=fly busco_out/BUSCO_metazoa.fasta/run_metazoa_odb10/blast_output/sequences/scaffold_4.temp
DEBUG:busco.Toolset	cmd call: /kmk/scripts/augustus.2.5.5/bin/augustus --codingseq=1 --proteinprofile=/kmk/databases/metazoa_odb10/prfl/449056at33208a.prfl --predictionStart=4940223 --predictionEnd=4955358 --species=fly busco_out/BUSCO_metazoa.fasta/run_metazoa_odb10/blast_output/sequences/scaffold_8.temp
DEBUG:busco.Toolset	cmd call: /kmk/scripts/augustus.2.5.5/bin/augustus --codingseq=1 --proteinprofile=/kmk/databases/metazoa_odb10/prfl/486431at33208a.prfl --predictionStart=30806582 --predictionEnd=30820728 --species=fly busco_out/BUSCO_metazoa.fasta/run_metazoa_odb10/blast_output/sequences/scaffold_1.temp
DEBUG:busco.Toolset	cmd call: /kmk/scripts/augustus.2.5.5/bin/augustus --codingseq=1 --proteinprofile=/kmk/databases/metazoa_odb10/prfl/347600at33208a.prfl --predictionStart=11137792 --predictionEnd=11152894 --species=fly busco_out/BUSCO_metazoa.fasta/run_metazoa_odb10/blast_output/sequences/scaffold_6.temp
DEBUG:busco.Toolset	cmd call: /kmk/scripts/augustus.2.5.5/bin/augustus --codingseq=1 --proteinprofile=/kmk/databases/metazoa_odb10/prfl/172677at33208a.prfl --predictionStart=37353849 --predictionEnd=37375677 --species=fly busco_out/BUSCO_metazoa.fasta/run_metazoa_odb10/blast_output/sequences/scaffold_1.temp
DEBUG:busco.Toolset	cmd call: /kmk/scripts/augustus.2.5.5/bin/augustus --codingseq=1 --proteinprofile=/kmk/databases/metazoa_odb10/prfl/526487at33208a.prfl --predictionStart=8573023 --predictionEnd=8586757 --species=fly busco_out/BUSCO_metazoa.fasta/run_metazoa_odb10/blast_output/sequences/scaffold_8.temp
DEBUG:busco.Toolset	cmd call: /kmk/scripts/augustus.2.5.5/bin/augustus --codingseq=1 --proteinprofile=/kmk/databases/metazoa_odb10/prfl/191938at33208a.prfl --predictionStart=47685156 --predictionEnd=47704666 --species=fly busco_out/BUSCO_metazoa.fasta/run_metazoa_odb10/blast_output/sequences/scaffold_3.temp
DEBUG:busco.Toolset	cmd call: /kmk/scripts/augustus.2.5.5/bin/augustus --codingseq=1 --proteinprofile=/kmk/databases/metazoa_odb10/prfl/496070at33208a.prfl --predictionStart=42868593 --predictionEnd=42880813 --species=fly busco_out/BUSCO_metazoa.fasta/run_metazoa_odb10/blast_output/sequences/scaffold_1.temp
DEBUG:busco.Toolset	cmd call: /kmk/scripts/augustus.2.5.5/bin/augustus --codingseq=1 --proteinprofile=/kmk/databases/metazoa_odb10/prfl/319574at33208a.prfl --predictionStart=17434749 --predictionEnd=17448511 --species=fly busco_out/BUSCO_metazoa.fasta/run_metazoa_odb10/blast_output/sequences/scaffold_1.temp
DEBUG:busco.Toolset	cmd call: /kmk/scripts/augustus.2.5.5/bin/augustus --codingseq=1 --proteinprofile=/kmk/databases/metazoa_odb10/prfl/585809at33208a.prfl --predictionStart=19755795 --predictionEnd=19767955 --species=fly busco_out/BUSCO_metazoa.fasta/run_metazoa_odb10/blast_output/sequences/scaffold_5.temp
DEBUG:busco.Toolset	cmd call: /kmk/scripts/augustus.2.5.5/bin/augustus --codingseq=1 --proteinprofile=/kmk/databases/metazoa_odb10/prfl/468710at33208a.prfl --predictionStart=26205931 --predictionEnd=26218115 --species=fly busco_out/BUSCO_metazoa.fasta/run_metazoa_odb10/blast_output/sequences/scaffold_3.temp
DEBUG:busco.Toolset	cmd call: /kmk/scripts/augustus.2.5.5/bin/augustus --codingseq=1 --proteinprofile=/kmk/databases/metazoa_odb10/prfl/468248at33208a.prfl --predictionStart=46954831 --predictionEnd=46968577 --species=fly busco_out/BUSCO_metazoa.fasta/run_metazoa_odb10/blast_output/sequences/scaffold_1.temp
DEBUG:busco.Toolset	cmd call: /kmk/scripts/augustus.2.5.5/bin/augustus --codingseq=1 --proteinprofile=/kmk/databases/metazoa_odb10/prfl/443928at33208a.prfl --predictionStart=5978794 --predictionEnd=5996944 --species=fly busco_out/BUSCO_metazoa.fasta/run_metazoa_odb10/blast_output/sequences/scaffold_6.temp
DEBUG:busco.Toolset	cmd call: /kmk/scripts/augustus.2.5.5/bin/augustus --codingseq=1 --proteinprofile=/kmk/databases/metazoa_odb10/prfl/585313at33208a.prfl --predictionStart=18105000 --predictionEnd=18119180 --species=fly busco_out/BUSCO_metazoa.fasta/run_metazoa_odb10/blast_output/sequences/scaffold_3.temp
DEBUG:busco.Toolset	cmd call: /kmk/scripts/augustus.2.5.5/bin/augustus --codingseq=1 --proteinprofile=/kmk/databases/metazoa_odb10/prfl/591498at33208a.prfl --predictionStart=15707330 --predictionEnd=15719574 --species=fly busco_out/BUSCO_metazoa.fasta/run_metazoa_odb10/blast_output/sequences/scaffold_7.temp
DEBUG:busco.Toolset	cmd call: /kmk/scripts/augustus.2.5.5/bin/augustus --codingseq=1 --proteinprofile=/kmk/databases/metazoa_odb10/prfl/532693at33208a.prfl --predictionStart=4932526 --predictionEnd=4947772 --species=fly busco_out/BUSCO_metazoa.fasta/run_metazoa_odb10/blast_output/sequences/scaffold_8.temp
DEBUG:busco.Toolset	cmd call: /kmk/scripts/augustus.2.5.5/bin/augustus --codingseq=1 --proteinprofile=/kmk/databases/metazoa_odb10/prfl/519303at33208a.prfl --predictionStart=24616485 --predictionEnd=24630628 --species=fly busco_out/BUSCO_metazoa.fasta/run_metazoa_odb10/blast_output/sequences/scaffold_5.temp
DEBUG:busco.Toolset	cmd call: /kmk/scripts/augustus.2.5.5/bin/augustus --codingseq=1 --proteinprofile=/kmk/databases/metazoa_odb10/prfl/307109at33208a.prfl --predictionStart=2070412 --predictionEnd=2089913 --species=fly busco_out/BUSCO_metazoa.fasta/run_metazoa_odb10/blast_output/sequences/scaffold_7.temp
DEBUG:busco.Toolset	cmd call: /kmk/scripts/augustus.2.5.5/bin/augustus --codingseq=1 --proteinprofile=/kmk/databases/metazoa_odb10/prfl/340577at33208a.prfl --predictionStart=9312477 --predictionEnd=9332599 --species=fly busco_out/BUSCO_metazoa.fasta/run_metazoa_odb10/blast_output/sequences/scaffold_8.temp
DEBUG:busco.Toolset	cmd call: /kmk/scripts/augustus.2.5.5/bin/augustus --codingseq=1 --proteinprofile=/kmk/databases/metazoa_odb10/prfl/515640at33208a.prfl --predictionStart=19117635 --predictionEnd=19130886 --species=fly busco_out/BUSCO_metazoa.fasta/run_metazoa_odb10/blast_output/sequences/scaffold_9.temp
DEBUG:busco.Toolset	cmd call: /kmk/scripts/augustus.2.5.5/bin/augustus --codingseq=1 --proteinprofile=/kmk/databases/metazoa_odb10/prfl/432050at33208a.prfl --predictionStart=4862379 --predictionEnd=4877744 --species=fly busco_out/BUSCO_metazoa.fasta/run_metazoa_odb10/blast_output/sequences/scaffold_4.temp
DEBUG:busco.Toolset	cmd call: /kmk/scripts/augustus.2.5.5/bin/augustus --codingseq=1 --proteinprofile=/kmk/databases/metazoa_odb10/prfl/556925at33208a.prfl --predictionStart=27920025 --predictionEnd=27932566 --species=fly busco_out/BUSCO_metazoa.fasta/run_metazoa_odb10/blast_output/sequences/scaffold_5.temp
DEBUG:busco.Toolset	cmd call: /kmk/scripts/augustus.2.5.5/bin/augustus --codingseq=1 --proteinprofile=/kmk/databases/metazoa_odb10/prfl/432522at33208a.prfl --predictionStart=19883577 --predictionEnd=19896254 --species=fly busco_out/BUSCO_metazoa.fasta/run_metazoa_odb10/blast_output/sequences/scaffold_6.temp
DEBUG:busco.Toolset	cmd call: /kmk/scripts/augustus.2.5.5/bin/augustus --codingseq=1 --proteinprofile=/kmk/databases/metazoa_odb10/prfl/466942at33208a.prfl --predictionStart=10997826 --predictionEnd=11011600 --species=fly busco_out/BUSCO_metazoa.fasta/run_metazoa_odb10/blast_output/sequences/scaffold_5.temp
DEBUG:busco.Toolset	cmd call: /kmk/scripts/augustus.2.5.5/bin/augustus --codingseq=1 --proteinprofile=/kmk/databases/metazoa_odb10/prfl/557596at33208a.prfl --predictionStart=16794883 --predictionEnd=16807974 --species=fly busco_out/BUSCO_metazoa.fasta/run_metazoa_odb10/blast_output/sequences/scaffold_1.temp
DEBUG:busco.Toolset	cmd call: /kmk/scripts/augustus.2.5.5/bin/augustus --codingseq=1 --proteinprofile=/kmk/databases/metazoa_odb10/prfl/537470at33208a.prfl --predictionStart=1139819 --predictionEnd=1152872 --species=fly busco_out/BUSCO_metazoa.fasta/run_metazoa_odb10/blast_output/sequences/scaffold_3.temp
DEBUG:busco.Toolset	cmd call: /kmk/scripts/augustus.2.5.5/bin/augustus --codingseq=1 --proteinprofile=/kmk/databases/metazoa_odb10/prfl/569878at33208a.prfl --predictionStart=37682927 --predictionEnd=37695792 --species=fly busco_out/BUSCO_metazoa.fasta/run_metazoa_odb10/blast_output/sequences/scaffold_3.temp
DEBUG:busco.Toolset	cmd call: /kmk/scripts/augustus.2.5.5/bin/augustus --codingseq=1 --proteinprofile=/kmk/databases/metazoa_odb10/prfl/416175at33208a.prfl --predictionStart=22753727 --predictionEnd=22772097 --species=fly busco_out/BUSCO_metazoa.fasta/run_metazoa_odb10/blast_output/sequences/scaffold_5.temp
DEBUG:busco.Toolset	cmd call: /kmk/scripts/augustus.2.5.5/bin/augustus --codingseq=1 --proteinprofile=/kmk/databases/metazoa_odb10/prfl/649979at33208a.prfl --predictionStart=16407079 --predictionEnd=16422145 --species=fly busco_out/BUSCO_metazoa.fasta/run_metazoa_odb10/blast_output/sequences/scaffold_9.temp
DEBUG:busco.Toolset	cmd call: /kmk/scripts/augustus.2.5.5/bin/augustus --codingseq=1 --proteinprofile=/kmk/databases/metazoa_odb10/prfl/367957at33208a.prfl --predictionStart=2430731 --predictionEnd=2445783 --species=fly busco_out/BUSCO_metazoa.fasta/run_metazoa_odb10/blast_output/sequences/scaffold_3.temp
DEBUG:busco.Toolset	cmd call: /kmk/scripts/augustus.2.5.5/bin/augustus --codingseq=1 --proteinprofile=/kmk/databases/metazoa_odb10/prfl/547766at33208a.prfl --predictionStart=38608149 --predictionEnd=38621634 --species=fly busco_out/BUSCO_metazoa.fasta/run_metazoa_odb10/blast_output/sequences/scaffold_3.temp
DEBUG:busco.Toolset	cmd call: /kmk/scripts/augustus.2.5.5/bin/augustus --codingseq=1 --proteinprofile=/kmk/databases/metazoa_odb10/prfl/465651at33208a.prfl --predictionStart=15987566 --predictionEnd=16001568 --species=fly busco_out/BUSCO_metazoa.fasta/run_metazoa_odb10/blast_output/sequences/scaffold_9.temp
DEBUG:busco.Toolset	cmd call: /kmk/scripts/augustus.2.5.5/bin/augustus --codingseq=1 --proteinprofile=/kmk/databases/metazoa_odb10/prfl/205220at33208a.prfl --predictionStart=45442406 --predictionEnd=45465461 --species=fly busco_out/BUSCO_metazoa.fasta/run_metazoa_odb10/blast_output/sequences/scaffold_1.temp
DEBUG:busco.Toolset	cmd call: /kmk/scripts/augustus.2.5.5/bin/augustus --codingseq=1 --proteinprofile=/kmk/databases/metazoa_odb10/prfl/427349at33208a.prfl --predictionStart=37539959 --predictionEnd=37552968 --species=fly busco_out/BUSCO_metazoa.fasta/run_metazoa_odb10/blast_output/sequences/scaffold_1.temp
DEBUG:busco.Toolset	cmd call: /kmk/scripts/augustus.2.5.5/bin/augustus --codingseq=1 --proteinprofile=/kmk/databases/metazoa_odb10/prfl/352600at33208a.prfl --predictionStart=34280702 --predictionEnd=34300542 --species=fly busco_out/BUSCO_metazoa.fasta/run_metazoa_odb10/blast_output/sequences/scaffold_4.temp
DEBUG:busco.Toolset	cmd call: /kmk/scripts/augustus.2.5.5/bin/augustus --codingseq=1 --proteinprofile=/kmk/databases/metazoa_odb10/prfl/315044at33208a.prfl --predictionStart=928599 --predictionEnd=951478 --species=fly busco_out/BUSCO_metazoa.fasta/run_metazoa_odb10/blast_output/sequences/scaffold_8.temp
DEBUG:busco.Toolset	cmd call: /kmk/scripts/augustus.2.5.5/bin/augustus --codingseq=1 --proteinprofile=/kmk/databases/metazoa_odb10/prfl/470523at33208a.prfl --predictionStart=33578059 --predictionEnd=33596262 --species=fly busco_out/BUSCO_metazoa.fasta/run_metazoa_odb10/blast_output/sequences/scaffold_1.temp
DEBUG:busco.Toolset	cmd call: /kmk/scripts/augustus.2.5.5/bin/augustus --codingseq=1 --proteinprofile=/kmk/databases/metazoa_odb10/prfl/544919at33208a.prfl --predictionStart=23830180 --predictionEnd=23845711 --species=fly busco_out/BUSCO_metazoa.fasta/run_metazoa_odb10/blast_output/sequences/scaffold_8.temp
DEBUG:busco.Toolset	cmd call: /kmk/scripts/augustus.2.5.5/bin/augustus --codingseq=1 --proteinprofile=/kmk/databases/metazoa_odb10/prfl/495329at33208a.prfl --predictionStart=19785266 --predictionEnd=19797927 --species=fly busco_out/BUSCO_metazoa.fasta/run_metazoa_odb10/blast_output/sequences/scaffold_5.temp
DEBUG:busco.Toolset	cmd call: /kmk/scripts/augustus.2.5.5/bin/augustus --codingseq=1 --proteinprofile=/kmk/databases/metazoa_odb10/prfl/400042at33208a.prfl --predictionStart=7834959 --predictionEnd=7848351 --species=fly busco_out/BUSCO_metazoa.fasta/run_metazoa_odb10/blast_output/sequences/scaffold_6.temp
DEBUG:busco.Toolset	cmd call: /kmk/scripts/augustus.2.5.5/bin/augustus --codingseq=1 --proteinprofile=/kmk/databases/metazoa_odb10/prfl/595010at33208a.prfl --predictionStart=4655097 --predictionEnd=4667899 --species=fly busco_out/BUSCO_metazoa.fasta/run_metazoa_odb10/blast_output/sequences/scaffold_8.temp
DEBUG:busco.Toolset	cmd call: /kmk/scripts/augustus.2.5.5/bin/augustus --codingseq=1 --proteinprofile=/kmk/databases/metazoa_odb10/prfl/387878at33208a.prfl --predictionStart=4847721 --predictionEnd=4866001 --species=fly busco_out/BUSCO_metazoa.fasta/run_metazoa_odb10/blast_output/sequences/scaffold_6.temp
DEBUG:busco.Toolset	cmd call: /kmk/scripts/augustus.2.5.5/bin/augustus --codingseq=1 --proteinprofile=/kmk/databases/metazoa_odb10/prfl/570646at33208a.prfl --predictionStart=30708984 --predictionEnd=30722004 --species=fly busco_out/BUSCO_metazoa.fasta/run_metazoa_odb10/blast_output/sequences/scaffold_1.temp
DEBUG:busco.Toolset	cmd call: /kmk/scripts/augustus.2.5.5/bin/augustus --codingseq=1 --proteinprofile=/kmk/databases/metazoa_odb10/prfl/573237at33208a.prfl --predictionStart=21816895 --predictionEnd=21834302 --species=fly busco_out/BUSCO_metazoa.fasta/run_metazoa_odb10/blast_output/sequences/scaffold_8.temp
DEBUG:busco.Toolset	cmd call: /kmk/scripts/augustus.2.5.5/bin/augustus --codingseq=1 --proteinprofile=/kmk/databases/metazoa_odb10/prfl/545389at33208a.prfl --predictionStart=17979758 --predictionEnd=17992748 --species=fly busco_out/BUSCO_metazoa.fasta/run_metazoa_odb10/blast_output/sequences/scaffold_5.temp
DEBUG:busco.Toolset	cmd call: /kmk/scripts/augustus.2.5.5/bin/augustus --codingseq=1 --proteinprofile=/kmk/databases/metazoa_odb10/prfl/274769at33208a.prfl --predictionStart=42653051 --predictionEnd=42675342 --species=fly busco_out/BUSCO_metazoa.fasta/run_metazoa_odb10/blast_output/sequences/scaffold_3.temp
DEBUG:busco.Toolset	cmd call: /kmk/scripts/augustus.2.5.5/bin/augustus --codingseq=1 --proteinprofile=/kmk/databases/metazoa_odb10/prfl/107574at33208a.prfl --predictionStart=9694928 --predictionEnd=9711769 --species=fly busco_out/BUSCO_metazoa.fasta/run_metazoa_odb10/blast_output/sequences/scaffold_1.temp
DEBUG:busco.Toolset	cmd call: /kmk/scripts/augustus.2.5.5/bin/augustus --codingseq=1 --proteinprofile=/kmk/databases/metazoa_odb10/prfl/451242at33208a.prfl --predictionStart=32793061 --predictionEnd=32810497 --species=fly busco_out/BUSCO_metazoa.fasta/run_metazoa_odb10/blast_output/sequences/scaffold_1.temp
DEBUG:busco.Toolset	cmd call: /kmk/scripts/augustus.2.5.5/bin/augustus --codingseq=1 --proteinprofile=/kmk/databases/metazoa_odb10/prfl/498535at33208a.prfl --predictionStart=9679735 --predictionEnd=9709653 --species=fly busco_out/BUSCO_metazoa.fasta/run_metazoa_odb10/blast_output/sequences/scaffold_6.temp
DEBUG:busco.Toolset	cmd call: /kmk/scripts/augustus.2.5.5/bin/augustus --codingseq=1 --proteinprofile=/kmk/databases/metazoa_odb10/prfl/99614at33208a.prfl --predictionStart=42518021 --predictionEnd=42541854 --species=fly busco_out/BUSCO_metazoa.fasta/run_metazoa_odb10/blast_output/sequences/scaffold_3.temp
DEBUG:busco.Toolset	cmd call: /kmk/scripts/augustus.2.5.5/bin/augustus --codingseq=1 --proteinprofile=/kmk/databases/metazoa_odb10/prfl/179485at33208a.prfl --predictionStart=25117324 --predictionEnd=25165019 --species=fly busco_out/BUSCO_metazoa.fasta/run_metazoa_odb10/blast_output/sequences/scaffold_1.temp
DEBUG:busco.Toolset	cmd call: /kmk/scripts/augustus.2.5.5/bin/augustus --codingseq=1 --proteinprofile=/kmk/databases/metazoa_odb10/prfl/179485at33208a.prfl --predictionStart=2528762 --predictionEnd=2541477 --species=fly busco_out/BUSCO_metazoa.fasta/run_metazoa_odb10/blast_output/sequences/scaffold_5.temp
DEBUG:busco.Toolset	cmd call: /kmk/scripts/augustus.2.5.5/bin/augustus --codingseq=1 --proteinprofile=/kmk/databases/metazoa_odb10/prfl/539215at33208a.prfl --predictionStart=5266160 --predictionEnd=5279810 --species=fly busco_out/BUSCO_metazoa.fasta/run_metazoa_odb10/blast_output/sequences/scaffold_1.temp
DEBUG:busco.Toolset	cmd call: /kmk/scripts/augustus.2.5.5/bin/augustus --codingseq=1 --proteinprofile=/kmk/databases/metazoa_odb10/prfl/529852at33208a.prfl --predictionStart=1105287 --predictionEnd=1123494 --species=fly busco_out/BUSCO_metazoa.fasta/run_metazoa_odb10/blast_output/sequences/scaffold_4.temp
DEBUG:busco.Toolset	cmd call: /kmk/scripts/augustus.2.5.5/bin/augustus --codingseq=1 --proteinprofile=/kmk/databases/metazoa_odb10/prfl/501546at33208a.prfl --predictionStart=21403057 --predictionEnd=21415488 --species=fly busco_out/BUSCO_metazoa.fasta/run_metazoa_odb10/blast_output/sequences/scaffold_5.temp
DEBUG:busco.Toolset	cmd call: /kmk/scripts/augustus.2.5.5/bin/augustus --codingseq=1 --proteinprofile=/kmk/databases/metazoa_odb10/prfl/566262at33208a.prfl --predictionStart=36410396 --predictionEnd=36423920 --species=fly busco_out/BUSCO_metazoa.fasta/run_metazoa_odb10/blast_output/sequences/scaffold_3.temp
DEBUG:busco.Toolset	cmd call: /kmk/scripts/augustus.2.5.5/bin/augustus --codingseq=1 --proteinprofile=/kmk/databases/metazoa_odb10/prfl/603609at33208a.prfl --predictionStart=17117815 --predictionEnd=17129948 --species=fly busco_out/BUSCO_metazoa.fasta/run_metazoa_odb10/blast_output/sequences/scaffold_5.temp
DEBUG:busco.Toolset	cmd call: /kmk/scripts/augustus.2.5.5/bin/augustus --codingseq=1 --proteinprofile=/kmk/databases/metazoa_odb10/prfl/559146at33208a.prfl --predictionStart=24785843 --predictionEnd=24798192 --species=fly busco_out/BUSCO_metazoa.fasta/run_metazoa_odb10/blast_output/sequences/scaffold_8.temp
DEBUG:busco.Toolset	cmd call: /kmk/scripts/augustus.2.5.5/bin/augustus --codingseq=1 --proteinprofile=/kmk/databases/metazoa_odb10/prfl/622156at33208a.prfl --predictionStart=41401762 --predictionEnd=41415842 --species=fly busco_out/BUSCO_metazoa.fasta/run_metazoa_odb10/blast_output/sequences/scaffold_3.temp
DEBUG:busco.Toolset	cmd call: /kmk/scripts/augustus.2.5.5/bin/augustus --codingseq=1 --proteinprofile=/kmk/databases/metazoa_odb10/prfl/558933at33208a.prfl --predictionStart=18487117 --predictionEnd=18500271 --species=fly busco_out/BUSCO_metazoa.fasta/run_metazoa_odb10/blast_output/sequences/scaffold_1.temp
DEBUG:busco.Toolset	cmd call: /kmk/scripts/augustus.2.5.5/bin/augustus --codingseq=1 --proteinprofile=/kmk/databases/metazoa_odb10/prfl/489997at33208a.prfl --predictionStart=40845399 --predictionEnd=40857736 --species=fly busco_out/BUSCO_metazoa.fasta/run_metazoa_odb10/blast_output/sequences/scaffold_3.temp
DEBUG:busco.Toolset	cmd call: /kmk/scripts/augustus.2.5.5/bin/augustus --codingseq=1 --proteinprofile=/kmk/databases/metazoa_odb10/prfl/462325at33208a.prfl --predictionStart=20057466 --predictionEnd=20070496 --species=fly busco_out/BUSCO_metazoa.fasta/run_metazoa_odb10/blast_output/sequences/scaffold_5.temp
DEBUG:busco.Toolset	cmd call: /kmk/scripts/augustus.2.5.5/bin/augustus --codingseq=1 --proteinprofile=/kmk/databases/metazoa_odb10/prfl/462325at33208a.prfl --predictionStart=32934589 --predictionEnd=32960069 --species=fly busco_out/BUSCO_metazoa.fasta/run_metazoa_odb10/blast_output/sequences/scaffold_4.temp
DEBUG:busco.Toolset	cmd call: /kmk/scripts/augustus.2.5.5/bin/augustus --codingseq=1 --proteinprofile=/kmk/databases/metazoa_odb10/prfl/462325at33208a.prfl --predictionStart=5977477 --predictionEnd=5990507 --species=fly busco_out/BUSCO_metazoa.fasta/run_metazoa_odb10/blast_output/sequences/scaffold_9.temp
DEBUG:busco.Toolset	cmd call: /kmk/scripts/augustus.2.5.5/bin/augustus --codingseq=1 --proteinprofile=/kmk/databases/metazoa_odb10/prfl/472352at33208a.prfl --predictionStart=21326312 --predictionEnd=21341128 --species=fly busco_out/BUSCO_metazoa.fasta/run_metazoa_odb10/blast_output/sequences/scaffold_6.temp
DEBUG:busco.Toolset	cmd call: /kmk/scripts/augustus.2.5.5/bin/augustus --codingseq=1 --proteinprofile=/kmk/databases/metazoa_odb10/prfl/401220at33208a.prfl --predictionStart=19692917 --predictionEnd=19707849 --species=fly busco_out/BUSCO_metazoa.fasta/run_metazoa_odb10/blast_output/sequences/scaffold_5.temp
DEBUG:busco.Toolset	cmd call: /kmk/scripts/augustus.2.5.5/bin/augustus --codingseq=1 --proteinprofile=/kmk/databases/metazoa_odb10/prfl/56573at33208a.prfl --predictionStart=28831721 --predictionEnd=28880859 --species=fly busco_out/BUSCO_metazoa.fasta/run_metazoa_odb10/blast_output/sequences/scaffold_4.temp
DEBUG:busco.Toolset	cmd call: /kmk/scripts/augustus.2.5.5/bin/augustus --codingseq=1 --proteinprofile=/kmk/databases/metazoa_odb10/prfl/239597at33208a.prfl --predictionStart=5487061 --predictionEnd=5504708 --species=fly busco_out/BUSCO_metazoa.fasta/run_metazoa_odb10/blast_output/sequences/scaffold_7.temp
DEBUG:busco.Toolset	cmd call: /kmk/scripts/augustus.2.5.5/bin/augustus --codingseq=1 --proteinprofile=/kmk/databases/metazoa_odb10/prfl/609899at33208a.prfl --predictionStart=1452968 --predictionEnd=1465197 --species=fly busco_out/BUSCO_metazoa.fasta/run_metazoa_odb10/blast_output/sequences/scaffold_5.temp
DEBUG:busco.Toolset	cmd call: /kmk/scripts/augustus.2.5.5/bin/augustus --codingseq=1 --proteinprofile=/kmk/databases/metazoa_odb10/prfl/123923at33208a.prfl --predictionStart=22925985 --predictionEnd=22944660 --species=fly busco_out/BUSCO_metazoa.fasta/run_metazoa_odb10/blast_output/sequences/scaffold_6.temp
DEBUG:busco.Toolset	cmd call: /kmk/scripts/augustus.2.5.5/bin/augustus --codingseq=1 --proteinprofile=/kmk/databases/metazoa_odb10/prfl/535524at33208a.prfl --predictionStart=4935151 --predictionEnd=4948462 --species=fly busco_out/BUSCO_metazoa.fasta/run_metazoa_odb10/blast_output/sequences/scaffold_5.temp
DEBUG:busco.Toolset	cmd call: /kmk/scripts/augustus.2.5.5/bin/augustus --codingseq=1 --proteinprofile=/kmk/databases/metazoa_odb10/prfl/525542at33208a.prfl --predictionStart=7306331 --predictionEnd=7319001 --species=fly busco_out/BUSCO_metazoa.fasta/run_metazoa_odb10/blast_output/sequences/scaffold_1.temp
DEBUG:busco.Toolset	cmd call: /kmk/scripts/augustus.2.5.5/bin/augustus --codingseq=1 --proteinprofile=/kmk/databases/metazoa_odb10/prfl/525542at33208a.prfl --predictionStart=27241066 --predictionEnd=27259346 --species=fly busco_out/BUSCO_metazoa.fasta/run_metazoa_odb10/blast_output/sequences/scaffold_3.temp
DEBUG:busco.Toolset	cmd call: /kmk/scripts/augustus.2.5.5/bin/augustus --codingseq=1 --proteinprofile=/kmk/databases/metazoa_odb10/prfl/525542at33208a.prfl --predictionStart=3300269 --predictionEnd=3312513 --species=fly busco_out/BUSCO_metazoa.fasta/run_metazoa_odb10/blast_output/sequences/scaffold_7.temp
DEBUG:busco.Toolset	cmd call: /kmk/scripts/augustus.2.5.5/bin/augustus --codingseq=1 --proteinprofile=/kmk/databases/metazoa_odb10/prfl/616613at33208a.prfl --predictionStart=5179896 --predictionEnd=5195398 --species=fly busco_out/BUSCO_metazoa.fasta/run_metazoa_odb10/blast_output/sequences/scaffold_9.temp
DEBUG:busco.Toolset	cmd call: /kmk/scripts/augustus.2.5.5/bin/augustus --codingseq=1 --proteinprofile=/kmk/databases/metazoa_odb10/prfl/616613at33208a.prfl --predictionStart=30809798 --predictionEnd=30822069 --species=fly busco_out/BUSCO_metazoa.fasta/run_metazoa_odb10/blast_output/sequences/scaffold_1.temp
DEBUG:busco.Toolset	cmd call: /kmk/scripts/augustus.2.5.5/bin/augustus --codingseq=1 --proteinprofile=/kmk/databases/metazoa_odb10/prfl/617522at33208a.prfl --predictionStart=31357485 --predictionEnd=31370377 --species=fly busco_out/BUSCO_metazoa.fasta/run_metazoa_odb10/blast_output/sequences/scaffold_1.temp
DEBUG:busco.Toolset	cmd call: /kmk/scripts/augustus.2.5.5/bin/augustus --codingseq=1 --proteinprofile=/kmk/databases/metazoa_odb10/prfl/612825at33208a.prfl --predictionStart=54775596 --predictionEnd=54788780 --species=fly busco_out/BUSCO_metazoa.fasta/run_metazoa_odb10/blast_output/sequences/scaffold_1.temp
DEBUG:busco.Toolset	cmd call: /kmk/scripts/augustus.2.5.5/bin/augustus --codingseq=1 --proteinprofile=/kmk/databases/metazoa_odb10/prfl/289928at33208a.prfl --predictionStart=43207990 --predictionEnd=43224723 --species=fly busco_out/BUSCO_metazoa.fasta/run_metazoa_odb10/blast_output/sequences/scaffold_1.temp
DEBUG:busco.Toolset	cmd call: /kmk/scripts/augustus.2.5.5/bin/augustus --codingseq=1 --proteinprofile=/kmk/databases/metazoa_odb10/prfl/66018at33208a.prfl --predictionStart=22372826 --predictionEnd=22403570 --species=fly busco_out/BUSCO_metazoa.fasta/run_metazoa_odb10/blast_output/sequences/scaffold_8.temp
DEBUG:busco.Toolset	cmd call: /kmk/scripts/augustus.2.5.5/bin/augustus --codingseq=1 --proteinprofile=/kmk/databases/metazoa_odb10/prfl/567809at33208a.prfl --predictionStart=5670033 --predictionEnd=5685781 --species=fly busco_out/BUSCO_metazoa.fasta/run_metazoa_odb10/blast_output/sequences/scaffold_3.temp
DEBUG:busco.Toolset	cmd call: /kmk/scripts/augustus.2.5.5/bin/augustus --codingseq=1 --proteinprofile=/kmk/databases/metazoa_odb10/prfl/386666at33208a.prfl --predictionStart=15295425 --predictionEnd=15309496 --species=fly busco_out/BUSCO_metazoa.fasta/run_metazoa_odb10/blast_output/sequences/scaffold_6.temp
DEBUG:busco.Toolset	cmd call: /kmk/scripts/augustus.2.5.5/bin/augustus --codingseq=1 --proteinprofile=/kmk/databases/metazoa_odb10/prfl/488635at33208a.prfl --predictionStart=21264803 --predictionEnd=21276981 --species=fly busco_out/BUSCO_metazoa.fasta/run_metazoa_odb10/blast_output/sequences/scaffold_9.temp
DEBUG:busco.Toolset	cmd call: /kmk/scripts/augustus.2.5.5/bin/augustus --codingseq=1 --proteinprofile=/kmk/databases/metazoa_odb10/prfl/562780at33208a.prfl --predictionStart=25257180 --predictionEnd=25269394 --species=fly busco_out/BUSCO_metazoa.fasta/run_metazoa_odb10/blast_output/sequences/scaffold_8.temp
DEBUG:busco.Toolset	cmd call: /kmk/scripts/augustus.2.5.5/bin/augustus --codingseq=1 --proteinprofile=/kmk/databases/metazoa_odb10/prfl/501396at33208a.prfl --predictionStart=35461506 --predictionEnd=35476512 --species=fly busco_out/BUSCO_metazoa.fasta/run_metazoa_odb10/blast_output/sequences/scaffold_4.temp
INFO:busco.Toolset	[augustus]	668 of 953 task(s) completed
DEBUG:busco.Toolset	cmd call: /kmk/scripts/augustus.2.5.5/bin/augustus --codingseq=1 --proteinprofile=/kmk/databases/metazoa_odb10/prfl/192250at33208a.prfl --predictionStart=44628383 --predictionEnd=44643998 --species=fly busco_out/BUSCO_metazoa.fasta/run_metazoa_odb10/blast_output/sequences/scaffold_1.temp
DEBUG:busco.Toolset	cmd call: /kmk/scripts/augustus.2.5.5/bin/augustus --codingseq=1 --proteinprofile=/kmk/databases/metazoa_odb10/prfl/619250at33208a.prfl --predictionStart=11074212 --predictionEnd=11087284 --species=fly busco_out/BUSCO_metazoa.fasta/run_metazoa_odb10/blast_output/sequences/scaffold_8.temp
DEBUG:busco.Toolset	cmd call: /kmk/scripts/augustus.2.5.5/bin/augustus --codingseq=1 --proteinprofile=/kmk/databases/metazoa_odb10/prfl/586310at33208a.prfl --predictionStart=3109353 --predictionEnd=3122678 --species=fly busco_out/BUSCO_metazoa.fasta/run_metazoa_odb10/blast_output/sequences/scaffold_3.temp
DEBUG:busco.Toolset	cmd call: /kmk/scripts/augustus.2.5.5/bin/augustus --codingseq=1 --proteinprofile=/kmk/databases/metazoa_odb10/prfl/605189at33208a.prfl --predictionStart=41779158 --predictionEnd=41793889 --species=fly busco_out/BUSCO_metazoa.fasta/run_metazoa_odb10/blast_output/sequences/scaffold_1.temp
DEBUG:busco.Toolset	cmd call: /kmk/scripts/augustus.2.5.5/bin/augustus --codingseq=1 --proteinprofile=/kmk/databases/metazoa_odb10/prfl/468359at33208a.prfl --predictionStart=9432166 --predictionEnd=9460344 --species=fly busco_out/BUSCO_metazoa.fasta/run_metazoa_odb10/blast_output/sequences/scaffold_3.temp
DEBUG:busco.Toolset	cmd call: /kmk/scripts/augustus.2.5.5/bin/augustus --codingseq=1 --proteinprofile=/kmk/databases/metazoa_odb10/prfl/586690at33208a.prfl --predictionStart=34247288 --predictionEnd=34260150 --species=fly busco_out/BUSCO_metazoa.fasta/run_metazoa_odb10/blast_output/sequences/scaffold_4.temp
DEBUG:busco.Toolset	cmd call: /kmk/scripts/augustus.2.5.5/bin/augustus --codingseq=1 --proteinprofile=/kmk/databases/metazoa_odb10/prfl/636041at33208a.prfl --predictionStart=21823288 --predictionEnd=21835418 --species=fly busco_out/BUSCO_metazoa.fasta/run_metazoa_odb10/blast_output/sequences/scaffold_8.temp
DEBUG:busco.Toolset	cmd call: /kmk/scripts/augustus.2.5.5/bin/augustus --codingseq=1 --proteinprofile=/kmk/databases/metazoa_odb10/prfl/517968at33208a.prfl --predictionStart=2909749 --predictionEnd=2921894 --species=fly busco_out/BUSCO_metazoa.fasta/run_metazoa_odb10/blast_output/sequences/scaffold_3.temp
DEBUG:busco.Toolset	cmd call: /kmk/scripts/augustus.2.5.5/bin/augustus --codingseq=1 --proteinprofile=/kmk/databases/metazoa_odb10/prfl/560694at33208a.prfl --predictionStart=44886375 --predictionEnd=44899237 --species=fly busco_out/BUSCO_metazoa.fasta/run_metazoa_odb10/blast_output/sequences/scaffold_1.temp
DEBUG:busco.Toolset	cmd call: /kmk/scripts/augustus.2.5.5/bin/augustus --codingseq=1 --proteinprofile=/kmk/databases/metazoa_odb10/prfl/606958at33208a.prfl --predictionStart=3814040 --predictionEnd=3827531 --species=fly busco_out/BUSCO_metazoa.fasta/run_metazoa_odb10/blast_output/sequences/scaffold_4.temp
DEBUG:busco.Toolset	cmd call: /kmk/scripts/augustus.2.5.5/bin/augustus --codingseq=1 --proteinprofile=/kmk/databases/metazoa_odb10/prfl/447400at33208a.prfl --predictionStart=6008357 --predictionEnd=6021270 --species=fly busco_out/BUSCO_metazoa.fasta/run_metazoa_odb10/blast_output/sequences/scaffold_5.temp
DEBUG:busco.Toolset	cmd call: /kmk/scripts/augustus.2.5.5/bin/augustus --codingseq=1 --proteinprofile=/kmk/databases/metazoa_odb10/prfl/454911at33208a.prfl --predictionStart=15092879 --predictionEnd=15131433 --species=fly busco_out/BUSCO_metazoa.fasta/run_metazoa_odb10/blast_output/sequences/scaffold_8.temp
DEBUG:busco.Toolset	cmd call: /kmk/scripts/augustus.2.5.5/bin/augustus --codingseq=1 --proteinprofile=/kmk/databases/metazoa_odb10/prfl/247183at33208a.prfl --predictionStart=11208172 --predictionEnd=11228965 --species=fly busco_out/BUSCO_metazoa.fasta/run_metazoa_odb10/blast_output/sequences/scaffold_4.temp
DEBUG:busco.Toolset	cmd call: /kmk/scripts/augustus.2.5.5/bin/augustus --codingseq=1 --proteinprofile=/kmk/databases/metazoa_odb10/prfl/333800at33208a.prfl --predictionStart=19774773 --predictionEnd=19792876 --species=fly busco_out/BUSCO_metazoa.fasta/run_metazoa_odb10/blast_output/sequences/scaffold_2.temp
DEBUG:busco.Toolset	cmd call: /kmk/scripts/augustus.2.5.5/bin/augustus --codingseq=1 --proteinprofile=/kmk/databases/metazoa_odb10/prfl/551632at33208a.prfl --predictionStart=12213285 --predictionEnd=12226931 --species=fly busco_out/BUSCO_metazoa.fasta/run_metazoa_odb10/blast_output/sequences/scaffold_4.temp
DEBUG:busco.Toolset	cmd call: /kmk/scripts/augustus.2.5.5/bin/augustus --codingseq=1 --proteinprofile=/kmk/databases/metazoa_odb10/prfl/465401at33208a.prfl --predictionStart=29151627 --predictionEnd=29164498 --species=fly busco_out/BUSCO_metazoa.fasta/run_metazoa_odb10/blast_output/sequences/scaffold_5.temp
DEBUG:busco.Toolset	cmd call: /kmk/scripts/augustus.2.5.5/bin/augustus --codingseq=1 --proteinprofile=/kmk/databases/metazoa_odb10/prfl/465401at33208a.prfl --predictionStart=56279134 --predictionEnd=56291798 --species=fly busco_out/BUSCO_metazoa.fasta/run_metazoa_odb10/blast_output/sequences/scaffold_1.temp
DEBUG:busco.Toolset	cmd call: /kmk/scripts/augustus.2.5.5/bin/augustus --codingseq=1 --proteinprofile=/kmk/databases/metazoa_odb10/prfl/465401at33208a.prfl --predictionStart=3645262 --predictionEnd=3657959 --species=fly busco_out/BUSCO_metazoa.fasta/run_metazoa_odb10/blast_output/sequences/scaffold_3.temp
DEBUG:busco.Toolset	cmd call: /kmk/scripts/augustus.2.5.5/bin/augustus --codingseq=1 --proteinprofile=/kmk/databases/metazoa_odb10/prfl/606776at33208a.prfl --predictionStart=2163762 --predictionEnd=2176291 --species=fly busco_out/BUSCO_metazoa.fasta/run_metazoa_odb10/blast_output/sequences/scaffold_9.temp
DEBUG:busco.Toolset	cmd call: /kmk/scripts/augustus.2.5.5/bin/augustus --codingseq=1 --proteinprofile=/kmk/databases/metazoa_odb10/prfl/271297at33208a.prfl --predictionStart=33195645 --predictionEnd=33208452 --species=fly busco_out/BUSCO_metazoa.fasta/run_metazoa_odb10/blast_output/sequences/scaffold_5.temp
DEBUG:busco.Toolset	cmd call: /kmk/scripts/augustus.2.5.5/bin/augustus --codingseq=1 --proteinprofile=/kmk/databases/metazoa_odb10/prfl/475826at33208a.prfl --predictionStart=20502356 --predictionEnd=20515512 --species=fly busco_out/BUSCO_metazoa.fasta/run_metazoa_odb10/blast_output/sequences/scaffold_6.temp
DEBUG:busco.Toolset	cmd call: /kmk/scripts/augustus.2.5.5/bin/augustus --codingseq=1 --proteinprofile=/kmk/databases/metazoa_odb10/prfl/622172at33208a.prfl --predictionStart=7341811 --predictionEnd=7369240 --species=fly busco_out/BUSCO_metazoa.fasta/run_metazoa_odb10/blast_output/sequences/scaffold_7.temp
DEBUG:busco.Toolset	cmd call: /kmk/scripts/augustus.2.5.5/bin/augustus --codingseq=1 --proteinprofile=/kmk/databases/metazoa_odb10/prfl/432155at33208a.prfl --predictionStart=32366484 --predictionEnd=32380749 --species=fly busco_out/BUSCO_metazoa.fasta/run_metazoa_odb10/blast_output/sequences/scaffold_3.temp
DEBUG:busco.Toolset	cmd call: /kmk/scripts/augustus.2.5.5/bin/augustus --codingseq=1 --proteinprofile=/kmk/databases/metazoa_odb10/prfl/399439at33208a.prfl --predictionStart=20813583 --predictionEnd=20826503 --species=fly busco_out/BUSCO_metazoa.fasta/run_metazoa_odb10/blast_output/sequences/scaffold_3.temp
DEBUG:busco.Toolset	cmd call: /kmk/scripts/augustus.2.5.5/bin/augustus --codingseq=1 --proteinprofile=/kmk/databases/metazoa_odb10/prfl/600823at33208a.prfl --predictionStart=51546269 --predictionEnd=51560054 --species=fly busco_out/BUSCO_metazoa.fasta/run_metazoa_odb10/blast_output/sequences/scaffold_1.temp
DEBUG:busco.Toolset	cmd call: /kmk/scripts/augustus.2.5.5/bin/augustus --codingseq=1 --proteinprofile=/kmk/databases/metazoa_odb10/prfl/334820at33208a.prfl --predictionStart=8083158 --predictionEnd=8098652 --species=fly busco_out/BUSCO_metazoa.fasta/run_metazoa_odb10/blast_output/sequences/scaffold_9.temp
DEBUG:busco.Toolset	cmd call: /kmk/scripts/augustus.2.5.5/bin/augustus --codingseq=1 --proteinprofile=/kmk/databases/metazoa_odb10/prfl/442823at33208a.prfl --predictionStart=43600367 --predictionEnd=43616539 --species=fly busco_out/BUSCO_metazoa.fasta/run_metazoa_odb10/blast_output/sequences/scaffold_3.temp
DEBUG:busco.Toolset	cmd call: /kmk/scripts/augustus.2.5.5/bin/augustus --codingseq=1 --proteinprofile=/kmk/databases/metazoa_odb10/prfl/393291at33208a.prfl --predictionStart=44967416 --predictionEnd=44979621 --species=fly busco_out/BUSCO_metazoa.fasta/run_metazoa_odb10/blast_output/sequences/scaffold_1.temp
DEBUG:busco.Toolset	cmd call: /kmk/scripts/augustus.2.5.5/bin/augustus --codingseq=1 --proteinprofile=/kmk/databases/metazoa_odb10/prfl/226941at33208a.prfl --predictionStart=29183654 --predictionEnd=29199382 --species=fly busco_out/BUSCO_metazoa.fasta/run_metazoa_odb10/blast_output/sequences/scaffold_5.temp
DEBUG:busco.Toolset	cmd call: /kmk/scripts/augustus.2.5.5/bin/augustus --codingseq=1 --proteinprofile=/kmk/databases/metazoa_odb10/prfl/514740at33208a.prfl --predictionStart=14273129 --predictionEnd=14286712 --species=fly busco_out/BUSCO_metazoa.fasta/run_metazoa_odb10/blast_output/sequences/scaffold_6.temp
DEBUG:busco.Toolset	cmd call: /kmk/scripts/augustus.2.5.5/bin/augustus --codingseq=1 --proteinprofile=/kmk/databases/metazoa_odb10/prfl/585305at33208a.prfl --predictionStart=16307973 --predictionEnd=16320700 --species=fly busco_out/BUSCO_metazoa.fasta/run_metazoa_odb10/blast_output/sequences/scaffold_5.temp
DEBUG:busco.Toolset	cmd call: /kmk/scripts/augustus.2.5.5/bin/augustus --codingseq=1 --proteinprofile=/kmk/databases/metazoa_odb10/prfl/457777at33208a.prfl --predictionStart=32513115 --predictionEnd=32528766 --species=fly busco_out/BUSCO_metazoa.fasta/run_metazoa_odb10/blast_output/sequences/scaffold_5.temp
DEBUG:busco.Toolset	cmd call: /kmk/scripts/augustus.2.5.5/bin/augustus --codingseq=1 --proteinprofile=/kmk/databases/metazoa_odb10/prfl/365691at33208a.prfl --predictionStart=7424818 --predictionEnd=7442066 --species=fly busco_out/BUSCO_metazoa.fasta/run_metazoa_odb10/blast_output/sequences/scaffold_4.temp
DEBUG:busco.Toolset	cmd call: /kmk/scripts/augustus.2.5.5/bin/augustus --codingseq=1 --proteinprofile=/kmk/databases/metazoa_odb10/prfl/186707at33208a.prfl --predictionStart=8787460 --predictionEnd=8818455 --species=fly busco_out/BUSCO_metazoa.fasta/run_metazoa_odb10/blast_output/sequences/scaffold_5.temp
DEBUG:busco.Toolset	cmd call: /kmk/scripts/augustus.2.5.5/bin/augustus --codingseq=1 --proteinprofile=/kmk/databases/metazoa_odb10/prfl/361100at33208a.prfl --predictionStart=454208 --predictionEnd=470596 --species=fly busco_out/BUSCO_metazoa.fasta/run_metazoa_odb10/blast_output/sequences/scaffold_6.temp
DEBUG:busco.Toolset	cmd call: /kmk/scripts/augustus.2.5.5/bin/augustus --codingseq=1 --proteinprofile=/kmk/databases/metazoa_odb10/prfl/535650at33208a.prfl --predictionStart=44171207 --predictionEnd=44185044 --species=fly busco_out/BUSCO_metazoa.fasta/run_metazoa_odb10/blast_output/sequences/scaffold_3.temp
DEBUG:busco.Toolset	cmd call: /kmk/scripts/augustus.2.5.5/bin/augustus --codingseq=1 --proteinprofile=/kmk/databases/metazoa_odb10/prfl/517311at33208a.prfl --predictionStart=21416741 --predictionEnd=21430487 --species=fly busco_out/BUSCO_metazoa.fasta/run_metazoa_odb10/blast_output/sequences/scaffold_5.temp
DEBUG:busco.Toolset	cmd call: /kmk/scripts/augustus.2.5.5/bin/augustus --codingseq=1 --proteinprofile=/kmk/databases/metazoa_odb10/prfl/582265at33208a.prfl --predictionStart=17819924 --predictionEnd=17837986 --species=fly busco_out/BUSCO_metazoa.fasta/run_metazoa_odb10/blast_output/sequences/scaffold_1.temp
DEBUG:busco.Toolset	cmd call: /kmk/scripts/augustus.2.5.5/bin/augustus --codingseq=1 --proteinprofile=/kmk/databases/metazoa_odb10/prfl/348449at33208a.prfl --predictionStart=54803717 --predictionEnd=54817616 --species=fly busco_out/BUSCO_metazoa.fasta/run_metazoa_odb10/blast_output/sequences/scaffold_1.temp
DEBUG:busco.Toolset	cmd call: /kmk/scripts/augustus.2.5.5/bin/augustus --codingseq=1 --proteinprofile=/kmk/databases/metazoa_odb10/prfl/180808at33208a.prfl --predictionStart=11028094 --predictionEnd=11048432 --species=fly busco_out/BUSCO_metazoa.fasta/run_metazoa_odb10/blast_output/sequences/scaffold_7.temp
DEBUG:busco.Toolset	cmd call: /kmk/scripts/augustus.2.5.5/bin/augustus --codingseq=1 --proteinprofile=/kmk/databases/metazoa_odb10/prfl/504292at33208a.prfl --predictionStart=34634969 --predictionEnd=34650111 --species=fly busco_out/BUSCO_metazoa.fasta/run_metazoa_odb10/blast_output/sequences/scaffold_1.temp
DEBUG:busco.Toolset	cmd call: /kmk/scripts/augustus.2.5.5/bin/augustus --codingseq=1 --proteinprofile=/kmk/databases/metazoa_odb10/prfl/539234at33208a.prfl --predictionStart=10014625 --predictionEnd=10028754 --species=fly busco_out/BUSCO_metazoa.fasta/run_metazoa_odb10/blast_output/sequences/scaffold_7.temp
DEBUG:busco.Toolset	cmd call: /kmk/scripts/augustus.2.5.5/bin/augustus --codingseq=1 --proteinprofile=/kmk/databases/metazoa_odb10/prfl/571944at33208a.prfl --predictionStart=20000950 --predictionEnd=20014870 --species=fly busco_out/BUSCO_metazoa.fasta/run_metazoa_odb10/blast_output/sequences/scaffold_5.temp
DEBUG:busco.Toolset	cmd call: /kmk/scripts/augustus.2.5.5/bin/augustus --codingseq=1 --proteinprofile=/kmk/databases/metazoa_odb10/prfl/566026at33208a.prfl --predictionStart=30527523 --predictionEnd=30540749 --species=fly busco_out/BUSCO_metazoa.fasta/run_metazoa_odb10/blast_output/sequences/scaffold_4.temp
DEBUG:busco.Toolset	cmd call: /kmk/scripts/augustus.2.5.5/bin/augustus --codingseq=1 --proteinprofile=/kmk/databases/metazoa_odb10/prfl/451957at33208a.prfl --predictionStart=18433041 --predictionEnd=18461974 --species=fly busco_out/BUSCO_metazoa.fasta/run_metazoa_odb10/blast_output/sequences/scaffold_6.temp
DEBUG:busco.Toolset	cmd call: /kmk/scripts/augustus.2.5.5/bin/augustus --codingseq=1 --proteinprofile=/kmk/databases/metazoa_odb10/prfl/582951at33208a.prfl --predictionStart=55622950 --predictionEnd=55636375 --species=fly busco_out/BUSCO_metazoa.fasta/run_metazoa_odb10/blast_output/sequences/scaffold_1.temp
DEBUG:busco.Toolset	cmd call: /kmk/scripts/augustus.2.5.5/bin/augustus --codingseq=1 --proteinprofile=/kmk/databases/metazoa_odb10/prfl/584333at33208a.prfl --predictionStart=2136813 --predictionEnd=2149330 --species=fly busco_out/BUSCO_metazoa.fasta/run_metazoa_odb10/blast_output/sequences/scaffold_1.temp
DEBUG:busco.Toolset	cmd call: /kmk/scripts/augustus.2.5.5/bin/augustus --codingseq=1 --proteinprofile=/kmk/databases/metazoa_odb10/prfl/111730at33208a.prfl --predictionStart=1746525 --predictionEnd=1768252 --species=fly busco_out/BUSCO_metazoa.fasta/run_metazoa_odb10/blast_output/sequences/scaffold_4.temp
DEBUG:busco.Toolset	cmd call: /kmk/scripts/augustus.2.5.5/bin/augustus --codingseq=1 --proteinprofile=/kmk/databases/metazoa_odb10/prfl/572074at33208a.prfl --predictionStart=8280655 --predictionEnd=8293697 --species=fly busco_out/BUSCO_metazoa.fasta/run_metazoa_odb10/blast_output/sequences/scaffold_1.temp
DEBUG:busco.Toolset	cmd call: /kmk/scripts/augustus.2.5.5/bin/augustus --codingseq=1 --proteinprofile=/kmk/databases/metazoa_odb10/prfl/366814at33208a.prfl --predictionStart=30404633 --predictionEnd=30421785 --species=fly busco_out/BUSCO_metazoa.fasta/run_metazoa_odb10/blast_output/sequences/scaffold_3.temp
DEBUG:busco.Toolset	cmd call: /kmk/scripts/augustus.2.5.5/bin/augustus --codingseq=1 --proteinprofile=/kmk/databases/metazoa_odb10/prfl/429011at33208a.prfl --predictionStart=54505923 --predictionEnd=54519417 --species=fly busco_out/BUSCO_metazoa.fasta/run_metazoa_odb10/blast_output/sequences/scaffold_1.temp
DEBUG:busco.Toolset	cmd call: /kmk/scripts/augustus.2.5.5/bin/augustus --codingseq=1 --proteinprofile=/kmk/databases/metazoa_odb10/prfl/595858at33208a.prfl --predictionStart=2407363 --predictionEnd=2420874 --species=fly busco_out/BUSCO_metazoa.fasta/run_metazoa_odb10/blast_output/sequences/scaffold_7.temp
DEBUG:busco.Toolset	cmd call: /kmk/scripts/augustus.2.5.5/bin/augustus --codingseq=1 --proteinprofile=/kmk/databases/metazoa_odb10/prfl/486370at33208a.prfl --predictionStart=2166476 --predictionEnd=2182178 --species=fly busco_out/BUSCO_metazoa.fasta/run_metazoa_odb10/blast_output/sequences/scaffold_9.temp
DEBUG:busco.Toolset	cmd call: /kmk/scripts/augustus.2.5.5/bin/augustus --codingseq=1 --proteinprofile=/kmk/databases/metazoa_odb10/prfl/618516at33208a.prfl --predictionStart=786259 --predictionEnd=799055 --species=fly busco_out/BUSCO_metazoa.fasta/run_metazoa_odb10/blast_output/sequences/scaffold_9.temp
DEBUG:busco.Toolset	cmd call: /kmk/scripts/augustus.2.5.5/bin/augustus --codingseq=1 --proteinprofile=/kmk/databases/metazoa_odb10/prfl/503828at33208a.prfl --predictionStart=4700690 --predictionEnd=4712826 --species=fly busco_out/BUSCO_metazoa.fasta/run_metazoa_odb10/blast_output/sequences/scaffold_4.temp
DEBUG:busco.Toolset	cmd call: /kmk/scripts/augustus.2.5.5/bin/augustus --codingseq=1 --proteinprofile=/kmk/databases/metazoa_odb10/prfl/631767at33208a.prfl --predictionStart=21036396 --predictionEnd=21049446 --species=fly busco_out/BUSCO_metazoa.fasta/run_metazoa_odb10/blast_output/sequences/scaffold_9.temp
DEBUG:busco.Toolset	cmd call: /kmk/scripts/augustus.2.5.5/bin/augustus --codingseq=1 --proteinprofile=/kmk/databases/metazoa_odb10/prfl/601967at33208a.prfl --predictionStart=25231538 --predictionEnd=25243758 --species=fly busco_out/BUSCO_metazoa.fasta/run_metazoa_odb10/blast_output/sequences/scaffold_7.temp
DEBUG:busco.Toolset	cmd call: /kmk/scripts/augustus.2.5.5/bin/augustus --codingseq=1 --proteinprofile=/kmk/databases/metazoa_odb10/prfl/601967at33208a.prfl --predictionStart=3486612 --predictionEnd=3498847 --species=fly busco_out/BUSCO_metazoa.fasta/run_metazoa_odb10/blast_output/sequences/scaffold_6.temp
DEBUG:busco.Toolset	cmd call: /kmk/scripts/augustus.2.5.5/bin/augustus --codingseq=1 --proteinprofile=/kmk/databases/metazoa_odb10/prfl/601967at33208a.prfl --predictionStart=6822564 --predictionEnd=6834784 --species=fly busco_out/BUSCO_metazoa.fasta/run_metazoa_odb10/blast_output/sequences/scaffold_5.temp
DEBUG:busco.Toolset	cmd call: /kmk/scripts/augustus.2.5.5/bin/augustus --codingseq=1 --proteinprofile=/kmk/databases/metazoa_odb10/prfl/306101at33208a.prfl --predictionStart=7716996 --predictionEnd=7731809 --species=fly busco_out/BUSCO_metazoa.fasta/run_metazoa_odb10/blast_output/sequences/scaffold_6.temp
DEBUG:busco.Toolset	cmd call: /kmk/scripts/augustus.2.5.5/bin/augustus --codingseq=1 --proteinprofile=/kmk/databases/metazoa_odb10/prfl/467744at33208a.prfl --predictionStart=23402021 --predictionEnd=23415582 --species=fly busco_out/BUSCO_metazoa.fasta/run_metazoa_odb10/blast_output/sequences/scaffold_6.temp
DEBUG:busco.Toolset	cmd call: /kmk/scripts/augustus.2.5.5/bin/augustus --codingseq=1 --proteinprofile=/kmk/databases/metazoa_odb10/prfl/456998at33208a.prfl --predictionStart=25231520 --predictionEnd=25244373 --species=fly busco_out/BUSCO_metazoa.fasta/run_metazoa_odb10/blast_output/sequences/scaffold_7.temp
DEBUG:busco.Toolset	cmd call: /kmk/scripts/augustus.2.5.5/bin/augustus --codingseq=1 --proteinprofile=/kmk/databases/metazoa_odb10/prfl/448514at33208a.prfl --predictionStart=46272066 --predictionEnd=46287160 --species=fly busco_out/BUSCO_metazoa.fasta/run_metazoa_odb10/blast_output/sequences/scaffold_1.temp
DEBUG:busco.Toolset	cmd call: /kmk/scripts/augustus.2.5.5/bin/augustus --codingseq=1 --proteinprofile=/kmk/databases/metazoa_odb10/prfl/261614at33208a.prfl --predictionStart=10229483 --predictionEnd=10249798 --species=fly busco_out/BUSCO_metazoa.fasta/run_metazoa_odb10/blast_output/sequences/scaffold_9.temp
DEBUG:busco.Toolset	cmd call: /kmk/scripts/augustus.2.5.5/bin/augustus --codingseq=1 --proteinprofile=/kmk/databases/metazoa_odb10/prfl/134492at33208a.prfl --predictionStart=40881179 --predictionEnd=40911477 --species=fly busco_out/BUSCO_metazoa.fasta/run_metazoa_odb10/blast_output/sequences/scaffold_3.temp
DEBUG:busco.Toolset	cmd call: /kmk/scripts/augustus.2.5.5/bin/augustus --codingseq=1 --proteinprofile=/kmk/databases/metazoa_odb10/prfl/537923at33208a.prfl --predictionStart=19772377 --predictionEnd=19787733 --species=fly busco_out/BUSCO_metazoa.fasta/run_metazoa_odb10/blast_output/sequences/scaffold_8.temp
DEBUG:busco.Toolset	cmd call: /kmk/scripts/augustus.2.5.5/bin/augustus --codingseq=1 --proteinprofile=/kmk/databases/metazoa_odb10/prfl/523534at33208a.prfl --predictionStart=34042554 --predictionEnd=34057206 --species=fly busco_out/BUSCO_metazoa.fasta/run_metazoa_odb10/blast_output/sequences/scaffold_5.temp
DEBUG:busco.Toolset	cmd call: /kmk/scripts/augustus.2.5.5/bin/augustus --codingseq=1 --proteinprofile=/kmk/databases/metazoa_odb10/prfl/465512at33208a.prfl --predictionStart=46362066 --predictionEnd=46389524 --species=fly busco_out/BUSCO_metazoa.fasta/run_metazoa_odb10/blast_output/sequences/scaffold_1.temp
DEBUG:busco.Toolset	cmd call: /kmk/scripts/augustus.2.5.5/bin/augustus --codingseq=1 --proteinprofile=/kmk/databases/metazoa_odb10/prfl/516078at33208a.prfl --predictionStart=20980011 --predictionEnd=20994660 --species=fly busco_out/BUSCO_metazoa.fasta/run_metazoa_odb10/blast_output/sequences/scaffold_3.temp
DEBUG:busco.Toolset	cmd call: /kmk/scripts/augustus.2.5.5/bin/augustus --codingseq=1 --proteinprofile=/kmk/databases/metazoa_odb10/prfl/490248at33208a.prfl --predictionStart=13028252 --predictionEnd=13041732 --species=fly busco_out/BUSCO_metazoa.fasta/run_metazoa_odb10/blast_output/sequences/scaffold_1.temp
DEBUG:busco.Toolset	cmd call: /kmk/scripts/augustus.2.5.5/bin/augustus --codingseq=1 --proteinprofile=/kmk/databases/metazoa_odb10/prfl/364694at33208a.prfl --predictionStart=36336877 --predictionEnd=36356524 --species=fly busco_out/BUSCO_metazoa.fasta/run_metazoa_odb10/blast_output/sequences/scaffold_3.temp
DEBUG:busco.Toolset	cmd call: /kmk/scripts/augustus.2.5.5/bin/augustus --codingseq=1 --proteinprofile=/kmk/databases/metazoa_odb10/prfl/131349at33208a.prfl --predictionStart=4450087 --predictionEnd=4477922 --species=fly busco_out/BUSCO_metazoa.fasta/run_metazoa_odb10/blast_output/sequences/scaffold_7.temp
DEBUG:busco.Toolset	cmd call: /kmk/scripts/augustus.2.5.5/bin/augustus --codingseq=1 --proteinprofile=/kmk/databases/metazoa_odb10/prfl/382262at33208a.prfl --predictionStart=13506183 --predictionEnd=13530729 --species=fly busco_out/BUSCO_metazoa.fasta/run_metazoa_odb10/blast_output/sequences/scaffold_8.temp
DEBUG:busco.Toolset	cmd call: /kmk/scripts/augustus.2.5.5/bin/augustus --codingseq=1 --proteinprofile=/kmk/databases/metazoa_odb10/prfl/206786at33208a.prfl --predictionStart=40277244 --predictionEnd=40295313 --species=fly busco_out/BUSCO_metazoa.fasta/run_metazoa_odb10/blast_output/sequences/scaffold_3.temp
DEBUG:busco.Toolset	cmd call: /kmk/scripts/augustus.2.5.5/bin/augustus --codingseq=1 --proteinprofile=/kmk/databases/metazoa_odb10/prfl/389591at33208a.prfl --predictionStart=10656320 --predictionEnd=10713664 --species=fly busco_out/BUSCO_metazoa.fasta/run_metazoa_odb10/blast_output/sequences/scaffold_7.temp
DEBUG:busco.Toolset	cmd call: /kmk/scripts/augustus.2.5.5/bin/augustus --codingseq=1 --proteinprofile=/kmk/databases/metazoa_odb10/prfl/556445at33208a.prfl --predictionStart=34020055 --predictionEnd=34032371 --species=fly busco_out/BUSCO_metazoa.fasta/run_metazoa_odb10/blast_output/sequences/scaffold_5.temp
DEBUG:busco.Toolset	cmd call: /kmk/scripts/augustus.2.5.5/bin/augustus --codingseq=1 --proteinprofile=/kmk/databases/metazoa_odb10/prfl/311761at33208a.prfl --predictionStart=42748466 --predictionEnd=42793997 --species=fly busco_out/BUSCO_metazoa.fasta/run_metazoa_odb10/blast_output/sequences/scaffold_1.temp
DEBUG:busco.Toolset	cmd call: /kmk/scripts/augustus.2.5.5/bin/augustus --codingseq=1 --proteinprofile=/kmk/databases/metazoa_odb10/prfl/435253at33208a.prfl --predictionStart=16440161 --predictionEnd=16467676 --species=fly busco_out/BUSCO_metazoa.fasta/run_metazoa_odb10/blast_output/sequences/scaffold_8.temp
DEBUG:busco.Toolset	cmd call: /kmk/scripts/augustus.2.5.5/bin/augustus --codingseq=1 --proteinprofile=/kmk/databases/metazoa_odb10/prfl/519777at33208a.prfl --predictionStart=16911167 --predictionEnd=16923384 --species=fly busco_out/BUSCO_metazoa.fasta/run_metazoa_odb10/blast_output/sequences/scaffold_3.temp
DEBUG:busco.Toolset	cmd call: /kmk/scripts/augustus.2.5.5/bin/augustus --codingseq=1 --proteinprofile=/kmk/databases/metazoa_odb10/prfl/581547at33208a.prfl --predictionStart=38971774 --predictionEnd=38984905 --species=fly busco_out/BUSCO_metazoa.fasta/run_metazoa_odb10/blast_output/sequences/scaffold_1.temp
DEBUG:busco.Toolset	cmd call: /kmk/scripts/augustus.2.5.5/bin/augustus --codingseq=1 --proteinprofile=/kmk/databases/metazoa_odb10/prfl/438453at33208a.prfl --predictionStart=4606362 --predictionEnd=4623434 --species=fly busco_out/BUSCO_metazoa.fasta/run_metazoa_odb10/blast_output/sequences/scaffold_3.temp
DEBUG:busco.Toolset	cmd call: /kmk/scripts/augustus.2.5.5/bin/augustus --codingseq=1 --proteinprofile=/kmk/databases/metazoa_odb10/prfl/65302at33208a.prfl --predictionStart=18891400 --predictionEnd=18915152 --species=fly busco_out/BUSCO_metazoa.fasta/run_metazoa_odb10/blast_output/sequences/scaffold_3.temp
DEBUG:busco.Toolset	cmd call: /kmk/scripts/augustus.2.5.5/bin/augustus --codingseq=1 --proteinprofile=/kmk/databases/metazoa_odb10/prfl/571149at33208a.prfl --predictionStart=4335685 --predictionEnd=4348133 --species=fly busco_out/BUSCO_metazoa.fasta/run_metazoa_odb10/blast_output/sequences/scaffold_1.temp
DEBUG:busco.Toolset	cmd call: /kmk/scripts/augustus.2.5.5/bin/augustus --codingseq=1 --proteinprofile=/kmk/databases/metazoa_odb10/prfl/368875at33208a.prfl --predictionStart=3851000 --predictionEnd=3864125 --species=fly busco_out/BUSCO_metazoa.fasta/run_metazoa_odb10/blast_output/sequences/scaffold_6.temp
DEBUG:busco.Toolset	cmd call: /kmk/scripts/augustus.2.5.5/bin/augustus --codingseq=1 --proteinprofile=/kmk/databases/metazoa_odb10/prfl/566527at33208a.prfl --predictionStart=4495168 --predictionEnd=4509475 --species=fly busco_out/BUSCO_metazoa.fasta/run_metazoa_odb10/blast_output/sequences/scaffold_9.temp
DEBUG:busco.Toolset	cmd call: /kmk/scripts/augustus.2.5.5/bin/augustus --codingseq=1 --proteinprofile=/kmk/databases/metazoa_odb10/prfl/409006at33208a.prfl --predictionStart=42387369 --predictionEnd=42404951 --species=fly busco_out/BUSCO_metazoa.fasta/run_metazoa_odb10/blast_output/sequences/scaffold_3.temp
DEBUG:busco.Toolset	cmd call: /kmk/scripts/augustus.2.5.5/bin/augustus --codingseq=1 --proteinprofile=/kmk/databases/metazoa_odb10/prfl/303117at33208a.prfl --predictionStart=23655476 --predictionEnd=23673902 --species=fly busco_out/BUSCO_metazoa.fasta/run_metazoa_odb10/blast_output/sequences/scaffold_3.temp
DEBUG:busco.Toolset	cmd call: /kmk/scripts/augustus.2.5.5/bin/augustus --codingseq=1 --proteinprofile=/kmk/databases/metazoa_odb10/prfl/334764at33208a.prfl --predictionStart=8080639 --predictionEnd=8093708 --species=fly busco_out/BUSCO_metazoa.fasta/run_metazoa_odb10/blast_output/sequences/scaffold_8.temp
DEBUG:busco.Toolset	cmd call: /kmk/scripts/augustus.2.5.5/bin/augustus --codingseq=1 --proteinprofile=/kmk/databases/metazoa_odb10/prfl/631798at33208a.prfl --predictionStart=10077456 --predictionEnd=10089823 --species=fly busco_out/BUSCO_metazoa.fasta/run_metazoa_odb10/blast_output/sequences/scaffold_1.temp
DEBUG:busco.Toolset	cmd call: /kmk/scripts/augustus.2.5.5/bin/augustus --codingseq=1 --proteinprofile=/kmk/databases/metazoa_odb10/prfl/427789at33208a.prfl --predictionStart=36005096 --predictionEnd=36020395 --species=fly busco_out/BUSCO_metazoa.fasta/run_metazoa_odb10/blast_output/sequences/scaffold_4.temp
DEBUG:busco.Toolset	cmd call: /kmk/scripts/augustus.2.5.5/bin/augustus --codingseq=1 --proteinprofile=/kmk/databases/metazoa_odb10/prfl/617441at33208a.prfl --predictionStart=8016639 --predictionEnd=8029526 --species=fly busco_out/BUSCO_metazoa.fasta/run_metazoa_odb10/blast_output/sequences/scaffold_8.temp
DEBUG:busco.Toolset	cmd call: /kmk/scripts/augustus.2.5.5/bin/augustus --codingseq=1 --proteinprofile=/kmk/databases/metazoa_odb10/prfl/615531at33208a.prfl --predictionStart=18008868 --predictionEnd=18027236 --species=fly busco_out/BUSCO_metazoa.fasta/run_metazoa_odb10/blast_output/sequences/scaffold_9.temp
DEBUG:busco.Toolset	cmd call: /kmk/scripts/augustus.2.5.5/bin/augustus --codingseq=1 --proteinprofile=/kmk/databases/metazoa_odb10/prfl/618986at33208a.prfl --predictionStart=25853009 --predictionEnd=25865199 --species=fly busco_out/BUSCO_metazoa.fasta/run_metazoa_odb10/blast_output/sequences/scaffold_8.temp
DEBUG:busco.Toolset	cmd call: /kmk/scripts/augustus.2.5.5/bin/augustus --codingseq=1 --proteinprofile=/kmk/databases/metazoa_odb10/prfl/393895at33208a.prfl --predictionStart=19332180 --predictionEnd=19351538 --species=fly busco_out/BUSCO_metazoa.fasta/run_metazoa_odb10/blast_output/sequences/scaffold_4.temp
DEBUG:busco.Toolset	cmd call: /kmk/scripts/augustus.2.5.5/bin/augustus --codingseq=1 --proteinprofile=/kmk/databases/metazoa_odb10/prfl/187280at33208a.prfl --predictionStart=53701036 --predictionEnd=53720784 --species=fly busco_out/BUSCO_metazoa.fasta/run_metazoa_odb10/blast_output/sequences/scaffold_1.temp
INFO:busco.Toolset	[augustus]	763 of 953 task(s) completed
DEBUG:busco.Toolset	cmd call: /kmk/scripts/augustus.2.5.5/bin/augustus --codingseq=1 --proteinprofile=/kmk/databases/metazoa_odb10/prfl/525888at33208a.prfl --predictionStart=12806039 --predictionEnd=12820421 --species=fly busco_out/BUSCO_metazoa.fasta/run_metazoa_odb10/blast_output/sequences/scaffold_4.temp
DEBUG:busco.Toolset	cmd call: /kmk/scripts/augustus.2.5.5/bin/augustus --codingseq=1 --proteinprofile=/kmk/databases/metazoa_odb10/prfl/255242at33208a.prfl --predictionStart=38188674 --predictionEnd=38203312 --species=fly busco_out/BUSCO_metazoa.fasta/run_metazoa_odb10/blast_output/sequences/scaffold_1.temp
DEBUG:busco.Toolset	cmd call: /kmk/scripts/augustus.2.5.5/bin/augustus --codingseq=1 --proteinprofile=/kmk/databases/metazoa_odb10/prfl/127766at33208a.prfl --predictionStart=12279041 --predictionEnd=12298309 --species=fly busco_out/BUSCO_metazoa.fasta/run_metazoa_odb10/blast_output/sequences/scaffold_5.temp
DEBUG:busco.Toolset	cmd call: /kmk/scripts/augustus.2.5.5/bin/augustus --codingseq=1 --proteinprofile=/kmk/databases/metazoa_odb10/prfl/495207at33208a.prfl --predictionStart=51427776 --predictionEnd=51439966 --species=fly busco_out/BUSCO_metazoa.fasta/run_metazoa_odb10/blast_output/sequences/scaffold_1.temp
DEBUG:busco.Toolset	cmd call: /kmk/scripts/augustus.2.5.5/bin/augustus --codingseq=1 --proteinprofile=/kmk/databases/metazoa_odb10/prfl/585656at33208a.prfl --predictionStart=29492684 --predictionEnd=29507954 --species=fly busco_out/BUSCO_metazoa.fasta/run_metazoa_odb10/blast_output/sequences/scaffold_5.temp
DEBUG:busco.Toolset	cmd call: /kmk/scripts/augustus.2.5.5/bin/augustus --codingseq=1 --proteinprofile=/kmk/databases/metazoa_odb10/prfl/135294at33208a.prfl --predictionStart=35354765 --predictionEnd=35373611 --species=fly busco_out/BUSCO_metazoa.fasta/run_metazoa_odb10/blast_output/sequences/scaffold_1.temp
DEBUG:busco.Toolset	cmd call: /kmk/scripts/augustus.2.5.5/bin/augustus --codingseq=1 --proteinprofile=/kmk/databases/metazoa_odb10/prfl/135294at33208a.prfl --predictionStart=24997316 --predictionEnd=25018051 --species=fly busco_out/BUSCO_metazoa.fasta/run_metazoa_odb10/blast_output/sequences/scaffold_4.temp
DEBUG:busco.Toolset	cmd call: /kmk/scripts/augustus.2.5.5/bin/augustus --codingseq=1 --proteinprofile=/kmk/databases/metazoa_odb10/prfl/395183at33208a.prfl --predictionStart=13316175 --predictionEnd=13328932 --species=fly busco_out/BUSCO_metazoa.fasta/run_metazoa_odb10/blast_output/sequences/scaffold_6.temp
DEBUG:busco.Toolset	cmd call: /kmk/scripts/augustus.2.5.5/bin/augustus --codingseq=1 --proteinprofile=/kmk/databases/metazoa_odb10/prfl/324249at33208a.prfl --predictionStart=30866950 --predictionEnd=30884137 --species=fly busco_out/BUSCO_metazoa.fasta/run_metazoa_odb10/blast_output/sequences/scaffold_4.temp
DEBUG:busco.Toolset	cmd call: /kmk/scripts/augustus.2.5.5/bin/augustus --codingseq=1 --proteinprofile=/kmk/databases/metazoa_odb10/prfl/516716at33208a.prfl --predictionStart=11729117 --predictionEnd=11744154 --species=fly busco_out/BUSCO_metazoa.fasta/run_metazoa_odb10/blast_output/sequences/scaffold_8.temp
DEBUG:busco.Toolset	cmd call: /kmk/scripts/augustus.2.5.5/bin/augustus --codingseq=1 --proteinprofile=/kmk/databases/metazoa_odb10/prfl/363851at33208a.prfl --predictionStart=34505357 --predictionEnd=34518717 --species=fly busco_out/BUSCO_metazoa.fasta/run_metazoa_odb10/blast_output/sequences/scaffold_1.temp
DEBUG:busco.Toolset	cmd call: /kmk/scripts/augustus.2.5.5/bin/augustus --codingseq=1 --proteinprofile=/kmk/databases/metazoa_odb10/prfl/168850at33208a.prfl --predictionStart=21143372 --predictionEnd=21168107 --species=fly busco_out/BUSCO_metazoa.fasta/run_metazoa_odb10/blast_output/sequences/scaffold_8.temp
DEBUG:busco.Toolset	cmd call: /kmk/scripts/augustus.2.5.5/bin/augustus --codingseq=1 --proteinprofile=/kmk/databases/metazoa_odb10/prfl/189414at33208a.prfl --predictionStart=10098388 --predictionEnd=10117849 --species=fly busco_out/BUSCO_metazoa.fasta/run_metazoa_odb10/blast_output/sequences/scaffold_2.temp
DEBUG:busco.Toolset	cmd call: /kmk/scripts/augustus.2.5.5/bin/augustus --codingseq=1 --proteinprofile=/kmk/databases/metazoa_odb10/prfl/424646at33208a.prfl --predictionStart=11174928 --predictionEnd=11187202 --species=fly busco_out/BUSCO_metazoa.fasta/run_metazoa_odb10/blast_output/sequences/scaffold_5.temp
DEBUG:busco.Toolset	cmd call: /kmk/scripts/augustus.2.5.5/bin/augustus --codingseq=1 --proteinprofile=/kmk/databases/metazoa_odb10/prfl/633007at33208a.prfl --predictionStart=17273017 --predictionEnd=17285463 --species=fly busco_out/BUSCO_metazoa.fasta/run_metazoa_odb10/blast_output/sequences/scaffold_6.temp
DEBUG:busco.Toolset	cmd call: /kmk/scripts/augustus.2.5.5/bin/augustus --codingseq=1 --proteinprofile=/kmk/databases/metazoa_odb10/prfl/522988at33208a.prfl --predictionStart=14356838 --predictionEnd=14372886 --species=fly busco_out/BUSCO_metazoa.fasta/run_metazoa_odb10/blast_output/sequences/scaffold_1.temp
DEBUG:busco.Toolset	cmd call: /kmk/scripts/augustus.2.5.5/bin/augustus --codingseq=1 --proteinprofile=/kmk/databases/metazoa_odb10/prfl/552201at33208a.prfl --predictionStart=29146781 --predictionEnd=29160108 --species=fly busco_out/BUSCO_metazoa.fasta/run_metazoa_odb10/blast_output/sequences/scaffold_5.temp
DEBUG:busco.Toolset	cmd call: /kmk/scripts/augustus.2.5.5/bin/augustus --codingseq=1 --proteinprofile=/kmk/databases/metazoa_odb10/prfl/552201at33208a.prfl --predictionStart=31568805 --predictionEnd=31581244 --species=fly busco_out/BUSCO_metazoa.fasta/run_metazoa_odb10/blast_output/sequences/scaffold_4.temp
DEBUG:busco.Toolset	cmd call: /kmk/scripts/augustus.2.5.5/bin/augustus --codingseq=1 --proteinprofile=/kmk/databases/metazoa_odb10/prfl/234290at33208a.prfl --predictionStart=15073329 --predictionEnd=15087376 --species=fly busco_out/BUSCO_metazoa.fasta/run_metazoa_odb10/blast_output/sequences/scaffold_4.temp
DEBUG:busco.Toolset	cmd call: /kmk/scripts/augustus.2.5.5/bin/augustus --codingseq=1 --proteinprofile=/kmk/databases/metazoa_odb10/prfl/234290at33208a.prfl --predictionStart=28664295 --predictionEnd=28677994 --species=fly busco_out/BUSCO_metazoa.fasta/run_metazoa_odb10/blast_output/sequences/scaffold_5.temp
DEBUG:busco.Toolset	cmd call: /kmk/scripts/augustus.2.5.5/bin/augustus --codingseq=1 --proteinprofile=/kmk/databases/metazoa_odb10/prfl/234290at33208a.prfl --predictionStart=19262449 --predictionEnd=19294488 --species=fly busco_out/BUSCO_metazoa.fasta/run_metazoa_odb10/blast_output/sequences/scaffold_2.temp
DEBUG:busco.Toolset	cmd call: /kmk/scripts/augustus.2.5.5/bin/augustus --codingseq=1 --proteinprofile=/kmk/databases/metazoa_odb10/prfl/544546at33208a.prfl --predictionStart=2830359 --predictionEnd=2847191 --species=fly busco_out/BUSCO_metazoa.fasta/run_metazoa_odb10/blast_output/sequences/scaffold_8.temp
DEBUG:busco.Toolset	cmd call: /kmk/scripts/augustus.2.5.5/bin/augustus --codingseq=1 --proteinprofile=/kmk/databases/metazoa_odb10/prfl/414001at33208a.prfl --predictionStart=39097527 --predictionEnd=39112989 --species=fly busco_out/BUSCO_metazoa.fasta/run_metazoa_odb10/blast_output/sequences/scaffold_3.temp
DEBUG:busco.Toolset	cmd call: /kmk/scripts/augustus.2.5.5/bin/augustus --codingseq=1 --proteinprofile=/kmk/databases/metazoa_odb10/prfl/64435at33208a.prfl --predictionStart=13239814 --predictionEnd=13261802 --species=fly busco_out/BUSCO_metazoa.fasta/run_metazoa_odb10/blast_output/sequences/scaffold_1.temp
DEBUG:busco.Toolset	cmd call: /kmk/scripts/augustus.2.5.5/bin/augustus --codingseq=1 --proteinprofile=/kmk/databases/metazoa_odb10/prfl/643883at33208a.prfl --predictionStart=29125119 --predictionEnd=29137240 --species=fly busco_out/BUSCO_metazoa.fasta/run_metazoa_odb10/blast_output/sequences/scaffold_3.temp
DEBUG:busco.Toolset	cmd call: /kmk/scripts/augustus.2.5.5/bin/augustus --codingseq=1 --proteinprofile=/kmk/databases/metazoa_odb10/prfl/273989at33208a.prfl --predictionStart=15614071 --predictionEnd=15637076 --species=fly busco_out/BUSCO_metazoa.fasta/run_metazoa_odb10/blast_output/sequences/scaffold_1.temp
DEBUG:busco.Toolset	cmd call: /kmk/scripts/augustus.2.5.5/bin/augustus --codingseq=1 --proteinprofile=/kmk/databases/metazoa_odb10/prfl/261284at33208a.prfl --predictionStart=7136855 --predictionEnd=7156313 --species=fly busco_out/BUSCO_metazoa.fasta/run_metazoa_odb10/blast_output/sequences/scaffold_6.temp
DEBUG:busco.Toolset	cmd call: /kmk/scripts/augustus.2.5.5/bin/augustus --codingseq=1 --proteinprofile=/kmk/databases/metazoa_odb10/prfl/332870at33208a.prfl --predictionStart=17603644 --predictionEnd=17619328 --species=fly busco_out/BUSCO_metazoa.fasta/run_metazoa_odb10/blast_output/sequences/scaffold_7.temp
DEBUG:busco.Toolset	cmd call: /kmk/scripts/augustus.2.5.5/bin/augustus --codingseq=1 --proteinprofile=/kmk/databases/metazoa_odb10/prfl/364383at33208a.prfl --predictionStart=25826012 --predictionEnd=25839103 --species=fly busco_out/BUSCO_metazoa.fasta/run_metazoa_odb10/blast_output/sequences/scaffold_5.temp
DEBUG:busco.Toolset	cmd call: /kmk/scripts/augustus.2.5.5/bin/augustus --codingseq=1 --proteinprofile=/kmk/databases/metazoa_odb10/prfl/537548at33208a.prfl --predictionStart=19410185 --predictionEnd=19424095 --species=fly busco_out/BUSCO_metazoa.fasta/run_metazoa_odb10/blast_output/sequences/scaffold_5.temp
DEBUG:busco.Toolset	cmd call: /kmk/scripts/augustus.2.5.5/bin/augustus --codingseq=1 --proteinprofile=/kmk/databases/metazoa_odb10/prfl/485696at33208a.prfl --predictionStart=36222999 --predictionEnd=36237960 --species=fly busco_out/BUSCO_metazoa.fasta/run_metazoa_odb10/blast_output/sequences/scaffold_4.temp
DEBUG:busco.Toolset	cmd call: /kmk/scripts/augustus.2.5.5/bin/augustus --codingseq=1 --proteinprofile=/kmk/databases/metazoa_odb10/prfl/589901at33208a.prfl --predictionStart=13231057 --predictionEnd=13244296 --species=fly busco_out/BUSCO_metazoa.fasta/run_metazoa_odb10/blast_output/sequences/scaffold_5.temp
DEBUG:busco.Toolset	cmd call: /kmk/scripts/augustus.2.5.5/bin/augustus --codingseq=1 --proteinprofile=/kmk/databases/metazoa_odb10/prfl/255117at33208a.prfl --predictionStart=12663580 --predictionEnd=12705924 --species=fly busco_out/BUSCO_metazoa.fasta/run_metazoa_odb10/blast_output/sequences/scaffold_1.temp
DEBUG:busco.Toolset	cmd call: /kmk/scripts/augustus.2.5.5/bin/augustus --codingseq=1 --proteinprofile=/kmk/databases/metazoa_odb10/prfl/535367at33208a.prfl --predictionStart=7384424 --predictionEnd=7399564 --species=fly busco_out/BUSCO_metazoa.fasta/run_metazoa_odb10/blast_output/sequences/scaffold_4.temp
DEBUG:busco.Toolset	cmd call: /kmk/scripts/augustus.2.5.5/bin/augustus --codingseq=1 --proteinprofile=/kmk/databases/metazoa_odb10/prfl/536251at33208a.prfl --predictionStart=50159255 --predictionEnd=50171875 --species=fly busco_out/BUSCO_metazoa.fasta/run_metazoa_odb10/blast_output/sequences/scaffold_1.temp
DEBUG:busco.Toolset	cmd call: /kmk/scripts/augustus.2.5.5/bin/augustus --codingseq=1 --proteinprofile=/kmk/databases/metazoa_odb10/prfl/555162at33208a.prfl --predictionStart=12022929 --predictionEnd=12037446 --species=fly busco_out/BUSCO_metazoa.fasta/run_metazoa_odb10/blast_output/sequences/scaffold_9.temp
DEBUG:busco.Toolset	cmd call: /kmk/scripts/augustus.2.5.5/bin/augustus --codingseq=1 --proteinprofile=/kmk/databases/metazoa_odb10/prfl/379636at33208a.prfl --predictionStart=32087046 --predictionEnd=32100213 --species=fly busco_out/BUSCO_metazoa.fasta/run_metazoa_odb10/blast_output/sequences/scaffold_1.temp
DEBUG:busco.Toolset	cmd call: /kmk/scripts/augustus.2.5.5/bin/augustus --codingseq=1 --proteinprofile=/kmk/databases/metazoa_odb10/prfl/469367at33208a.prfl --predictionStart=46720307 --predictionEnd=46735622 --species=fly busco_out/BUSCO_metazoa.fasta/run_metazoa_odb10/blast_output/sequences/scaffold_3.temp
DEBUG:busco.Toolset	cmd call: /kmk/scripts/augustus.2.5.5/bin/augustus --codingseq=1 --proteinprofile=/kmk/databases/metazoa_odb10/prfl/378033at33208a.prfl --predictionStart=692836 --predictionEnd=707441 --species=fly busco_out/BUSCO_metazoa.fasta/run_metazoa_odb10/blast_output/sequences/scaffold_3.temp
DEBUG:busco.Toolset	cmd call: /kmk/scripts/augustus.2.5.5/bin/augustus --codingseq=1 --proteinprofile=/kmk/databases/metazoa_odb10/prfl/422751at33208a.prfl --predictionStart=9570547 --predictionEnd=9586254 --species=fly busco_out/BUSCO_metazoa.fasta/run_metazoa_odb10/blast_output/sequences/scaffold_8.temp
DEBUG:busco.Toolset	cmd call: /kmk/scripts/augustus.2.5.5/bin/augustus --codingseq=1 --proteinprofile=/kmk/databases/metazoa_odb10/prfl/504691at33208a.prfl --predictionStart=16909522 --predictionEnd=16922066 --species=fly busco_out/BUSCO_metazoa.fasta/run_metazoa_odb10/blast_output/sequences/scaffold_5.temp
DEBUG:busco.Toolset	cmd call: /kmk/scripts/augustus.2.5.5/bin/augustus --codingseq=1 --proteinprofile=/kmk/databases/metazoa_odb10/prfl/131848at33208a.prfl --predictionStart=9177243 --predictionEnd=9198246 --species=fly busco_out/BUSCO_metazoa.fasta/run_metazoa_odb10/blast_output/sequences/scaffold_5.temp
DEBUG:busco.Toolset	cmd call: /kmk/scripts/augustus.2.5.5/bin/augustus --codingseq=1 --proteinprofile=/kmk/databases/metazoa_odb10/prfl/470197at33208a.prfl --predictionStart=14899438 --predictionEnd=14913332 --species=fly busco_out/BUSCO_metazoa.fasta/run_metazoa_odb10/blast_output/sequences/scaffold_2.temp
DEBUG:busco.Toolset	cmd call: /kmk/scripts/augustus.2.5.5/bin/augustus --codingseq=1 --proteinprofile=/kmk/databases/metazoa_odb10/prfl/476036at33208a.prfl --predictionStart=8138538 --predictionEnd=8153173 --species=fly busco_out/BUSCO_metazoa.fasta/run_metazoa_odb10/blast_output/sequences/scaffold_8.temp
DEBUG:busco.Toolset	cmd call: /kmk/scripts/augustus.2.5.5/bin/augustus --codingseq=1 --proteinprofile=/kmk/databases/metazoa_odb10/prfl/321332at33208a.prfl --predictionStart=11755018 --predictionEnd=11775041 --species=fly busco_out/BUSCO_metazoa.fasta/run_metazoa_odb10/blast_output/sequences/scaffold_4.temp
DEBUG:busco.Toolset	cmd call: /kmk/scripts/augustus.2.5.5/bin/augustus --codingseq=1 --proteinprofile=/kmk/databases/metazoa_odb10/prfl/556587at33208a.prfl --predictionStart=4904251 --predictionEnd=4917081 --species=fly busco_out/BUSCO_metazoa.fasta/run_metazoa_odb10/blast_output/sequences/scaffold_2.temp
DEBUG:busco.Toolset	cmd call: /kmk/scripts/augustus.2.5.5/bin/augustus --codingseq=1 --proteinprofile=/kmk/databases/metazoa_odb10/prfl/212972at33208a.prfl --predictionStart=19547200 --predictionEnd=19570283 --species=fly busco_out/BUSCO_metazoa.fasta/run_metazoa_odb10/blast_output/sequences/scaffold_8.temp
DEBUG:busco.Toolset	cmd call: /kmk/scripts/augustus.2.5.5/bin/augustus --codingseq=1 --proteinprofile=/kmk/databases/metazoa_odb10/prfl/380583at33208a.prfl --predictionStart=16386266 --predictionEnd=16409917 --species=fly busco_out/BUSCO_metazoa.fasta/run_metazoa_odb10/blast_output/sequences/scaffold_7.temp
DEBUG:busco.Toolset	cmd call: /kmk/scripts/augustus.2.5.5/bin/augustus --codingseq=1 --proteinprofile=/kmk/databases/metazoa_odb10/prfl/285966at33208a.prfl --predictionStart=22886898 --predictionEnd=22900750 --species=fly busco_out/BUSCO_metazoa.fasta/run_metazoa_odb10/blast_output/sequences/scaffold_8.temp
DEBUG:busco.Toolset	cmd call: /kmk/scripts/augustus.2.5.5/bin/augustus --codingseq=1 --proteinprofile=/kmk/databases/metazoa_odb10/prfl/534757at33208a.prfl --predictionStart=7803650 --predictionEnd=7820480 --species=fly busco_out/BUSCO_metazoa.fasta/run_metazoa_odb10/blast_output/sequences/scaffold_3.temp
DEBUG:busco.Toolset	cmd call: /kmk/scripts/augustus.2.5.5/bin/augustus --codingseq=1 --proteinprofile=/kmk/databases/metazoa_odb10/prfl/389527at33208a.prfl --predictionStart=6057021 --predictionEnd=6076444 --species=fly busco_out/BUSCO_metazoa.fasta/run_metazoa_odb10/blast_output/sequences/scaffold_4.temp
DEBUG:busco.Toolset	cmd call: /kmk/scripts/augustus.2.5.5/bin/augustus --codingseq=1 --proteinprofile=/kmk/databases/metazoa_odb10/prfl/558897at33208a.prfl --predictionStart=43920889 --predictionEnd=43933957 --species=fly busco_out/BUSCO_metazoa.fasta/run_metazoa_odb10/blast_output/sequences/scaffold_3.temp
DEBUG:busco.Toolset	cmd call: /kmk/scripts/augustus.2.5.5/bin/augustus --codingseq=1 --proteinprofile=/kmk/databases/metazoa_odb10/prfl/558897at33208a.prfl --predictionStart=9656364 --predictionEnd=9668674 --species=fly busco_out/BUSCO_metazoa.fasta/run_metazoa_odb10/blast_output/sequences/scaffold_2.temp
DEBUG:busco.Toolset	cmd call: /kmk/scripts/augustus.2.5.5/bin/augustus --codingseq=1 --proteinprofile=/kmk/databases/metazoa_odb10/prfl/561943at33208a.prfl --predictionStart=21074762 --predictionEnd=21088692 --species=fly busco_out/BUSCO_metazoa.fasta/run_metazoa_odb10/blast_output/sequences/scaffold_6.temp
DEBUG:busco.Toolset	cmd call: /kmk/scripts/augustus.2.5.5/bin/augustus --codingseq=1 --proteinprofile=/kmk/databases/metazoa_odb10/prfl/143997at33208a.prfl --predictionStart=15060023 --predictionEnd=15077007 --species=fly busco_out/BUSCO_metazoa.fasta/run_metazoa_odb10/blast_output/sequences/scaffold_1.temp
DEBUG:busco.Toolset	cmd call: /kmk/scripts/augustus.2.5.5/bin/augustus --codingseq=1 --proteinprofile=/kmk/databases/metazoa_odb10/prfl/16244at33208a.prfl --predictionStart=23889346 --predictionEnd=23928537 --species=fly busco_out/BUSCO_metazoa.fasta/run_metazoa_odb10/blast_output/sequences/scaffold_3.temp
DEBUG:busco.Toolset	cmd call: /kmk/scripts/augustus.2.5.5/bin/augustus --codingseq=1 --proteinprofile=/kmk/databases/metazoa_odb10/prfl/348761at33208a.prfl --predictionStart=6565553 --predictionEnd=6577962 --species=fly busco_out/BUSCO_metazoa.fasta/run_metazoa_odb10/blast_output/sequences/scaffold_4.temp
DEBUG:busco.Toolset	cmd call: /kmk/scripts/augustus.2.5.5/bin/augustus --codingseq=1 --proteinprofile=/kmk/databases/metazoa_odb10/prfl/495605at33208a.prfl --predictionStart=39311397 --predictionEnd=39325920 --species=fly busco_out/BUSCO_metazoa.fasta/run_metazoa_odb10/blast_output/sequences/scaffold_3.temp
DEBUG:busco.Toolset	cmd call: /kmk/scripts/augustus.2.5.5/bin/augustus --codingseq=1 --proteinprofile=/kmk/databases/metazoa_odb10/prfl/438433at33208a.prfl --predictionStart=44191199 --predictionEnd=44204746 --species=fly busco_out/BUSCO_metazoa.fasta/run_metazoa_odb10/blast_output/sequences/scaffold_1.temp
DEBUG:busco.Toolset	cmd call: /kmk/scripts/augustus.2.5.5/bin/augustus --codingseq=1 --proteinprofile=/kmk/databases/metazoa_odb10/prfl/239016at33208a.prfl --predictionStart=29859608 --predictionEnd=29877703 --species=fly busco_out/BUSCO_metazoa.fasta/run_metazoa_odb10/blast_output/sequences/scaffold_1.temp
DEBUG:busco.Toolset	cmd call: /kmk/scripts/augustus.2.5.5/bin/augustus --codingseq=1 --proteinprofile=/kmk/databases/metazoa_odb10/prfl/643380at33208a.prfl --predictionStart=3843769 --predictionEnd=3855977 --species=fly busco_out/BUSCO_metazoa.fasta/run_metazoa_odb10/blast_output/sequences/scaffold_1.temp
DEBUG:busco.Toolset	cmd call: /kmk/scripts/augustus.2.5.5/bin/augustus --codingseq=1 --proteinprofile=/kmk/databases/metazoa_odb10/prfl/528325at33208a.prfl --predictionStart=25021903 --predictionEnd=25035837 --species=fly busco_out/BUSCO_metazoa.fasta/run_metazoa_odb10/blast_output/sequences/scaffold_1.temp
DEBUG:busco.Toolset	cmd call: /kmk/scripts/augustus.2.5.5/bin/augustus --codingseq=1 --proteinprofile=/kmk/databases/metazoa_odb10/prfl/157138at33208a.prfl --predictionStart=14267985 --predictionEnd=14282536 --species=fly busco_out/BUSCO_metazoa.fasta/run_metazoa_odb10/blast_output/sequences/scaffold_7.temp
DEBUG:busco.Toolset	cmd call: /kmk/scripts/augustus.2.5.5/bin/augustus --codingseq=1 --proteinprofile=/kmk/databases/metazoa_odb10/prfl/283637at33208a.prfl --predictionStart=36901461 --predictionEnd=36924491 --species=fly busco_out/BUSCO_metazoa.fasta/run_metazoa_odb10/blast_output/sequences/scaffold_1.temp
DEBUG:busco.Toolset	cmd call: /kmk/scripts/augustus.2.5.5/bin/augustus --codingseq=1 --proteinprofile=/kmk/databases/metazoa_odb10/prfl/561417at33208a.prfl --predictionStart=43191796 --predictionEnd=43238699 --species=fly busco_out/BUSCO_metazoa.fasta/run_metazoa_odb10/blast_output/sequences/scaffold_3.temp
DEBUG:busco.Toolset	cmd call: /kmk/scripts/augustus.2.5.5/bin/augustus --codingseq=1 --proteinprofile=/kmk/databases/metazoa_odb10/prfl/509494at33208a.prfl --predictionStart=9087336 --predictionEnd=9101008 --species=fly busco_out/BUSCO_metazoa.fasta/run_metazoa_odb10/blast_output/sequences/scaffold_5.temp
DEBUG:busco.Toolset	cmd call: /kmk/scripts/augustus.2.5.5/bin/augustus --codingseq=1 --proteinprofile=/kmk/databases/metazoa_odb10/prfl/277935at33208a.prfl --predictionStart=14337897 --predictionEnd=14355025 --species=fly busco_out/BUSCO_metazoa.fasta/run_metazoa_odb10/blast_output/sequences/scaffold_1.temp
DEBUG:busco.Toolset	cmd call: /kmk/scripts/augustus.2.5.5/bin/augustus --codingseq=1 --proteinprofile=/kmk/databases/metazoa_odb10/prfl/235458at33208a.prfl --predictionStart=34881119 --predictionEnd=34896409 --species=fly busco_out/BUSCO_metazoa.fasta/run_metazoa_odb10/blast_output/sequences/scaffold_1.temp
DEBUG:busco.Toolset	cmd call: /kmk/scripts/augustus.2.5.5/bin/augustus --codingseq=1 --proteinprofile=/kmk/databases/metazoa_odb10/prfl/568170at33208a.prfl --predictionStart=23667518 --predictionEnd=23680287 --species=fly busco_out/BUSCO_metazoa.fasta/run_metazoa_odb10/blast_output/sequences/scaffold_3.temp
DEBUG:busco.Toolset	cmd call: /kmk/scripts/augustus.2.5.5/bin/augustus --codingseq=1 --proteinprofile=/kmk/databases/metazoa_odb10/prfl/532406at33208a.prfl --predictionStart=26395233 --predictionEnd=26409061 --species=fly busco_out/BUSCO_metazoa.fasta/run_metazoa_odb10/blast_output/sequences/scaffold_3.temp
DEBUG:busco.Toolset	cmd call: /kmk/scripts/augustus.2.5.5/bin/augustus --codingseq=1 --proteinprofile=/kmk/databases/metazoa_odb10/prfl/344338at33208a.prfl --predictionStart=15494658 --predictionEnd=15518688 --species=fly busco_out/BUSCO_metazoa.fasta/run_metazoa_odb10/blast_output/sequences/scaffold_8.temp
DEBUG:busco.Toolset	cmd call: /kmk/scripts/augustus.2.5.5/bin/augustus --codingseq=1 --proteinprofile=/kmk/databases/metazoa_odb10/prfl/344338at33208a.prfl --predictionStart=22649458 --predictionEnd=22676374 --species=fly busco_out/BUSCO_metazoa.fasta/run_metazoa_odb10/blast_output/sequences/scaffold_3.temp
DEBUG:busco.Toolset	cmd call: /kmk/scripts/augustus.2.5.5/bin/augustus --codingseq=1 --proteinprofile=/kmk/databases/metazoa_odb10/prfl/502429at33208a.prfl --predictionStart=19508302 --predictionEnd=19524219 --species=fly busco_out/BUSCO_metazoa.fasta/run_metazoa_odb10/blast_output/sequences/scaffold_6.temp
DEBUG:busco.Toolset	cmd call: /kmk/scripts/augustus.2.5.5/bin/augustus --codingseq=1 --proteinprofile=/kmk/databases/metazoa_odb10/prfl/372257at33208a.prfl --predictionStart=32770979 --predictionEnd=32785445 --species=fly busco_out/BUSCO_metazoa.fasta/run_metazoa_odb10/blast_output/sequences/scaffold_3.temp
DEBUG:busco.Toolset	cmd call: /kmk/scripts/augustus.2.5.5/bin/augustus --codingseq=1 --proteinprofile=/kmk/databases/metazoa_odb10/prfl/539360at33208a.prfl --predictionStart=3653569 --predictionEnd=3666854 --species=fly busco_out/BUSCO_metazoa.fasta/run_metazoa_odb10/blast_output/sequences/scaffold_4.temp
DEBUG:busco.Toolset	cmd call: /kmk/scripts/augustus.2.5.5/bin/augustus --codingseq=1 --proteinprofile=/kmk/databases/metazoa_odb10/prfl/522886at33208a.prfl --predictionStart=14106106 --predictionEnd=14119581 --species=fly busco_out/BUSCO_metazoa.fasta/run_metazoa_odb10/blast_output/sequences/scaffold_6.temp
DEBUG:busco.Toolset	cmd call: /kmk/scripts/augustus.2.5.5/bin/augustus --codingseq=1 --proteinprofile=/kmk/databases/metazoa_odb10/prfl/281304at33208a.prfl --predictionStart=48560769 --predictionEnd=48577140 --species=fly busco_out/BUSCO_metazoa.fasta/run_metazoa_odb10/blast_output/sequences/scaffold_3.temp
DEBUG:busco.Toolset	cmd call: /kmk/scripts/augustus.2.5.5/bin/augustus --codingseq=1 --proteinprofile=/kmk/databases/metazoa_odb10/prfl/443518at33208a.prfl --predictionStart=32600989 --predictionEnd=32618128 --species=fly busco_out/BUSCO_metazoa.fasta/run_metazoa_odb10/blast_output/sequences/scaffold_5.temp
DEBUG:busco.Toolset	cmd call: /kmk/scripts/augustus.2.5.5/bin/augustus --codingseq=1 --proteinprofile=/kmk/databases/metazoa_odb10/prfl/515410at33208a.prfl --predictionStart=42558515 --predictionEnd=42571484 --species=fly busco_out/BUSCO_metazoa.fasta/run_metazoa_odb10/blast_output/sequences/scaffold_1.temp
DEBUG:busco.Toolset	cmd call: /kmk/scripts/augustus.2.5.5/bin/augustus --codingseq=1 --proteinprofile=/kmk/databases/metazoa_odb10/prfl/561248at33208a.prfl --predictionStart=53660635 --predictionEnd=53688894 --species=fly busco_out/BUSCO_metazoa.fasta/run_metazoa_odb10/blast_output/sequences/scaffold_1.temp
DEBUG:busco.Toolset	cmd call: /kmk/scripts/augustus.2.5.5/bin/augustus --codingseq=1 --proteinprofile=/kmk/databases/metazoa_odb10/prfl/516481at33208a.prfl --predictionStart=11646329 --predictionEnd=11659056 --species=fly busco_out/BUSCO_metazoa.fasta/run_metazoa_odb10/blast_output/sequences/scaffold_5.temp
DEBUG:busco.Toolset	cmd call: /kmk/scripts/augustus.2.5.5/bin/augustus --codingseq=1 --proteinprofile=/kmk/databases/metazoa_odb10/prfl/301572at33208a.prfl --predictionStart=2205552 --predictionEnd=2219348 --species=fly busco_out/BUSCO_metazoa.fasta/run_metazoa_odb10/blast_output/sequences/scaffold_5.temp
DEBUG:busco.Toolset	cmd call: /kmk/scripts/augustus.2.5.5/bin/augustus --codingseq=1 --proteinprofile=/kmk/databases/metazoa_odb10/prfl/453687at33208a.prfl --predictionStart=5369914 --predictionEnd=5420659 --species=fly busco_out/BUSCO_metazoa.fasta/run_metazoa_odb10/blast_output/sequences/scaffold_9.temp
DEBUG:busco.Toolset	cmd call: /kmk/scripts/augustus.2.5.5/bin/augustus --codingseq=1 --proteinprofile=/kmk/databases/metazoa_odb10/prfl/559576at33208a.prfl --predictionStart=14099348 --predictionEnd=14115479 --species=fly busco_out/BUSCO_metazoa.fasta/run_metazoa_odb10/blast_output/sequences/scaffold_2.temp
DEBUG:busco.Toolset	cmd call: /kmk/scripts/augustus.2.5.5/bin/augustus --codingseq=1 --proteinprofile=/kmk/databases/metazoa_odb10/prfl/344581at33208a.prfl --predictionStart=10614863 --predictionEnd=10630151 --species=fly busco_out/BUSCO_metazoa.fasta/run_metazoa_odb10/blast_output/sequences/scaffold_4.temp
DEBUG:busco.Toolset	cmd call: /kmk/scripts/augustus.2.5.5/bin/augustus --codingseq=1 --proteinprofile=/kmk/databases/metazoa_odb10/prfl/488559at33208a.prfl --predictionStart=11475901 --predictionEnd=11488154 --species=fly busco_out/BUSCO_metazoa.fasta/run_metazoa_odb10/blast_output/sequences/scaffold_8.temp
DEBUG:busco.Toolset	cmd call: /kmk/scripts/augustus.2.5.5/bin/augustus --codingseq=1 --proteinprofile=/kmk/databases/metazoa_odb10/prfl/555538at33208a.prfl --predictionStart=37257544 --predictionEnd=37270301 --species=fly busco_out/BUSCO_metazoa.fasta/run_metazoa_odb10/blast_output/sequences/scaffold_1.temp
DEBUG:busco.Toolset	cmd call: /kmk/scripts/augustus.2.5.5/bin/augustus --codingseq=1 --proteinprofile=/kmk/databases/metazoa_odb10/prfl/203128at33208a.prfl --predictionStart=22698383 --predictionEnd=22717241 --species=fly busco_out/BUSCO_metazoa.fasta/run_metazoa_odb10/blast_output/sequences/scaffold_5.temp
DEBUG:busco.Toolset	cmd call: /kmk/scripts/augustus.2.5.5/bin/augustus --codingseq=1 --proteinprofile=/kmk/databases/metazoa_odb10/prfl/504731at33208a.prfl --predictionStart=20041440 --predictionEnd=20057669 --species=fly busco_out/BUSCO_metazoa.fasta/run_metazoa_odb10/blast_output/sequences/scaffold_5.temp
DEBUG:busco.Toolset	cmd call: /kmk/scripts/augustus.2.5.5/bin/augustus --codingseq=1 --proteinprofile=/kmk/databases/metazoa_odb10/prfl/433606at33208a.prfl --predictionStart=3402126 --predictionEnd=3416325 --species=fly busco_out/BUSCO_metazoa.fasta/run_metazoa_odb10/blast_output/sequences/scaffold_4.temp
DEBUG:busco.Toolset	cmd call: /kmk/scripts/augustus.2.5.5/bin/augustus --codingseq=1 --proteinprofile=/kmk/databases/metazoa_odb10/prfl/433606at33208a.prfl --predictionStart=6260797 --predictionEnd=6273470 --species=fly busco_out/BUSCO_metazoa.fasta/run_metazoa_odb10/blast_output/sequences/scaffold_6.temp
DEBUG:busco.Toolset	cmd call: /kmk/scripts/augustus.2.5.5/bin/augustus --codingseq=1 --proteinprofile=/kmk/databases/metazoa_odb10/prfl/472313at33208a.prfl --predictionStart=7236074 --predictionEnd=7256767 --species=fly busco_out/BUSCO_metazoa.fasta/run_metazoa_odb10/blast_output/sequences/scaffold_1.temp
DEBUG:busco.Toolset	cmd call: /kmk/scripts/augustus.2.5.5/bin/augustus --codingseq=1 --proteinprofile=/kmk/databases/metazoa_odb10/prfl/547341at33208a.prfl --predictionStart=42089567 --predictionEnd=42101778 --species=fly busco_out/BUSCO_metazoa.fasta/run_metazoa_odb10/blast_output/sequences/scaffold_1.temp
DEBUG:busco.Toolset	cmd call: /kmk/scripts/augustus.2.5.5/bin/augustus --codingseq=1 --proteinprofile=/kmk/databases/metazoa_odb10/prfl/102804at33208a.prfl --predictionStart=14037924 --predictionEnd=14064350 --species=fly busco_out/BUSCO_metazoa.fasta/run_metazoa_odb10/blast_output/sequences/scaffold_9.temp
DEBUG:busco.Toolset	cmd call: /kmk/scripts/augustus.2.5.5/bin/augustus --codingseq=1 --proteinprofile=/kmk/databases/metazoa_odb10/prfl/578582at33208a.prfl --predictionStart=22719450 --predictionEnd=22732780 --species=fly busco_out/BUSCO_metazoa.fasta/run_metazoa_odb10/blast_output/sequences/scaffold_6.temp
INFO:busco.Toolset	[augustus]	858 of 953 task(s) completed
DEBUG:busco.Toolset	cmd call: /kmk/scripts/augustus.2.5.5/bin/augustus --codingseq=1 --proteinprofile=/kmk/databases/metazoa_odb10/prfl/515528at33208a.prfl --predictionStart=15753874 --predictionEnd=15768230 --species=fly busco_out/BUSCO_metazoa.fasta/run_metazoa_odb10/blast_output/sequences/scaffold_1.temp
DEBUG:busco.Toolset	cmd call: /kmk/scripts/augustus.2.5.5/bin/augustus --codingseq=1 --proteinprofile=/kmk/databases/metazoa_odb10/prfl/489858at33208a.prfl --predictionStart=14712053 --predictionEnd=14725475 --species=fly busco_out/BUSCO_metazoa.fasta/run_metazoa_odb10/blast_output/sequences/scaffold_8.temp
DEBUG:busco.Toolset	cmd call: /kmk/scripts/augustus.2.5.5/bin/augustus --codingseq=1 --proteinprofile=/kmk/databases/metazoa_odb10/prfl/616120at33208a.prfl --predictionStart=33913370 --predictionEnd=33925617 --species=fly busco_out/BUSCO_metazoa.fasta/run_metazoa_odb10/blast_output/sequences/scaffold_4.temp
DEBUG:busco.Toolset	cmd call: /kmk/scripts/augustus.2.5.5/bin/augustus --codingseq=1 --proteinprofile=/kmk/databases/metazoa_odb10/prfl/210614at33208a.prfl --predictionStart=11288277 --predictionEnd=11300461 --species=fly busco_out/BUSCO_metazoa.fasta/run_metazoa_odb10/blast_output/sequences/scaffold_8.temp
DEBUG:busco.Toolset	cmd call: /kmk/scripts/augustus.2.5.5/bin/augustus --codingseq=1 --proteinprofile=/kmk/databases/metazoa_odb10/prfl/564286at33208a.prfl --predictionStart=26140414 --predictionEnd=26153764 --species=fly busco_out/BUSCO_metazoa.fasta/run_metazoa_odb10/blast_output/sequences/scaffold_4.temp
DEBUG:busco.Toolset	cmd call: /kmk/scripts/augustus.2.5.5/bin/augustus --codingseq=1 --proteinprofile=/kmk/databases/metazoa_odb10/prfl/564286at33208a.prfl --predictionStart=45222482 --predictionEnd=45234753 --species=fly busco_out/BUSCO_metazoa.fasta/run_metazoa_odb10/blast_output/sequences/scaffold_1.temp
DEBUG:busco.Toolset	cmd call: /kmk/scripts/augustus.2.5.5/bin/augustus --codingseq=1 --proteinprofile=/kmk/databases/metazoa_odb10/prfl/363840at33208a.prfl --predictionStart=9675162 --predictionEnd=9694900 --species=fly busco_out/BUSCO_metazoa.fasta/run_metazoa_odb10/blast_output/sequences/scaffold_5.temp
DEBUG:busco.Toolset	cmd call: /kmk/scripts/augustus.2.5.5/bin/augustus --codingseq=1 --proteinprofile=/kmk/databases/metazoa_odb10/prfl/518288at33208a.prfl --predictionStart=11649208 --predictionEnd=11662922 --species=fly busco_out/BUSCO_metazoa.fasta/run_metazoa_odb10/blast_output/sequences/scaffold_2.temp
DEBUG:busco.Toolset	cmd call: /kmk/scripts/augustus.2.5.5/bin/augustus --codingseq=1 --proteinprofile=/kmk/databases/metazoa_odb10/prfl/397659at33208a.prfl --predictionStart=18654163 --predictionEnd=18674061 --species=fly busco_out/BUSCO_metazoa.fasta/run_metazoa_odb10/blast_output/sequences/scaffold_1.temp
DEBUG:busco.Toolset	cmd call: /kmk/scripts/augustus.2.5.5/bin/augustus --codingseq=1 --proteinprofile=/kmk/databases/metazoa_odb10/prfl/466616at33208a.prfl --predictionStart=8499880 --predictionEnd=8519538 --species=fly busco_out/BUSCO_metazoa.fasta/run_metazoa_odb10/blast_output/sequences/scaffold_6.temp
DEBUG:busco.Toolset	cmd call: /kmk/scripts/augustus.2.5.5/bin/augustus --codingseq=1 --proteinprofile=/kmk/databases/metazoa_odb10/prfl/197652at33208a.prfl --predictionStart=9217491 --predictionEnd=9234401 --species=fly busco_out/BUSCO_metazoa.fasta/run_metazoa_odb10/blast_output/sequences/scaffold_5.temp
DEBUG:busco.Toolset	cmd call: /kmk/scripts/augustus.2.5.5/bin/augustus --codingseq=1 --proteinprofile=/kmk/databases/metazoa_odb10/prfl/473106at33208a.prfl --predictionStart=23617233 --predictionEnd=23633839 --species=fly busco_out/BUSCO_metazoa.fasta/run_metazoa_odb10/blast_output/sequences/scaffold_6.temp
DEBUG:busco.Toolset	cmd call: /kmk/scripts/augustus.2.5.5/bin/augustus --codingseq=1 --proteinprofile=/kmk/databases/metazoa_odb10/prfl/401779at33208a.prfl --predictionStart=38576083 --predictionEnd=38591001 --species=fly busco_out/BUSCO_metazoa.fasta/run_metazoa_odb10/blast_output/sequences/scaffold_3.temp
DEBUG:busco.Toolset	cmd call: /kmk/scripts/augustus.2.5.5/bin/augustus --codingseq=1 --proteinprofile=/kmk/databases/metazoa_odb10/prfl/109109at33208a.prfl --predictionStart=2442990 --predictionEnd=2462630 --species=fly busco_out/BUSCO_metazoa.fasta/run_metazoa_odb10/blast_output/sequences/scaffold_2.temp
DEBUG:busco.Toolset	cmd call: /kmk/scripts/augustus.2.5.5/bin/augustus --codingseq=1 --proteinprofile=/kmk/databases/metazoa_odb10/prfl/357580at33208a.prfl --predictionStart=13926945 --predictionEnd=13955472 --species=fly busco_out/BUSCO_metazoa.fasta/run_metazoa_odb10/blast_output/sequences/scaffold_3.temp
DEBUG:busco.Toolset	cmd call: /kmk/scripts/augustus.2.5.5/bin/augustus --codingseq=1 --proteinprofile=/kmk/databases/metazoa_odb10/prfl/514121at33208a.prfl --predictionStart=19977127 --predictionEnd=19989968 --species=fly busco_out/BUSCO_metazoa.fasta/run_metazoa_odb10/blast_output/sequences/scaffold_2.temp
DEBUG:busco.Toolset	cmd call: /kmk/scripts/augustus.2.5.5/bin/augustus --codingseq=1 --proteinprofile=/kmk/databases/metazoa_odb10/prfl/514121at33208a.prfl --predictionStart=850841 --predictionEnd=864075 --species=fly busco_out/BUSCO_metazoa.fasta/run_metazoa_odb10/blast_output/sequences/scaffold_3.temp
DEBUG:busco.Toolset	cmd call: /kmk/scripts/augustus.2.5.5/bin/augustus --codingseq=1 --proteinprofile=/kmk/databases/metazoa_odb10/prfl/514121at33208a.prfl --predictionStart=7064580 --predictionEnd=7079370 --species=fly busco_out/BUSCO_metazoa.fasta/run_metazoa_odb10/blast_output/sequences/scaffold_4.temp
DEBUG:busco.Toolset	cmd call: /kmk/scripts/augustus.2.5.5/bin/augustus --codingseq=1 --proteinprofile=/kmk/databases/metazoa_odb10/prfl/436539at33208a.prfl --predictionStart=830686 --predictionEnd=844524 --species=fly busco_out/BUSCO_metazoa.fasta/run_metazoa_odb10/blast_output/sequences/scaffold_4.temp
DEBUG:busco.Toolset	cmd call: /kmk/scripts/augustus.2.5.5/bin/augustus --codingseq=1 --proteinprofile=/kmk/databases/metazoa_odb10/prfl/436539at33208a.prfl --predictionStart=6717399 --predictionEnd=6729724 --species=fly busco_out/BUSCO_metazoa.fasta/run_metazoa_odb10/blast_output/sequences/scaffold_3.temp
DEBUG:busco.Toolset	cmd call: /kmk/scripts/augustus.2.5.5/bin/augustus --codingseq=1 --proteinprofile=/kmk/databases/metazoa_odb10/prfl/623444at33208a.prfl --predictionStart=47500146 --predictionEnd=47515397 --species=fly busco_out/BUSCO_metazoa.fasta/run_metazoa_odb10/blast_output/sequences/scaffold_3.temp
DEBUG:busco.Toolset	cmd call: /kmk/scripts/augustus.2.5.5/bin/augustus --codingseq=1 --proteinprofile=/kmk/databases/metazoa_odb10/prfl/462897at33208a.prfl --predictionStart=31967248 --predictionEnd=31992378 --species=fly busco_out/BUSCO_metazoa.fasta/run_metazoa_odb10/blast_output/sequences/scaffold_1.temp
DEBUG:busco.Toolset	cmd call: /kmk/scripts/augustus.2.5.5/bin/augustus --codingseq=1 --proteinprofile=/kmk/databases/metazoa_odb10/prfl/429274at33208a.prfl --predictionStart=45696096 --predictionEnd=45710158 --species=fly busco_out/BUSCO_metazoa.fasta/run_metazoa_odb10/blast_output/sequences/scaffold_3.temp
DEBUG:busco.Toolset	cmd call: /kmk/scripts/augustus.2.5.5/bin/augustus --codingseq=1 --proteinprofile=/kmk/databases/metazoa_odb10/prfl/587513at33208a.prfl --predictionStart=2760818 --predictionEnd=2776179 --species=fly busco_out/BUSCO_metazoa.fasta/run_metazoa_odb10/blast_output/sequences/scaffold_8.temp
DEBUG:busco.Toolset	cmd call: /kmk/scripts/augustus.2.5.5/bin/augustus --codingseq=1 --proteinprofile=/kmk/databases/metazoa_odb10/prfl/474302at33208a.prfl --predictionStart=16861231 --predictionEnd=16881792 --species=fly busco_out/BUSCO_metazoa.fasta/run_metazoa_odb10/blast_output/sequences/scaffold_3.temp
DEBUG:busco.Toolset	cmd call: /kmk/scripts/augustus.2.5.5/bin/augustus --codingseq=1 --proteinprofile=/kmk/databases/metazoa_odb10/prfl/164767at33208a.prfl --predictionStart=13777020 --predictionEnd=13802548 --species=fly busco_out/BUSCO_metazoa.fasta/run_metazoa_odb10/blast_output/sequences/scaffold_3.temp
DEBUG:busco.Toolset	cmd call: /kmk/scripts/augustus.2.5.5/bin/augustus --codingseq=1 --proteinprofile=/kmk/databases/metazoa_odb10/prfl/137383at33208a.prfl --predictionStart=50912128 --predictionEnd=50934962 --species=fly busco_out/BUSCO_metazoa.fasta/run_metazoa_odb10/blast_output/sequences/scaffold_1.temp
DEBUG:busco.Toolset	cmd call: /kmk/scripts/augustus.2.5.5/bin/augustus --codingseq=1 --proteinprofile=/kmk/databases/metazoa_odb10/prfl/184508at33208a.prfl --predictionStart=17345587 --predictionEnd=17365085 --species=fly busco_out/BUSCO_metazoa.fasta/run_metazoa_odb10/blast_output/sequences/scaffold_3.temp
DEBUG:busco.Toolset	cmd call: /kmk/scripts/augustus.2.5.5/bin/augustus --codingseq=1 --proteinprofile=/kmk/databases/metazoa_odb10/prfl/533666at33208a.prfl --predictionStart=13738205 --predictionEnd=13750437 --species=fly busco_out/BUSCO_metazoa.fasta/run_metazoa_odb10/blast_output/sequences/scaffold_1.temp
DEBUG:busco.Toolset	cmd call: /kmk/scripts/augustus.2.5.5/bin/augustus --codingseq=1 --proteinprofile=/kmk/databases/metazoa_odb10/prfl/590347at33208a.prfl --predictionStart=21830785 --predictionEnd=21843552 --species=fly busco_out/BUSCO_metazoa.fasta/run_metazoa_odb10/blast_output/sequences/scaffold_6.temp
DEBUG:busco.Toolset	cmd call: /kmk/scripts/augustus.2.5.5/bin/augustus --codingseq=1 --proteinprofile=/kmk/databases/metazoa_odb10/prfl/206858at33208a.prfl --predictionStart=29929523 --predictionEnd=29948221 --species=fly busco_out/BUSCO_metazoa.fasta/run_metazoa_odb10/blast_output/sequences/scaffold_3.temp
DEBUG:busco.Toolset	cmd call: /kmk/scripts/augustus.2.5.5/bin/augustus --codingseq=1 --proteinprofile=/kmk/databases/metazoa_odb10/prfl/636300at33208a.prfl --predictionStart=52607909 --predictionEnd=52620090 --species=fly busco_out/BUSCO_metazoa.fasta/run_metazoa_odb10/blast_output/sequences/scaffold_1.temp
DEBUG:busco.Toolset	cmd call: /kmk/scripts/augustus.2.5.5/bin/augustus --codingseq=1 --proteinprofile=/kmk/databases/metazoa_odb10/prfl/530431at33208a.prfl --predictionStart=37182282 --predictionEnd=37213922 --species=fly busco_out/BUSCO_metazoa.fasta/run_metazoa_odb10/blast_output/sequences/scaffold_3.temp
DEBUG:busco.Toolset	cmd call: /kmk/scripts/augustus.2.5.5/bin/augustus --codingseq=1 --proteinprofile=/kmk/databases/metazoa_odb10/prfl/143619at33208a.prfl --predictionStart=18655781 --predictionEnd=18675852 --species=fly busco_out/BUSCO_metazoa.fasta/run_metazoa_odb10/blast_output/sequences/scaffold_9.temp
DEBUG:busco.Toolset	cmd call: /kmk/scripts/augustus.2.5.5/bin/augustus --codingseq=1 --proteinprofile=/kmk/databases/metazoa_odb10/prfl/608074at33208a.prfl --predictionStart=22010346 --predictionEnd=22022578 --species=fly busco_out/BUSCO_metazoa.fasta/run_metazoa_odb10/blast_output/sequences/scaffold_1.temp
DEBUG:busco.Toolset	cmd call: /kmk/scripts/augustus.2.5.5/bin/augustus --codingseq=1 --proteinprofile=/kmk/databases/metazoa_odb10/prfl/504207at33208a.prfl --predictionStart=11070427 --predictionEnd=11103062 --species=fly busco_out/BUSCO_metazoa.fasta/run_metazoa_odb10/blast_output/sequences/scaffold_3.temp
DEBUG:busco.Toolset	cmd call: /kmk/scripts/augustus.2.5.5/bin/augustus --codingseq=1 --proteinprofile=/kmk/databases/metazoa_odb10/prfl/493913at33208a.prfl --predictionStart=23290654 --predictionEnd=23303617 --species=fly busco_out/BUSCO_metazoa.fasta/run_metazoa_odb10/blast_output/sequences/scaffold_3.temp
DEBUG:busco.Toolset	cmd call: /kmk/scripts/augustus.2.5.5/bin/augustus --codingseq=1 --proteinprofile=/kmk/databases/metazoa_odb10/prfl/267439at33208a.prfl --predictionStart=26762639 --predictionEnd=26783291 --species=fly busco_out/BUSCO_metazoa.fasta/run_metazoa_odb10/blast_output/sequences/scaffold_4.temp
DEBUG:busco.Toolset	cmd call: /kmk/scripts/augustus.2.5.5/bin/augustus --codingseq=1 --proteinprofile=/kmk/databases/metazoa_odb10/prfl/335107at33208a.prfl --predictionStart=17217522 --predictionEnd=17244927 --species=fly busco_out/BUSCO_metazoa.fasta/run_metazoa_odb10/blast_output/sequences/scaffold_1.temp
DEBUG:busco.Toolset	cmd call: /kmk/scripts/augustus.2.5.5/bin/augustus --codingseq=1 --proteinprofile=/kmk/databases/metazoa_odb10/prfl/436007at33208a.prfl --predictionStart=4795104 --predictionEnd=4816424 --species=fly busco_out/BUSCO_metazoa.fasta/run_metazoa_odb10/blast_output/sequences/scaffold_9.temp
DEBUG:busco.Toolset	cmd call: /kmk/scripts/augustus.2.5.5/bin/augustus --codingseq=1 --proteinprofile=/kmk/databases/metazoa_odb10/prfl/367551at33208a.prfl --predictionStart=19782595 --predictionEnd=19802212 --species=fly busco_out/BUSCO_metazoa.fasta/run_metazoa_odb10/blast_output/sequences/scaffold_9.temp
DEBUG:busco.Toolset	cmd call: /kmk/scripts/augustus.2.5.5/bin/augustus --codingseq=1 --proteinprofile=/kmk/databases/metazoa_odb10/prfl/336647at33208a.prfl --predictionStart=20242345 --predictionEnd=20265938 --species=fly busco_out/BUSCO_metazoa.fasta/run_metazoa_odb10/blast_output/sequences/scaffold_4.temp
DEBUG:busco.Toolset	cmd call: /kmk/scripts/augustus.2.5.5/bin/augustus --codingseq=1 --proteinprofile=/kmk/databases/metazoa_odb10/prfl/246241at33208a.prfl --predictionStart=30713052 --predictionEnd=30730659 --species=fly busco_out/BUSCO_metazoa.fasta/run_metazoa_odb10/blast_output/sequences/scaffold_5.temp
DEBUG:busco.Toolset	cmd call: /kmk/scripts/augustus.2.5.5/bin/augustus --codingseq=1 --proteinprofile=/kmk/databases/metazoa_odb10/prfl/629763at33208a.prfl --predictionStart=2768077 --predictionEnd=2780264 --species=fly busco_out/BUSCO_metazoa.fasta/run_metazoa_odb10/blast_output/sequences/scaffold_1.temp
DEBUG:busco.Toolset	cmd call: /kmk/scripts/augustus.2.5.5/bin/augustus --codingseq=1 --proteinprofile=/kmk/databases/metazoa_odb10/prfl/581779at33208a.prfl --predictionStart=50385344 --predictionEnd=50397531 --species=fly busco_out/BUSCO_metazoa.fasta/run_metazoa_odb10/blast_output/sequences/scaffold_1.temp
DEBUG:busco.Toolset	cmd call: /kmk/scripts/augustus.2.5.5/bin/augustus --codingseq=1 --proteinprofile=/kmk/databases/metazoa_odb10/prfl/124302at33208a.prfl --predictionStart=39179738 --predictionEnd=39219023 --species=fly busco_out/BUSCO_metazoa.fasta/run_metazoa_odb10/blast_output/sequences/scaffold_1.temp
DEBUG:busco.Toolset	cmd call: /kmk/scripts/augustus.2.5.5/bin/augustus --codingseq=1 --proteinprofile=/kmk/databases/metazoa_odb10/prfl/153034at33208a.prfl --predictionStart=29442501 --predictionEnd=29461532 --species=fly busco_out/BUSCO_metazoa.fasta/run_metazoa_odb10/blast_output/sequences/scaffold_3.temp
DEBUG:busco.Toolset	cmd call: /kmk/scripts/augustus.2.5.5/bin/augustus --codingseq=1 --proteinprofile=/kmk/databases/metazoa_odb10/prfl/424392at33208a.prfl --predictionStart=646114 --predictionEnd=665482 --species=fly busco_out/BUSCO_metazoa.fasta/run_metazoa_odb10/blast_output/sequences/scaffold_9.temp
DEBUG:busco.Toolset	cmd call: /kmk/scripts/augustus.2.5.5/bin/augustus --codingseq=1 --proteinprofile=/kmk/databases/metazoa_odb10/prfl/411515at33208a.prfl --predictionStart=3983359 --predictionEnd=3998068 --species=fly busco_out/BUSCO_metazoa.fasta/run_metazoa_odb10/blast_output/sequences/scaffold_1.temp
DEBUG:busco.Toolset	cmd call: /kmk/scripts/augustus.2.5.5/bin/augustus --codingseq=1 --proteinprofile=/kmk/databases/metazoa_odb10/prfl/259581at33208a.prfl --predictionStart=4234579 --predictionEnd=4247255 --species=fly busco_out/BUSCO_metazoa.fasta/run_metazoa_odb10/blast_output/sequences/scaffold_1.temp
DEBUG:busco.Toolset	cmd call: /kmk/scripts/augustus.2.5.5/bin/augustus --codingseq=1 --proteinprofile=/kmk/databases/metazoa_odb10/prfl/524165at33208a.prfl --predictionStart=44620023 --predictionEnd=44638333 --species=fly busco_out/BUSCO_metazoa.fasta/run_metazoa_odb10/blast_output/sequences/scaffold_1.temp
DEBUG:busco.Toolset	cmd call: /kmk/scripts/augustus.2.5.5/bin/augustus --codingseq=1 --proteinprofile=/kmk/databases/metazoa_odb10/prfl/628231at33208a.prfl --predictionStart=8632098 --predictionEnd=8644297 --species=fly busco_out/BUSCO_metazoa.fasta/run_metazoa_odb10/blast_output/sequences/scaffold_5.temp
DEBUG:busco.Toolset	cmd call: /kmk/scripts/augustus.2.5.5/bin/augustus --codingseq=1 --proteinprofile=/kmk/databases/metazoa_odb10/prfl/618421at33208a.prfl --predictionStart=19712981 --predictionEnd=19725462 --species=fly busco_out/BUSCO_metazoa.fasta/run_metazoa_odb10/blast_output/sequences/scaffold_8.temp
DEBUG:busco.Toolset	cmd call: /kmk/scripts/augustus.2.5.5/bin/augustus --codingseq=1 --proteinprofile=/kmk/databases/metazoa_odb10/prfl/552949at33208a.prfl --predictionStart=8603581 --predictionEnd=8615726 --species=fly busco_out/BUSCO_metazoa.fasta/run_metazoa_odb10/blast_output/sequences/scaffold_8.temp
DEBUG:busco.Toolset	cmd call: /kmk/scripts/augustus.2.5.5/bin/augustus --codingseq=1 --proteinprofile=/kmk/databases/metazoa_odb10/prfl/219795at33208a.prfl --predictionStart=8748137 --predictionEnd=8763646 --species=fly busco_out/BUSCO_metazoa.fasta/run_metazoa_odb10/blast_output/sequences/scaffold_9.temp
DEBUG:busco.Toolset	cmd call: /kmk/scripts/augustus.2.5.5/bin/augustus --codingseq=1 --proteinprofile=/kmk/databases/metazoa_odb10/prfl/300303at33208a.prfl --predictionStart=13494654 --predictionEnd=13513312 --species=fly busco_out/BUSCO_metazoa.fasta/run_metazoa_odb10/blast_output/sequences/scaffold_5.temp
DEBUG:busco.Toolset	cmd call: /kmk/scripts/augustus.2.5.5/bin/augustus --codingseq=1 --proteinprofile=/kmk/databases/metazoa_odb10/prfl/529093at33208a.prfl --predictionStart=19199273 --predictionEnd=19217614 --species=fly busco_out/BUSCO_metazoa.fasta/run_metazoa_odb10/blast_output/sequences/scaffold_8.temp
DEBUG:busco.Toolset	cmd call: /kmk/scripts/augustus.2.5.5/bin/augustus --codingseq=1 --proteinprofile=/kmk/databases/metazoa_odb10/prfl/444231at33208a.prfl --predictionStart=7478828 --predictionEnd=7492690 --species=fly busco_out/BUSCO_metazoa.fasta/run_metazoa_odb10/blast_output/sequences/scaffold_5.temp
DEBUG:busco.Toolset	cmd call: /kmk/scripts/augustus.2.5.5/bin/augustus --codingseq=1 --proteinprofile=/kmk/databases/metazoa_odb10/prfl/510522at33208a.prfl --predictionStart=15292062 --predictionEnd=15305667 --species=fly busco_out/BUSCO_metazoa.fasta/run_metazoa_odb10/blast_output/sequences/scaffold_4.temp
DEBUG:busco.Toolset	cmd call: /kmk/scripts/augustus.2.5.5/bin/augustus --codingseq=1 --proteinprofile=/kmk/databases/metazoa_odb10/prfl/603239at33208a.prfl --predictionStart=162941 --predictionEnd=175110 --species=fly busco_out/BUSCO_metazoa.fasta/run_metazoa_odb10/blast_output/sequences/scaffold_2.temp
DEBUG:busco.Toolset	cmd call: /kmk/scripts/augustus.2.5.5/bin/augustus --codingseq=1 --proteinprofile=/kmk/databases/metazoa_odb10/prfl/640187at33208a.prfl --predictionStart=24267546 --predictionEnd=24280459 --species=fly busco_out/BUSCO_metazoa.fasta/run_metazoa_odb10/blast_output/sequences/scaffold_6.temp
DEBUG:busco.Toolset	cmd call: /kmk/scripts/augustus.2.5.5/bin/augustus --codingseq=1 --proteinprofile=/kmk/databases/metazoa_odb10/prfl/564234at33208a.prfl --predictionStart=10141470 --predictionEnd=10165250 --species=fly busco_out/BUSCO_metazoa.fasta/run_metazoa_odb10/blast_output/sequences/scaffold_5.temp
DEBUG:busco.Toolset	cmd call: /kmk/scripts/augustus.2.5.5/bin/augustus --codingseq=1 --proteinprofile=/kmk/databases/metazoa_odb10/prfl/339127at33208a.prfl --predictionStart=13102503 --predictionEnd=13119572 --species=fly busco_out/BUSCO_metazoa.fasta/run_metazoa_odb10/blast_output/sequences/scaffold_9.temp
DEBUG:busco.Toolset	cmd call: /kmk/scripts/augustus.2.5.5/bin/augustus --codingseq=1 --proteinprofile=/kmk/databases/metazoa_odb10/prfl/574311at33208a.prfl --predictionStart=22000185 --predictionEnd=22012351 --species=fly busco_out/BUSCO_metazoa.fasta/run_metazoa_odb10/blast_output/sequences/scaffold_5.temp
DEBUG:busco.Toolset	cmd call: /kmk/scripts/augustus.2.5.5/bin/augustus --codingseq=1 --proteinprofile=/kmk/databases/metazoa_odb10/prfl/480735at33208a.prfl --predictionStart=11656277 --predictionEnd=11672553 --species=fly busco_out/BUSCO_metazoa.fasta/run_metazoa_odb10/blast_output/sequences/scaffold_1.temp
DEBUG:busco.Toolset	cmd call: /kmk/scripts/augustus.2.5.5/bin/augustus --codingseq=1 --proteinprofile=/kmk/databases/metazoa_odb10/prfl/601875at33208a.prfl --predictionStart=19341502 --predictionEnd=19353959 --species=fly busco_out/BUSCO_metazoa.fasta/run_metazoa_odb10/blast_output/sequences/scaffold_6.temp
DEBUG:busco.Toolset	cmd call: /kmk/scripts/augustus.2.5.5/bin/augustus --codingseq=1 --proteinprofile=/kmk/databases/metazoa_odb10/prfl/368670at33208a.prfl --predictionStart=33447062 --predictionEnd=33461554 --species=fly busco_out/BUSCO_metazoa.fasta/run_metazoa_odb10/blast_output/sequences/scaffold_5.temp
DEBUG:busco.Toolset	cmd call: /kmk/scripts/augustus.2.5.5/bin/augustus --codingseq=1 --proteinprofile=/kmk/databases/metazoa_odb10/prfl/545063at33208a.prfl --predictionStart=2601812 --predictionEnd=2614896 --species=fly busco_out/BUSCO_metazoa.fasta/run_metazoa_odb10/blast_output/sequences/scaffold_7.temp
DEBUG:busco.Toolset	cmd call: /kmk/scripts/augustus.2.5.5/bin/augustus --codingseq=1 --proteinprofile=/kmk/databases/metazoa_odb10/prfl/118209at33208a.prfl --predictionStart=25689908 --predictionEnd=25722325 --species=fly busco_out/BUSCO_metazoa.fasta/run_metazoa_odb10/blast_output/sequences/scaffold_7.temp
DEBUG:busco.Toolset	cmd call: /kmk/scripts/augustus.2.5.5/bin/augustus --codingseq=1 --proteinprofile=/kmk/databases/metazoa_odb10/prfl/553411at33208a.prfl --predictionStart=4456100 --predictionEnd=4468278 --species=fly busco_out/BUSCO_metazoa.fasta/run_metazoa_odb10/blast_output/sequences/scaffold_2.temp
DEBUG:busco.Toolset	cmd call: /kmk/scripts/augustus.2.5.5/bin/augustus --codingseq=1 --proteinprofile=/kmk/databases/metazoa_odb10/prfl/354949at33208a.prfl --predictionStart=6464109 --predictionEnd=6477098 --species=fly busco_out/BUSCO_metazoa.fasta/run_metazoa_odb10/blast_output/sequences/scaffold_9.temp
DEBUG:busco.Toolset	cmd call: /kmk/scripts/augustus.2.5.5/bin/augustus --codingseq=1 --proteinprofile=/kmk/databases/metazoa_odb10/prfl/152977at33208a.prfl --predictionStart=22241706 --predictionEnd=22261799 --species=fly busco_out/BUSCO_metazoa.fasta/run_metazoa_odb10/blast_output/sequences/scaffold_5.temp
DEBUG:busco.Toolset	cmd call: /kmk/scripts/augustus.2.5.5/bin/augustus --codingseq=1 --proteinprofile=/kmk/databases/metazoa_odb10/prfl/579029at33208a.prfl --predictionStart=5940063 --predictionEnd=5952235 --species=fly busco_out/BUSCO_metazoa.fasta/run_metazoa_odb10/blast_output/sequences/scaffold_1.temp
DEBUG:busco.Toolset	cmd call: /kmk/scripts/augustus.2.5.5/bin/augustus --codingseq=1 --proteinprofile=/kmk/databases/metazoa_odb10/prfl/578684at33208a.prfl --predictionStart=8790909 --predictionEnd=8803081 --species=fly busco_out/BUSCO_metazoa.fasta/run_metazoa_odb10/blast_output/sequences/scaffold_9.temp
DEBUG:busco.Toolset	cmd call: /kmk/scripts/augustus.2.5.5/bin/augustus --codingseq=1 --proteinprofile=/kmk/databases/metazoa_odb10/prfl/63697at33208a.prfl --predictionStart=4479947 --predictionEnd=4514184 --species=fly busco_out/BUSCO_metazoa.fasta/run_metazoa_odb10/blast_output/sequences/scaffold_2.temp
DEBUG:busco.Toolset	cmd call: /kmk/scripts/augustus.2.5.5/bin/augustus --codingseq=1 --proteinprofile=/kmk/databases/metazoa_odb10/prfl/516321at33208a.prfl --predictionStart=8357618 --predictionEnd=8371975 --species=fly busco_out/BUSCO_metazoa.fasta/run_metazoa_odb10/blast_output/sequences/scaffold_8.temp
DEBUG:busco.Toolset	cmd call: /kmk/scripts/augustus.2.5.5/bin/augustus --codingseq=1 --proteinprofile=/kmk/databases/metazoa_odb10/prfl/405257at33208a.prfl --predictionStart=30117174 --predictionEnd=30133394 --species=fly busco_out/BUSCO_metazoa.fasta/run_metazoa_odb10/blast_output/sequences/scaffold_3.temp
DEBUG:busco.Toolset	cmd call: /kmk/scripts/augustus.2.5.5/bin/augustus --codingseq=1 --proteinprofile=/kmk/databases/metazoa_odb10/prfl/355739at33208a.prfl --predictionStart=21333952 --predictionEnd=21347965 --species=fly busco_out/BUSCO_metazoa.fasta/run_metazoa_odb10/blast_output/sequences/scaffold_6.temp
DEBUG:busco.Toolset	cmd call: /kmk/scripts/augustus.2.5.5/bin/augustus --codingseq=1 --proteinprofile=/kmk/databases/metazoa_odb10/prfl/201397at33208a.prfl --predictionStart=2211593 --predictionEnd=2234517 --species=fly busco_out/BUSCO_metazoa.fasta/run_metazoa_odb10/blast_output/sequences/scaffold_3.temp
DEBUG:busco.Toolset	cmd call: /kmk/scripts/augustus.2.5.5/bin/augustus --codingseq=1 --proteinprofile=/kmk/databases/metazoa_odb10/prfl/356503at33208a.prfl --predictionStart=16523190 --predictionEnd=16536214 --species=fly busco_out/BUSCO_metazoa.fasta/run_metazoa_odb10/blast_output/sequences/scaffold_5.temp
INFO:busco.Toolset	[augustus]	953 of 953 task(s) completed
INFO:busco.BuscoTools	Extracting predicted proteins...
INFO:busco.BuscoAnalysis	***** Run HMMER on gene sequences *****
INFO:busco.Toolset	Running 917 job(s) on hmmsearch
DEBUG:busco.Toolset	cmd call: /share/apps/python_shared/3.6.5/etc/sepp/bundled-v4.3.10/hmmsearch --domtblout busco_out/BUSCO_metazoa.fasta/run_metazoa_odb10/hmmer_output/102804at33208a.out.1 --cpu 1 /kmk/databases/metazoa_odb10/hmms/102804at33208a.hmm busco_out/BUSCO_metazoa.fasta/run_metazoa_odb10/augustus_output/extracted_proteins/102804at33208a.faa.1
DEBUG:busco.Toolset	cmd call: /share/apps/python_shared/3.6.5/etc/sepp/bundled-v4.3.10/hmmsearch --domtblout busco_out/BUSCO_metazoa.fasta/run_metazoa_odb10/hmmer_output/107151at33208a.out.1 --cpu 1 /kmk/databases/metazoa_odb10/hmms/107151at33208a.hmm busco_out/BUSCO_metazoa.fasta/run_metazoa_odb10/augustus_output/extracted_proteins/107151at33208a.faa.1
DEBUG:busco.Toolset	cmd call: /share/apps/python_shared/3.6.5/etc/sepp/bundled-v4.3.10/hmmsearch --domtblout busco_out/BUSCO_metazoa.fasta/run_metazoa_odb10/hmmer_output/108764at33208a.out.1 --cpu 1 /kmk/databases/metazoa_odb10/hmms/108764at33208a.hmm busco_out/BUSCO_metazoa.fasta/run_metazoa_odb10/augustus_output/extracted_proteins/108764at33208a.faa.1
DEBUG:busco.Toolset	cmd call: /share/apps/python_shared/3.6.5/etc/sepp/bundled-v4.3.10/hmmsearch --domtblout busco_out/BUSCO_metazoa.fasta/run_metazoa_odb10/hmmer_output/111730at33208a.out.1 --cpu 1 /kmk/databases/metazoa_odb10/hmms/111730at33208a.hmm busco_out/BUSCO_metazoa.fasta/run_metazoa_odb10/augustus_output/extracted_proteins/111730at33208a.faa.1
DEBUG:busco.Toolset	cmd call: /share/apps/python_shared/3.6.5/etc/sepp/bundled-v4.3.10/hmmsearch --domtblout busco_out/BUSCO_metazoa.fasta/run_metazoa_odb10/hmmer_output/114954at33208a.out.1 --cpu 1 /kmk/databases/metazoa_odb10/hmms/114954at33208a.hmm busco_out/BUSCO_metazoa.fasta/run_metazoa_odb10/augustus_output/extracted_proteins/114954at33208a.faa.1
DEBUG:busco.Toolset	cmd call: /share/apps/python_shared/3.6.5/etc/sepp/bundled-v4.3.10/hmmsearch --domtblout busco_out/BUSCO_metazoa.fasta/run_metazoa_odb10/hmmer_output/118209at33208a.out.1 --cpu 1 /kmk/databases/metazoa_odb10/hmms/118209at33208a.hmm busco_out/BUSCO_metazoa.fasta/run_metazoa_odb10/augustus_output/extracted_proteins/118209at33208a.faa.1
DEBUG:busco.Toolset	cmd call: /share/apps/python_shared/3.6.5/etc/sepp/bundled-v4.3.10/hmmsearch --domtblout busco_out/BUSCO_metazoa.fasta/run_metazoa_odb10/hmmer_output/119591at33208a.out.1 --cpu 1 /kmk/databases/metazoa_odb10/hmms/119591at33208a.hmm busco_out/BUSCO_metazoa.fasta/run_metazoa_odb10/augustus_output/extracted_proteins/119591at33208a.faa.1
DEBUG:busco.Toolset	cmd call: /share/apps/python_shared/3.6.5/etc/sepp/bundled-v4.3.10/hmmsearch --domtblout busco_out/BUSCO_metazoa.fasta/run_metazoa_odb10/hmmer_output/123923at33208a.out.1 --cpu 1 /kmk/databases/metazoa_odb10/hmms/123923at33208a.hmm busco_out/BUSCO_metazoa.fasta/run_metazoa_odb10/augustus_output/extracted_proteins/123923at33208a.faa.1
DEBUG:busco.Toolset	cmd call: /share/apps/python_shared/3.6.5/etc/sepp/bundled-v4.3.10/hmmsearch --domtblout busco_out/BUSCO_metazoa.fasta/run_metazoa_odb10/hmmer_output/127766at33208a.out.1 --cpu 1 /kmk/databases/metazoa_odb10/hmms/127766at33208a.hmm busco_out/BUSCO_metazoa.fasta/run_metazoa_odb10/augustus_output/extracted_proteins/127766at33208a.faa.1
DEBUG:busco.Toolset	cmd call: /share/apps/python_shared/3.6.5/etc/sepp/bundled-v4.3.10/hmmsearch --domtblout busco_out/BUSCO_metazoa.fasta/run_metazoa_odb10/hmmer_output/130245at33208a.out.1 --cpu 1 /kmk/databases/metazoa_odb10/hmms/130245at33208a.hmm busco_out/BUSCO_metazoa.fasta/run_metazoa_odb10/augustus_output/extracted_proteins/130245at33208a.faa.1
DEBUG:busco.Toolset	cmd call: /share/apps/python_shared/3.6.5/etc/sepp/bundled-v4.3.10/hmmsearch --domtblout busco_out/BUSCO_metazoa.fasta/run_metazoa_odb10/hmmer_output/131349at33208a.out.1 --cpu 1 /kmk/databases/metazoa_odb10/hmms/131349at33208a.hmm busco_out/BUSCO_metazoa.fasta/run_metazoa_odb10/augustus_output/extracted_proteins/131349at33208a.faa.1
DEBUG:busco.Toolset	cmd call: /share/apps/python_shared/3.6.5/etc/sepp/bundled-v4.3.10/hmmsearch --domtblout busco_out/BUSCO_metazoa.fasta/run_metazoa_odb10/hmmer_output/132087at33208a.out.1 --cpu 1 /kmk/databases/metazoa_odb10/hmms/132087at33208a.hmm busco_out/BUSCO_metazoa.fasta/run_metazoa_odb10/augustus_output/extracted_proteins/132087at33208a.faa.1
DEBUG:busco.Toolset	cmd call: /share/apps/python_shared/3.6.5/etc/sepp/bundled-v4.3.10/hmmsearch --domtblout busco_out/BUSCO_metazoa.fasta/run_metazoa_odb10/hmmer_output/135294at33208a.out.1 --cpu 1 /kmk/databases/metazoa_odb10/hmms/135294at33208a.hmm busco_out/BUSCO_metazoa.fasta/run_metazoa_odb10/augustus_output/extracted_proteins/135294at33208a.faa.1
DEBUG:busco.Toolset	cmd call: /share/apps/python_shared/3.6.5/etc/sepp/bundled-v4.3.10/hmmsearch --domtblout busco_out/BUSCO_metazoa.fasta/run_metazoa_odb10/hmmer_output/137383at33208a.out.1 --cpu 1 /kmk/databases/metazoa_odb10/hmms/137383at33208a.hmm busco_out/BUSCO_metazoa.fasta/run_metazoa_odb10/augustus_output/extracted_proteins/137383at33208a.faa.1
DEBUG:busco.Toolset	cmd call: /share/apps/python_shared/3.6.5/etc/sepp/bundled-v4.3.10/hmmsearch --domtblout busco_out/BUSCO_metazoa.fasta/run_metazoa_odb10/hmmer_output/139188at33208a.out.1 --cpu 1 /kmk/databases/metazoa_odb10/hmms/139188at33208a.hmm busco_out/BUSCO_metazoa.fasta/run_metazoa_odb10/augustus_output/extracted_proteins/139188at33208a.faa.1
DEBUG:busco.Toolset	cmd call: /share/apps/python_shared/3.6.5/etc/sepp/bundled-v4.3.10/hmmsearch --domtblout busco_out/BUSCO_metazoa.fasta/run_metazoa_odb10/hmmer_output/143997at33208a.out.1 --cpu 1 /kmk/databases/metazoa_odb10/hmms/143997at33208a.hmm busco_out/BUSCO_metazoa.fasta/run_metazoa_odb10/augustus_output/extracted_proteins/143997at33208a.faa.1
DEBUG:busco.Toolset	cmd call: /share/apps/python_shared/3.6.5/etc/sepp/bundled-v4.3.10/hmmsearch --domtblout busco_out/BUSCO_metazoa.fasta/run_metazoa_odb10/hmmer_output/103854at33208a.out.1 --cpu 1 /kmk/databases/metazoa_odb10/hmms/103854at33208a.hmm busco_out/BUSCO_metazoa.fasta/run_metazoa_odb10/augustus_output/extracted_proteins/103854at33208a.faa.1
DEBUG:busco.Toolset	cmd call: /share/apps/python_shared/3.6.5/etc/sepp/bundled-v4.3.10/hmmsearch --domtblout busco_out/BUSCO_metazoa.fasta/run_metazoa_odb10/hmmer_output/107574at33208a.out.1 --cpu 1 /kmk/databases/metazoa_odb10/hmms/107574at33208a.hmm busco_out/BUSCO_metazoa.fasta/run_metazoa_odb10/augustus_output/extracted_proteins/107574at33208a.faa.1
DEBUG:busco.Toolset	cmd call: /share/apps/python_shared/3.6.5/etc/sepp/bundled-v4.3.10/hmmsearch --domtblout busco_out/BUSCO_metazoa.fasta/run_metazoa_odb10/hmmer_output/111746at33208a.out.1 --cpu 1 /kmk/databases/metazoa_odb10/hmms/111746at33208a.hmm busco_out/BUSCO_metazoa.fasta/run_metazoa_odb10/augustus_output/extracted_proteins/111746at33208a.faa.1
DEBUG:busco.Toolset	cmd call: /share/apps/python_shared/3.6.5/etc/sepp/bundled-v4.3.10/hmmsearch --domtblout busco_out/BUSCO_metazoa.fasta/run_metazoa_odb10/hmmer_output/109109at33208a.out.1 --cpu 1 /kmk/databases/metazoa_odb10/hmms/109109at33208a.hmm busco_out/BUSCO_metazoa.fasta/run_metazoa_odb10/augustus_output/extracted_proteins/109109at33208a.faa.1
DEBUG:busco.Toolset	cmd call: /share/apps/python_shared/3.6.5/etc/sepp/bundled-v4.3.10/hmmsearch --domtblout busco_out/BUSCO_metazoa.fasta/run_metazoa_odb10/hmmer_output/115878at33208a.out.1 --cpu 1 /kmk/databases/metazoa_odb10/hmms/115878at33208a.hmm busco_out/BUSCO_metazoa.fasta/run_metazoa_odb10/augustus_output/extracted_proteins/115878at33208a.faa.1
DEBUG:busco.Toolset	cmd call: /share/apps/python_shared/3.6.5/etc/sepp/bundled-v4.3.10/hmmsearch --domtblout busco_out/BUSCO_metazoa.fasta/run_metazoa_odb10/hmmer_output/119252at33208a.out.1 --cpu 1 /kmk/databases/metazoa_odb10/hmms/119252at33208a.hmm busco_out/BUSCO_metazoa.fasta/run_metazoa_odb10/augustus_output/extracted_proteins/119252at33208a.faa.1
DEBUG:busco.Toolset	cmd call: /share/apps/python_shared/3.6.5/etc/sepp/bundled-v4.3.10/hmmsearch --domtblout busco_out/BUSCO_metazoa.fasta/run_metazoa_odb10/hmmer_output/121127at33208a.out.1 --cpu 1 /kmk/databases/metazoa_odb10/hmms/121127at33208a.hmm busco_out/BUSCO_metazoa.fasta/run_metazoa_odb10/augustus_output/extracted_proteins/121127at33208a.faa.1
DEBUG:busco.Toolset	cmd call: /share/apps/python_shared/3.6.5/etc/sepp/bundled-v4.3.10/hmmsearch --domtblout busco_out/BUSCO_metazoa.fasta/run_metazoa_odb10/hmmer_output/124302at33208a.out.1 --cpu 1 /kmk/databases/metazoa_odb10/hmms/124302at33208a.hmm busco_out/BUSCO_metazoa.fasta/run_metazoa_odb10/augustus_output/extracted_proteins/124302at33208a.faa.1
DEBUG:busco.Toolset	cmd call: /share/apps/python_shared/3.6.5/etc/sepp/bundled-v4.3.10/hmmsearch --domtblout busco_out/BUSCO_metazoa.fasta/run_metazoa_odb10/hmmer_output/129179at33208a.out.1 --cpu 1 /kmk/databases/metazoa_odb10/hmms/129179at33208a.hmm busco_out/BUSCO_metazoa.fasta/run_metazoa_odb10/augustus_output/extracted_proteins/129179at33208a.faa.1
DEBUG:busco.Toolset	cmd call: /share/apps/python_shared/3.6.5/etc/sepp/bundled-v4.3.10/hmmsearch --domtblout busco_out/BUSCO_metazoa.fasta/run_metazoa_odb10/hmmer_output/130256at33208a.out.1 --cpu 1 /kmk/databases/metazoa_odb10/hmms/130256at33208a.hmm busco_out/BUSCO_metazoa.fasta/run_metazoa_odb10/augustus_output/extracted_proteins/130256at33208a.faa.1
DEBUG:busco.Toolset	cmd call: /share/apps/python_shared/3.6.5/etc/sepp/bundled-v4.3.10/hmmsearch --domtblout busco_out/BUSCO_metazoa.fasta/run_metazoa_odb10/hmmer_output/131848at33208a.out.1 --cpu 1 /kmk/databases/metazoa_odb10/hmms/131848at33208a.hmm busco_out/BUSCO_metazoa.fasta/run_metazoa_odb10/augustus_output/extracted_proteins/131848at33208a.faa.1
DEBUG:busco.Toolset	cmd call: /share/apps/python_shared/3.6.5/etc/sepp/bundled-v4.3.10/hmmsearch --domtblout busco_out/BUSCO_metazoa.fasta/run_metazoa_odb10/hmmer_output/134492at33208a.out.1 --cpu 1 /kmk/databases/metazoa_odb10/hmms/134492at33208a.hmm busco_out/BUSCO_metazoa.fasta/run_metazoa_odb10/augustus_output/extracted_proteins/134492at33208a.faa.1
DEBUG:busco.Toolset	cmd call: /share/apps/python_shared/3.6.5/etc/sepp/bundled-v4.3.10/hmmsearch --domtblout busco_out/BUSCO_metazoa.fasta/run_metazoa_odb10/hmmer_output/135294at33208a.out.2 --cpu 1 /kmk/databases/metazoa_odb10/hmms/135294at33208a.hmm busco_out/BUSCO_metazoa.fasta/run_metazoa_odb10/augustus_output/extracted_proteins/135294at33208a.faa.2
DEBUG:busco.Toolset	cmd call: /share/apps/python_shared/3.6.5/etc/sepp/bundled-v4.3.10/hmmsearch --domtblout busco_out/BUSCO_metazoa.fasta/run_metazoa_odb10/hmmer_output/13816at33208a.out.1 --cpu 1 /kmk/databases/metazoa_odb10/hmms/13816at33208a.hmm busco_out/BUSCO_metazoa.fasta/run_metazoa_odb10/augustus_output/extracted_proteins/13816at33208a.faa.1
DEBUG:busco.Toolset	cmd call: /share/apps/python_shared/3.6.5/etc/sepp/bundled-v4.3.10/hmmsearch --domtblout busco_out/BUSCO_metazoa.fasta/run_metazoa_odb10/hmmer_output/143619at33208a.out.1 --cpu 1 /kmk/databases/metazoa_odb10/hmms/143619at33208a.hmm busco_out/BUSCO_metazoa.fasta/run_metazoa_odb10/augustus_output/extracted_proteins/143619at33208a.faa.1
DEBUG:busco.Toolset	cmd call: /share/apps/python_shared/3.6.5/etc/sepp/bundled-v4.3.10/hmmsearch --domtblout busco_out/BUSCO_metazoa.fasta/run_metazoa_odb10/hmmer_output/146671at33208a.out.1 --cpu 1 /kmk/databases/metazoa_odb10/hmms/146671at33208a.hmm busco_out/BUSCO_metazoa.fasta/run_metazoa_odb10/augustus_output/extracted_proteins/146671at33208a.faa.1
DEBUG:busco.Toolset	cmd call: /share/apps/python_shared/3.6.5/etc/sepp/bundled-v4.3.10/hmmsearch --domtblout busco_out/BUSCO_metazoa.fasta/run_metazoa_odb10/hmmer_output/14776at33208a.out.1 --cpu 1 /kmk/databases/metazoa_odb10/hmms/14776at33208a.hmm busco_out/BUSCO_metazoa.fasta/run_metazoa_odb10/augustus_output/extracted_proteins/14776at33208a.faa.1
DEBUG:busco.Toolset	cmd call: /share/apps/python_shared/3.6.5/etc/sepp/bundled-v4.3.10/hmmsearch --domtblout busco_out/BUSCO_metazoa.fasta/run_metazoa_odb10/hmmer_output/147873at33208a.out.1 --cpu 1 /kmk/databases/metazoa_odb10/hmms/147873at33208a.hmm busco_out/BUSCO_metazoa.fasta/run_metazoa_odb10/augustus_output/extracted_proteins/147873at33208a.faa.1
DEBUG:busco.Toolset	cmd call: /share/apps/python_shared/3.6.5/etc/sepp/bundled-v4.3.10/hmmsearch --domtblout busco_out/BUSCO_metazoa.fasta/run_metazoa_odb10/hmmer_output/148067at33208a.out.1 --cpu 1 /kmk/databases/metazoa_odb10/hmms/148067at33208a.hmm busco_out/BUSCO_metazoa.fasta/run_metazoa_odb10/augustus_output/extracted_proteins/148067at33208a.faa.1
DEBUG:busco.Toolset	cmd call: /share/apps/python_shared/3.6.5/etc/sepp/bundled-v4.3.10/hmmsearch --domtblout busco_out/BUSCO_metazoa.fasta/run_metazoa_odb10/hmmer_output/148325at33208a.out.1 --cpu 1 /kmk/databases/metazoa_odb10/hmms/148325at33208a.hmm busco_out/BUSCO_metazoa.fasta/run_metazoa_odb10/augustus_output/extracted_proteins/148325at33208a.faa.1
DEBUG:busco.Toolset	cmd call: /share/apps/python_shared/3.6.5/etc/sepp/bundled-v4.3.10/hmmsearch --domtblout busco_out/BUSCO_metazoa.fasta/run_metazoa_odb10/hmmer_output/152977at33208a.out.1 --cpu 1 /kmk/databases/metazoa_odb10/hmms/152977at33208a.hmm busco_out/BUSCO_metazoa.fasta/run_metazoa_odb10/augustus_output/extracted_proteins/152977at33208a.faa.1
DEBUG:busco.Toolset	cmd call: /share/apps/python_shared/3.6.5/etc/sepp/bundled-v4.3.10/hmmsearch --domtblout busco_out/BUSCO_metazoa.fasta/run_metazoa_odb10/hmmer_output/153034at33208a.out.1 --cpu 1 /kmk/databases/metazoa_odb10/hmms/153034at33208a.hmm busco_out/BUSCO_metazoa.fasta/run_metazoa_odb10/augustus_output/extracted_proteins/153034at33208a.faa.1
DEBUG:busco.Toolset	cmd call: /share/apps/python_shared/3.6.5/etc/sepp/bundled-v4.3.10/hmmsearch --domtblout busco_out/BUSCO_metazoa.fasta/run_metazoa_odb10/hmmer_output/157109at33208a.out.1 --cpu 1 /kmk/databases/metazoa_odb10/hmms/157109at33208a.hmm busco_out/BUSCO_metazoa.fasta/run_metazoa_odb10/augustus_output/extracted_proteins/157109at33208a.faa.1
DEBUG:busco.Toolset	cmd call: /share/apps/python_shared/3.6.5/etc/sepp/bundled-v4.3.10/hmmsearch --domtblout busco_out/BUSCO_metazoa.fasta/run_metazoa_odb10/hmmer_output/157138at33208a.out.1 --cpu 1 /kmk/databases/metazoa_odb10/hmms/157138at33208a.hmm busco_out/BUSCO_metazoa.fasta/run_metazoa_odb10/augustus_output/extracted_proteins/157138at33208a.faa.1
DEBUG:busco.Toolset	cmd call: /share/apps/python_shared/3.6.5/etc/sepp/bundled-v4.3.10/hmmsearch --domtblout busco_out/BUSCO_metazoa.fasta/run_metazoa_odb10/hmmer_output/158845at33208a.out.1 --cpu 1 /kmk/databases/metazoa_odb10/hmms/158845at33208a.hmm busco_out/BUSCO_metazoa.fasta/run_metazoa_odb10/augustus_output/extracted_proteins/158845at33208a.faa.1
DEBUG:busco.Toolset	cmd call: /share/apps/python_shared/3.6.5/etc/sepp/bundled-v4.3.10/hmmsearch --domtblout busco_out/BUSCO_metazoa.fasta/run_metazoa_odb10/hmmer_output/158962at33208a.out.1 --cpu 1 /kmk/databases/metazoa_odb10/hmms/158962at33208a.hmm busco_out/BUSCO_metazoa.fasta/run_metazoa_odb10/augustus_output/extracted_proteins/158962at33208a.faa.1
DEBUG:busco.Toolset	cmd call: /share/apps/python_shared/3.6.5/etc/sepp/bundled-v4.3.10/hmmsearch --domtblout busco_out/BUSCO_metazoa.fasta/run_metazoa_odb10/hmmer_output/16244at33208a.out.1 --cpu 1 /kmk/databases/metazoa_odb10/hmms/16244at33208a.hmm busco_out/BUSCO_metazoa.fasta/run_metazoa_odb10/augustus_output/extracted_proteins/16244at33208a.faa.1
DEBUG:busco.Toolset	cmd call: /share/apps/python_shared/3.6.5/etc/sepp/bundled-v4.3.10/hmmsearch --domtblout busco_out/BUSCO_metazoa.fasta/run_metazoa_odb10/hmmer_output/162821at33208a.out.1 --cpu 1 /kmk/databases/metazoa_odb10/hmms/162821at33208a.hmm busco_out/BUSCO_metazoa.fasta/run_metazoa_odb10/augustus_output/extracted_proteins/162821at33208a.faa.1
DEBUG:busco.Toolset	cmd call: /share/apps/python_shared/3.6.5/etc/sepp/bundled-v4.3.10/hmmsearch --domtblout busco_out/BUSCO_metazoa.fasta/run_metazoa_odb10/hmmer_output/164767at33208a.out.1 --cpu 1 /kmk/databases/metazoa_odb10/hmms/164767at33208a.hmm busco_out/BUSCO_metazoa.fasta/run_metazoa_odb10/augustus_output/extracted_proteins/164767at33208a.faa.1
DEBUG:busco.Toolset	cmd call: /share/apps/python_shared/3.6.5/etc/sepp/bundled-v4.3.10/hmmsearch --domtblout busco_out/BUSCO_metazoa.fasta/run_metazoa_odb10/hmmer_output/166097at33208a.out.1 --cpu 1 /kmk/databases/metazoa_odb10/hmms/166097at33208a.hmm busco_out/BUSCO_metazoa.fasta/run_metazoa_odb10/augustus_output/extracted_proteins/166097at33208a.faa.1
DEBUG:busco.Toolset	cmd call: /share/apps/python_shared/3.6.5/etc/sepp/bundled-v4.3.10/hmmsearch --domtblout busco_out/BUSCO_metazoa.fasta/run_metazoa_odb10/hmmer_output/168850at33208a.out.1 --cpu 1 /kmk/databases/metazoa_odb10/hmms/168850at33208a.hmm busco_out/BUSCO_metazoa.fasta/run_metazoa_odb10/augustus_output/extracted_proteins/168850at33208a.faa.1
DEBUG:busco.Toolset	cmd call: /share/apps/python_shared/3.6.5/etc/sepp/bundled-v4.3.10/hmmsearch --domtblout busco_out/BUSCO_metazoa.fasta/run_metazoa_odb10/hmmer_output/168924at33208a.out.1 --cpu 1 /kmk/databases/metazoa_odb10/hmms/168924at33208a.hmm busco_out/BUSCO_metazoa.fasta/run_metazoa_odb10/augustus_output/extracted_proteins/168924at33208a.faa.1
DEBUG:busco.Toolset	cmd call: /share/apps/python_shared/3.6.5/etc/sepp/bundled-v4.3.10/hmmsearch --domtblout busco_out/BUSCO_metazoa.fasta/run_metazoa_odb10/hmmer_output/169864at33208a.out.1 --cpu 1 /kmk/databases/metazoa_odb10/hmms/169864at33208a.hmm busco_out/BUSCO_metazoa.fasta/run_metazoa_odb10/augustus_output/extracted_proteins/169864at33208a.faa.1
DEBUG:busco.Toolset	cmd call: /share/apps/python_shared/3.6.5/etc/sepp/bundled-v4.3.10/hmmsearch --domtblout busco_out/BUSCO_metazoa.fasta/run_metazoa_odb10/hmmer_output/172677at33208a.out.1 --cpu 1 /kmk/databases/metazoa_odb10/hmms/172677at33208a.hmm busco_out/BUSCO_metazoa.fasta/run_metazoa_odb10/augustus_output/extracted_proteins/172677at33208a.faa.1
DEBUG:busco.Toolset	cmd call: /share/apps/python_shared/3.6.5/etc/sepp/bundled-v4.3.10/hmmsearch --domtblout busco_out/BUSCO_metazoa.fasta/run_metazoa_odb10/hmmer_output/176247at33208a.out.1 --cpu 1 /kmk/databases/metazoa_odb10/hmms/176247at33208a.hmm busco_out/BUSCO_metazoa.fasta/run_metazoa_odb10/augustus_output/extracted_proteins/176247at33208a.faa.1
DEBUG:busco.Toolset	cmd call: /share/apps/python_shared/3.6.5/etc/sepp/bundled-v4.3.10/hmmsearch --domtblout busco_out/BUSCO_metazoa.fasta/run_metazoa_odb10/hmmer_output/177718at33208a.out.1 --cpu 1 /kmk/databases/metazoa_odb10/hmms/177718at33208a.hmm busco_out/BUSCO_metazoa.fasta/run_metazoa_odb10/augustus_output/extracted_proteins/177718at33208a.faa.1
DEBUG:busco.Toolset	cmd call: /share/apps/python_shared/3.6.5/etc/sepp/bundled-v4.3.10/hmmsearch --domtblout busco_out/BUSCO_metazoa.fasta/run_metazoa_odb10/hmmer_output/177858at33208a.out.1 --cpu 1 /kmk/databases/metazoa_odb10/hmms/177858at33208a.hmm busco_out/BUSCO_metazoa.fasta/run_metazoa_odb10/augustus_output/extracted_proteins/177858at33208a.faa.1
DEBUG:busco.Toolset	cmd call: /share/apps/python_shared/3.6.5/etc/sepp/bundled-v4.3.10/hmmsearch --domtblout busco_out/BUSCO_metazoa.fasta/run_metazoa_odb10/hmmer_output/178537at33208a.out.1 --cpu 1 /kmk/databases/metazoa_odb10/hmms/178537at33208a.hmm busco_out/BUSCO_metazoa.fasta/run_metazoa_odb10/augustus_output/extracted_proteins/178537at33208a.faa.1
DEBUG:busco.Toolset	cmd call: /share/apps/python_shared/3.6.5/etc/sepp/bundled-v4.3.10/hmmsearch --domtblout busco_out/BUSCO_metazoa.fasta/run_metazoa_odb10/hmmer_output/179485at33208a.out.1 --cpu 1 /kmk/databases/metazoa_odb10/hmms/179485at33208a.hmm busco_out/BUSCO_metazoa.fasta/run_metazoa_odb10/augustus_output/extracted_proteins/179485at33208a.faa.1
DEBUG:busco.Toolset	cmd call: /share/apps/python_shared/3.6.5/etc/sepp/bundled-v4.3.10/hmmsearch --domtblout busco_out/BUSCO_metazoa.fasta/run_metazoa_odb10/hmmer_output/179485at33208a.out.2 --cpu 1 /kmk/databases/metazoa_odb10/hmms/179485at33208a.hmm busco_out/BUSCO_metazoa.fasta/run_metazoa_odb10/augustus_output/extracted_proteins/179485at33208a.faa.2
DEBUG:busco.Toolset	cmd call: /share/apps/python_shared/3.6.5/etc/sepp/bundled-v4.3.10/hmmsearch --domtblout busco_out/BUSCO_metazoa.fasta/run_metazoa_odb10/hmmer_output/180808at33208a.out.1 --cpu 1 /kmk/databases/metazoa_odb10/hmms/180808at33208a.hmm busco_out/BUSCO_metazoa.fasta/run_metazoa_odb10/augustus_output/extracted_proteins/180808at33208a.faa.1
DEBUG:busco.Toolset	cmd call: /share/apps/python_shared/3.6.5/etc/sepp/bundled-v4.3.10/hmmsearch --domtblout busco_out/BUSCO_metazoa.fasta/run_metazoa_odb10/hmmer_output/182834at33208a.out.1 --cpu 1 /kmk/databases/metazoa_odb10/hmms/182834at33208a.hmm busco_out/BUSCO_metazoa.fasta/run_metazoa_odb10/augustus_output/extracted_proteins/182834at33208a.faa.1
DEBUG:busco.Toolset	cmd call: /share/apps/python_shared/3.6.5/etc/sepp/bundled-v4.3.10/hmmsearch --domtblout busco_out/BUSCO_metazoa.fasta/run_metazoa_odb10/hmmer_output/184508at33208a.out.1 --cpu 1 /kmk/databases/metazoa_odb10/hmms/184508at33208a.hmm busco_out/BUSCO_metazoa.fasta/run_metazoa_odb10/augustus_output/extracted_proteins/184508at33208a.faa.1
DEBUG:busco.Toolset	cmd call: /share/apps/python_shared/3.6.5/etc/sepp/bundled-v4.3.10/hmmsearch --domtblout busco_out/BUSCO_metazoa.fasta/run_metazoa_odb10/hmmer_output/184717at33208a.out.1 --cpu 1 /kmk/databases/metazoa_odb10/hmms/184717at33208a.hmm busco_out/BUSCO_metazoa.fasta/run_metazoa_odb10/augustus_output/extracted_proteins/184717at33208a.faa.1
DEBUG:busco.Toolset	cmd call: /share/apps/python_shared/3.6.5/etc/sepp/bundled-v4.3.10/hmmsearch --domtblout busco_out/BUSCO_metazoa.fasta/run_metazoa_odb10/hmmer_output/186208at33208a.out.1 --cpu 1 /kmk/databases/metazoa_odb10/hmms/186208at33208a.hmm busco_out/BUSCO_metazoa.fasta/run_metazoa_odb10/augustus_output/extracted_proteins/186208at33208a.faa.1
DEBUG:busco.Toolset	cmd call: /share/apps/python_shared/3.6.5/etc/sepp/bundled-v4.3.10/hmmsearch --domtblout busco_out/BUSCO_metazoa.fasta/run_metazoa_odb10/hmmer_output/186707at33208a.out.1 --cpu 1 /kmk/databases/metazoa_odb10/hmms/186707at33208a.hmm busco_out/BUSCO_metazoa.fasta/run_metazoa_odb10/augustus_output/extracted_proteins/186707at33208a.faa.1
DEBUG:busco.Toolset	cmd call: /share/apps/python_shared/3.6.5/etc/sepp/bundled-v4.3.10/hmmsearch --domtblout busco_out/BUSCO_metazoa.fasta/run_metazoa_odb10/hmmer_output/187280at33208a.out.1 --cpu 1 /kmk/databases/metazoa_odb10/hmms/187280at33208a.hmm busco_out/BUSCO_metazoa.fasta/run_metazoa_odb10/augustus_output/extracted_proteins/187280at33208a.faa.1
DEBUG:busco.Toolset	cmd call: /share/apps/python_shared/3.6.5/etc/sepp/bundled-v4.3.10/hmmsearch --domtblout busco_out/BUSCO_metazoa.fasta/run_metazoa_odb10/hmmer_output/189414at33208a.out.1 --cpu 1 /kmk/databases/metazoa_odb10/hmms/189414at33208a.hmm busco_out/BUSCO_metazoa.fasta/run_metazoa_odb10/augustus_output/extracted_proteins/189414at33208a.faa.1
DEBUG:busco.Toolset	cmd call: /share/apps/python_shared/3.6.5/etc/sepp/bundled-v4.3.10/hmmsearch --domtblout busco_out/BUSCO_metazoa.fasta/run_metazoa_odb10/hmmer_output/190726at33208a.out.1 --cpu 1 /kmk/databases/metazoa_odb10/hmms/190726at33208a.hmm busco_out/BUSCO_metazoa.fasta/run_metazoa_odb10/augustus_output/extracted_proteins/190726at33208a.faa.1
DEBUG:busco.Toolset	cmd call: /share/apps/python_shared/3.6.5/etc/sepp/bundled-v4.3.10/hmmsearch --domtblout busco_out/BUSCO_metazoa.fasta/run_metazoa_odb10/hmmer_output/191938at33208a.out.1 --cpu 1 /kmk/databases/metazoa_odb10/hmms/191938at33208a.hmm busco_out/BUSCO_metazoa.fasta/run_metazoa_odb10/augustus_output/extracted_proteins/191938at33208a.faa.1
DEBUG:busco.Toolset	cmd call: /share/apps/python_shared/3.6.5/etc/sepp/bundled-v4.3.10/hmmsearch --domtblout busco_out/BUSCO_metazoa.fasta/run_metazoa_odb10/hmmer_output/192250at33208a.out.1 --cpu 1 /kmk/databases/metazoa_odb10/hmms/192250at33208a.hmm busco_out/BUSCO_metazoa.fasta/run_metazoa_odb10/augustus_output/extracted_proteins/192250at33208a.faa.1
DEBUG:busco.Toolset	cmd call: /share/apps/python_shared/3.6.5/etc/sepp/bundled-v4.3.10/hmmsearch --domtblout busco_out/BUSCO_metazoa.fasta/run_metazoa_odb10/hmmer_output/194754at33208a.out.1 --cpu 1 /kmk/databases/metazoa_odb10/hmms/194754at33208a.hmm busco_out/BUSCO_metazoa.fasta/run_metazoa_odb10/augustus_output/extracted_proteins/194754at33208a.faa.1
DEBUG:busco.Toolset	cmd call: /share/apps/python_shared/3.6.5/etc/sepp/bundled-v4.3.10/hmmsearch --domtblout busco_out/BUSCO_metazoa.fasta/run_metazoa_odb10/hmmer_output/195986at33208a.out.1 --cpu 1 /kmk/databases/metazoa_odb10/hmms/195986at33208a.hmm busco_out/BUSCO_metazoa.fasta/run_metazoa_odb10/augustus_output/extracted_proteins/195986at33208a.faa.1
DEBUG:busco.Toolset	cmd call: /share/apps/python_shared/3.6.5/etc/sepp/bundled-v4.3.10/hmmsearch --domtblout busco_out/BUSCO_metazoa.fasta/run_metazoa_odb10/hmmer_output/196950at33208a.out.1 --cpu 1 /kmk/databases/metazoa_odb10/hmms/196950at33208a.hmm busco_out/BUSCO_metazoa.fasta/run_metazoa_odb10/augustus_output/extracted_proteins/196950at33208a.faa.1
DEBUG:busco.Toolset	cmd call: /share/apps/python_shared/3.6.5/etc/sepp/bundled-v4.3.10/hmmsearch --domtblout busco_out/BUSCO_metazoa.fasta/run_metazoa_odb10/hmmer_output/197652at33208a.out.1 --cpu 1 /kmk/databases/metazoa_odb10/hmms/197652at33208a.hmm busco_out/BUSCO_metazoa.fasta/run_metazoa_odb10/augustus_output/extracted_proteins/197652at33208a.faa.1
DEBUG:busco.Toolset	cmd call: /share/apps/python_shared/3.6.5/etc/sepp/bundled-v4.3.10/hmmsearch --domtblout busco_out/BUSCO_metazoa.fasta/run_metazoa_odb10/hmmer_output/200997at33208a.out.1 --cpu 1 /kmk/databases/metazoa_odb10/hmms/200997at33208a.hmm busco_out/BUSCO_metazoa.fasta/run_metazoa_odb10/augustus_output/extracted_proteins/200997at33208a.faa.1
DEBUG:busco.Toolset	cmd call: /share/apps/python_shared/3.6.5/etc/sepp/bundled-v4.3.10/hmmsearch --domtblout busco_out/BUSCO_metazoa.fasta/run_metazoa_odb10/hmmer_output/201397at33208a.out.1 --cpu 1 /kmk/databases/metazoa_odb10/hmms/201397at33208a.hmm busco_out/BUSCO_metazoa.fasta/run_metazoa_odb10/augustus_output/extracted_proteins/201397at33208a.faa.1
DEBUG:busco.Toolset	cmd call: /share/apps/python_shared/3.6.5/etc/sepp/bundled-v4.3.10/hmmsearch --domtblout busco_out/BUSCO_metazoa.fasta/run_metazoa_odb10/hmmer_output/202545at33208a.out.1 --cpu 1 /kmk/databases/metazoa_odb10/hmms/202545at33208a.hmm busco_out/BUSCO_metazoa.fasta/run_metazoa_odb10/augustus_output/extracted_proteins/202545at33208a.faa.1
DEBUG:busco.Toolset	cmd call: /share/apps/python_shared/3.6.5/etc/sepp/bundled-v4.3.10/hmmsearch --domtblout busco_out/BUSCO_metazoa.fasta/run_metazoa_odb10/hmmer_output/203128at33208a.out.1 --cpu 1 /kmk/databases/metazoa_odb10/hmms/203128at33208a.hmm busco_out/BUSCO_metazoa.fasta/run_metazoa_odb10/augustus_output/extracted_proteins/203128at33208a.faa.1
DEBUG:busco.Toolset	cmd call: /share/apps/python_shared/3.6.5/etc/sepp/bundled-v4.3.10/hmmsearch --domtblout busco_out/BUSCO_metazoa.fasta/run_metazoa_odb10/hmmer_output/203698at33208a.out.2 --cpu 1 /kmk/databases/metazoa_odb10/hmms/203698at33208a.hmm busco_out/BUSCO_metazoa.fasta/run_metazoa_odb10/augustus_output/extracted_proteins/203698at33208a.faa.2
DEBUG:busco.Toolset	cmd call: /share/apps/python_shared/3.6.5/etc/sepp/bundled-v4.3.10/hmmsearch --domtblout busco_out/BUSCO_metazoa.fasta/run_metazoa_odb10/hmmer_output/205220at33208a.out.1 --cpu 1 /kmk/databases/metazoa_odb10/hmms/205220at33208a.hmm busco_out/BUSCO_metazoa.fasta/run_metazoa_odb10/augustus_output/extracted_proteins/205220at33208a.faa.1
DEBUG:busco.Toolset	cmd call: /share/apps/python_shared/3.6.5/etc/sepp/bundled-v4.3.10/hmmsearch --domtblout busco_out/BUSCO_metazoa.fasta/run_metazoa_odb10/hmmer_output/206786at33208a.out.1 --cpu 1 /kmk/databases/metazoa_odb10/hmms/206786at33208a.hmm busco_out/BUSCO_metazoa.fasta/run_metazoa_odb10/augustus_output/extracted_proteins/206786at33208a.faa.1
DEBUG:busco.Toolset	cmd call: /share/apps/python_shared/3.6.5/etc/sepp/bundled-v4.3.10/hmmsearch --domtblout busco_out/BUSCO_metazoa.fasta/run_metazoa_odb10/hmmer_output/206858at33208a.out.1 --cpu 1 /kmk/databases/metazoa_odb10/hmms/206858at33208a.hmm busco_out/BUSCO_metazoa.fasta/run_metazoa_odb10/augustus_output/extracted_proteins/206858at33208a.faa.1
DEBUG:busco.Toolset	cmd call: /share/apps/python_shared/3.6.5/etc/sepp/bundled-v4.3.10/hmmsearch --domtblout busco_out/BUSCO_metazoa.fasta/run_metazoa_odb10/hmmer_output/207599at33208a.out.1 --cpu 1 /kmk/databases/metazoa_odb10/hmms/207599at33208a.hmm busco_out/BUSCO_metazoa.fasta/run_metazoa_odb10/augustus_output/extracted_proteins/207599at33208a.faa.1
DEBUG:busco.Toolset	cmd call: /share/apps/python_shared/3.6.5/etc/sepp/bundled-v4.3.10/hmmsearch --domtblout busco_out/BUSCO_metazoa.fasta/run_metazoa_odb10/hmmer_output/208219at33208a.out.1 --cpu 1 /kmk/databases/metazoa_odb10/hmms/208219at33208a.hmm busco_out/BUSCO_metazoa.fasta/run_metazoa_odb10/augustus_output/extracted_proteins/208219at33208a.faa.1
DEBUG:busco.Toolset	cmd call: /share/apps/python_shared/3.6.5/etc/sepp/bundled-v4.3.10/hmmsearch --domtblout busco_out/BUSCO_metazoa.fasta/run_metazoa_odb10/hmmer_output/210614at33208a.out.1 --cpu 1 /kmk/databases/metazoa_odb10/hmms/210614at33208a.hmm busco_out/BUSCO_metazoa.fasta/run_metazoa_odb10/augustus_output/extracted_proteins/210614at33208a.faa.1
DEBUG:busco.Toolset	cmd call: /share/apps/python_shared/3.6.5/etc/sepp/bundled-v4.3.10/hmmsearch --domtblout busco_out/BUSCO_metazoa.fasta/run_metazoa_odb10/hmmer_output/212972at33208a.out.1 --cpu 1 /kmk/databases/metazoa_odb10/hmms/212972at33208a.hmm busco_out/BUSCO_metazoa.fasta/run_metazoa_odb10/augustus_output/extracted_proteins/212972at33208a.faa.1
DEBUG:busco.Toolset	cmd call: /share/apps/python_shared/3.6.5/etc/sepp/bundled-v4.3.10/hmmsearch --domtblout busco_out/BUSCO_metazoa.fasta/run_metazoa_odb10/hmmer_output/214788at33208a.out.1 --cpu 1 /kmk/databases/metazoa_odb10/hmms/214788at33208a.hmm busco_out/BUSCO_metazoa.fasta/run_metazoa_odb10/augustus_output/extracted_proteins/214788at33208a.faa.1
DEBUG:busco.Toolset	cmd call: /share/apps/python_shared/3.6.5/etc/sepp/bundled-v4.3.10/hmmsearch --domtblout busco_out/BUSCO_metazoa.fasta/run_metazoa_odb10/hmmer_output/215654at33208a.out.1 --cpu 1 /kmk/databases/metazoa_odb10/hmms/215654at33208a.hmm busco_out/BUSCO_metazoa.fasta/run_metazoa_odb10/augustus_output/extracted_proteins/215654at33208a.faa.1
DEBUG:busco.Toolset	cmd call: /share/apps/python_shared/3.6.5/etc/sepp/bundled-v4.3.10/hmmsearch --domtblout busco_out/BUSCO_metazoa.fasta/run_metazoa_odb10/hmmer_output/216257at33208a.out.1 --cpu 1 /kmk/databases/metazoa_odb10/hmms/216257at33208a.hmm busco_out/BUSCO_metazoa.fasta/run_metazoa_odb10/augustus_output/extracted_proteins/216257at33208a.faa.1
DEBUG:busco.Toolset	cmd call: /share/apps/python_shared/3.6.5/etc/sepp/bundled-v4.3.10/hmmsearch --domtblout busco_out/BUSCO_metazoa.fasta/run_metazoa_odb10/hmmer_output/216563at33208a.out.1 --cpu 1 /kmk/databases/metazoa_odb10/hmms/216563at33208a.hmm busco_out/BUSCO_metazoa.fasta/run_metazoa_odb10/augustus_output/extracted_proteins/216563at33208a.faa.1
DEBUG:busco.Toolset	cmd call: /share/apps/python_shared/3.6.5/etc/sepp/bundled-v4.3.10/hmmsearch --domtblout busco_out/BUSCO_metazoa.fasta/run_metazoa_odb10/hmmer_output/218441at33208a.out.1 --cpu 1 /kmk/databases/metazoa_odb10/hmms/218441at33208a.hmm busco_out/BUSCO_metazoa.fasta/run_metazoa_odb10/augustus_output/extracted_proteins/218441at33208a.faa.1
DEBUG:busco.Toolset	cmd call: /share/apps/python_shared/3.6.5/etc/sepp/bundled-v4.3.10/hmmsearch --domtblout busco_out/BUSCO_metazoa.fasta/run_metazoa_odb10/hmmer_output/219795at33208a.out.1 --cpu 1 /kmk/databases/metazoa_odb10/hmms/219795at33208a.hmm busco_out/BUSCO_metazoa.fasta/run_metazoa_odb10/augustus_output/extracted_proteins/219795at33208a.faa.1
DEBUG:busco.Toolset	cmd call: /share/apps/python_shared/3.6.5/etc/sepp/bundled-v4.3.10/hmmsearch --domtblout busco_out/BUSCO_metazoa.fasta/run_metazoa_odb10/hmmer_output/219856at33208a.out.1 --cpu 1 /kmk/databases/metazoa_odb10/hmms/219856at33208a.hmm busco_out/BUSCO_metazoa.fasta/run_metazoa_odb10/augustus_output/extracted_proteins/219856at33208a.faa.1
DEBUG:busco.Toolset	cmd call: /share/apps/python_shared/3.6.5/etc/sepp/bundled-v4.3.10/hmmsearch --domtblout busco_out/BUSCO_metazoa.fasta/run_metazoa_odb10/hmmer_output/222489at33208a.out.1 --cpu 1 /kmk/databases/metazoa_odb10/hmms/222489at33208a.hmm busco_out/BUSCO_metazoa.fasta/run_metazoa_odb10/augustus_output/extracted_proteins/222489at33208a.faa.1
DEBUG:busco.Toolset	cmd call: /share/apps/python_shared/3.6.5/etc/sepp/bundled-v4.3.10/hmmsearch --domtblout busco_out/BUSCO_metazoa.fasta/run_metazoa_odb10/hmmer_output/223234at33208a.out.1 --cpu 1 /kmk/databases/metazoa_odb10/hmms/223234at33208a.hmm busco_out/BUSCO_metazoa.fasta/run_metazoa_odb10/augustus_output/extracted_proteins/223234at33208a.faa.1
DEBUG:busco.Toolset	cmd call: /share/apps/python_shared/3.6.5/etc/sepp/bundled-v4.3.10/hmmsearch --domtblout busco_out/BUSCO_metazoa.fasta/run_metazoa_odb10/hmmer_output/224280at33208a.out.1 --cpu 1 /kmk/databases/metazoa_odb10/hmms/224280at33208a.hmm busco_out/BUSCO_metazoa.fasta/run_metazoa_odb10/augustus_output/extracted_proteins/224280at33208a.faa.1
DEBUG:busco.Toolset	cmd call: /share/apps/python_shared/3.6.5/etc/sepp/bundled-v4.3.10/hmmsearch --domtblout busco_out/BUSCO_metazoa.fasta/run_metazoa_odb10/hmmer_output/226335at33208a.out.1 --cpu 1 /kmk/databases/metazoa_odb10/hmms/226335at33208a.hmm busco_out/BUSCO_metazoa.fasta/run_metazoa_odb10/augustus_output/extracted_proteins/226335at33208a.faa.1
DEBUG:busco.Toolset	cmd call: /share/apps/python_shared/3.6.5/etc/sepp/bundled-v4.3.10/hmmsearch --domtblout busco_out/BUSCO_metazoa.fasta/run_metazoa_odb10/hmmer_output/227087at33208a.out.1 --cpu 1 /kmk/databases/metazoa_odb10/hmms/227087at33208a.hmm busco_out/BUSCO_metazoa.fasta/run_metazoa_odb10/augustus_output/extracted_proteins/227087at33208a.faa.1
DEBUG:busco.Toolset	cmd call: /share/apps/python_shared/3.6.5/etc/sepp/bundled-v4.3.10/hmmsearch --domtblout busco_out/BUSCO_metazoa.fasta/run_metazoa_odb10/hmmer_output/226941at33208a.out.1 --cpu 1 /kmk/databases/metazoa_odb10/hmms/226941at33208a.hmm busco_out/BUSCO_metazoa.fasta/run_metazoa_odb10/augustus_output/extracted_proteins/226941at33208a.faa.1
DEBUG:busco.Toolset	cmd call: /share/apps/python_shared/3.6.5/etc/sepp/bundled-v4.3.10/hmmsearch --domtblout busco_out/BUSCO_metazoa.fasta/run_metazoa_odb10/hmmer_output/227979at33208a.out.1 --cpu 1 /kmk/databases/metazoa_odb10/hmms/227979at33208a.hmm busco_out/BUSCO_metazoa.fasta/run_metazoa_odb10/augustus_output/extracted_proteins/227979at33208a.faa.1
DEBUG:busco.Toolset	cmd call: /share/apps/python_shared/3.6.5/etc/sepp/bundled-v4.3.10/hmmsearch --domtblout busco_out/BUSCO_metazoa.fasta/run_metazoa_odb10/hmmer_output/227453at33208a.out.1 --cpu 1 /kmk/databases/metazoa_odb10/hmms/227453at33208a.hmm busco_out/BUSCO_metazoa.fasta/run_metazoa_odb10/augustus_output/extracted_proteins/227453at33208a.faa.1
DEBUG:busco.Toolset	cmd call: /share/apps/python_shared/3.6.5/etc/sepp/bundled-v4.3.10/hmmsearch --domtblout busco_out/BUSCO_metazoa.fasta/run_metazoa_odb10/hmmer_output/231157at33208a.out.1 --cpu 1 /kmk/databases/metazoa_odb10/hmms/231157at33208a.hmm busco_out/BUSCO_metazoa.fasta/run_metazoa_odb10/augustus_output/extracted_proteins/231157at33208a.faa.1
DEBUG:busco.Toolset	cmd call: /share/apps/python_shared/3.6.5/etc/sepp/bundled-v4.3.10/hmmsearch --domtblout busco_out/BUSCO_metazoa.fasta/run_metazoa_odb10/hmmer_output/231700at33208a.out.1 --cpu 1 /kmk/databases/metazoa_odb10/hmms/231700at33208a.hmm busco_out/BUSCO_metazoa.fasta/run_metazoa_odb10/augustus_output/extracted_proteins/231700at33208a.faa.1
DEBUG:busco.Toolset	cmd call: /share/apps/python_shared/3.6.5/etc/sepp/bundled-v4.3.10/hmmsearch --domtblout busco_out/BUSCO_metazoa.fasta/run_metazoa_odb10/hmmer_output/234290at33208a.out.1 --cpu 1 /kmk/databases/metazoa_odb10/hmms/234290at33208a.hmm busco_out/BUSCO_metazoa.fasta/run_metazoa_odb10/augustus_output/extracted_proteins/234290at33208a.faa.1
DEBUG:busco.Toolset	cmd call: /share/apps/python_shared/3.6.5/etc/sepp/bundled-v4.3.10/hmmsearch --domtblout busco_out/BUSCO_metazoa.fasta/run_metazoa_odb10/hmmer_output/234290at33208a.out.2 --cpu 1 /kmk/databases/metazoa_odb10/hmms/234290at33208a.hmm busco_out/BUSCO_metazoa.fasta/run_metazoa_odb10/augustus_output/extracted_proteins/234290at33208a.faa.2
DEBUG:busco.Toolset	cmd call: /share/apps/python_shared/3.6.5/etc/sepp/bundled-v4.3.10/hmmsearch --domtblout busco_out/BUSCO_metazoa.fasta/run_metazoa_odb10/hmmer_output/234290at33208a.out.3 --cpu 1 /kmk/databases/metazoa_odb10/hmms/234290at33208a.hmm busco_out/BUSCO_metazoa.fasta/run_metazoa_odb10/augustus_output/extracted_proteins/234290at33208a.faa.3
DEBUG:busco.Toolset	cmd call: /share/apps/python_shared/3.6.5/etc/sepp/bundled-v4.3.10/hmmsearch --domtblout busco_out/BUSCO_metazoa.fasta/run_metazoa_odb10/hmmer_output/235149at33208a.out.1 --cpu 1 /kmk/databases/metazoa_odb10/hmms/235149at33208a.hmm busco_out/BUSCO_metazoa.fasta/run_metazoa_odb10/augustus_output/extracted_proteins/235149at33208a.faa.1
DEBUG:busco.Toolset	cmd call: /share/apps/python_shared/3.6.5/etc/sepp/bundled-v4.3.10/hmmsearch --domtblout busco_out/BUSCO_metazoa.fasta/run_metazoa_odb10/hmmer_output/235430at33208a.out.1 --cpu 1 /kmk/databases/metazoa_odb10/hmms/235430at33208a.hmm busco_out/BUSCO_metazoa.fasta/run_metazoa_odb10/augustus_output/extracted_proteins/235430at33208a.faa.1
DEBUG:busco.Toolset	cmd call: /share/apps/python_shared/3.6.5/etc/sepp/bundled-v4.3.10/hmmsearch --domtblout busco_out/BUSCO_metazoa.fasta/run_metazoa_odb10/hmmer_output/235458at33208a.out.1 --cpu 1 /kmk/databases/metazoa_odb10/hmms/235458at33208a.hmm busco_out/BUSCO_metazoa.fasta/run_metazoa_odb10/augustus_output/extracted_proteins/235458at33208a.faa.1
DEBUG:busco.Toolset	cmd call: /share/apps/python_shared/3.6.5/etc/sepp/bundled-v4.3.10/hmmsearch --domtblout busco_out/BUSCO_metazoa.fasta/run_metazoa_odb10/hmmer_output/239016at33208a.out.1 --cpu 1 /kmk/databases/metazoa_odb10/hmms/239016at33208a.hmm busco_out/BUSCO_metazoa.fasta/run_metazoa_odb10/augustus_output/extracted_proteins/239016at33208a.faa.1
INFO:busco.Toolset	[hmmsearch]	92 of 917 task(s) completed
DEBUG:busco.Toolset	cmd call: /share/apps/python_shared/3.6.5/etc/sepp/bundled-v4.3.10/hmmsearch --domtblout busco_out/BUSCO_metazoa.fasta/run_metazoa_odb10/hmmer_output/239149at33208a.out.1 --cpu 1 /kmk/databases/metazoa_odb10/hmms/239149at33208a.hmm busco_out/BUSCO_metazoa.fasta/run_metazoa_odb10/augustus_output/extracted_proteins/239149at33208a.faa.1
DEBUG:busco.Toolset	cmd call: /share/apps/python_shared/3.6.5/etc/sepp/bundled-v4.3.10/hmmsearch --domtblout busco_out/BUSCO_metazoa.fasta/run_metazoa_odb10/hmmer_output/239597at33208a.out.1 --cpu 1 /kmk/databases/metazoa_odb10/hmms/239597at33208a.hmm busco_out/BUSCO_metazoa.fasta/run_metazoa_odb10/augustus_output/extracted_proteins/239597at33208a.faa.1
DEBUG:busco.Toolset	cmd call: /share/apps/python_shared/3.6.5/etc/sepp/bundled-v4.3.10/hmmsearch --domtblout busco_out/BUSCO_metazoa.fasta/run_metazoa_odb10/hmmer_output/240437at33208a.out.1 --cpu 1 /kmk/databases/metazoa_odb10/hmms/240437at33208a.hmm busco_out/BUSCO_metazoa.fasta/run_metazoa_odb10/augustus_output/extracted_proteins/240437at33208a.faa.1
DEBUG:busco.Toolset	cmd call: /share/apps/python_shared/3.6.5/etc/sepp/bundled-v4.3.10/hmmsearch --domtblout busco_out/BUSCO_metazoa.fasta/run_metazoa_odb10/hmmer_output/244863at33208a.out.1 --cpu 1 /kmk/databases/metazoa_odb10/hmms/244863at33208a.hmm busco_out/BUSCO_metazoa.fasta/run_metazoa_odb10/augustus_output/extracted_proteins/244863at33208a.faa.1
DEBUG:busco.Toolset	cmd call: /share/apps/python_shared/3.6.5/etc/sepp/bundled-v4.3.10/hmmsearch --domtblout busco_out/BUSCO_metazoa.fasta/run_metazoa_odb10/hmmer_output/245482at33208a.out.1 --cpu 1 /kmk/databases/metazoa_odb10/hmms/245482at33208a.hmm busco_out/BUSCO_metazoa.fasta/run_metazoa_odb10/augustus_output/extracted_proteins/245482at33208a.faa.1
DEBUG:busco.Toolset	cmd call: /share/apps/python_shared/3.6.5/etc/sepp/bundled-v4.3.10/hmmsearch --domtblout busco_out/BUSCO_metazoa.fasta/run_metazoa_odb10/hmmer_output/245567at33208a.out.1 --cpu 1 /kmk/databases/metazoa_odb10/hmms/245567at33208a.hmm busco_out/BUSCO_metazoa.fasta/run_metazoa_odb10/augustus_output/extracted_proteins/245567at33208a.faa.1
DEBUG:busco.Toolset	cmd call: /share/apps/python_shared/3.6.5/etc/sepp/bundled-v4.3.10/hmmsearch --domtblout busco_out/BUSCO_metazoa.fasta/run_metazoa_odb10/hmmer_output/246241at33208a.out.1 --cpu 1 /kmk/databases/metazoa_odb10/hmms/246241at33208a.hmm busco_out/BUSCO_metazoa.fasta/run_metazoa_odb10/augustus_output/extracted_proteins/246241at33208a.faa.1
DEBUG:busco.Toolset	cmd call: /share/apps/python_shared/3.6.5/etc/sepp/bundled-v4.3.10/hmmsearch --domtblout busco_out/BUSCO_metazoa.fasta/run_metazoa_odb10/hmmer_output/247183at33208a.out.1 --cpu 1 /kmk/databases/metazoa_odb10/hmms/247183at33208a.hmm busco_out/BUSCO_metazoa.fasta/run_metazoa_odb10/augustus_output/extracted_proteins/247183at33208a.faa.1
DEBUG:busco.Toolset	cmd call: /share/apps/python_shared/3.6.5/etc/sepp/bundled-v4.3.10/hmmsearch --domtblout busco_out/BUSCO_metazoa.fasta/run_metazoa_odb10/hmmer_output/247905at33208a.out.1 --cpu 1 /kmk/databases/metazoa_odb10/hmms/247905at33208a.hmm busco_out/BUSCO_metazoa.fasta/run_metazoa_odb10/augustus_output/extracted_proteins/247905at33208a.faa.1
DEBUG:busco.Toolset	cmd call: /share/apps/python_shared/3.6.5/etc/sepp/bundled-v4.3.10/hmmsearch --domtblout busco_out/BUSCO_metazoa.fasta/run_metazoa_odb10/hmmer_output/249486at33208a.out.1 --cpu 1 /kmk/databases/metazoa_odb10/hmms/249486at33208a.hmm busco_out/BUSCO_metazoa.fasta/run_metazoa_odb10/augustus_output/extracted_proteins/249486at33208a.faa.1
DEBUG:busco.Toolset	cmd call: /share/apps/python_shared/3.6.5/etc/sepp/bundled-v4.3.10/hmmsearch --domtblout busco_out/BUSCO_metazoa.fasta/run_metazoa_odb10/hmmer_output/251076at33208a.out.1 --cpu 1 /kmk/databases/metazoa_odb10/hmms/251076at33208a.hmm busco_out/BUSCO_metazoa.fasta/run_metazoa_odb10/augustus_output/extracted_proteins/251076at33208a.faa.1
DEBUG:busco.Toolset	cmd call: /share/apps/python_shared/3.6.5/etc/sepp/bundled-v4.3.10/hmmsearch --domtblout busco_out/BUSCO_metazoa.fasta/run_metazoa_odb10/hmmer_output/251577at33208a.out.1 --cpu 1 /kmk/databases/metazoa_odb10/hmms/251577at33208a.hmm busco_out/BUSCO_metazoa.fasta/run_metazoa_odb10/augustus_output/extracted_proteins/251577at33208a.faa.1
DEBUG:busco.Toolset	cmd call: /share/apps/python_shared/3.6.5/etc/sepp/bundled-v4.3.10/hmmsearch --domtblout busco_out/BUSCO_metazoa.fasta/run_metazoa_odb10/hmmer_output/255117at33208a.out.1 --cpu 1 /kmk/databases/metazoa_odb10/hmms/255117at33208a.hmm busco_out/BUSCO_metazoa.fasta/run_metazoa_odb10/augustus_output/extracted_proteins/255117at33208a.faa.1
DEBUG:busco.Toolset	cmd call: /share/apps/python_shared/3.6.5/etc/sepp/bundled-v4.3.10/hmmsearch --domtblout busco_out/BUSCO_metazoa.fasta/run_metazoa_odb10/hmmer_output/255242at33208a.out.1 --cpu 1 /kmk/databases/metazoa_odb10/hmms/255242at33208a.hmm busco_out/BUSCO_metazoa.fasta/run_metazoa_odb10/augustus_output/extracted_proteins/255242at33208a.faa.1
DEBUG:busco.Toolset	cmd call: /share/apps/python_shared/3.6.5/etc/sepp/bundled-v4.3.10/hmmsearch --domtblout busco_out/BUSCO_metazoa.fasta/run_metazoa_odb10/hmmer_output/255924at33208a.out.1 --cpu 1 /kmk/databases/metazoa_odb10/hmms/255924at33208a.hmm busco_out/BUSCO_metazoa.fasta/run_metazoa_odb10/augustus_output/extracted_proteins/255924at33208a.faa.1
DEBUG:busco.Toolset	cmd call: /share/apps/python_shared/3.6.5/etc/sepp/bundled-v4.3.10/hmmsearch --domtblout busco_out/BUSCO_metazoa.fasta/run_metazoa_odb10/hmmer_output/257141at33208a.out.1 --cpu 1 /kmk/databases/metazoa_odb10/hmms/257141at33208a.hmm busco_out/BUSCO_metazoa.fasta/run_metazoa_odb10/augustus_output/extracted_proteins/257141at33208a.faa.1
DEBUG:busco.Toolset	cmd call: /share/apps/python_shared/3.6.5/etc/sepp/bundled-v4.3.10/hmmsearch --domtblout busco_out/BUSCO_metazoa.fasta/run_metazoa_odb10/hmmer_output/257339at33208a.out.1 --cpu 1 /kmk/databases/metazoa_odb10/hmms/257339at33208a.hmm busco_out/BUSCO_metazoa.fasta/run_metazoa_odb10/augustus_output/extracted_proteins/257339at33208a.faa.1
DEBUG:busco.Toolset	cmd call: /share/apps/python_shared/3.6.5/etc/sepp/bundled-v4.3.10/hmmsearch --domtblout busco_out/BUSCO_metazoa.fasta/run_metazoa_odb10/hmmer_output/259581at33208a.out.1 --cpu 1 /kmk/databases/metazoa_odb10/hmms/259581at33208a.hmm busco_out/BUSCO_metazoa.fasta/run_metazoa_odb10/augustus_output/extracted_proteins/259581at33208a.faa.1
DEBUG:busco.Toolset	cmd call: /share/apps/python_shared/3.6.5/etc/sepp/bundled-v4.3.10/hmmsearch --domtblout busco_out/BUSCO_metazoa.fasta/run_metazoa_odb10/hmmer_output/260752at33208a.out.1 --cpu 1 /kmk/databases/metazoa_odb10/hmms/260752at33208a.hmm busco_out/BUSCO_metazoa.fasta/run_metazoa_odb10/augustus_output/extracted_proteins/260752at33208a.faa.1
DEBUG:busco.Toolset	cmd call: /share/apps/python_shared/3.6.5/etc/sepp/bundled-v4.3.10/hmmsearch --domtblout busco_out/BUSCO_metazoa.fasta/run_metazoa_odb10/hmmer_output/261284at33208a.out.1 --cpu 1 /kmk/databases/metazoa_odb10/hmms/261284at33208a.hmm busco_out/BUSCO_metazoa.fasta/run_metazoa_odb10/augustus_output/extracted_proteins/261284at33208a.faa.1
DEBUG:busco.Toolset	cmd call: /share/apps/python_shared/3.6.5/etc/sepp/bundled-v4.3.10/hmmsearch --domtblout busco_out/BUSCO_metazoa.fasta/run_metazoa_odb10/hmmer_output/261614at33208a.out.1 --cpu 1 /kmk/databases/metazoa_odb10/hmms/261614at33208a.hmm busco_out/BUSCO_metazoa.fasta/run_metazoa_odb10/augustus_output/extracted_proteins/261614at33208a.faa.1
DEBUG:busco.Toolset	cmd call: /share/apps/python_shared/3.6.5/etc/sepp/bundled-v4.3.10/hmmsearch --domtblout busco_out/BUSCO_metazoa.fasta/run_metazoa_odb10/hmmer_output/262757at33208a.out.1 --cpu 1 /kmk/databases/metazoa_odb10/hmms/262757at33208a.hmm busco_out/BUSCO_metazoa.fasta/run_metazoa_odb10/augustus_output/extracted_proteins/262757at33208a.faa.1
DEBUG:busco.Toolset	cmd call: /share/apps/python_shared/3.6.5/etc/sepp/bundled-v4.3.10/hmmsearch --domtblout busco_out/BUSCO_metazoa.fasta/run_metazoa_odb10/hmmer_output/266460at33208a.out.1 --cpu 1 /kmk/databases/metazoa_odb10/hmms/266460at33208a.hmm busco_out/BUSCO_metazoa.fasta/run_metazoa_odb10/augustus_output/extracted_proteins/266460at33208a.faa.1
DEBUG:busco.Toolset	cmd call: /share/apps/python_shared/3.6.5/etc/sepp/bundled-v4.3.10/hmmsearch --domtblout busco_out/BUSCO_metazoa.fasta/run_metazoa_odb10/hmmer_output/266808at33208a.out.1 --cpu 1 /kmk/databases/metazoa_odb10/hmms/266808at33208a.hmm busco_out/BUSCO_metazoa.fasta/run_metazoa_odb10/augustus_output/extracted_proteins/266808at33208a.faa.1
DEBUG:busco.Toolset	cmd call: /share/apps/python_shared/3.6.5/etc/sepp/bundled-v4.3.10/hmmsearch --domtblout busco_out/BUSCO_metazoa.fasta/run_metazoa_odb10/hmmer_output/266808at33208a.out.2 --cpu 1 /kmk/databases/metazoa_odb10/hmms/266808at33208a.hmm busco_out/BUSCO_metazoa.fasta/run_metazoa_odb10/augustus_output/extracted_proteins/266808at33208a.faa.2
DEBUG:busco.Toolset	cmd call: /share/apps/python_shared/3.6.5/etc/sepp/bundled-v4.3.10/hmmsearch --domtblout busco_out/BUSCO_metazoa.fasta/run_metazoa_odb10/hmmer_output/267439at33208a.out.1 --cpu 1 /kmk/databases/metazoa_odb10/hmms/267439at33208a.hmm busco_out/BUSCO_metazoa.fasta/run_metazoa_odb10/augustus_output/extracted_proteins/267439at33208a.faa.1
DEBUG:busco.Toolset	cmd call: /share/apps/python_shared/3.6.5/etc/sepp/bundled-v4.3.10/hmmsearch --domtblout busco_out/BUSCO_metazoa.fasta/run_metazoa_odb10/hmmer_output/268134at33208a.out.1 --cpu 1 /kmk/databases/metazoa_odb10/hmms/268134at33208a.hmm busco_out/BUSCO_metazoa.fasta/run_metazoa_odb10/augustus_output/extracted_proteins/268134at33208a.faa.1
DEBUG:busco.Toolset	cmd call: /share/apps/python_shared/3.6.5/etc/sepp/bundled-v4.3.10/hmmsearch --domtblout busco_out/BUSCO_metazoa.fasta/run_metazoa_odb10/hmmer_output/270594at33208a.out.1 --cpu 1 /kmk/databases/metazoa_odb10/hmms/270594at33208a.hmm busco_out/BUSCO_metazoa.fasta/run_metazoa_odb10/augustus_output/extracted_proteins/270594at33208a.faa.1
DEBUG:busco.Toolset	cmd call: /share/apps/python_shared/3.6.5/etc/sepp/bundled-v4.3.10/hmmsearch --domtblout busco_out/BUSCO_metazoa.fasta/run_metazoa_odb10/hmmer_output/268397at33208a.out.1 --cpu 1 /kmk/databases/metazoa_odb10/hmms/268397at33208a.hmm busco_out/BUSCO_metazoa.fasta/run_metazoa_odb10/augustus_output/extracted_proteins/268397at33208a.faa.1
DEBUG:busco.Toolset	cmd call: /share/apps/python_shared/3.6.5/etc/sepp/bundled-v4.3.10/hmmsearch --domtblout busco_out/BUSCO_metazoa.fasta/run_metazoa_odb10/hmmer_output/271297at33208a.out.1 --cpu 1 /kmk/databases/metazoa_odb10/hmms/271297at33208a.hmm busco_out/BUSCO_metazoa.fasta/run_metazoa_odb10/augustus_output/extracted_proteins/271297at33208a.faa.1
DEBUG:busco.Toolset	cmd call: /share/apps/python_shared/3.6.5/etc/sepp/bundled-v4.3.10/hmmsearch --domtblout busco_out/BUSCO_metazoa.fasta/run_metazoa_odb10/hmmer_output/271742at33208a.out.1 --cpu 1 /kmk/databases/metazoa_odb10/hmms/271742at33208a.hmm busco_out/BUSCO_metazoa.fasta/run_metazoa_odb10/augustus_output/extracted_proteins/271742at33208a.faa.1
DEBUG:busco.Toolset	cmd call: /share/apps/python_shared/3.6.5/etc/sepp/bundled-v4.3.10/hmmsearch --domtblout busco_out/BUSCO_metazoa.fasta/run_metazoa_odb10/hmmer_output/272605at33208a.out.1 --cpu 1 /kmk/databases/metazoa_odb10/hmms/272605at33208a.hmm busco_out/BUSCO_metazoa.fasta/run_metazoa_odb10/augustus_output/extracted_proteins/272605at33208a.faa.1
DEBUG:busco.Toolset	cmd call: /share/apps/python_shared/3.6.5/etc/sepp/bundled-v4.3.10/hmmsearch --domtblout busco_out/BUSCO_metazoa.fasta/run_metazoa_odb10/hmmer_output/273040at33208a.out.1 --cpu 1 /kmk/databases/metazoa_odb10/hmms/273040at33208a.hmm busco_out/BUSCO_metazoa.fasta/run_metazoa_odb10/augustus_output/extracted_proteins/273040at33208a.faa.1
DEBUG:busco.Toolset	cmd call: /share/apps/python_shared/3.6.5/etc/sepp/bundled-v4.3.10/hmmsearch --domtblout busco_out/BUSCO_metazoa.fasta/run_metazoa_odb10/hmmer_output/273367at33208a.out.1 --cpu 1 /kmk/databases/metazoa_odb10/hmms/273367at33208a.hmm busco_out/BUSCO_metazoa.fasta/run_metazoa_odb10/augustus_output/extracted_proteins/273367at33208a.faa.1
DEBUG:busco.Toolset	cmd call: /share/apps/python_shared/3.6.5/etc/sepp/bundled-v4.3.10/hmmsearch --domtblout busco_out/BUSCO_metazoa.fasta/run_metazoa_odb10/hmmer_output/273989at33208a.out.1 --cpu 1 /kmk/databases/metazoa_odb10/hmms/273989at33208a.hmm busco_out/BUSCO_metazoa.fasta/run_metazoa_odb10/augustus_output/extracted_proteins/273989at33208a.faa.1
DEBUG:busco.Toolset	cmd call: /share/apps/python_shared/3.6.5/etc/sepp/bundled-v4.3.10/hmmsearch --domtblout busco_out/BUSCO_metazoa.fasta/run_metazoa_odb10/hmmer_output/274044at33208a.out.1 --cpu 1 /kmk/databases/metazoa_odb10/hmms/274044at33208a.hmm busco_out/BUSCO_metazoa.fasta/run_metazoa_odb10/augustus_output/extracted_proteins/274044at33208a.faa.1
DEBUG:busco.Toolset	cmd call: /share/apps/python_shared/3.6.5/etc/sepp/bundled-v4.3.10/hmmsearch --domtblout busco_out/BUSCO_metazoa.fasta/run_metazoa_odb10/hmmer_output/274064at33208a.out.1 --cpu 1 /kmk/databases/metazoa_odb10/hmms/274064at33208a.hmm busco_out/BUSCO_metazoa.fasta/run_metazoa_odb10/augustus_output/extracted_proteins/274064at33208a.faa.1
DEBUG:busco.Toolset	cmd call: /share/apps/python_shared/3.6.5/etc/sepp/bundled-v4.3.10/hmmsearch --domtblout busco_out/BUSCO_metazoa.fasta/run_metazoa_odb10/hmmer_output/274769at33208a.out.1 --cpu 1 /kmk/databases/metazoa_odb10/hmms/274769at33208a.hmm busco_out/BUSCO_metazoa.fasta/run_metazoa_odb10/augustus_output/extracted_proteins/274769at33208a.faa.1
DEBUG:busco.Toolset	cmd call: /share/apps/python_shared/3.6.5/etc/sepp/bundled-v4.3.10/hmmsearch --domtblout busco_out/BUSCO_metazoa.fasta/run_metazoa_odb10/hmmer_output/274992at33208a.out.1 --cpu 1 /kmk/databases/metazoa_odb10/hmms/274992at33208a.hmm busco_out/BUSCO_metazoa.fasta/run_metazoa_odb10/augustus_output/extracted_proteins/274992at33208a.faa.1
DEBUG:busco.Toolset	cmd call: /share/apps/python_shared/3.6.5/etc/sepp/bundled-v4.3.10/hmmsearch --domtblout busco_out/BUSCO_metazoa.fasta/run_metazoa_odb10/hmmer_output/277935at33208a.out.1 --cpu 1 /kmk/databases/metazoa_odb10/hmms/277935at33208a.hmm busco_out/BUSCO_metazoa.fasta/run_metazoa_odb10/augustus_output/extracted_proteins/277935at33208a.faa.1
DEBUG:busco.Toolset	cmd call: /share/apps/python_shared/3.6.5/etc/sepp/bundled-v4.3.10/hmmsearch --domtblout busco_out/BUSCO_metazoa.fasta/run_metazoa_odb10/hmmer_output/278227at33208a.out.1 --cpu 1 /kmk/databases/metazoa_odb10/hmms/278227at33208a.hmm busco_out/BUSCO_metazoa.fasta/run_metazoa_odb10/augustus_output/extracted_proteins/278227at33208a.faa.1
DEBUG:busco.Toolset	cmd call: /share/apps/python_shared/3.6.5/etc/sepp/bundled-v4.3.10/hmmsearch --domtblout busco_out/BUSCO_metazoa.fasta/run_metazoa_odb10/hmmer_output/279631at33208a.out.1 --cpu 1 /kmk/databases/metazoa_odb10/hmms/279631at33208a.hmm busco_out/BUSCO_metazoa.fasta/run_metazoa_odb10/augustus_output/extracted_proteins/279631at33208a.faa.1
DEBUG:busco.Toolset	cmd call: /share/apps/python_shared/3.6.5/etc/sepp/bundled-v4.3.10/hmmsearch --domtblout busco_out/BUSCO_metazoa.fasta/run_metazoa_odb10/hmmer_output/279992at33208a.out.1 --cpu 1 /kmk/databases/metazoa_odb10/hmms/279992at33208a.hmm busco_out/BUSCO_metazoa.fasta/run_metazoa_odb10/augustus_output/extracted_proteins/279992at33208a.faa.1
DEBUG:busco.Toolset	cmd call: /share/apps/python_shared/3.6.5/etc/sepp/bundled-v4.3.10/hmmsearch --domtblout busco_out/BUSCO_metazoa.fasta/run_metazoa_odb10/hmmer_output/280914at33208a.out.1 --cpu 1 /kmk/databases/metazoa_odb10/hmms/280914at33208a.hmm busco_out/BUSCO_metazoa.fasta/run_metazoa_odb10/augustus_output/extracted_proteins/280914at33208a.faa.1
DEBUG:busco.Toolset	cmd call: /share/apps/python_shared/3.6.5/etc/sepp/bundled-v4.3.10/hmmsearch --domtblout busco_out/BUSCO_metazoa.fasta/run_metazoa_odb10/hmmer_output/281304at33208a.out.1 --cpu 1 /kmk/databases/metazoa_odb10/hmms/281304at33208a.hmm busco_out/BUSCO_metazoa.fasta/run_metazoa_odb10/augustus_output/extracted_proteins/281304at33208a.faa.1
DEBUG:busco.Toolset	cmd call: /share/apps/python_shared/3.6.5/etc/sepp/bundled-v4.3.10/hmmsearch --domtblout busco_out/BUSCO_metazoa.fasta/run_metazoa_odb10/hmmer_output/281693at33208a.out.1 --cpu 1 /kmk/databases/metazoa_odb10/hmms/281693at33208a.hmm busco_out/BUSCO_metazoa.fasta/run_metazoa_odb10/augustus_output/extracted_proteins/281693at33208a.faa.1
DEBUG:busco.Toolset	cmd call: /share/apps/python_shared/3.6.5/etc/sepp/bundled-v4.3.10/hmmsearch --domtblout busco_out/BUSCO_metazoa.fasta/run_metazoa_odb10/hmmer_output/283637at33208a.out.1 --cpu 1 /kmk/databases/metazoa_odb10/hmms/283637at33208a.hmm busco_out/BUSCO_metazoa.fasta/run_metazoa_odb10/augustus_output/extracted_proteins/283637at33208a.faa.1
DEBUG:busco.Toolset	cmd call: /share/apps/python_shared/3.6.5/etc/sepp/bundled-v4.3.10/hmmsearch --domtblout busco_out/BUSCO_metazoa.fasta/run_metazoa_odb10/hmmer_output/284059at33208a.out.1 --cpu 1 /kmk/databases/metazoa_odb10/hmms/284059at33208a.hmm busco_out/BUSCO_metazoa.fasta/run_metazoa_odb10/augustus_output/extracted_proteins/284059at33208a.faa.1
DEBUG:busco.Toolset	cmd call: /share/apps/python_shared/3.6.5/etc/sepp/bundled-v4.3.10/hmmsearch --domtblout busco_out/BUSCO_metazoa.fasta/run_metazoa_odb10/hmmer_output/285146at33208a.out.1 --cpu 1 /kmk/databases/metazoa_odb10/hmms/285146at33208a.hmm busco_out/BUSCO_metazoa.fasta/run_metazoa_odb10/augustus_output/extracted_proteins/285146at33208a.faa.1
DEBUG:busco.Toolset	cmd call: /share/apps/python_shared/3.6.5/etc/sepp/bundled-v4.3.10/hmmsearch --domtblout busco_out/BUSCO_metazoa.fasta/run_metazoa_odb10/hmmer_output/285902at33208a.out.1 --cpu 1 /kmk/databases/metazoa_odb10/hmms/285902at33208a.hmm busco_out/BUSCO_metazoa.fasta/run_metazoa_odb10/augustus_output/extracted_proteins/285902at33208a.faa.1
DEBUG:busco.Toolset	cmd call: /share/apps/python_shared/3.6.5/etc/sepp/bundled-v4.3.10/hmmsearch --domtblout busco_out/BUSCO_metazoa.fasta/run_metazoa_odb10/hmmer_output/285966at33208a.out.1 --cpu 1 /kmk/databases/metazoa_odb10/hmms/285966at33208a.hmm busco_out/BUSCO_metazoa.fasta/run_metazoa_odb10/augustus_output/extracted_proteins/285966at33208a.faa.1
DEBUG:busco.Toolset	cmd call: /share/apps/python_shared/3.6.5/etc/sepp/bundled-v4.3.10/hmmsearch --domtblout busco_out/BUSCO_metazoa.fasta/run_metazoa_odb10/hmmer_output/286553at33208a.out.1 --cpu 1 /kmk/databases/metazoa_odb10/hmms/286553at33208a.hmm busco_out/BUSCO_metazoa.fasta/run_metazoa_odb10/augustus_output/extracted_proteins/286553at33208a.faa.1
DEBUG:busco.Toolset	cmd call: /share/apps/python_shared/3.6.5/etc/sepp/bundled-v4.3.10/hmmsearch --domtblout busco_out/BUSCO_metazoa.fasta/run_metazoa_odb10/hmmer_output/289235at33208a.out.1 --cpu 1 /kmk/databases/metazoa_odb10/hmms/289235at33208a.hmm busco_out/BUSCO_metazoa.fasta/run_metazoa_odb10/augustus_output/extracted_proteins/289235at33208a.faa.1
DEBUG:busco.Toolset	cmd call: /share/apps/python_shared/3.6.5/etc/sepp/bundled-v4.3.10/hmmsearch --domtblout busco_out/BUSCO_metazoa.fasta/run_metazoa_odb10/hmmer_output/289928at33208a.out.1 --cpu 1 /kmk/databases/metazoa_odb10/hmms/289928at33208a.hmm busco_out/BUSCO_metazoa.fasta/run_metazoa_odb10/augustus_output/extracted_proteins/289928at33208a.faa.1
DEBUG:busco.Toolset	cmd call: /share/apps/python_shared/3.6.5/etc/sepp/bundled-v4.3.10/hmmsearch --domtblout busco_out/BUSCO_metazoa.fasta/run_metazoa_odb10/hmmer_output/291505at33208a.out.1 --cpu 1 /kmk/databases/metazoa_odb10/hmms/291505at33208a.hmm busco_out/BUSCO_metazoa.fasta/run_metazoa_odb10/augustus_output/extracted_proteins/291505at33208a.faa.1
DEBUG:busco.Toolset	cmd call: /share/apps/python_shared/3.6.5/etc/sepp/bundled-v4.3.10/hmmsearch --domtblout busco_out/BUSCO_metazoa.fasta/run_metazoa_odb10/hmmer_output/291875at33208a.out.1 --cpu 1 /kmk/databases/metazoa_odb10/hmms/291875at33208a.hmm busco_out/BUSCO_metazoa.fasta/run_metazoa_odb10/augustus_output/extracted_proteins/291875at33208a.faa.1
DEBUG:busco.Toolset	cmd call: /share/apps/python_shared/3.6.5/etc/sepp/bundled-v4.3.10/hmmsearch --domtblout busco_out/BUSCO_metazoa.fasta/run_metazoa_odb10/hmmer_output/295556at33208a.out.1 --cpu 1 /kmk/databases/metazoa_odb10/hmms/295556at33208a.hmm busco_out/BUSCO_metazoa.fasta/run_metazoa_odb10/augustus_output/extracted_proteins/295556at33208a.faa.1
DEBUG:busco.Toolset	cmd call: /share/apps/python_shared/3.6.5/etc/sepp/bundled-v4.3.10/hmmsearch --domtblout busco_out/BUSCO_metazoa.fasta/run_metazoa_odb10/hmmer_output/295775at33208a.out.1 --cpu 1 /kmk/databases/metazoa_odb10/hmms/295775at33208a.hmm busco_out/BUSCO_metazoa.fasta/run_metazoa_odb10/augustus_output/extracted_proteins/295775at33208a.faa.1
DEBUG:busco.Toolset	cmd call: /share/apps/python_shared/3.6.5/etc/sepp/bundled-v4.3.10/hmmsearch --domtblout busco_out/BUSCO_metazoa.fasta/run_metazoa_odb10/hmmer_output/300303at33208a.out.1 --cpu 1 /kmk/databases/metazoa_odb10/hmms/300303at33208a.hmm busco_out/BUSCO_metazoa.fasta/run_metazoa_odb10/augustus_output/extracted_proteins/300303at33208a.faa.1
DEBUG:busco.Toolset	cmd call: /share/apps/python_shared/3.6.5/etc/sepp/bundled-v4.3.10/hmmsearch --domtblout busco_out/BUSCO_metazoa.fasta/run_metazoa_odb10/hmmer_output/301572at33208a.out.1 --cpu 1 /kmk/databases/metazoa_odb10/hmms/301572at33208a.hmm busco_out/BUSCO_metazoa.fasta/run_metazoa_odb10/augustus_output/extracted_proteins/301572at33208a.faa.1
DEBUG:busco.Toolset	cmd call: /share/apps/python_shared/3.6.5/etc/sepp/bundled-v4.3.10/hmmsearch --domtblout busco_out/BUSCO_metazoa.fasta/run_metazoa_odb10/hmmer_output/302186at33208a.out.1 --cpu 1 /kmk/databases/metazoa_odb10/hmms/302186at33208a.hmm busco_out/BUSCO_metazoa.fasta/run_metazoa_odb10/augustus_output/extracted_proteins/302186at33208a.faa.1
DEBUG:busco.Toolset	cmd call: /share/apps/python_shared/3.6.5/etc/sepp/bundled-v4.3.10/hmmsearch --domtblout busco_out/BUSCO_metazoa.fasta/run_metazoa_odb10/hmmer_output/302279at33208a.out.1 --cpu 1 /kmk/databases/metazoa_odb10/hmms/302279at33208a.hmm busco_out/BUSCO_metazoa.fasta/run_metazoa_odb10/augustus_output/extracted_proteins/302279at33208a.faa.1
DEBUG:busco.Toolset	cmd call: /share/apps/python_shared/3.6.5/etc/sepp/bundled-v4.3.10/hmmsearch --domtblout busco_out/BUSCO_metazoa.fasta/run_metazoa_odb10/hmmer_output/303117at33208a.out.1 --cpu 1 /kmk/databases/metazoa_odb10/hmms/303117at33208a.hmm busco_out/BUSCO_metazoa.fasta/run_metazoa_odb10/augustus_output/extracted_proteins/303117at33208a.faa.1
DEBUG:busco.Toolset	cmd call: /share/apps/python_shared/3.6.5/etc/sepp/bundled-v4.3.10/hmmsearch --domtblout busco_out/BUSCO_metazoa.fasta/run_metazoa_odb10/hmmer_output/304388at33208a.out.1 --cpu 1 /kmk/databases/metazoa_odb10/hmms/304388at33208a.hmm busco_out/BUSCO_metazoa.fasta/run_metazoa_odb10/augustus_output/extracted_proteins/304388at33208a.faa.1
DEBUG:busco.Toolset	cmd call: /share/apps/python_shared/3.6.5/etc/sepp/bundled-v4.3.10/hmmsearch --domtblout busco_out/BUSCO_metazoa.fasta/run_metazoa_odb10/hmmer_output/305260at33208a.out.1 --cpu 1 /kmk/databases/metazoa_odb10/hmms/305260at33208a.hmm busco_out/BUSCO_metazoa.fasta/run_metazoa_odb10/augustus_output/extracted_proteins/305260at33208a.faa.1
DEBUG:busco.Toolset	cmd call: /share/apps/python_shared/3.6.5/etc/sepp/bundled-v4.3.10/hmmsearch --domtblout busco_out/BUSCO_metazoa.fasta/run_metazoa_odb10/hmmer_output/306101at33208a.out.1 --cpu 1 /kmk/databases/metazoa_odb10/hmms/306101at33208a.hmm busco_out/BUSCO_metazoa.fasta/run_metazoa_odb10/augustus_output/extracted_proteins/306101at33208a.faa.1
DEBUG:busco.Toolset	cmd call: /share/apps/python_shared/3.6.5/etc/sepp/bundled-v4.3.10/hmmsearch --domtblout busco_out/BUSCO_metazoa.fasta/run_metazoa_odb10/hmmer_output/307109at33208a.out.1 --cpu 1 /kmk/databases/metazoa_odb10/hmms/307109at33208a.hmm busco_out/BUSCO_metazoa.fasta/run_metazoa_odb10/augustus_output/extracted_proteins/307109at33208a.faa.1
DEBUG:busco.Toolset	cmd call: /share/apps/python_shared/3.6.5/etc/sepp/bundled-v4.3.10/hmmsearch --domtblout busco_out/BUSCO_metazoa.fasta/run_metazoa_odb10/hmmer_output/308610at33208a.out.1 --cpu 1 /kmk/databases/metazoa_odb10/hmms/308610at33208a.hmm busco_out/BUSCO_metazoa.fasta/run_metazoa_odb10/augustus_output/extracted_proteins/308610at33208a.faa.1
DEBUG:busco.Toolset	cmd call: /share/apps/python_shared/3.6.5/etc/sepp/bundled-v4.3.10/hmmsearch --domtblout busco_out/BUSCO_metazoa.fasta/run_metazoa_odb10/hmmer_output/311438at33208a.out.1 --cpu 1 /kmk/databases/metazoa_odb10/hmms/311438at33208a.hmm busco_out/BUSCO_metazoa.fasta/run_metazoa_odb10/augustus_output/extracted_proteins/311438at33208a.faa.1
DEBUG:busco.Toolset	cmd call: /share/apps/python_shared/3.6.5/etc/sepp/bundled-v4.3.10/hmmsearch --domtblout busco_out/BUSCO_metazoa.fasta/run_metazoa_odb10/hmmer_output/311761at33208a.out.1 --cpu 1 /kmk/databases/metazoa_odb10/hmms/311761at33208a.hmm busco_out/BUSCO_metazoa.fasta/run_metazoa_odb10/augustus_output/extracted_proteins/311761at33208a.faa.1
DEBUG:busco.Toolset	cmd call: /share/apps/python_shared/3.6.5/etc/sepp/bundled-v4.3.10/hmmsearch --domtblout busco_out/BUSCO_metazoa.fasta/run_metazoa_odb10/hmmer_output/312577at33208a.out.1 --cpu 1 /kmk/databases/metazoa_odb10/hmms/312577at33208a.hmm busco_out/BUSCO_metazoa.fasta/run_metazoa_odb10/augustus_output/extracted_proteins/312577at33208a.faa.1
DEBUG:busco.Toolset	cmd call: /share/apps/python_shared/3.6.5/etc/sepp/bundled-v4.3.10/hmmsearch --domtblout busco_out/BUSCO_metazoa.fasta/run_metazoa_odb10/hmmer_output/313091at33208a.out.1 --cpu 1 /kmk/databases/metazoa_odb10/hmms/313091at33208a.hmm busco_out/BUSCO_metazoa.fasta/run_metazoa_odb10/augustus_output/extracted_proteins/313091at33208a.faa.1
DEBUG:busco.Toolset	cmd call: /share/apps/python_shared/3.6.5/etc/sepp/bundled-v4.3.10/hmmsearch --domtblout busco_out/BUSCO_metazoa.fasta/run_metazoa_odb10/hmmer_output/315044at33208a.out.1 --cpu 1 /kmk/databases/metazoa_odb10/hmms/315044at33208a.hmm busco_out/BUSCO_metazoa.fasta/run_metazoa_odb10/augustus_output/extracted_proteins/315044at33208a.faa.1
DEBUG:busco.Toolset	cmd call: /share/apps/python_shared/3.6.5/etc/sepp/bundled-v4.3.10/hmmsearch --domtblout busco_out/BUSCO_metazoa.fasta/run_metazoa_odb10/hmmer_output/315393at33208a.out.1 --cpu 1 /kmk/databases/metazoa_odb10/hmms/315393at33208a.hmm busco_out/BUSCO_metazoa.fasta/run_metazoa_odb10/augustus_output/extracted_proteins/315393at33208a.faa.1
DEBUG:busco.Toolset	cmd call: /share/apps/python_shared/3.6.5/etc/sepp/bundled-v4.3.10/hmmsearch --domtblout busco_out/BUSCO_metazoa.fasta/run_metazoa_odb10/hmmer_output/317470at33208a.out.1 --cpu 1 /kmk/databases/metazoa_odb10/hmms/317470at33208a.hmm busco_out/BUSCO_metazoa.fasta/run_metazoa_odb10/augustus_output/extracted_proteins/317470at33208a.faa.1
DEBUG:busco.Toolset	cmd call: /share/apps/python_shared/3.6.5/etc/sepp/bundled-v4.3.10/hmmsearch --domtblout busco_out/BUSCO_metazoa.fasta/run_metazoa_odb10/hmmer_output/318483at33208a.out.1 --cpu 1 /kmk/databases/metazoa_odb10/hmms/318483at33208a.hmm busco_out/BUSCO_metazoa.fasta/run_metazoa_odb10/augustus_output/extracted_proteins/318483at33208a.faa.1
DEBUG:busco.Toolset	cmd call: /share/apps/python_shared/3.6.5/etc/sepp/bundled-v4.3.10/hmmsearch --domtblout busco_out/BUSCO_metazoa.fasta/run_metazoa_odb10/hmmer_output/319574at33208a.out.1 --cpu 1 /kmk/databases/metazoa_odb10/hmms/319574at33208a.hmm busco_out/BUSCO_metazoa.fasta/run_metazoa_odb10/augustus_output/extracted_proteins/319574at33208a.faa.1
DEBUG:busco.Toolset	cmd call: /share/apps/python_shared/3.6.5/etc/sepp/bundled-v4.3.10/hmmsearch --domtblout busco_out/BUSCO_metazoa.fasta/run_metazoa_odb10/hmmer_output/318532at33208a.out.1 --cpu 1 /kmk/databases/metazoa_odb10/hmms/318532at33208a.hmm busco_out/BUSCO_metazoa.fasta/run_metazoa_odb10/augustus_output/extracted_proteins/318532at33208a.faa.1
DEBUG:busco.Toolset	cmd call: /share/apps/python_shared/3.6.5/etc/sepp/bundled-v4.3.10/hmmsearch --domtblout busco_out/BUSCO_metazoa.fasta/run_metazoa_odb10/hmmer_output/320390at33208a.out.1 --cpu 1 /kmk/databases/metazoa_odb10/hmms/320390at33208a.hmm busco_out/BUSCO_metazoa.fasta/run_metazoa_odb10/augustus_output/extracted_proteins/320390at33208a.faa.1
DEBUG:busco.Toolset	cmd call: /share/apps/python_shared/3.6.5/etc/sepp/bundled-v4.3.10/hmmsearch --domtblout busco_out/BUSCO_metazoa.fasta/run_metazoa_odb10/hmmer_output/321332at33208a.out.1 --cpu 1 /kmk/databases/metazoa_odb10/hmms/321332at33208a.hmm busco_out/BUSCO_metazoa.fasta/run_metazoa_odb10/augustus_output/extracted_proteins/321332at33208a.faa.1
DEBUG:busco.Toolset	cmd call: /share/apps/python_shared/3.6.5/etc/sepp/bundled-v4.3.10/hmmsearch --domtblout busco_out/BUSCO_metazoa.fasta/run_metazoa_odb10/hmmer_output/323399at33208a.out.1 --cpu 1 /kmk/databases/metazoa_odb10/hmms/323399at33208a.hmm busco_out/BUSCO_metazoa.fasta/run_metazoa_odb10/augustus_output/extracted_proteins/323399at33208a.faa.1
DEBUG:busco.Toolset	cmd call: /share/apps/python_shared/3.6.5/etc/sepp/bundled-v4.3.10/hmmsearch --domtblout busco_out/BUSCO_metazoa.fasta/run_metazoa_odb10/hmmer_output/323473at33208a.out.1 --cpu 1 /kmk/databases/metazoa_odb10/hmms/323473at33208a.hmm busco_out/BUSCO_metazoa.fasta/run_metazoa_odb10/augustus_output/extracted_proteins/323473at33208a.faa.1
DEBUG:busco.Toolset	cmd call: /share/apps/python_shared/3.6.5/etc/sepp/bundled-v4.3.10/hmmsearch --domtblout busco_out/BUSCO_metazoa.fasta/run_metazoa_odb10/hmmer_output/324249at33208a.out.1 --cpu 1 /kmk/databases/metazoa_odb10/hmms/324249at33208a.hmm busco_out/BUSCO_metazoa.fasta/run_metazoa_odb10/augustus_output/extracted_proteins/324249at33208a.faa.1
DEBUG:busco.Toolset	cmd call: /share/apps/python_shared/3.6.5/etc/sepp/bundled-v4.3.10/hmmsearch --domtblout busco_out/BUSCO_metazoa.fasta/run_metazoa_odb10/hmmer_output/325183at33208a.out.1 --cpu 1 /kmk/databases/metazoa_odb10/hmms/325183at33208a.hmm busco_out/BUSCO_metazoa.fasta/run_metazoa_odb10/augustus_output/extracted_proteins/325183at33208a.faa.1
DEBUG:busco.Toolset	cmd call: /share/apps/python_shared/3.6.5/etc/sepp/bundled-v4.3.10/hmmsearch --domtblout busco_out/BUSCO_metazoa.fasta/run_metazoa_odb10/hmmer_output/327301at33208a.out.1 --cpu 1 /kmk/databases/metazoa_odb10/hmms/327301at33208a.hmm busco_out/BUSCO_metazoa.fasta/run_metazoa_odb10/augustus_output/extracted_proteins/327301at33208a.faa.1
DEBUG:busco.Toolset	cmd call: /share/apps/python_shared/3.6.5/etc/sepp/bundled-v4.3.10/hmmsearch --domtblout busco_out/BUSCO_metazoa.fasta/run_metazoa_odb10/hmmer_output/327301at33208a.out.2 --cpu 1 /kmk/databases/metazoa_odb10/hmms/327301at33208a.hmm busco_out/BUSCO_metazoa.fasta/run_metazoa_odb10/augustus_output/extracted_proteins/327301at33208a.faa.2
DEBUG:busco.Toolset	cmd call: /share/apps/python_shared/3.6.5/etc/sepp/bundled-v4.3.10/hmmsearch --domtblout busco_out/BUSCO_metazoa.fasta/run_metazoa_odb10/hmmer_output/331112at33208a.out.1 --cpu 1 /kmk/databases/metazoa_odb10/hmms/331112at33208a.hmm busco_out/BUSCO_metazoa.fasta/run_metazoa_odb10/augustus_output/extracted_proteins/331112at33208a.faa.1
DEBUG:busco.Toolset	cmd call: /share/apps/python_shared/3.6.5/etc/sepp/bundled-v4.3.10/hmmsearch --domtblout busco_out/BUSCO_metazoa.fasta/run_metazoa_odb10/hmmer_output/331186at33208a.out.1 --cpu 1 /kmk/databases/metazoa_odb10/hmms/331186at33208a.hmm busco_out/BUSCO_metazoa.fasta/run_metazoa_odb10/augustus_output/extracted_proteins/331186at33208a.faa.1
DEBUG:busco.Toolset	cmd call: /share/apps/python_shared/3.6.5/etc/sepp/bundled-v4.3.10/hmmsearch --domtblout busco_out/BUSCO_metazoa.fasta/run_metazoa_odb10/hmmer_output/331186at33208a.out.2 --cpu 1 /kmk/databases/metazoa_odb10/hmms/331186at33208a.hmm busco_out/BUSCO_metazoa.fasta/run_metazoa_odb10/augustus_output/extracted_proteins/331186at33208a.faa.2
DEBUG:busco.Toolset	cmd call: /share/apps/python_shared/3.6.5/etc/sepp/bundled-v4.3.10/hmmsearch --domtblout busco_out/BUSCO_metazoa.fasta/run_metazoa_odb10/hmmer_output/332870at33208a.out.1 --cpu 1 /kmk/databases/metazoa_odb10/hmms/332870at33208a.hmm busco_out/BUSCO_metazoa.fasta/run_metazoa_odb10/augustus_output/extracted_proteins/332870at33208a.faa.1
DEBUG:busco.Toolset	cmd call: /share/apps/python_shared/3.6.5/etc/sepp/bundled-v4.3.10/hmmsearch --domtblout busco_out/BUSCO_metazoa.fasta/run_metazoa_odb10/hmmer_output/333062at33208a.out.1 --cpu 1 /kmk/databases/metazoa_odb10/hmms/333062at33208a.hmm busco_out/BUSCO_metazoa.fasta/run_metazoa_odb10/augustus_output/extracted_proteins/333062at33208a.faa.1
DEBUG:busco.Toolset	cmd call: /share/apps/python_shared/3.6.5/etc/sepp/bundled-v4.3.10/hmmsearch --domtblout busco_out/BUSCO_metazoa.fasta/run_metazoa_odb10/hmmer_output/333800at33208a.out.1 --cpu 1 /kmk/databases/metazoa_odb10/hmms/333800at33208a.hmm busco_out/BUSCO_metazoa.fasta/run_metazoa_odb10/augustus_output/extracted_proteins/333800at33208a.faa.1
INFO:busco.Toolset	[hmmsearch]	184 of 917 task(s) completed
DEBUG:busco.Toolset	cmd call: /share/apps/python_shared/3.6.5/etc/sepp/bundled-v4.3.10/hmmsearch --domtblout busco_out/BUSCO_metazoa.fasta/run_metazoa_odb10/hmmer_output/334272at33208a.out.1 --cpu 1 /kmk/databases/metazoa_odb10/hmms/334272at33208a.hmm busco_out/BUSCO_metazoa.fasta/run_metazoa_odb10/augustus_output/extracted_proteins/334272at33208a.faa.1
DEBUG:busco.Toolset	cmd call: /share/apps/python_shared/3.6.5/etc/sepp/bundled-v4.3.10/hmmsearch --domtblout busco_out/BUSCO_metazoa.fasta/run_metazoa_odb10/hmmer_output/334331at33208a.out.1 --cpu 1 /kmk/databases/metazoa_odb10/hmms/334331at33208a.hmm busco_out/BUSCO_metazoa.fasta/run_metazoa_odb10/augustus_output/extracted_proteins/334331at33208a.faa.1
DEBUG:busco.Toolset	cmd call: /share/apps/python_shared/3.6.5/etc/sepp/bundled-v4.3.10/hmmsearch --domtblout busco_out/BUSCO_metazoa.fasta/run_metazoa_odb10/hmmer_output/334336at33208a.out.1 --cpu 1 /kmk/databases/metazoa_odb10/hmms/334336at33208a.hmm busco_out/BUSCO_metazoa.fasta/run_metazoa_odb10/augustus_output/extracted_proteins/334336at33208a.faa.1
DEBUG:busco.Toolset	cmd call: /share/apps/python_shared/3.6.5/etc/sepp/bundled-v4.3.10/hmmsearch --domtblout busco_out/BUSCO_metazoa.fasta/run_metazoa_odb10/hmmer_output/334342at33208a.out.1 --cpu 1 /kmk/databases/metazoa_odb10/hmms/334342at33208a.hmm busco_out/BUSCO_metazoa.fasta/run_metazoa_odb10/augustus_output/extracted_proteins/334342at33208a.faa.1
DEBUG:busco.Toolset	cmd call: /share/apps/python_shared/3.6.5/etc/sepp/bundled-v4.3.10/hmmsearch --domtblout busco_out/BUSCO_metazoa.fasta/run_metazoa_odb10/hmmer_output/334764at33208a.out.1 --cpu 1 /kmk/databases/metazoa_odb10/hmms/334764at33208a.hmm busco_out/BUSCO_metazoa.fasta/run_metazoa_odb10/augustus_output/extracted_proteins/334764at33208a.faa.1
DEBUG:busco.Toolset	cmd call: /share/apps/python_shared/3.6.5/etc/sepp/bundled-v4.3.10/hmmsearch --domtblout busco_out/BUSCO_metazoa.fasta/run_metazoa_odb10/hmmer_output/334820at33208a.out.1 --cpu 1 /kmk/databases/metazoa_odb10/hmms/334820at33208a.hmm busco_out/BUSCO_metazoa.fasta/run_metazoa_odb10/augustus_output/extracted_proteins/334820at33208a.faa.1
DEBUG:busco.Toolset	cmd call: /share/apps/python_shared/3.6.5/etc/sepp/bundled-v4.3.10/hmmsearch --domtblout busco_out/BUSCO_metazoa.fasta/run_metazoa_odb10/hmmer_output/335107at33208a.out.1 --cpu 1 /kmk/databases/metazoa_odb10/hmms/335107at33208a.hmm busco_out/BUSCO_metazoa.fasta/run_metazoa_odb10/augustus_output/extracted_proteins/335107at33208a.faa.1
DEBUG:busco.Toolset	cmd call: /share/apps/python_shared/3.6.5/etc/sepp/bundled-v4.3.10/hmmsearch --domtblout busco_out/BUSCO_metazoa.fasta/run_metazoa_odb10/hmmer_output/336647at33208a.out.1 --cpu 1 /kmk/databases/metazoa_odb10/hmms/336647at33208a.hmm busco_out/BUSCO_metazoa.fasta/run_metazoa_odb10/augustus_output/extracted_proteins/336647at33208a.faa.1
DEBUG:busco.Toolset	cmd call: /share/apps/python_shared/3.6.5/etc/sepp/bundled-v4.3.10/hmmsearch --domtblout busco_out/BUSCO_metazoa.fasta/run_metazoa_odb10/hmmer_output/338191at33208a.out.1 --cpu 1 /kmk/databases/metazoa_odb10/hmms/338191at33208a.hmm busco_out/BUSCO_metazoa.fasta/run_metazoa_odb10/augustus_output/extracted_proteins/338191at33208a.faa.1
DEBUG:busco.Toolset	cmd call: /share/apps/python_shared/3.6.5/etc/sepp/bundled-v4.3.10/hmmsearch --domtblout busco_out/BUSCO_metazoa.fasta/run_metazoa_odb10/hmmer_output/338482at33208a.out.1 --cpu 1 /kmk/databases/metazoa_odb10/hmms/338482at33208a.hmm busco_out/BUSCO_metazoa.fasta/run_metazoa_odb10/augustus_output/extracted_proteins/338482at33208a.faa.1
DEBUG:busco.Toolset	cmd call: /share/apps/python_shared/3.6.5/etc/sepp/bundled-v4.3.10/hmmsearch --domtblout busco_out/BUSCO_metazoa.fasta/run_metazoa_odb10/hmmer_output/339127at33208a.out.1 --cpu 1 /kmk/databases/metazoa_odb10/hmms/339127at33208a.hmm busco_out/BUSCO_metazoa.fasta/run_metazoa_odb10/augustus_output/extracted_proteins/339127at33208a.faa.1
DEBUG:busco.Toolset	cmd call: /share/apps/python_shared/3.6.5/etc/sepp/bundled-v4.3.10/hmmsearch --domtblout busco_out/BUSCO_metazoa.fasta/run_metazoa_odb10/hmmer_output/340558at33208a.out.1 --cpu 1 /kmk/databases/metazoa_odb10/hmms/340558at33208a.hmm busco_out/BUSCO_metazoa.fasta/run_metazoa_odb10/augustus_output/extracted_proteins/340558at33208a.faa.1
DEBUG:busco.Toolset	cmd call: /share/apps/python_shared/3.6.5/etc/sepp/bundled-v4.3.10/hmmsearch --domtblout busco_out/BUSCO_metazoa.fasta/run_metazoa_odb10/hmmer_output/344338at33208a.out.1 --cpu 1 /kmk/databases/metazoa_odb10/hmms/344338at33208a.hmm busco_out/BUSCO_metazoa.fasta/run_metazoa_odb10/augustus_output/extracted_proteins/344338at33208a.faa.1
DEBUG:busco.Toolset	cmd call: /share/apps/python_shared/3.6.5/etc/sepp/bundled-v4.3.10/hmmsearch --domtblout busco_out/BUSCO_metazoa.fasta/run_metazoa_odb10/hmmer_output/340577at33208a.out.1 --cpu 1 /kmk/databases/metazoa_odb10/hmms/340577at33208a.hmm busco_out/BUSCO_metazoa.fasta/run_metazoa_odb10/augustus_output/extracted_proteins/340577at33208a.faa.1
DEBUG:busco.Toolset	cmd call: /share/apps/python_shared/3.6.5/etc/sepp/bundled-v4.3.10/hmmsearch --domtblout busco_out/BUSCO_metazoa.fasta/run_metazoa_odb10/hmmer_output/344338at33208a.out.2 --cpu 1 /kmk/databases/metazoa_odb10/hmms/344338at33208a.hmm busco_out/BUSCO_metazoa.fasta/run_metazoa_odb10/augustus_output/extracted_proteins/344338at33208a.faa.2
DEBUG:busco.Toolset	cmd call: /share/apps/python_shared/3.6.5/etc/sepp/bundled-v4.3.10/hmmsearch --domtblout busco_out/BUSCO_metazoa.fasta/run_metazoa_odb10/hmmer_output/344346at33208a.out.1 --cpu 1 /kmk/databases/metazoa_odb10/hmms/344346at33208a.hmm busco_out/BUSCO_metazoa.fasta/run_metazoa_odb10/augustus_output/extracted_proteins/344346at33208a.faa.1
DEBUG:busco.Toolset	cmd call: /share/apps/python_shared/3.6.5/etc/sepp/bundled-v4.3.10/hmmsearch --domtblout busco_out/BUSCO_metazoa.fasta/run_metazoa_odb10/hmmer_output/344442at33208a.out.1 --cpu 1 /kmk/databases/metazoa_odb10/hmms/344442at33208a.hmm busco_out/BUSCO_metazoa.fasta/run_metazoa_odb10/augustus_output/extracted_proteins/344442at33208a.faa.1
DEBUG:busco.Toolset	cmd call: /share/apps/python_shared/3.6.5/etc/sepp/bundled-v4.3.10/hmmsearch --domtblout busco_out/BUSCO_metazoa.fasta/run_metazoa_odb10/hmmer_output/344581at33208a.out.1 --cpu 1 /kmk/databases/metazoa_odb10/hmms/344581at33208a.hmm busco_out/BUSCO_metazoa.fasta/run_metazoa_odb10/augustus_output/extracted_proteins/344581at33208a.faa.1
DEBUG:busco.Toolset	cmd call: /share/apps/python_shared/3.6.5/etc/sepp/bundled-v4.3.10/hmmsearch --domtblout busco_out/BUSCO_metazoa.fasta/run_metazoa_odb10/hmmer_output/344611at33208a.out.1 --cpu 1 /kmk/databases/metazoa_odb10/hmms/344611at33208a.hmm busco_out/BUSCO_metazoa.fasta/run_metazoa_odb10/augustus_output/extracted_proteins/344611at33208a.faa.1
DEBUG:busco.Toolset	cmd call: /share/apps/python_shared/3.6.5/etc/sepp/bundled-v4.3.10/hmmsearch --domtblout busco_out/BUSCO_metazoa.fasta/run_metazoa_odb10/hmmer_output/345099at33208a.out.1 --cpu 1 /kmk/databases/metazoa_odb10/hmms/345099at33208a.hmm busco_out/BUSCO_metazoa.fasta/run_metazoa_odb10/augustus_output/extracted_proteins/345099at33208a.faa.1
DEBUG:busco.Toolset	cmd call: /share/apps/python_shared/3.6.5/etc/sepp/bundled-v4.3.10/hmmsearch --domtblout busco_out/BUSCO_metazoa.fasta/run_metazoa_odb10/hmmer_output/345959at33208a.out.1 --cpu 1 /kmk/databases/metazoa_odb10/hmms/345959at33208a.hmm busco_out/BUSCO_metazoa.fasta/run_metazoa_odb10/augustus_output/extracted_proteins/345959at33208a.faa.1
DEBUG:busco.Toolset	cmd call: /share/apps/python_shared/3.6.5/etc/sepp/bundled-v4.3.10/hmmsearch --domtblout busco_out/BUSCO_metazoa.fasta/run_metazoa_odb10/hmmer_output/346541at33208a.out.1 --cpu 1 /kmk/databases/metazoa_odb10/hmms/346541at33208a.hmm busco_out/BUSCO_metazoa.fasta/run_metazoa_odb10/augustus_output/extracted_proteins/346541at33208a.faa.1
DEBUG:busco.Toolset	cmd call: /share/apps/python_shared/3.6.5/etc/sepp/bundled-v4.3.10/hmmsearch --domtblout busco_out/BUSCO_metazoa.fasta/run_metazoa_odb10/hmmer_output/347600at33208a.out.1 --cpu 1 /kmk/databases/metazoa_odb10/hmms/347600at33208a.hmm busco_out/BUSCO_metazoa.fasta/run_metazoa_odb10/augustus_output/extracted_proteins/347600at33208a.faa.1
DEBUG:busco.Toolset	cmd call: /share/apps/python_shared/3.6.5/etc/sepp/bundled-v4.3.10/hmmsearch --domtblout busco_out/BUSCO_metazoa.fasta/run_metazoa_odb10/hmmer_output/348449at33208a.out.1 --cpu 1 /kmk/databases/metazoa_odb10/hmms/348449at33208a.hmm busco_out/BUSCO_metazoa.fasta/run_metazoa_odb10/augustus_output/extracted_proteins/348449at33208a.faa.1
DEBUG:busco.Toolset	cmd call: /share/apps/python_shared/3.6.5/etc/sepp/bundled-v4.3.10/hmmsearch --domtblout busco_out/BUSCO_metazoa.fasta/run_metazoa_odb10/hmmer_output/348544at33208a.out.1 --cpu 1 /kmk/databases/metazoa_odb10/hmms/348544at33208a.hmm busco_out/BUSCO_metazoa.fasta/run_metazoa_odb10/augustus_output/extracted_proteins/348544at33208a.faa.1
DEBUG:busco.Toolset	cmd call: /share/apps/python_shared/3.6.5/etc/sepp/bundled-v4.3.10/hmmsearch --domtblout busco_out/BUSCO_metazoa.fasta/run_metazoa_odb10/hmmer_output/349064at33208a.out.1 --cpu 1 /kmk/databases/metazoa_odb10/hmms/349064at33208a.hmm busco_out/BUSCO_metazoa.fasta/run_metazoa_odb10/augustus_output/extracted_proteins/349064at33208a.faa.1
DEBUG:busco.Toolset	cmd call: /share/apps/python_shared/3.6.5/etc/sepp/bundled-v4.3.10/hmmsearch --domtblout busco_out/BUSCO_metazoa.fasta/run_metazoa_odb10/hmmer_output/349627at33208a.out.1 --cpu 1 /kmk/databases/metazoa_odb10/hmms/349627at33208a.hmm busco_out/BUSCO_metazoa.fasta/run_metazoa_odb10/augustus_output/extracted_proteins/349627at33208a.faa.1
DEBUG:busco.Toolset	cmd call: /share/apps/python_shared/3.6.5/etc/sepp/bundled-v4.3.10/hmmsearch --domtblout busco_out/BUSCO_metazoa.fasta/run_metazoa_odb10/hmmer_output/351226at33208a.out.1 --cpu 1 /kmk/databases/metazoa_odb10/hmms/351226at33208a.hmm busco_out/BUSCO_metazoa.fasta/run_metazoa_odb10/augustus_output/extracted_proteins/351226at33208a.faa.1
DEBUG:busco.Toolset	cmd call: /share/apps/python_shared/3.6.5/etc/sepp/bundled-v4.3.10/hmmsearch --domtblout busco_out/BUSCO_metazoa.fasta/run_metazoa_odb10/hmmer_output/352600at33208a.out.1 --cpu 1 /kmk/databases/metazoa_odb10/hmms/352600at33208a.hmm busco_out/BUSCO_metazoa.fasta/run_metazoa_odb10/augustus_output/extracted_proteins/352600at33208a.faa.1
DEBUG:busco.Toolset	cmd call: /share/apps/python_shared/3.6.5/etc/sepp/bundled-v4.3.10/hmmsearch --domtblout busco_out/BUSCO_metazoa.fasta/run_metazoa_odb10/hmmer_output/352854at33208a.out.1 --cpu 1 /kmk/databases/metazoa_odb10/hmms/352854at33208a.hmm busco_out/BUSCO_metazoa.fasta/run_metazoa_odb10/augustus_output/extracted_proteins/352854at33208a.faa.1
DEBUG:busco.Toolset	cmd call: /share/apps/python_shared/3.6.5/etc/sepp/bundled-v4.3.10/hmmsearch --domtblout busco_out/BUSCO_metazoa.fasta/run_metazoa_odb10/hmmer_output/353286at33208a.out.1 --cpu 1 /kmk/databases/metazoa_odb10/hmms/353286at33208a.hmm busco_out/BUSCO_metazoa.fasta/run_metazoa_odb10/augustus_output/extracted_proteins/353286at33208a.faa.1
DEBUG:busco.Toolset	cmd call: /share/apps/python_shared/3.6.5/etc/sepp/bundled-v4.3.10/hmmsearch --domtblout busco_out/BUSCO_metazoa.fasta/run_metazoa_odb10/hmmer_output/353768at33208a.out.1 --cpu 1 /kmk/databases/metazoa_odb10/hmms/353768at33208a.hmm busco_out/BUSCO_metazoa.fasta/run_metazoa_odb10/augustus_output/extracted_proteins/353768at33208a.faa.1
DEBUG:busco.Toolset	cmd call: /share/apps/python_shared/3.6.5/etc/sepp/bundled-v4.3.10/hmmsearch --domtblout busco_out/BUSCO_metazoa.fasta/run_metazoa_odb10/hmmer_output/354829at33208a.out.1 --cpu 1 /kmk/databases/metazoa_odb10/hmms/354829at33208a.hmm busco_out/BUSCO_metazoa.fasta/run_metazoa_odb10/augustus_output/extracted_proteins/354829at33208a.faa.1
DEBUG:busco.Toolset	cmd call: /share/apps/python_shared/3.6.5/etc/sepp/bundled-v4.3.10/hmmsearch --domtblout busco_out/BUSCO_metazoa.fasta/run_metazoa_odb10/hmmer_output/354949at33208a.out.1 --cpu 1 /kmk/databases/metazoa_odb10/hmms/354949at33208a.hmm busco_out/BUSCO_metazoa.fasta/run_metazoa_odb10/augustus_output/extracted_proteins/354949at33208a.faa.1
DEBUG:busco.Toolset	cmd call: /share/apps/python_shared/3.6.5/etc/sepp/bundled-v4.3.10/hmmsearch --domtblout busco_out/BUSCO_metazoa.fasta/run_metazoa_odb10/hmmer_output/355210at33208a.out.1 --cpu 1 /kmk/databases/metazoa_odb10/hmms/355210at33208a.hmm busco_out/BUSCO_metazoa.fasta/run_metazoa_odb10/augustus_output/extracted_proteins/355210at33208a.faa.1
DEBUG:busco.Toolset	cmd call: /share/apps/python_shared/3.6.5/etc/sepp/bundled-v4.3.10/hmmsearch --domtblout busco_out/BUSCO_metazoa.fasta/run_metazoa_odb10/hmmer_output/355739at33208a.out.1 --cpu 1 /kmk/databases/metazoa_odb10/hmms/355739at33208a.hmm busco_out/BUSCO_metazoa.fasta/run_metazoa_odb10/augustus_output/extracted_proteins/355739at33208a.faa.1
DEBUG:busco.Toolset	cmd call: /share/apps/python_shared/3.6.5/etc/sepp/bundled-v4.3.10/hmmsearch --domtblout busco_out/BUSCO_metazoa.fasta/run_metazoa_odb10/hmmer_output/356175at33208a.out.1 --cpu 1 /kmk/databases/metazoa_odb10/hmms/356175at33208a.hmm busco_out/BUSCO_metazoa.fasta/run_metazoa_odb10/augustus_output/extracted_proteins/356175at33208a.faa.1
DEBUG:busco.Toolset	cmd call: /share/apps/python_shared/3.6.5/etc/sepp/bundled-v4.3.10/hmmsearch --domtblout busco_out/BUSCO_metazoa.fasta/run_metazoa_odb10/hmmer_output/356334at33208a.out.1 --cpu 1 /kmk/databases/metazoa_odb10/hmms/356334at33208a.hmm busco_out/BUSCO_metazoa.fasta/run_metazoa_odb10/augustus_output/extracted_proteins/356334at33208a.faa.1
DEBUG:busco.Toolset	cmd call: /share/apps/python_shared/3.6.5/etc/sepp/bundled-v4.3.10/hmmsearch --domtblout busco_out/BUSCO_metazoa.fasta/run_metazoa_odb10/hmmer_output/357580at33208a.out.1 --cpu 1 /kmk/databases/metazoa_odb10/hmms/357580at33208a.hmm busco_out/BUSCO_metazoa.fasta/run_metazoa_odb10/augustus_output/extracted_proteins/357580at33208a.faa.1
DEBUG:busco.Toolset	cmd call: /share/apps/python_shared/3.6.5/etc/sepp/bundled-v4.3.10/hmmsearch --domtblout busco_out/BUSCO_metazoa.fasta/run_metazoa_odb10/hmmer_output/359075at33208a.out.1 --cpu 1 /kmk/databases/metazoa_odb10/hmms/359075at33208a.hmm busco_out/BUSCO_metazoa.fasta/run_metazoa_odb10/augustus_output/extracted_proteins/359075at33208a.faa.1
DEBUG:busco.Toolset	cmd call: /share/apps/python_shared/3.6.5/etc/sepp/bundled-v4.3.10/hmmsearch --domtblout busco_out/BUSCO_metazoa.fasta/run_metazoa_odb10/hmmer_output/359324at33208a.out.1 --cpu 1 /kmk/databases/metazoa_odb10/hmms/359324at33208a.hmm busco_out/BUSCO_metazoa.fasta/run_metazoa_odb10/augustus_output/extracted_proteins/359324at33208a.faa.1
DEBUG:busco.Toolset	cmd call: /share/apps/python_shared/3.6.5/etc/sepp/bundled-v4.3.10/hmmsearch --domtblout busco_out/BUSCO_metazoa.fasta/run_metazoa_odb10/hmmer_output/359369at33208a.out.1 --cpu 1 /kmk/databases/metazoa_odb10/hmms/359369at33208a.hmm busco_out/BUSCO_metazoa.fasta/run_metazoa_odb10/augustus_output/extracted_proteins/359369at33208a.faa.1
DEBUG:busco.Toolset	cmd call: /share/apps/python_shared/3.6.5/etc/sepp/bundled-v4.3.10/hmmsearch --domtblout busco_out/BUSCO_metazoa.fasta/run_metazoa_odb10/hmmer_output/359532at33208a.out.1 --cpu 1 /kmk/databases/metazoa_odb10/hmms/359532at33208a.hmm busco_out/BUSCO_metazoa.fasta/run_metazoa_odb10/augustus_output/extracted_proteins/359532at33208a.faa.1
DEBUG:busco.Toolset	cmd call: /share/apps/python_shared/3.6.5/etc/sepp/bundled-v4.3.10/hmmsearch --domtblout busco_out/BUSCO_metazoa.fasta/run_metazoa_odb10/hmmer_output/359532at33208a.out.3 --cpu 1 /kmk/databases/metazoa_odb10/hmms/359532at33208a.hmm busco_out/BUSCO_metazoa.fasta/run_metazoa_odb10/augustus_output/extracted_proteins/359532at33208a.faa.3
DEBUG:busco.Toolset	cmd call: /share/apps/python_shared/3.6.5/etc/sepp/bundled-v4.3.10/hmmsearch --domtblout busco_out/BUSCO_metazoa.fasta/run_metazoa_odb10/hmmer_output/360379at33208a.out.1 --cpu 1 /kmk/databases/metazoa_odb10/hmms/360379at33208a.hmm busco_out/BUSCO_metazoa.fasta/run_metazoa_odb10/augustus_output/extracted_proteins/360379at33208a.faa.1
DEBUG:busco.Toolset	cmd call: /share/apps/python_shared/3.6.5/etc/sepp/bundled-v4.3.10/hmmsearch --domtblout busco_out/BUSCO_metazoa.fasta/run_metazoa_odb10/hmmer_output/360753at33208a.out.1 --cpu 1 /kmk/databases/metazoa_odb10/hmms/360753at33208a.hmm busco_out/BUSCO_metazoa.fasta/run_metazoa_odb10/augustus_output/extracted_proteins/360753at33208a.faa.1
DEBUG:busco.Toolset	cmd call: /share/apps/python_shared/3.6.5/etc/sepp/bundled-v4.3.10/hmmsearch --domtblout busco_out/BUSCO_metazoa.fasta/run_metazoa_odb10/hmmer_output/361100at33208a.out.1 --cpu 1 /kmk/databases/metazoa_odb10/hmms/361100at33208a.hmm busco_out/BUSCO_metazoa.fasta/run_metazoa_odb10/augustus_output/extracted_proteins/361100at33208a.faa.1
DEBUG:busco.Toolset	cmd call: /share/apps/python_shared/3.6.5/etc/sepp/bundled-v4.3.10/hmmsearch --domtblout busco_out/BUSCO_metazoa.fasta/run_metazoa_odb10/hmmer_output/361203at33208a.out.1 --cpu 1 /kmk/databases/metazoa_odb10/hmms/361203at33208a.hmm busco_out/BUSCO_metazoa.fasta/run_metazoa_odb10/augustus_output/extracted_proteins/361203at33208a.faa.1
DEBUG:busco.Toolset	cmd call: /share/apps/python_shared/3.6.5/etc/sepp/bundled-v4.3.10/hmmsearch --domtblout busco_out/BUSCO_metazoa.fasta/run_metazoa_odb10/hmmer_output/361216at33208a.out.1 --cpu 1 /kmk/databases/metazoa_odb10/hmms/361216at33208a.hmm busco_out/BUSCO_metazoa.fasta/run_metazoa_odb10/augustus_output/extracted_proteins/361216at33208a.faa.1
DEBUG:busco.Toolset	cmd call: /share/apps/python_shared/3.6.5/etc/sepp/bundled-v4.3.10/hmmsearch --domtblout busco_out/BUSCO_metazoa.fasta/run_metazoa_odb10/hmmer_output/361216at33208a.out.2 --cpu 1 /kmk/databases/metazoa_odb10/hmms/361216at33208a.hmm busco_out/BUSCO_metazoa.fasta/run_metazoa_odb10/augustus_output/extracted_proteins/361216at33208a.faa.2
DEBUG:busco.Toolset	cmd call: /share/apps/python_shared/3.6.5/etc/sepp/bundled-v4.3.10/hmmsearch --domtblout busco_out/BUSCO_metazoa.fasta/run_metazoa_odb10/hmmer_output/363634at33208a.out.1 --cpu 1 /kmk/databases/metazoa_odb10/hmms/363634at33208a.hmm busco_out/BUSCO_metazoa.fasta/run_metazoa_odb10/augustus_output/extracted_proteins/363634at33208a.faa.1
DEBUG:busco.Toolset	cmd call: /share/apps/python_shared/3.6.5/etc/sepp/bundled-v4.3.10/hmmsearch --domtblout busco_out/BUSCO_metazoa.fasta/run_metazoa_odb10/hmmer_output/363840at33208a.out.1 --cpu 1 /kmk/databases/metazoa_odb10/hmms/363840at33208a.hmm busco_out/BUSCO_metazoa.fasta/run_metazoa_odb10/augustus_output/extracted_proteins/363840at33208a.faa.1
DEBUG:busco.Toolset	cmd call: /share/apps/python_shared/3.6.5/etc/sepp/bundled-v4.3.10/hmmsearch --domtblout busco_out/BUSCO_metazoa.fasta/run_metazoa_odb10/hmmer_output/363851at33208a.out.1 --cpu 1 /kmk/databases/metazoa_odb10/hmms/363851at33208a.hmm busco_out/BUSCO_metazoa.fasta/run_metazoa_odb10/augustus_output/extracted_proteins/363851at33208a.faa.1
DEBUG:busco.Toolset	cmd call: /share/apps/python_shared/3.6.5/etc/sepp/bundled-v4.3.10/hmmsearch --domtblout busco_out/BUSCO_metazoa.fasta/run_metazoa_odb10/hmmer_output/364383at33208a.out.1 --cpu 1 /kmk/databases/metazoa_odb10/hmms/364383at33208a.hmm busco_out/BUSCO_metazoa.fasta/run_metazoa_odb10/augustus_output/extracted_proteins/364383at33208a.faa.1
DEBUG:busco.Toolset	cmd call: /share/apps/python_shared/3.6.5/etc/sepp/bundled-v4.3.10/hmmsearch --domtblout busco_out/BUSCO_metazoa.fasta/run_metazoa_odb10/hmmer_output/364694at33208a.out.1 --cpu 1 /kmk/databases/metazoa_odb10/hmms/364694at33208a.hmm busco_out/BUSCO_metazoa.fasta/run_metazoa_odb10/augustus_output/extracted_proteins/364694at33208a.faa.1
DEBUG:busco.Toolset	cmd call: /share/apps/python_shared/3.6.5/etc/sepp/bundled-v4.3.10/hmmsearch --domtblout busco_out/BUSCO_metazoa.fasta/run_metazoa_odb10/hmmer_output/365323at33208a.out.1 --cpu 1 /kmk/databases/metazoa_odb10/hmms/365323at33208a.hmm busco_out/BUSCO_metazoa.fasta/run_metazoa_odb10/augustus_output/extracted_proteins/365323at33208a.faa.1
DEBUG:busco.Toolset	cmd call: /share/apps/python_shared/3.6.5/etc/sepp/bundled-v4.3.10/hmmsearch --domtblout busco_out/BUSCO_metazoa.fasta/run_metazoa_odb10/hmmer_output/365323at33208a.out.2 --cpu 1 /kmk/databases/metazoa_odb10/hmms/365323at33208a.hmm busco_out/BUSCO_metazoa.fasta/run_metazoa_odb10/augustus_output/extracted_proteins/365323at33208a.faa.2
DEBUG:busco.Toolset	cmd call: /share/apps/python_shared/3.6.5/etc/sepp/bundled-v4.3.10/hmmsearch --domtblout busco_out/BUSCO_metazoa.fasta/run_metazoa_odb10/hmmer_output/365561at33208a.out.1 --cpu 1 /kmk/databases/metazoa_odb10/hmms/365561at33208a.hmm busco_out/BUSCO_metazoa.fasta/run_metazoa_odb10/augustus_output/extracted_proteins/365561at33208a.faa.1
DEBUG:busco.Toolset	cmd call: /share/apps/python_shared/3.6.5/etc/sepp/bundled-v4.3.10/hmmsearch --domtblout busco_out/BUSCO_metazoa.fasta/run_metazoa_odb10/hmmer_output/365691at33208a.out.1 --cpu 1 /kmk/databases/metazoa_odb10/hmms/365691at33208a.hmm busco_out/BUSCO_metazoa.fasta/run_metazoa_odb10/augustus_output/extracted_proteins/365691at33208a.faa.1
DEBUG:busco.Toolset	cmd call: /share/apps/python_shared/3.6.5/etc/sepp/bundled-v4.3.10/hmmsearch --domtblout busco_out/BUSCO_metazoa.fasta/run_metazoa_odb10/hmmer_output/366124at33208a.out.1 --cpu 1 /kmk/databases/metazoa_odb10/hmms/366124at33208a.hmm busco_out/BUSCO_metazoa.fasta/run_metazoa_odb10/augustus_output/extracted_proteins/366124at33208a.faa.1
DEBUG:busco.Toolset	cmd call: /share/apps/python_shared/3.6.5/etc/sepp/bundled-v4.3.10/hmmsearch --domtblout busco_out/BUSCO_metazoa.fasta/run_metazoa_odb10/hmmer_output/366814at33208a.out.1 --cpu 1 /kmk/databases/metazoa_odb10/hmms/366814at33208a.hmm busco_out/BUSCO_metazoa.fasta/run_metazoa_odb10/augustus_output/extracted_proteins/366814at33208a.faa.1
DEBUG:busco.Toolset	cmd call: /share/apps/python_shared/3.6.5/etc/sepp/bundled-v4.3.10/hmmsearch --domtblout busco_out/BUSCO_metazoa.fasta/run_metazoa_odb10/hmmer_output/366936at33208a.out.1 --cpu 1 /kmk/databases/metazoa_odb10/hmms/366936at33208a.hmm busco_out/BUSCO_metazoa.fasta/run_metazoa_odb10/augustus_output/extracted_proteins/366936at33208a.faa.1
DEBUG:busco.Toolset	cmd call: /share/apps/python_shared/3.6.5/etc/sepp/bundled-v4.3.10/hmmsearch --domtblout busco_out/BUSCO_metazoa.fasta/run_metazoa_odb10/hmmer_output/366936at33208a.out.2 --cpu 1 /kmk/databases/metazoa_odb10/hmms/366936at33208a.hmm busco_out/BUSCO_metazoa.fasta/run_metazoa_odb10/augustus_output/extracted_proteins/366936at33208a.faa.2
DEBUG:busco.Toolset	cmd call: /share/apps/python_shared/3.6.5/etc/sepp/bundled-v4.3.10/hmmsearch --domtblout busco_out/BUSCO_metazoa.fasta/run_metazoa_odb10/hmmer_output/367493at33208a.out.1 --cpu 1 /kmk/databases/metazoa_odb10/hmms/367493at33208a.hmm busco_out/BUSCO_metazoa.fasta/run_metazoa_odb10/augustus_output/extracted_proteins/367493at33208a.faa.1
DEBUG:busco.Toolset	cmd call: /share/apps/python_shared/3.6.5/etc/sepp/bundled-v4.3.10/hmmsearch --domtblout busco_out/BUSCO_metazoa.fasta/run_metazoa_odb10/hmmer_output/367551at33208a.out.1 --cpu 1 /kmk/databases/metazoa_odb10/hmms/367551at33208a.hmm busco_out/BUSCO_metazoa.fasta/run_metazoa_odb10/augustus_output/extracted_proteins/367551at33208a.faa.1
DEBUG:busco.Toolset	cmd call: /share/apps/python_shared/3.6.5/etc/sepp/bundled-v4.3.10/hmmsearch --domtblout busco_out/BUSCO_metazoa.fasta/run_metazoa_odb10/hmmer_output/367596at33208a.out.1 --cpu 1 /kmk/databases/metazoa_odb10/hmms/367596at33208a.hmm busco_out/BUSCO_metazoa.fasta/run_metazoa_odb10/augustus_output/extracted_proteins/367596at33208a.faa.1
DEBUG:busco.Toolset	cmd call: /share/apps/python_shared/3.6.5/etc/sepp/bundled-v4.3.10/hmmsearch --domtblout busco_out/BUSCO_metazoa.fasta/run_metazoa_odb10/hmmer_output/367957at33208a.out.1 --cpu 1 /kmk/databases/metazoa_odb10/hmms/367957at33208a.hmm busco_out/BUSCO_metazoa.fasta/run_metazoa_odb10/augustus_output/extracted_proteins/367957at33208a.faa.1
DEBUG:busco.Toolset	cmd call: /share/apps/python_shared/3.6.5/etc/sepp/bundled-v4.3.10/hmmsearch --domtblout busco_out/BUSCO_metazoa.fasta/run_metazoa_odb10/hmmer_output/368565at33208a.out.1 --cpu 1 /kmk/databases/metazoa_odb10/hmms/368565at33208a.hmm busco_out/BUSCO_metazoa.fasta/run_metazoa_odb10/augustus_output/extracted_proteins/368565at33208a.faa.1
DEBUG:busco.Toolset	cmd call: /share/apps/python_shared/3.6.5/etc/sepp/bundled-v4.3.10/hmmsearch --domtblout busco_out/BUSCO_metazoa.fasta/run_metazoa_odb10/hmmer_output/368670at33208a.out.1 --cpu 1 /kmk/databases/metazoa_odb10/hmms/368670at33208a.hmm busco_out/BUSCO_metazoa.fasta/run_metazoa_odb10/augustus_output/extracted_proteins/368670at33208a.faa.1
DEBUG:busco.Toolset	cmd call: /share/apps/python_shared/3.6.5/etc/sepp/bundled-v4.3.10/hmmsearch --domtblout busco_out/BUSCO_metazoa.fasta/run_metazoa_odb10/hmmer_output/368875at33208a.out.1 --cpu 1 /kmk/databases/metazoa_odb10/hmms/368875at33208a.hmm busco_out/BUSCO_metazoa.fasta/run_metazoa_odb10/augustus_output/extracted_proteins/368875at33208a.faa.1
DEBUG:busco.Toolset	cmd call: /share/apps/python_shared/3.6.5/etc/sepp/bundled-v4.3.10/hmmsearch --domtblout busco_out/BUSCO_metazoa.fasta/run_metazoa_odb10/hmmer_output/371241at33208a.out.1 --cpu 1 /kmk/databases/metazoa_odb10/hmms/371241at33208a.hmm busco_out/BUSCO_metazoa.fasta/run_metazoa_odb10/augustus_output/extracted_proteins/371241at33208a.faa.1
DEBUG:busco.Toolset	cmd call: /share/apps/python_shared/3.6.5/etc/sepp/bundled-v4.3.10/hmmsearch --domtblout busco_out/BUSCO_metazoa.fasta/run_metazoa_odb10/hmmer_output/371297at33208a.out.1 --cpu 1 /kmk/databases/metazoa_odb10/hmms/371297at33208a.hmm busco_out/BUSCO_metazoa.fasta/run_metazoa_odb10/augustus_output/extracted_proteins/371297at33208a.faa.1
DEBUG:busco.Toolset	cmd call: /share/apps/python_shared/3.6.5/etc/sepp/bundled-v4.3.10/hmmsearch --domtblout busco_out/BUSCO_metazoa.fasta/run_metazoa_odb10/hmmer_output/371526at33208a.out.1 --cpu 1 /kmk/databases/metazoa_odb10/hmms/371526at33208a.hmm busco_out/BUSCO_metazoa.fasta/run_metazoa_odb10/augustus_output/extracted_proteins/371526at33208a.faa.1
DEBUG:busco.Toolset	cmd call: /share/apps/python_shared/3.6.5/etc/sepp/bundled-v4.3.10/hmmsearch --domtblout busco_out/BUSCO_metazoa.fasta/run_metazoa_odb10/hmmer_output/372257at33208a.out.1 --cpu 1 /kmk/databases/metazoa_odb10/hmms/372257at33208a.hmm busco_out/BUSCO_metazoa.fasta/run_metazoa_odb10/augustus_output/extracted_proteins/372257at33208a.faa.1
DEBUG:busco.Toolset	cmd call: /share/apps/python_shared/3.6.5/etc/sepp/bundled-v4.3.10/hmmsearch --domtblout busco_out/BUSCO_metazoa.fasta/run_metazoa_odb10/hmmer_output/372707at33208a.out.1 --cpu 1 /kmk/databases/metazoa_odb10/hmms/372707at33208a.hmm busco_out/BUSCO_metazoa.fasta/run_metazoa_odb10/augustus_output/extracted_proteins/372707at33208a.faa.1
DEBUG:busco.Toolset	cmd call: /share/apps/python_shared/3.6.5/etc/sepp/bundled-v4.3.10/hmmsearch --domtblout busco_out/BUSCO_metazoa.fasta/run_metazoa_odb10/hmmer_output/373040at33208a.out.1 --cpu 1 /kmk/databases/metazoa_odb10/hmms/373040at33208a.hmm busco_out/BUSCO_metazoa.fasta/run_metazoa_odb10/augustus_output/extracted_proteins/373040at33208a.faa.1
DEBUG:busco.Toolset	cmd call: /share/apps/python_shared/3.6.5/etc/sepp/bundled-v4.3.10/hmmsearch --domtblout busco_out/BUSCO_metazoa.fasta/run_metazoa_odb10/hmmer_output/376982at33208a.out.1 --cpu 1 /kmk/databases/metazoa_odb10/hmms/376982at33208a.hmm busco_out/BUSCO_metazoa.fasta/run_metazoa_odb10/augustus_output/extracted_proteins/376982at33208a.faa.1
DEBUG:busco.Toolset	cmd call: /share/apps/python_shared/3.6.5/etc/sepp/bundled-v4.3.10/hmmsearch --domtblout busco_out/BUSCO_metazoa.fasta/run_metazoa_odb10/hmmer_output/378033at33208a.out.1 --cpu 1 /kmk/databases/metazoa_odb10/hmms/378033at33208a.hmm busco_out/BUSCO_metazoa.fasta/run_metazoa_odb10/augustus_output/extracted_proteins/378033at33208a.faa.1
DEBUG:busco.Toolset	cmd call: /share/apps/python_shared/3.6.5/etc/sepp/bundled-v4.3.10/hmmsearch --domtblout busco_out/BUSCO_metazoa.fasta/run_metazoa_odb10/hmmer_output/378316at33208a.out.1 --cpu 1 /kmk/databases/metazoa_odb10/hmms/378316at33208a.hmm busco_out/BUSCO_metazoa.fasta/run_metazoa_odb10/augustus_output/extracted_proteins/378316at33208a.faa.1
DEBUG:busco.Toolset	cmd call: /share/apps/python_shared/3.6.5/etc/sepp/bundled-v4.3.10/hmmsearch --domtblout busco_out/BUSCO_metazoa.fasta/run_metazoa_odb10/hmmer_output/378768at33208a.out.1 --cpu 1 /kmk/databases/metazoa_odb10/hmms/378768at33208a.hmm busco_out/BUSCO_metazoa.fasta/run_metazoa_odb10/augustus_output/extracted_proteins/378768at33208a.faa.1
DEBUG:busco.Toolset	cmd call: /share/apps/python_shared/3.6.5/etc/sepp/bundled-v4.3.10/hmmsearch --domtblout busco_out/BUSCO_metazoa.fasta/run_metazoa_odb10/hmmer_output/378913at33208a.out.1 --cpu 1 /kmk/databases/metazoa_odb10/hmms/378913at33208a.hmm busco_out/BUSCO_metazoa.fasta/run_metazoa_odb10/augustus_output/extracted_proteins/378913at33208a.faa.1
DEBUG:busco.Toolset	cmd call: /share/apps/python_shared/3.6.5/etc/sepp/bundled-v4.3.10/hmmsearch --domtblout busco_out/BUSCO_metazoa.fasta/run_metazoa_odb10/hmmer_output/379076at33208a.out.1 --cpu 1 /kmk/databases/metazoa_odb10/hmms/379076at33208a.hmm busco_out/BUSCO_metazoa.fasta/run_metazoa_odb10/augustus_output/extracted_proteins/379076at33208a.faa.1
DEBUG:busco.Toolset	cmd call: /share/apps/python_shared/3.6.5/etc/sepp/bundled-v4.3.10/hmmsearch --domtblout busco_out/BUSCO_metazoa.fasta/run_metazoa_odb10/hmmer_output/379636at33208a.out.1 --cpu 1 /kmk/databases/metazoa_odb10/hmms/379636at33208a.hmm busco_out/BUSCO_metazoa.fasta/run_metazoa_odb10/augustus_output/extracted_proteins/379636at33208a.faa.1
DEBUG:busco.Toolset	cmd call: /share/apps/python_shared/3.6.5/etc/sepp/bundled-v4.3.10/hmmsearch --domtblout busco_out/BUSCO_metazoa.fasta/run_metazoa_odb10/hmmer_output/379771at33208a.out.1 --cpu 1 /kmk/databases/metazoa_odb10/hmms/379771at33208a.hmm busco_out/BUSCO_metazoa.fasta/run_metazoa_odb10/augustus_output/extracted_proteins/379771at33208a.faa.1
DEBUG:busco.Toolset	cmd call: /share/apps/python_shared/3.6.5/etc/sepp/bundled-v4.3.10/hmmsearch --domtblout busco_out/BUSCO_metazoa.fasta/run_metazoa_odb10/hmmer_output/380583at33208a.out.1 --cpu 1 /kmk/databases/metazoa_odb10/hmms/380583at33208a.hmm busco_out/BUSCO_metazoa.fasta/run_metazoa_odb10/augustus_output/extracted_proteins/380583at33208a.faa.1
DEBUG:busco.Toolset	cmd call: /share/apps/python_shared/3.6.5/etc/sepp/bundled-v4.3.10/hmmsearch --domtblout busco_out/BUSCO_metazoa.fasta/run_metazoa_odb10/hmmer_output/381303at33208a.out.1 --cpu 1 /kmk/databases/metazoa_odb10/hmms/381303at33208a.hmm busco_out/BUSCO_metazoa.fasta/run_metazoa_odb10/augustus_output/extracted_proteins/381303at33208a.faa.1
DEBUG:busco.Toolset	cmd call: /share/apps/python_shared/3.6.5/etc/sepp/bundled-v4.3.10/hmmsearch --domtblout busco_out/BUSCO_metazoa.fasta/run_metazoa_odb10/hmmer_output/382000at33208a.out.1 --cpu 1 /kmk/databases/metazoa_odb10/hmms/382000at33208a.hmm busco_out/BUSCO_metazoa.fasta/run_metazoa_odb10/augustus_output/extracted_proteins/382000at33208a.faa.1
DEBUG:busco.Toolset	cmd call: /share/apps/python_shared/3.6.5/etc/sepp/bundled-v4.3.10/hmmsearch --domtblout busco_out/BUSCO_metazoa.fasta/run_metazoa_odb10/hmmer_output/382000at33208a.out.2 --cpu 1 /kmk/databases/metazoa_odb10/hmms/382000at33208a.hmm busco_out/BUSCO_metazoa.fasta/run_metazoa_odb10/augustus_output/extracted_proteins/382000at33208a.faa.2
DEBUG:busco.Toolset	cmd call: /share/apps/python_shared/3.6.5/etc/sepp/bundled-v4.3.10/hmmsearch --domtblout busco_out/BUSCO_metazoa.fasta/run_metazoa_odb10/hmmer_output/382262at33208a.out.1 --cpu 1 /kmk/databases/metazoa_odb10/hmms/382262at33208a.hmm busco_out/BUSCO_metazoa.fasta/run_metazoa_odb10/augustus_output/extracted_proteins/382262at33208a.faa.1
DEBUG:busco.Toolset	cmd call: /share/apps/python_shared/3.6.5/etc/sepp/bundled-v4.3.10/hmmsearch --domtblout busco_out/BUSCO_metazoa.fasta/run_metazoa_odb10/hmmer_output/382750at33208a.out.1 --cpu 1 /kmk/databases/metazoa_odb10/hmms/382750at33208a.hmm busco_out/BUSCO_metazoa.fasta/run_metazoa_odb10/augustus_output/extracted_proteins/382750at33208a.faa.1
DEBUG:busco.Toolset	cmd call: /share/apps/python_shared/3.6.5/etc/sepp/bundled-v4.3.10/hmmsearch --domtblout busco_out/BUSCO_metazoa.fasta/run_metazoa_odb10/hmmer_output/383313at33208a.out.1 --cpu 1 /kmk/databases/metazoa_odb10/hmms/383313at33208a.hmm busco_out/BUSCO_metazoa.fasta/run_metazoa_odb10/augustus_output/extracted_proteins/383313at33208a.faa.1
DEBUG:busco.Toolset	cmd call: /share/apps/python_shared/3.6.5/etc/sepp/bundled-v4.3.10/hmmsearch --domtblout busco_out/BUSCO_metazoa.fasta/run_metazoa_odb10/hmmer_output/384187at33208a.out.1 --cpu 1 /kmk/databases/metazoa_odb10/hmms/384187at33208a.hmm busco_out/BUSCO_metazoa.fasta/run_metazoa_odb10/augustus_output/extracted_proteins/384187at33208a.faa.1
INFO:busco.Toolset	[hmmsearch]	276 of 917 task(s) completed
DEBUG:busco.Toolset	cmd call: /share/apps/python_shared/3.6.5/etc/sepp/bundled-v4.3.10/hmmsearch --domtblout busco_out/BUSCO_metazoa.fasta/run_metazoa_odb10/hmmer_output/386666at33208a.out.1 --cpu 1 /kmk/databases/metazoa_odb10/hmms/386666at33208a.hmm busco_out/BUSCO_metazoa.fasta/run_metazoa_odb10/augustus_output/extracted_proteins/386666at33208a.faa.1
DEBUG:busco.Toolset	cmd call: /share/apps/python_shared/3.6.5/etc/sepp/bundled-v4.3.10/hmmsearch --domtblout busco_out/BUSCO_metazoa.fasta/run_metazoa_odb10/hmmer_output/387079at33208a.out.1 --cpu 1 /kmk/databases/metazoa_odb10/hmms/387079at33208a.hmm busco_out/BUSCO_metazoa.fasta/run_metazoa_odb10/augustus_output/extracted_proteins/387079at33208a.faa.1
DEBUG:busco.Toolset	cmd call: /share/apps/python_shared/3.6.5/etc/sepp/bundled-v4.3.10/hmmsearch --domtblout busco_out/BUSCO_metazoa.fasta/run_metazoa_odb10/hmmer_output/387117at33208a.out.1 --cpu 1 /kmk/databases/metazoa_odb10/hmms/387117at33208a.hmm busco_out/BUSCO_metazoa.fasta/run_metazoa_odb10/augustus_output/extracted_proteins/387117at33208a.faa.1
DEBUG:busco.Toolset	cmd call: /share/apps/python_shared/3.6.5/etc/sepp/bundled-v4.3.10/hmmsearch --domtblout busco_out/BUSCO_metazoa.fasta/run_metazoa_odb10/hmmer_output/387117at33208a.out.2 --cpu 1 /kmk/databases/metazoa_odb10/hmms/387117at33208a.hmm busco_out/BUSCO_metazoa.fasta/run_metazoa_odb10/augustus_output/extracted_proteins/387117at33208a.faa.2
DEBUG:busco.Toolset	cmd call: /share/apps/python_shared/3.6.5/etc/sepp/bundled-v4.3.10/hmmsearch --domtblout busco_out/BUSCO_metazoa.fasta/run_metazoa_odb10/hmmer_output/387878at33208a.out.1 --cpu 1 /kmk/databases/metazoa_odb10/hmms/387878at33208a.hmm busco_out/BUSCO_metazoa.fasta/run_metazoa_odb10/augustus_output/extracted_proteins/387878at33208a.faa.1
DEBUG:busco.Toolset	cmd call: /share/apps/python_shared/3.6.5/etc/sepp/bundled-v4.3.10/hmmsearch --domtblout busco_out/BUSCO_metazoa.fasta/run_metazoa_odb10/hmmer_output/389367at33208a.out.1 --cpu 1 /kmk/databases/metazoa_odb10/hmms/389367at33208a.hmm busco_out/BUSCO_metazoa.fasta/run_metazoa_odb10/augustus_output/extracted_proteins/389367at33208a.faa.1
DEBUG:busco.Toolset	cmd call: /share/apps/python_shared/3.6.5/etc/sepp/bundled-v4.3.10/hmmsearch --domtblout busco_out/BUSCO_metazoa.fasta/run_metazoa_odb10/hmmer_output/389570at33208a.out.1 --cpu 1 /kmk/databases/metazoa_odb10/hmms/389570at33208a.hmm busco_out/BUSCO_metazoa.fasta/run_metazoa_odb10/augustus_output/extracted_proteins/389570at33208a.faa.1
DEBUG:busco.Toolset	cmd call: /share/apps/python_shared/3.6.5/etc/sepp/bundled-v4.3.10/hmmsearch --domtblout busco_out/BUSCO_metazoa.fasta/run_metazoa_odb10/hmmer_output/389527at33208a.out.1 --cpu 1 /kmk/databases/metazoa_odb10/hmms/389527at33208a.hmm busco_out/BUSCO_metazoa.fasta/run_metazoa_odb10/augustus_output/extracted_proteins/389527at33208a.faa.1
DEBUG:busco.Toolset	cmd call: /share/apps/python_shared/3.6.5/etc/sepp/bundled-v4.3.10/hmmsearch --domtblout busco_out/BUSCO_metazoa.fasta/run_metazoa_odb10/hmmer_output/389591at33208a.out.1 --cpu 1 /kmk/databases/metazoa_odb10/hmms/389591at33208a.hmm busco_out/BUSCO_metazoa.fasta/run_metazoa_odb10/augustus_output/extracted_proteins/389591at33208a.faa.1
DEBUG:busco.Toolset	cmd call: /share/apps/python_shared/3.6.5/etc/sepp/bundled-v4.3.10/hmmsearch --domtblout busco_out/BUSCO_metazoa.fasta/run_metazoa_odb10/hmmer_output/390192at33208a.out.1 --cpu 1 /kmk/databases/metazoa_odb10/hmms/390192at33208a.hmm busco_out/BUSCO_metazoa.fasta/run_metazoa_odb10/augustus_output/extracted_proteins/390192at33208a.faa.1
DEBUG:busco.Toolset	cmd call: /share/apps/python_shared/3.6.5/etc/sepp/bundled-v4.3.10/hmmsearch --domtblout busco_out/BUSCO_metazoa.fasta/run_metazoa_odb10/hmmer_output/391896at33208a.out.1 --cpu 1 /kmk/databases/metazoa_odb10/hmms/391896at33208a.hmm busco_out/BUSCO_metazoa.fasta/run_metazoa_odb10/augustus_output/extracted_proteins/391896at33208a.faa.1
DEBUG:busco.Toolset	cmd call: /share/apps/python_shared/3.6.5/etc/sepp/bundled-v4.3.10/hmmsearch --domtblout busco_out/BUSCO_metazoa.fasta/run_metazoa_odb10/hmmer_output/390402at33208a.out.1 --cpu 1 /kmk/databases/metazoa_odb10/hmms/390402at33208a.hmm busco_out/BUSCO_metazoa.fasta/run_metazoa_odb10/augustus_output/extracted_proteins/390402at33208a.faa.1
DEBUG:busco.Toolset	cmd call: /share/apps/python_shared/3.6.5/etc/sepp/bundled-v4.3.10/hmmsearch --domtblout busco_out/BUSCO_metazoa.fasta/run_metazoa_odb10/hmmer_output/393219at33208a.out.1 --cpu 1 /kmk/databases/metazoa_odb10/hmms/393219at33208a.hmm busco_out/BUSCO_metazoa.fasta/run_metazoa_odb10/augustus_output/extracted_proteins/393219at33208a.faa.1
DEBUG:busco.Toolset	cmd call: /share/apps/python_shared/3.6.5/etc/sepp/bundled-v4.3.10/hmmsearch --domtblout busco_out/BUSCO_metazoa.fasta/run_metazoa_odb10/hmmer_output/393419at33208a.out.1 --cpu 1 /kmk/databases/metazoa_odb10/hmms/393419at33208a.hmm busco_out/BUSCO_metazoa.fasta/run_metazoa_odb10/augustus_output/extracted_proteins/393419at33208a.faa.1
DEBUG:busco.Toolset	cmd call: /share/apps/python_shared/3.6.5/etc/sepp/bundled-v4.3.10/hmmsearch --domtblout busco_out/BUSCO_metazoa.fasta/run_metazoa_odb10/hmmer_output/393895at33208a.out.1 --cpu 1 /kmk/databases/metazoa_odb10/hmms/393895at33208a.hmm busco_out/BUSCO_metazoa.fasta/run_metazoa_odb10/augustus_output/extracted_proteins/393895at33208a.faa.1
DEBUG:busco.Toolset	cmd call: /share/apps/python_shared/3.6.5/etc/sepp/bundled-v4.3.10/hmmsearch --domtblout busco_out/BUSCO_metazoa.fasta/run_metazoa_odb10/hmmer_output/395147at33208a.out.1 --cpu 1 /kmk/databases/metazoa_odb10/hmms/395147at33208a.hmm busco_out/BUSCO_metazoa.fasta/run_metazoa_odb10/augustus_output/extracted_proteins/395147at33208a.faa.1
DEBUG:busco.Toolset	cmd call: /share/apps/python_shared/3.6.5/etc/sepp/bundled-v4.3.10/hmmsearch --domtblout busco_out/BUSCO_metazoa.fasta/run_metazoa_odb10/hmmer_output/395183at33208a.out.1 --cpu 1 /kmk/databases/metazoa_odb10/hmms/395183at33208a.hmm busco_out/BUSCO_metazoa.fasta/run_metazoa_odb10/augustus_output/extracted_proteins/395183at33208a.faa.1
DEBUG:busco.Toolset	cmd call: /share/apps/python_shared/3.6.5/etc/sepp/bundled-v4.3.10/hmmsearch --domtblout busco_out/BUSCO_metazoa.fasta/run_metazoa_odb10/hmmer_output/395556at33208a.out.1 --cpu 1 /kmk/databases/metazoa_odb10/hmms/395556at33208a.hmm busco_out/BUSCO_metazoa.fasta/run_metazoa_odb10/augustus_output/extracted_proteins/395556at33208a.faa.1
DEBUG:busco.Toolset	cmd call: /share/apps/python_shared/3.6.5/etc/sepp/bundled-v4.3.10/hmmsearch --domtblout busco_out/BUSCO_metazoa.fasta/run_metazoa_odb10/hmmer_output/395919at33208a.out.1 --cpu 1 /kmk/databases/metazoa_odb10/hmms/395919at33208a.hmm busco_out/BUSCO_metazoa.fasta/run_metazoa_odb10/augustus_output/extracted_proteins/395919at33208a.faa.1
DEBUG:busco.Toolset	cmd call: /share/apps/python_shared/3.6.5/etc/sepp/bundled-v4.3.10/hmmsearch --domtblout busco_out/BUSCO_metazoa.fasta/run_metazoa_odb10/hmmer_output/395948at33208a.out.1 --cpu 1 /kmk/databases/metazoa_odb10/hmms/395948at33208a.hmm busco_out/BUSCO_metazoa.fasta/run_metazoa_odb10/augustus_output/extracted_proteins/395948at33208a.faa.1
DEBUG:busco.Toolset	cmd call: /share/apps/python_shared/3.6.5/etc/sepp/bundled-v4.3.10/hmmsearch --domtblout busco_out/BUSCO_metazoa.fasta/run_metazoa_odb10/hmmer_output/396237at33208a.out.1 --cpu 1 /kmk/databases/metazoa_odb10/hmms/396237at33208a.hmm busco_out/BUSCO_metazoa.fasta/run_metazoa_odb10/augustus_output/extracted_proteins/396237at33208a.faa.1
DEBUG:busco.Toolset	cmd call: /share/apps/python_shared/3.6.5/etc/sepp/bundled-v4.3.10/hmmsearch --domtblout busco_out/BUSCO_metazoa.fasta/run_metazoa_odb10/hmmer_output/397659at33208a.out.1 --cpu 1 /kmk/databases/metazoa_odb10/hmms/397659at33208a.hmm busco_out/BUSCO_metazoa.fasta/run_metazoa_odb10/augustus_output/extracted_proteins/397659at33208a.faa.1
DEBUG:busco.Toolset	cmd call: /share/apps/python_shared/3.6.5/etc/sepp/bundled-v4.3.10/hmmsearch --domtblout busco_out/BUSCO_metazoa.fasta/run_metazoa_odb10/hmmer_output/397019at33208a.out.1 --cpu 1 /kmk/databases/metazoa_odb10/hmms/397019at33208a.hmm busco_out/BUSCO_metazoa.fasta/run_metazoa_odb10/augustus_output/extracted_proteins/397019at33208a.faa.1
DEBUG:busco.Toolset	cmd call: /share/apps/python_shared/3.6.5/etc/sepp/bundled-v4.3.10/hmmsearch --domtblout busco_out/BUSCO_metazoa.fasta/run_metazoa_odb10/hmmer_output/398013at33208a.out.1 --cpu 1 /kmk/databases/metazoa_odb10/hmms/398013at33208a.hmm busco_out/BUSCO_metazoa.fasta/run_metazoa_odb10/augustus_output/extracted_proteins/398013at33208a.faa.1
DEBUG:busco.Toolset	cmd call: /share/apps/python_shared/3.6.5/etc/sepp/bundled-v4.3.10/hmmsearch --domtblout busco_out/BUSCO_metazoa.fasta/run_metazoa_odb10/hmmer_output/398202at33208a.out.1 --cpu 1 /kmk/databases/metazoa_odb10/hmms/398202at33208a.hmm busco_out/BUSCO_metazoa.fasta/run_metazoa_odb10/augustus_output/extracted_proteins/398202at33208a.faa.1
DEBUG:busco.Toolset	cmd call: /share/apps/python_shared/3.6.5/etc/sepp/bundled-v4.3.10/hmmsearch --domtblout busco_out/BUSCO_metazoa.fasta/run_metazoa_odb10/hmmer_output/398607at33208a.out.1 --cpu 1 /kmk/databases/metazoa_odb10/hmms/398607at33208a.hmm busco_out/BUSCO_metazoa.fasta/run_metazoa_odb10/augustus_output/extracted_proteins/398607at33208a.faa.1
DEBUG:busco.Toolset	cmd call: /share/apps/python_shared/3.6.5/etc/sepp/bundled-v4.3.10/hmmsearch --domtblout busco_out/BUSCO_metazoa.fasta/run_metazoa_odb10/hmmer_output/399439at33208a.out.1 --cpu 1 /kmk/databases/metazoa_odb10/hmms/399439at33208a.hmm busco_out/BUSCO_metazoa.fasta/run_metazoa_odb10/augustus_output/extracted_proteins/399439at33208a.faa.1
DEBUG:busco.Toolset	cmd call: /share/apps/python_shared/3.6.5/etc/sepp/bundled-v4.3.10/hmmsearch --domtblout busco_out/BUSCO_metazoa.fasta/run_metazoa_odb10/hmmer_output/399092at33208a.out.1 --cpu 1 /kmk/databases/metazoa_odb10/hmms/399092at33208a.hmm busco_out/BUSCO_metazoa.fasta/run_metazoa_odb10/augustus_output/extracted_proteins/399092at33208a.faa.1
DEBUG:busco.Toolset	cmd call: /share/apps/python_shared/3.6.5/etc/sepp/bundled-v4.3.10/hmmsearch --domtblout busco_out/BUSCO_metazoa.fasta/run_metazoa_odb10/hmmer_output/401196at33208a.out.1 --cpu 1 /kmk/databases/metazoa_odb10/hmms/401196at33208a.hmm busco_out/BUSCO_metazoa.fasta/run_metazoa_odb10/augustus_output/extracted_proteins/401196at33208a.faa.1
DEBUG:busco.Toolset	cmd call: /share/apps/python_shared/3.6.5/etc/sepp/bundled-v4.3.10/hmmsearch --domtblout busco_out/BUSCO_metazoa.fasta/run_metazoa_odb10/hmmer_output/401679at33208a.out.1 --cpu 1 /kmk/databases/metazoa_odb10/hmms/401679at33208a.hmm busco_out/BUSCO_metazoa.fasta/run_metazoa_odb10/augustus_output/extracted_proteins/401679at33208a.faa.1
DEBUG:busco.Toolset	cmd call: /share/apps/python_shared/3.6.5/etc/sepp/bundled-v4.3.10/hmmsearch --domtblout busco_out/BUSCO_metazoa.fasta/run_metazoa_odb10/hmmer_output/400042at33208a.out.1 --cpu 1 /kmk/databases/metazoa_odb10/hmms/400042at33208a.hmm busco_out/BUSCO_metazoa.fasta/run_metazoa_odb10/augustus_output/extracted_proteins/400042at33208a.faa.1
DEBUG:busco.Toolset	cmd call: /share/apps/python_shared/3.6.5/etc/sepp/bundled-v4.3.10/hmmsearch --domtblout busco_out/BUSCO_metazoa.fasta/run_metazoa_odb10/hmmer_output/401220at33208a.out.1 --cpu 1 /kmk/databases/metazoa_odb10/hmms/401220at33208a.hmm busco_out/BUSCO_metazoa.fasta/run_metazoa_odb10/augustus_output/extracted_proteins/401220at33208a.faa.1
DEBUG:busco.Toolset	cmd call: /share/apps/python_shared/3.6.5/etc/sepp/bundled-v4.3.10/hmmsearch --domtblout busco_out/BUSCO_metazoa.fasta/run_metazoa_odb10/hmmer_output/401779at33208a.out.1 --cpu 1 /kmk/databases/metazoa_odb10/hmms/401779at33208a.hmm busco_out/BUSCO_metazoa.fasta/run_metazoa_odb10/augustus_output/extracted_proteins/401779at33208a.faa.1
DEBUG:busco.Toolset	cmd call: /share/apps/python_shared/3.6.5/etc/sepp/bundled-v4.3.10/hmmsearch --domtblout busco_out/BUSCO_metazoa.fasta/run_metazoa_odb10/hmmer_output/403171at33208a.out.1 --cpu 1 /kmk/databases/metazoa_odb10/hmms/403171at33208a.hmm busco_out/BUSCO_metazoa.fasta/run_metazoa_odb10/augustus_output/extracted_proteins/403171at33208a.faa.1
DEBUG:busco.Toolset	cmd call: /share/apps/python_shared/3.6.5/etc/sepp/bundled-v4.3.10/hmmsearch --domtblout busco_out/BUSCO_metazoa.fasta/run_metazoa_odb10/hmmer_output/40200at33208a.out.1 --cpu 1 /kmk/databases/metazoa_odb10/hmms/40200at33208a.hmm busco_out/BUSCO_metazoa.fasta/run_metazoa_odb10/augustus_output/extracted_proteins/40200at33208a.faa.1
DEBUG:busco.Toolset	cmd call: /share/apps/python_shared/3.6.5/etc/sepp/bundled-v4.3.10/hmmsearch --domtblout busco_out/BUSCO_metazoa.fasta/run_metazoa_odb10/hmmer_output/403817at33208a.out.1 --cpu 1 /kmk/databases/metazoa_odb10/hmms/403817at33208a.hmm busco_out/BUSCO_metazoa.fasta/run_metazoa_odb10/augustus_output/extracted_proteins/403817at33208a.faa.1
DEBUG:busco.Toolset	cmd call: /share/apps/python_shared/3.6.5/etc/sepp/bundled-v4.3.10/hmmsearch --domtblout busco_out/BUSCO_metazoa.fasta/run_metazoa_odb10/hmmer_output/404988at33208a.out.1 --cpu 1 /kmk/databases/metazoa_odb10/hmms/404988at33208a.hmm busco_out/BUSCO_metazoa.fasta/run_metazoa_odb10/augustus_output/extracted_proteins/404988at33208a.faa.1
DEBUG:busco.Toolset	cmd call: /share/apps/python_shared/3.6.5/etc/sepp/bundled-v4.3.10/hmmsearch --domtblout busco_out/BUSCO_metazoa.fasta/run_metazoa_odb10/hmmer_output/405257at33208a.out.1 --cpu 1 /kmk/databases/metazoa_odb10/hmms/405257at33208a.hmm busco_out/BUSCO_metazoa.fasta/run_metazoa_odb10/augustus_output/extracted_proteins/405257at33208a.faa.1
DEBUG:busco.Toolset	cmd call: /share/apps/python_shared/3.6.5/etc/sepp/bundled-v4.3.10/hmmsearch --domtblout busco_out/BUSCO_metazoa.fasta/run_metazoa_odb10/hmmer_output/407472at33208a.out.1 --cpu 1 /kmk/databases/metazoa_odb10/hmms/407472at33208a.hmm busco_out/BUSCO_metazoa.fasta/run_metazoa_odb10/augustus_output/extracted_proteins/407472at33208a.faa.1
DEBUG:busco.Toolset	cmd call: /share/apps/python_shared/3.6.5/etc/sepp/bundled-v4.3.10/hmmsearch --domtblout busco_out/BUSCO_metazoa.fasta/run_metazoa_odb10/hmmer_output/409006at33208a.out.1 --cpu 1 /kmk/databases/metazoa_odb10/hmms/409006at33208a.hmm busco_out/BUSCO_metazoa.fasta/run_metazoa_odb10/augustus_output/extracted_proteins/409006at33208a.faa.1
DEBUG:busco.Toolset	cmd call: /share/apps/python_shared/3.6.5/etc/sepp/bundled-v4.3.10/hmmsearch --domtblout busco_out/BUSCO_metazoa.fasta/run_metazoa_odb10/hmmer_output/409186at33208a.out.1 --cpu 1 /kmk/databases/metazoa_odb10/hmms/409186at33208a.hmm busco_out/BUSCO_metazoa.fasta/run_metazoa_odb10/augustus_output/extracted_proteins/409186at33208a.faa.1
DEBUG:busco.Toolset	cmd call: /share/apps/python_shared/3.6.5/etc/sepp/bundled-v4.3.10/hmmsearch --domtblout busco_out/BUSCO_metazoa.fasta/run_metazoa_odb10/hmmer_output/411515at33208a.out.1 --cpu 1 /kmk/databases/metazoa_odb10/hmms/411515at33208a.hmm busco_out/BUSCO_metazoa.fasta/run_metazoa_odb10/augustus_output/extracted_proteins/411515at33208a.faa.1
DEBUG:busco.Toolset	cmd call: /share/apps/python_shared/3.6.5/etc/sepp/bundled-v4.3.10/hmmsearch --domtblout busco_out/BUSCO_metazoa.fasta/run_metazoa_odb10/hmmer_output/411664at33208a.out.1 --cpu 1 /kmk/databases/metazoa_odb10/hmms/411664at33208a.hmm busco_out/BUSCO_metazoa.fasta/run_metazoa_odb10/augustus_output/extracted_proteins/411664at33208a.faa.1
DEBUG:busco.Toolset	cmd call: /share/apps/python_shared/3.6.5/etc/sepp/bundled-v4.3.10/hmmsearch --domtblout busco_out/BUSCO_metazoa.fasta/run_metazoa_odb10/hmmer_output/412370at33208a.out.1 --cpu 1 /kmk/databases/metazoa_odb10/hmms/412370at33208a.hmm busco_out/BUSCO_metazoa.fasta/run_metazoa_odb10/augustus_output/extracted_proteins/412370at33208a.faa.1
DEBUG:busco.Toolset	cmd call: /share/apps/python_shared/3.6.5/etc/sepp/bundled-v4.3.10/hmmsearch --domtblout busco_out/BUSCO_metazoa.fasta/run_metazoa_odb10/hmmer_output/411755at33208a.out.1 --cpu 1 /kmk/databases/metazoa_odb10/hmms/411755at33208a.hmm busco_out/BUSCO_metazoa.fasta/run_metazoa_odb10/augustus_output/extracted_proteins/411755at33208a.faa.1
DEBUG:busco.Toolset	cmd call: /share/apps/python_shared/3.6.5/etc/sepp/bundled-v4.3.10/hmmsearch --domtblout busco_out/BUSCO_metazoa.fasta/run_metazoa_odb10/hmmer_output/412542at33208a.out.1 --cpu 1 /kmk/databases/metazoa_odb10/hmms/412542at33208a.hmm busco_out/BUSCO_metazoa.fasta/run_metazoa_odb10/augustus_output/extracted_proteins/412542at33208a.faa.1
DEBUG:busco.Toolset	cmd call: /share/apps/python_shared/3.6.5/etc/sepp/bundled-v4.3.10/hmmsearch --domtblout busco_out/BUSCO_metazoa.fasta/run_metazoa_odb10/hmmer_output/413334at33208a.out.1 --cpu 1 /kmk/databases/metazoa_odb10/hmms/413334at33208a.hmm busco_out/BUSCO_metazoa.fasta/run_metazoa_odb10/augustus_output/extracted_proteins/413334at33208a.faa.1
DEBUG:busco.Toolset	cmd call: /share/apps/python_shared/3.6.5/etc/sepp/bundled-v4.3.10/hmmsearch --domtblout busco_out/BUSCO_metazoa.fasta/run_metazoa_odb10/hmmer_output/412930at33208a.out.1 --cpu 1 /kmk/databases/metazoa_odb10/hmms/412930at33208a.hmm busco_out/BUSCO_metazoa.fasta/run_metazoa_odb10/augustus_output/extracted_proteins/412930at33208a.faa.1
DEBUG:busco.Toolset	cmd call: /share/apps/python_shared/3.6.5/etc/sepp/bundled-v4.3.10/hmmsearch --domtblout busco_out/BUSCO_metazoa.fasta/run_metazoa_odb10/hmmer_output/414571at33208a.out.1 --cpu 1 /kmk/databases/metazoa_odb10/hmms/414571at33208a.hmm busco_out/BUSCO_metazoa.fasta/run_metazoa_odb10/augustus_output/extracted_proteins/414571at33208a.faa.1
DEBUG:busco.Toolset	cmd call: /share/apps/python_shared/3.6.5/etc/sepp/bundled-v4.3.10/hmmsearch --domtblout busco_out/BUSCO_metazoa.fasta/run_metazoa_odb10/hmmer_output/414001at33208a.out.1 --cpu 1 /kmk/databases/metazoa_odb10/hmms/414001at33208a.hmm busco_out/BUSCO_metazoa.fasta/run_metazoa_odb10/augustus_output/extracted_proteins/414001at33208a.faa.1
DEBUG:busco.Toolset	cmd call: /share/apps/python_shared/3.6.5/etc/sepp/bundled-v4.3.10/hmmsearch --domtblout busco_out/BUSCO_metazoa.fasta/run_metazoa_odb10/hmmer_output/414579at33208a.out.1 --cpu 1 /kmk/databases/metazoa_odb10/hmms/414579at33208a.hmm busco_out/BUSCO_metazoa.fasta/run_metazoa_odb10/augustus_output/extracted_proteins/414579at33208a.faa.1
DEBUG:busco.Toolset	cmd call: /share/apps/python_shared/3.6.5/etc/sepp/bundled-v4.3.10/hmmsearch --domtblout busco_out/BUSCO_metazoa.fasta/run_metazoa_odb10/hmmer_output/414579at33208a.out.2 --cpu 1 /kmk/databases/metazoa_odb10/hmms/414579at33208a.hmm busco_out/BUSCO_metazoa.fasta/run_metazoa_odb10/augustus_output/extracted_proteins/414579at33208a.faa.2
DEBUG:busco.Toolset	cmd call: /share/apps/python_shared/3.6.5/etc/sepp/bundled-v4.3.10/hmmsearch --domtblout busco_out/BUSCO_metazoa.fasta/run_metazoa_odb10/hmmer_output/414603at33208a.out.1 --cpu 1 /kmk/databases/metazoa_odb10/hmms/414603at33208a.hmm busco_out/BUSCO_metazoa.fasta/run_metazoa_odb10/augustus_output/extracted_proteins/414603at33208a.faa.1
DEBUG:busco.Toolset	cmd call: /share/apps/python_shared/3.6.5/etc/sepp/bundled-v4.3.10/hmmsearch --domtblout busco_out/BUSCO_metazoa.fasta/run_metazoa_odb10/hmmer_output/416175at33208a.out.1 --cpu 1 /kmk/databases/metazoa_odb10/hmms/416175at33208a.hmm busco_out/BUSCO_metazoa.fasta/run_metazoa_odb10/augustus_output/extracted_proteins/416175at33208a.faa.1
DEBUG:busco.Toolset	cmd call: /share/apps/python_shared/3.6.5/etc/sepp/bundled-v4.3.10/hmmsearch --domtblout busco_out/BUSCO_metazoa.fasta/run_metazoa_odb10/hmmer_output/418979at33208a.out.1 --cpu 1 /kmk/databases/metazoa_odb10/hmms/418979at33208a.hmm busco_out/BUSCO_metazoa.fasta/run_metazoa_odb10/augustus_output/extracted_proteins/418979at33208a.faa.1
DEBUG:busco.Toolset	cmd call: /share/apps/python_shared/3.6.5/etc/sepp/bundled-v4.3.10/hmmsearch --domtblout busco_out/BUSCO_metazoa.fasta/run_metazoa_odb10/hmmer_output/419502at33208a.out.1 --cpu 1 /kmk/databases/metazoa_odb10/hmms/419502at33208a.hmm busco_out/BUSCO_metazoa.fasta/run_metazoa_odb10/augustus_output/extracted_proteins/419502at33208a.faa.1
DEBUG:busco.Toolset	cmd call: /share/apps/python_shared/3.6.5/etc/sepp/bundled-v4.3.10/hmmsearch --domtblout busco_out/BUSCO_metazoa.fasta/run_metazoa_odb10/hmmer_output/419914at33208a.out.1 --cpu 1 /kmk/databases/metazoa_odb10/hmms/419914at33208a.hmm busco_out/BUSCO_metazoa.fasta/run_metazoa_odb10/augustus_output/extracted_proteins/419914at33208a.faa.1
DEBUG:busco.Toolset	cmd call: /share/apps/python_shared/3.6.5/etc/sepp/bundled-v4.3.10/hmmsearch --domtblout busco_out/BUSCO_metazoa.fasta/run_metazoa_odb10/hmmer_output/419914at33208a.out.2 --cpu 1 /kmk/databases/metazoa_odb10/hmms/419914at33208a.hmm busco_out/BUSCO_metazoa.fasta/run_metazoa_odb10/augustus_output/extracted_proteins/419914at33208a.faa.2
DEBUG:busco.Toolset	cmd call: /share/apps/python_shared/3.6.5/etc/sepp/bundled-v4.3.10/hmmsearch --domtblout busco_out/BUSCO_metazoa.fasta/run_metazoa_odb10/hmmer_output/419914at33208a.out.3 --cpu 1 /kmk/databases/metazoa_odb10/hmms/419914at33208a.hmm busco_out/BUSCO_metazoa.fasta/run_metazoa_odb10/augustus_output/extracted_proteins/419914at33208a.faa.3
DEBUG:busco.Toolset	cmd call: /share/apps/python_shared/3.6.5/etc/sepp/bundled-v4.3.10/hmmsearch --domtblout busco_out/BUSCO_metazoa.fasta/run_metazoa_odb10/hmmer_output/421396at33208a.out.1 --cpu 1 /kmk/databases/metazoa_odb10/hmms/421396at33208a.hmm busco_out/BUSCO_metazoa.fasta/run_metazoa_odb10/augustus_output/extracted_proteins/421396at33208a.faa.1
DEBUG:busco.Toolset	cmd call: /share/apps/python_shared/3.6.5/etc/sepp/bundled-v4.3.10/hmmsearch --domtblout busco_out/BUSCO_metazoa.fasta/run_metazoa_odb10/hmmer_output/422158at33208a.out.2 --cpu 1 /kmk/databases/metazoa_odb10/hmms/422158at33208a.hmm busco_out/BUSCO_metazoa.fasta/run_metazoa_odb10/augustus_output/extracted_proteins/422158at33208a.faa.2
DEBUG:busco.Toolset	cmd call: /share/apps/python_shared/3.6.5/etc/sepp/bundled-v4.3.10/hmmsearch --domtblout busco_out/BUSCO_metazoa.fasta/run_metazoa_odb10/hmmer_output/423799at33208a.out.1 --cpu 1 /kmk/databases/metazoa_odb10/hmms/423799at33208a.hmm busco_out/BUSCO_metazoa.fasta/run_metazoa_odb10/augustus_output/extracted_proteins/423799at33208a.faa.1
DEBUG:busco.Toolset	cmd call: /share/apps/python_shared/3.6.5/etc/sepp/bundled-v4.3.10/hmmsearch --domtblout busco_out/BUSCO_metazoa.fasta/run_metazoa_odb10/hmmer_output/424392at33208a.out.1 --cpu 1 /kmk/databases/metazoa_odb10/hmms/424392at33208a.hmm busco_out/BUSCO_metazoa.fasta/run_metazoa_odb10/augustus_output/extracted_proteins/424392at33208a.faa.1
DEBUG:busco.Toolset	cmd call: /share/apps/python_shared/3.6.5/etc/sepp/bundled-v4.3.10/hmmsearch --domtblout busco_out/BUSCO_metazoa.fasta/run_metazoa_odb10/hmmer_output/424646at33208a.out.1 --cpu 1 /kmk/databases/metazoa_odb10/hmms/424646at33208a.hmm busco_out/BUSCO_metazoa.fasta/run_metazoa_odb10/augustus_output/extracted_proteins/424646at33208a.faa.1
DEBUG:busco.Toolset	cmd call: /share/apps/python_shared/3.6.5/etc/sepp/bundled-v4.3.10/hmmsearch --domtblout busco_out/BUSCO_metazoa.fasta/run_metazoa_odb10/hmmer_output/427789at33208a.out.1 --cpu 1 /kmk/databases/metazoa_odb10/hmms/427789at33208a.hmm busco_out/BUSCO_metazoa.fasta/run_metazoa_odb10/augustus_output/extracted_proteins/427789at33208a.faa.1
DEBUG:busco.Toolset	cmd call: /share/apps/python_shared/3.6.5/etc/sepp/bundled-v4.3.10/hmmsearch --domtblout busco_out/BUSCO_metazoa.fasta/run_metazoa_odb10/hmmer_output/428754at33208a.out.1 --cpu 1 /kmk/databases/metazoa_odb10/hmms/428754at33208a.hmm busco_out/BUSCO_metazoa.fasta/run_metazoa_odb10/augustus_output/extracted_proteins/428754at33208a.faa.1
DEBUG:busco.Toolset	cmd call: /share/apps/python_shared/3.6.5/etc/sepp/bundled-v4.3.10/hmmsearch --domtblout busco_out/BUSCO_metazoa.fasta/run_metazoa_odb10/hmmer_output/429274at33208a.out.1 --cpu 1 /kmk/databases/metazoa_odb10/hmms/429274at33208a.hmm busco_out/BUSCO_metazoa.fasta/run_metazoa_odb10/augustus_output/extracted_proteins/429274at33208a.faa.1
DEBUG:busco.Toolset	cmd call: /share/apps/python_shared/3.6.5/etc/sepp/bundled-v4.3.10/hmmsearch --domtblout busco_out/BUSCO_metazoa.fasta/run_metazoa_odb10/hmmer_output/430701at33208a.out.1 --cpu 1 /kmk/databases/metazoa_odb10/hmms/430701at33208a.hmm busco_out/BUSCO_metazoa.fasta/run_metazoa_odb10/augustus_output/extracted_proteins/430701at33208a.faa.1
DEBUG:busco.Toolset	cmd call: /share/apps/python_shared/3.6.5/etc/sepp/bundled-v4.3.10/hmmsearch --domtblout busco_out/BUSCO_metazoa.fasta/run_metazoa_odb10/hmmer_output/432155at33208a.out.1 --cpu 1 /kmk/databases/metazoa_odb10/hmms/432155at33208a.hmm busco_out/BUSCO_metazoa.fasta/run_metazoa_odb10/augustus_output/extracted_proteins/432155at33208a.faa.1
DEBUG:busco.Toolset	cmd call: /share/apps/python_shared/3.6.5/etc/sepp/bundled-v4.3.10/hmmsearch --domtblout busco_out/BUSCO_metazoa.fasta/run_metazoa_odb10/hmmer_output/432522at33208a.out.1 --cpu 1 /kmk/databases/metazoa_odb10/hmms/432522at33208a.hmm busco_out/BUSCO_metazoa.fasta/run_metazoa_odb10/augustus_output/extracted_proteins/432522at33208a.faa.1
DEBUG:busco.Toolset	cmd call: /share/apps/python_shared/3.6.5/etc/sepp/bundled-v4.3.10/hmmsearch --domtblout busco_out/BUSCO_metazoa.fasta/run_metazoa_odb10/hmmer_output/433216at33208a.out.2 --cpu 1 /kmk/databases/metazoa_odb10/hmms/433216at33208a.hmm busco_out/BUSCO_metazoa.fasta/run_metazoa_odb10/augustus_output/extracted_proteins/433216at33208a.faa.2
DEBUG:busco.Toolset	cmd call: /share/apps/python_shared/3.6.5/etc/sepp/bundled-v4.3.10/hmmsearch --domtblout busco_out/BUSCO_metazoa.fasta/run_metazoa_odb10/hmmer_output/434863at33208a.out.1 --cpu 1 /kmk/databases/metazoa_odb10/hmms/434863at33208a.hmm busco_out/BUSCO_metazoa.fasta/run_metazoa_odb10/augustus_output/extracted_proteins/434863at33208a.faa.1
DEBUG:busco.Toolset	cmd call: /share/apps/python_shared/3.6.5/etc/sepp/bundled-v4.3.10/hmmsearch --domtblout busco_out/BUSCO_metazoa.fasta/run_metazoa_odb10/hmmer_output/435678at33208a.out.1 --cpu 1 /kmk/databases/metazoa_odb10/hmms/435678at33208a.hmm busco_out/BUSCO_metazoa.fasta/run_metazoa_odb10/augustus_output/extracted_proteins/435678at33208a.faa.1
DEBUG:busco.Toolset	cmd call: /share/apps/python_shared/3.6.5/etc/sepp/bundled-v4.3.10/hmmsearch --domtblout busco_out/BUSCO_metazoa.fasta/run_metazoa_odb10/hmmer_output/435939at33208a.out.1 --cpu 1 /kmk/databases/metazoa_odb10/hmms/435939at33208a.hmm busco_out/BUSCO_metazoa.fasta/run_metazoa_odb10/augustus_output/extracted_proteins/435939at33208a.faa.1
DEBUG:busco.Toolset	cmd call: /share/apps/python_shared/3.6.5/etc/sepp/bundled-v4.3.10/hmmsearch --domtblout busco_out/BUSCO_metazoa.fasta/run_metazoa_odb10/hmmer_output/436007at33208a.out.1 --cpu 1 /kmk/databases/metazoa_odb10/hmms/436007at33208a.hmm busco_out/BUSCO_metazoa.fasta/run_metazoa_odb10/augustus_output/extracted_proteins/436007at33208a.faa.1
DEBUG:busco.Toolset	cmd call: /share/apps/python_shared/3.6.5/etc/sepp/bundled-v4.3.10/hmmsearch --domtblout busco_out/BUSCO_metazoa.fasta/run_metazoa_odb10/hmmer_output/422158at33208a.out.1 --cpu 1 /kmk/databases/metazoa_odb10/hmms/422158at33208a.hmm busco_out/BUSCO_metazoa.fasta/run_metazoa_odb10/augustus_output/extracted_proteins/422158at33208a.faa.1
DEBUG:busco.Toolset	cmd call: /share/apps/python_shared/3.6.5/etc/sepp/bundled-v4.3.10/hmmsearch --domtblout busco_out/BUSCO_metazoa.fasta/run_metazoa_odb10/hmmer_output/422751at33208a.out.1 --cpu 1 /kmk/databases/metazoa_odb10/hmms/422751at33208a.hmm busco_out/BUSCO_metazoa.fasta/run_metazoa_odb10/augustus_output/extracted_proteins/422751at33208a.faa.1
DEBUG:busco.Toolset	cmd call: /share/apps/python_shared/3.6.5/etc/sepp/bundled-v4.3.10/hmmsearch --domtblout busco_out/BUSCO_metazoa.fasta/run_metazoa_odb10/hmmer_output/423848at33208a.out.1 --cpu 1 /kmk/databases/metazoa_odb10/hmms/423848at33208a.hmm busco_out/BUSCO_metazoa.fasta/run_metazoa_odb10/augustus_output/extracted_proteins/423848at33208a.faa.1
DEBUG:busco.Toolset	cmd call: /share/apps/python_shared/3.6.5/etc/sepp/bundled-v4.3.10/hmmsearch --domtblout busco_out/BUSCO_metazoa.fasta/run_metazoa_odb10/hmmer_output/424569at33208a.out.1 --cpu 1 /kmk/databases/metazoa_odb10/hmms/424569at33208a.hmm busco_out/BUSCO_metazoa.fasta/run_metazoa_odb10/augustus_output/extracted_proteins/424569at33208a.faa.1
DEBUG:busco.Toolset	cmd call: /share/apps/python_shared/3.6.5/etc/sepp/bundled-v4.3.10/hmmsearch --domtblout busco_out/BUSCO_metazoa.fasta/run_metazoa_odb10/hmmer_output/427349at33208a.out.1 --cpu 1 /kmk/databases/metazoa_odb10/hmms/427349at33208a.hmm busco_out/BUSCO_metazoa.fasta/run_metazoa_odb10/augustus_output/extracted_proteins/427349at33208a.faa.1
DEBUG:busco.Toolset	cmd call: /share/apps/python_shared/3.6.5/etc/sepp/bundled-v4.3.10/hmmsearch --domtblout busco_out/BUSCO_metazoa.fasta/run_metazoa_odb10/hmmer_output/428202at33208a.out.1 --cpu 1 /kmk/databases/metazoa_odb10/hmms/428202at33208a.hmm busco_out/BUSCO_metazoa.fasta/run_metazoa_odb10/augustus_output/extracted_proteins/428202at33208a.faa.1
DEBUG:busco.Toolset	cmd call: /share/apps/python_shared/3.6.5/etc/sepp/bundled-v4.3.10/hmmsearch --domtblout busco_out/BUSCO_metazoa.fasta/run_metazoa_odb10/hmmer_output/429011at33208a.out.1 --cpu 1 /kmk/databases/metazoa_odb10/hmms/429011at33208a.hmm busco_out/BUSCO_metazoa.fasta/run_metazoa_odb10/augustus_output/extracted_proteins/429011at33208a.faa.1
DEBUG:busco.Toolset	cmd call: /share/apps/python_shared/3.6.5/etc/sepp/bundled-v4.3.10/hmmsearch --domtblout busco_out/BUSCO_metazoa.fasta/run_metazoa_odb10/hmmer_output/429751at33208a.out.1 --cpu 1 /kmk/databases/metazoa_odb10/hmms/429751at33208a.hmm busco_out/BUSCO_metazoa.fasta/run_metazoa_odb10/augustus_output/extracted_proteins/429751at33208a.faa.1
DEBUG:busco.Toolset	cmd call: /share/apps/python_shared/3.6.5/etc/sepp/bundled-v4.3.10/hmmsearch --domtblout busco_out/BUSCO_metazoa.fasta/run_metazoa_odb10/hmmer_output/432050at33208a.out.1 --cpu 1 /kmk/databases/metazoa_odb10/hmms/432050at33208a.hmm busco_out/BUSCO_metazoa.fasta/run_metazoa_odb10/augustus_output/extracted_proteins/432050at33208a.faa.1
DEBUG:busco.Toolset	cmd call: /share/apps/python_shared/3.6.5/etc/sepp/bundled-v4.3.10/hmmsearch --domtblout busco_out/BUSCO_metazoa.fasta/run_metazoa_odb10/hmmer_output/432287at33208a.out.1 --cpu 1 /kmk/databases/metazoa_odb10/hmms/432287at33208a.hmm busco_out/BUSCO_metazoa.fasta/run_metazoa_odb10/augustus_output/extracted_proteins/432287at33208a.faa.1
DEBUG:busco.Toolset	cmd call: /share/apps/python_shared/3.6.5/etc/sepp/bundled-v4.3.10/hmmsearch --domtblout busco_out/BUSCO_metazoa.fasta/run_metazoa_odb10/hmmer_output/433216at33208a.out.1 --cpu 1 /kmk/databases/metazoa_odb10/hmms/433216at33208a.hmm busco_out/BUSCO_metazoa.fasta/run_metazoa_odb10/augustus_output/extracted_proteins/433216at33208a.faa.1
DEBUG:busco.Toolset	cmd call: /share/apps/python_shared/3.6.5/etc/sepp/bundled-v4.3.10/hmmsearch --domtblout busco_out/BUSCO_metazoa.fasta/run_metazoa_odb10/hmmer_output/434068at33208a.out.1 --cpu 1 /kmk/databases/metazoa_odb10/hmms/434068at33208a.hmm busco_out/BUSCO_metazoa.fasta/run_metazoa_odb10/augustus_output/extracted_proteins/434068at33208a.faa.1
DEBUG:busco.Toolset	cmd call: /share/apps/python_shared/3.6.5/etc/sepp/bundled-v4.3.10/hmmsearch --domtblout busco_out/BUSCO_metazoa.fasta/run_metazoa_odb10/hmmer_output/435253at33208a.out.1 --cpu 1 /kmk/databases/metazoa_odb10/hmms/435253at33208a.hmm busco_out/BUSCO_metazoa.fasta/run_metazoa_odb10/augustus_output/extracted_proteins/435253at33208a.faa.1
DEBUG:busco.Toolset	cmd call: /share/apps/python_shared/3.6.5/etc/sepp/bundled-v4.3.10/hmmsearch --domtblout busco_out/BUSCO_metazoa.fasta/run_metazoa_odb10/hmmer_output/435921at33208a.out.1 --cpu 1 /kmk/databases/metazoa_odb10/hmms/435921at33208a.hmm busco_out/BUSCO_metazoa.fasta/run_metazoa_odb10/augustus_output/extracted_proteins/435921at33208a.faa.1
DEBUG:busco.Toolset	cmd call: /share/apps/python_shared/3.6.5/etc/sepp/bundled-v4.3.10/hmmsearch --domtblout busco_out/BUSCO_metazoa.fasta/run_metazoa_odb10/hmmer_output/435939at33208a.out.2 --cpu 1 /kmk/databases/metazoa_odb10/hmms/435939at33208a.hmm busco_out/BUSCO_metazoa.fasta/run_metazoa_odb10/augustus_output/extracted_proteins/435939at33208a.faa.2
DEBUG:busco.Toolset	cmd call: /share/apps/python_shared/3.6.5/etc/sepp/bundled-v4.3.10/hmmsearch --domtblout busco_out/BUSCO_metazoa.fasta/run_metazoa_odb10/hmmer_output/436098at33208a.out.1 --cpu 1 /kmk/databases/metazoa_odb10/hmms/436098at33208a.hmm busco_out/BUSCO_metazoa.fasta/run_metazoa_odb10/augustus_output/extracted_proteins/436098at33208a.faa.1
INFO:busco.Toolset	[hmmsearch]	367 of 917 task(s) completed
DEBUG:busco.Toolset	cmd call: /share/apps/python_shared/3.6.5/etc/sepp/bundled-v4.3.10/hmmsearch --domtblout busco_out/BUSCO_metazoa.fasta/run_metazoa_odb10/hmmer_output/436539at33208a.out.1 --cpu 1 /kmk/databases/metazoa_odb10/hmms/436539at33208a.hmm busco_out/BUSCO_metazoa.fasta/run_metazoa_odb10/augustus_output/extracted_proteins/436539at33208a.faa.1
DEBUG:busco.Toolset	cmd call: /share/apps/python_shared/3.6.5/etc/sepp/bundled-v4.3.10/hmmsearch --domtblout busco_out/BUSCO_metazoa.fasta/run_metazoa_odb10/hmmer_output/437653at33208a.out.1 --cpu 1 /kmk/databases/metazoa_odb10/hmms/437653at33208a.hmm busco_out/BUSCO_metazoa.fasta/run_metazoa_odb10/augustus_output/extracted_proteins/437653at33208a.faa.1
DEBUG:busco.Toolset	cmd call: /share/apps/python_shared/3.6.5/etc/sepp/bundled-v4.3.10/hmmsearch --domtblout busco_out/BUSCO_metazoa.fasta/run_metazoa_odb10/hmmer_output/438133at33208a.out.1 --cpu 1 /kmk/databases/metazoa_odb10/hmms/438133at33208a.hmm busco_out/BUSCO_metazoa.fasta/run_metazoa_odb10/augustus_output/extracted_proteins/438133at33208a.faa.1
DEBUG:busco.Toolset	cmd call: /share/apps/python_shared/3.6.5/etc/sepp/bundled-v4.3.10/hmmsearch --domtblout busco_out/BUSCO_metazoa.fasta/run_metazoa_odb10/hmmer_output/438433at33208a.out.1 --cpu 1 /kmk/databases/metazoa_odb10/hmms/438433at33208a.hmm busco_out/BUSCO_metazoa.fasta/run_metazoa_odb10/augustus_output/extracted_proteins/438433at33208a.faa.1
DEBUG:busco.Toolset	cmd call: /share/apps/python_shared/3.6.5/etc/sepp/bundled-v4.3.10/hmmsearch --domtblout busco_out/BUSCO_metazoa.fasta/run_metazoa_odb10/hmmer_output/438453at33208a.out.1 --cpu 1 /kmk/databases/metazoa_odb10/hmms/438453at33208a.hmm busco_out/BUSCO_metazoa.fasta/run_metazoa_odb10/augustus_output/extracted_proteins/438453at33208a.faa.1
DEBUG:busco.Toolset	cmd call: /share/apps/python_shared/3.6.5/etc/sepp/bundled-v4.3.10/hmmsearch --domtblout busco_out/BUSCO_metazoa.fasta/run_metazoa_odb10/hmmer_output/439736at33208a.out.1 --cpu 1 /kmk/databases/metazoa_odb10/hmms/439736at33208a.hmm busco_out/BUSCO_metazoa.fasta/run_metazoa_odb10/augustus_output/extracted_proteins/439736at33208a.faa.1
DEBUG:busco.Toolset	cmd call: /share/apps/python_shared/3.6.5/etc/sepp/bundled-v4.3.10/hmmsearch --domtblout busco_out/BUSCO_metazoa.fasta/run_metazoa_odb10/hmmer_output/439736at33208a.out.2 --cpu 1 /kmk/databases/metazoa_odb10/hmms/439736at33208a.hmm busco_out/BUSCO_metazoa.fasta/run_metazoa_odb10/augustus_output/extracted_proteins/439736at33208a.faa.2
DEBUG:busco.Toolset	cmd call: /share/apps/python_shared/3.6.5/etc/sepp/bundled-v4.3.10/hmmsearch --domtblout busco_out/BUSCO_metazoa.fasta/run_metazoa_odb10/hmmer_output/440195at33208a.out.1 --cpu 1 /kmk/databases/metazoa_odb10/hmms/440195at33208a.hmm busco_out/BUSCO_metazoa.fasta/run_metazoa_odb10/augustus_output/extracted_proteins/440195at33208a.faa.1
DEBUG:busco.Toolset	cmd call: /share/apps/python_shared/3.6.5/etc/sepp/bundled-v4.3.10/hmmsearch --domtblout busco_out/BUSCO_metazoa.fasta/run_metazoa_odb10/hmmer_output/440493at33208a.out.1 --cpu 1 /kmk/databases/metazoa_odb10/hmms/440493at33208a.hmm busco_out/BUSCO_metazoa.fasta/run_metazoa_odb10/augustus_output/extracted_proteins/440493at33208a.faa.1
DEBUG:busco.Toolset	cmd call: /share/apps/python_shared/3.6.5/etc/sepp/bundled-v4.3.10/hmmsearch --domtblout busco_out/BUSCO_metazoa.fasta/run_metazoa_odb10/hmmer_output/441575at33208a.out.1 --cpu 1 /kmk/databases/metazoa_odb10/hmms/441575at33208a.hmm busco_out/BUSCO_metazoa.fasta/run_metazoa_odb10/augustus_output/extracted_proteins/441575at33208a.faa.1
DEBUG:busco.Toolset	cmd call: /share/apps/python_shared/3.6.5/etc/sepp/bundled-v4.3.10/hmmsearch --domtblout busco_out/BUSCO_metazoa.fasta/run_metazoa_odb10/hmmer_output/442169at33208a.out.1 --cpu 1 /kmk/databases/metazoa_odb10/hmms/442169at33208a.hmm busco_out/BUSCO_metazoa.fasta/run_metazoa_odb10/augustus_output/extracted_proteins/442169at33208a.faa.1
DEBUG:busco.Toolset	cmd call: /share/apps/python_shared/3.6.5/etc/sepp/bundled-v4.3.10/hmmsearch --domtblout busco_out/BUSCO_metazoa.fasta/run_metazoa_odb10/hmmer_output/442203at33208a.out.1 --cpu 1 /kmk/databases/metazoa_odb10/hmms/442203at33208a.hmm busco_out/BUSCO_metazoa.fasta/run_metazoa_odb10/augustus_output/extracted_proteins/442203at33208a.faa.1
DEBUG:busco.Toolset	cmd call: /share/apps/python_shared/3.6.5/etc/sepp/bundled-v4.3.10/hmmsearch --domtblout busco_out/BUSCO_metazoa.fasta/run_metazoa_odb10/hmmer_output/442823at33208a.out.1 --cpu 1 /kmk/databases/metazoa_odb10/hmms/442823at33208a.hmm busco_out/BUSCO_metazoa.fasta/run_metazoa_odb10/augustus_output/extracted_proteins/442823at33208a.faa.1
DEBUG:busco.Toolset	cmd call: /share/apps/python_shared/3.6.5/etc/sepp/bundled-v4.3.10/hmmsearch --domtblout busco_out/BUSCO_metazoa.fasta/run_metazoa_odb10/hmmer_output/443305at33208a.out.1 --cpu 1 /kmk/databases/metazoa_odb10/hmms/443305at33208a.hmm busco_out/BUSCO_metazoa.fasta/run_metazoa_odb10/augustus_output/extracted_proteins/443305at33208a.faa.1
DEBUG:busco.Toolset	cmd call: /share/apps/python_shared/3.6.5/etc/sepp/bundled-v4.3.10/hmmsearch --domtblout busco_out/BUSCO_metazoa.fasta/run_metazoa_odb10/hmmer_output/443518at33208a.out.1 --cpu 1 /kmk/databases/metazoa_odb10/hmms/443518at33208a.hmm busco_out/BUSCO_metazoa.fasta/run_metazoa_odb10/augustus_output/extracted_proteins/443518at33208a.faa.1
DEBUG:busco.Toolset	cmd call: /share/apps/python_shared/3.6.5/etc/sepp/bundled-v4.3.10/hmmsearch --domtblout busco_out/BUSCO_metazoa.fasta/run_metazoa_odb10/hmmer_output/443928at33208a.out.1 --cpu 1 /kmk/databases/metazoa_odb10/hmms/443928at33208a.hmm busco_out/BUSCO_metazoa.fasta/run_metazoa_odb10/augustus_output/extracted_proteins/443928at33208a.faa.1
DEBUG:busco.Toolset	cmd call: /share/apps/python_shared/3.6.5/etc/sepp/bundled-v4.3.10/hmmsearch --domtblout busco_out/BUSCO_metazoa.fasta/run_metazoa_odb10/hmmer_output/444160at33208a.out.1 --cpu 1 /kmk/databases/metazoa_odb10/hmms/444160at33208a.hmm busco_out/BUSCO_metazoa.fasta/run_metazoa_odb10/augustus_output/extracted_proteins/444160at33208a.faa.1
DEBUG:busco.Toolset	cmd call: /share/apps/python_shared/3.6.5/etc/sepp/bundled-v4.3.10/hmmsearch --domtblout busco_out/BUSCO_metazoa.fasta/run_metazoa_odb10/hmmer_output/444231at33208a.out.1 --cpu 1 /kmk/databases/metazoa_odb10/hmms/444231at33208a.hmm busco_out/BUSCO_metazoa.fasta/run_metazoa_odb10/augustus_output/extracted_proteins/444231at33208a.faa.1
DEBUG:busco.Toolset	cmd call: /share/apps/python_shared/3.6.5/etc/sepp/bundled-v4.3.10/hmmsearch --domtblout busco_out/BUSCO_metazoa.fasta/run_metazoa_odb10/hmmer_output/445031at33208a.out.1 --cpu 1 /kmk/databases/metazoa_odb10/hmms/445031at33208a.hmm busco_out/BUSCO_metazoa.fasta/run_metazoa_odb10/augustus_output/extracted_proteins/445031at33208a.faa.1
DEBUG:busco.Toolset	cmd call: /share/apps/python_shared/3.6.5/etc/sepp/bundled-v4.3.10/hmmsearch --domtblout busco_out/BUSCO_metazoa.fasta/run_metazoa_odb10/hmmer_output/445034at33208a.out.1 --cpu 1 /kmk/databases/metazoa_odb10/hmms/445034at33208a.hmm busco_out/BUSCO_metazoa.fasta/run_metazoa_odb10/augustus_output/extracted_proteins/445034at33208a.faa.1
DEBUG:busco.Toolset	cmd call: /share/apps/python_shared/3.6.5/etc/sepp/bundled-v4.3.10/hmmsearch --domtblout busco_out/BUSCO_metazoa.fasta/run_metazoa_odb10/hmmer_output/445091at33208a.out.1 --cpu 1 /kmk/databases/metazoa_odb10/hmms/445091at33208a.hmm busco_out/BUSCO_metazoa.fasta/run_metazoa_odb10/augustus_output/extracted_proteins/445091at33208a.faa.1
DEBUG:busco.Toolset	cmd call: /share/apps/python_shared/3.6.5/etc/sepp/bundled-v4.3.10/hmmsearch --domtblout busco_out/BUSCO_metazoa.fasta/run_metazoa_odb10/hmmer_output/446000at33208a.out.1 --cpu 1 /kmk/databases/metazoa_odb10/hmms/446000at33208a.hmm busco_out/BUSCO_metazoa.fasta/run_metazoa_odb10/augustus_output/extracted_proteins/446000at33208a.faa.1
DEBUG:busco.Toolset	cmd call: /share/apps/python_shared/3.6.5/etc/sepp/bundled-v4.3.10/hmmsearch --domtblout busco_out/BUSCO_metazoa.fasta/run_metazoa_odb10/hmmer_output/446031at33208a.out.1 --cpu 1 /kmk/databases/metazoa_odb10/hmms/446031at33208a.hmm busco_out/BUSCO_metazoa.fasta/run_metazoa_odb10/augustus_output/extracted_proteins/446031at33208a.faa.1
DEBUG:busco.Toolset	cmd call: /share/apps/python_shared/3.6.5/etc/sepp/bundled-v4.3.10/hmmsearch --domtblout busco_out/BUSCO_metazoa.fasta/run_metazoa_odb10/hmmer_output/447400at33208a.out.1 --cpu 1 /kmk/databases/metazoa_odb10/hmms/447400at33208a.hmm busco_out/BUSCO_metazoa.fasta/run_metazoa_odb10/augustus_output/extracted_proteins/447400at33208a.faa.1
DEBUG:busco.Toolset	cmd call: /share/apps/python_shared/3.6.5/etc/sepp/bundled-v4.3.10/hmmsearch --domtblout busco_out/BUSCO_metazoa.fasta/run_metazoa_odb10/hmmer_output/448196at33208a.out.1 --cpu 1 /kmk/databases/metazoa_odb10/hmms/448196at33208a.hmm busco_out/BUSCO_metazoa.fasta/run_metazoa_odb10/augustus_output/extracted_proteins/448196at33208a.faa.1
DEBUG:busco.Toolset	cmd call: /share/apps/python_shared/3.6.5/etc/sepp/bundled-v4.3.10/hmmsearch --domtblout busco_out/BUSCO_metazoa.fasta/run_metazoa_odb10/hmmer_output/448514at33208a.out.1 --cpu 1 /kmk/databases/metazoa_odb10/hmms/448514at33208a.hmm busco_out/BUSCO_metazoa.fasta/run_metazoa_odb10/augustus_output/extracted_proteins/448514at33208a.faa.1
DEBUG:busco.Toolset	cmd call: /share/apps/python_shared/3.6.5/etc/sepp/bundled-v4.3.10/hmmsearch --domtblout busco_out/BUSCO_metazoa.fasta/run_metazoa_odb10/hmmer_output/449056at33208a.out.1 --cpu 1 /kmk/databases/metazoa_odb10/hmms/449056at33208a.hmm busco_out/BUSCO_metazoa.fasta/run_metazoa_odb10/augustus_output/extracted_proteins/449056at33208a.faa.1
DEBUG:busco.Toolset	cmd call: /share/apps/python_shared/3.6.5/etc/sepp/bundled-v4.3.10/hmmsearch --domtblout busco_out/BUSCO_metazoa.fasta/run_metazoa_odb10/hmmer_output/449139at33208a.out.1 --cpu 1 /kmk/databases/metazoa_odb10/hmms/449139at33208a.hmm busco_out/BUSCO_metazoa.fasta/run_metazoa_odb10/augustus_output/extracted_proteins/449139at33208a.faa.1
DEBUG:busco.Toolset	cmd call: /share/apps/python_shared/3.6.5/etc/sepp/bundled-v4.3.10/hmmsearch --domtblout busco_out/BUSCO_metazoa.fasta/run_metazoa_odb10/hmmer_output/449189at33208a.out.1 --cpu 1 /kmk/databases/metazoa_odb10/hmms/449189at33208a.hmm busco_out/BUSCO_metazoa.fasta/run_metazoa_odb10/augustus_output/extracted_proteins/449189at33208a.faa.1
DEBUG:busco.Toolset	cmd call: /share/apps/python_shared/3.6.5/etc/sepp/bundled-v4.3.10/hmmsearch --domtblout busco_out/BUSCO_metazoa.fasta/run_metazoa_odb10/hmmer_output/450643at33208a.out.1 --cpu 1 /kmk/databases/metazoa_odb10/hmms/450643at33208a.hmm busco_out/BUSCO_metazoa.fasta/run_metazoa_odb10/augustus_output/extracted_proteins/450643at33208a.faa.1
DEBUG:busco.Toolset	cmd call: /share/apps/python_shared/3.6.5/etc/sepp/bundled-v4.3.10/hmmsearch --domtblout busco_out/BUSCO_metazoa.fasta/run_metazoa_odb10/hmmer_output/450785at33208a.out.1 --cpu 1 /kmk/databases/metazoa_odb10/hmms/450785at33208a.hmm busco_out/BUSCO_metazoa.fasta/run_metazoa_odb10/augustus_output/extracted_proteins/450785at33208a.faa.1
DEBUG:busco.Toolset	cmd call: /share/apps/python_shared/3.6.5/etc/sepp/bundled-v4.3.10/hmmsearch --domtblout busco_out/BUSCO_metazoa.fasta/run_metazoa_odb10/hmmer_output/451242at33208a.out.1 --cpu 1 /kmk/databases/metazoa_odb10/hmms/451242at33208a.hmm busco_out/BUSCO_metazoa.fasta/run_metazoa_odb10/augustus_output/extracted_proteins/451242at33208a.faa.1
DEBUG:busco.Toolset	cmd call: /share/apps/python_shared/3.6.5/etc/sepp/bundled-v4.3.10/hmmsearch --domtblout busco_out/BUSCO_metazoa.fasta/run_metazoa_odb10/hmmer_output/451957at33208a.out.1 --cpu 1 /kmk/databases/metazoa_odb10/hmms/451957at33208a.hmm busco_out/BUSCO_metazoa.fasta/run_metazoa_odb10/augustus_output/extracted_proteins/451957at33208a.faa.1
DEBUG:busco.Toolset	cmd call: /share/apps/python_shared/3.6.5/etc/sepp/bundled-v4.3.10/hmmsearch --domtblout busco_out/BUSCO_metazoa.fasta/run_metazoa_odb10/hmmer_output/452208at33208a.out.1 --cpu 1 /kmk/databases/metazoa_odb10/hmms/452208at33208a.hmm busco_out/BUSCO_metazoa.fasta/run_metazoa_odb10/augustus_output/extracted_proteins/452208at33208a.faa.1
DEBUG:busco.Toolset	cmd call: /share/apps/python_shared/3.6.5/etc/sepp/bundled-v4.3.10/hmmsearch --domtblout busco_out/BUSCO_metazoa.fasta/run_metazoa_odb10/hmmer_output/452574at33208a.out.1 --cpu 1 /kmk/databases/metazoa_odb10/hmms/452574at33208a.hmm busco_out/BUSCO_metazoa.fasta/run_metazoa_odb10/augustus_output/extracted_proteins/452574at33208a.faa.1
DEBUG:busco.Toolset	cmd call: /share/apps/python_shared/3.6.5/etc/sepp/bundled-v4.3.10/hmmsearch --domtblout busco_out/BUSCO_metazoa.fasta/run_metazoa_odb10/hmmer_output/452499at33208a.out.1 --cpu 1 /kmk/databases/metazoa_odb10/hmms/452499at33208a.hmm busco_out/BUSCO_metazoa.fasta/run_metazoa_odb10/augustus_output/extracted_proteins/452499at33208a.faa.1
DEBUG:busco.Toolset	cmd call: /share/apps/python_shared/3.6.5/etc/sepp/bundled-v4.3.10/hmmsearch --domtblout busco_out/BUSCO_metazoa.fasta/run_metazoa_odb10/hmmer_output/453049at33208a.out.1 --cpu 1 /kmk/databases/metazoa_odb10/hmms/453049at33208a.hmm busco_out/BUSCO_metazoa.fasta/run_metazoa_odb10/augustus_output/extracted_proteins/453049at33208a.faa.1
DEBUG:busco.Toolset	cmd call: /share/apps/python_shared/3.6.5/etc/sepp/bundled-v4.3.10/hmmsearch --domtblout busco_out/BUSCO_metazoa.fasta/run_metazoa_odb10/hmmer_output/453052at33208a.out.1 --cpu 1 /kmk/databases/metazoa_odb10/hmms/453052at33208a.hmm busco_out/BUSCO_metazoa.fasta/run_metazoa_odb10/augustus_output/extracted_proteins/453052at33208a.faa.1
DEBUG:busco.Toolset	cmd call: /share/apps/python_shared/3.6.5/etc/sepp/bundled-v4.3.10/hmmsearch --domtblout busco_out/BUSCO_metazoa.fasta/run_metazoa_odb10/hmmer_output/453056at33208a.out.1 --cpu 1 /kmk/databases/metazoa_odb10/hmms/453056at33208a.hmm busco_out/BUSCO_metazoa.fasta/run_metazoa_odb10/augustus_output/extracted_proteins/453056at33208a.faa.1
DEBUG:busco.Toolset	cmd call: /share/apps/python_shared/3.6.5/etc/sepp/bundled-v4.3.10/hmmsearch --domtblout busco_out/BUSCO_metazoa.fasta/run_metazoa_odb10/hmmer_output/453687at33208a.out.1 --cpu 1 /kmk/databases/metazoa_odb10/hmms/453687at33208a.hmm busco_out/BUSCO_metazoa.fasta/run_metazoa_odb10/augustus_output/extracted_proteins/453687at33208a.faa.1
DEBUG:busco.Toolset	cmd call: /share/apps/python_shared/3.6.5/etc/sepp/bundled-v4.3.10/hmmsearch --domtblout busco_out/BUSCO_metazoa.fasta/run_metazoa_odb10/hmmer_output/454911at33208a.out.1 --cpu 1 /kmk/databases/metazoa_odb10/hmms/454911at33208a.hmm busco_out/BUSCO_metazoa.fasta/run_metazoa_odb10/augustus_output/extracted_proteins/454911at33208a.faa.1
DEBUG:busco.Toolset	cmd call: /share/apps/python_shared/3.6.5/etc/sepp/bundled-v4.3.10/hmmsearch --domtblout busco_out/BUSCO_metazoa.fasta/run_metazoa_odb10/hmmer_output/455512at33208a.out.1 --cpu 1 /kmk/databases/metazoa_odb10/hmms/455512at33208a.hmm busco_out/BUSCO_metazoa.fasta/run_metazoa_odb10/augustus_output/extracted_proteins/455512at33208a.faa.1
DEBUG:busco.Toolset	cmd call: /share/apps/python_shared/3.6.5/etc/sepp/bundled-v4.3.10/hmmsearch --domtblout busco_out/BUSCO_metazoa.fasta/run_metazoa_odb10/hmmer_output/455941at33208a.out.1 --cpu 1 /kmk/databases/metazoa_odb10/hmms/455941at33208a.hmm busco_out/BUSCO_metazoa.fasta/run_metazoa_odb10/augustus_output/extracted_proteins/455941at33208a.faa.1
DEBUG:busco.Toolset	cmd call: /share/apps/python_shared/3.6.5/etc/sepp/bundled-v4.3.10/hmmsearch --domtblout busco_out/BUSCO_metazoa.fasta/run_metazoa_odb10/hmmer_output/456998at33208a.out.1 --cpu 1 /kmk/databases/metazoa_odb10/hmms/456998at33208a.hmm busco_out/BUSCO_metazoa.fasta/run_metazoa_odb10/augustus_output/extracted_proteins/456998at33208a.faa.1
DEBUG:busco.Toolset	cmd call: /share/apps/python_shared/3.6.5/etc/sepp/bundled-v4.3.10/hmmsearch --domtblout busco_out/BUSCO_metazoa.fasta/run_metazoa_odb10/hmmer_output/457777at33208a.out.1 --cpu 1 /kmk/databases/metazoa_odb10/hmms/457777at33208a.hmm busco_out/BUSCO_metazoa.fasta/run_metazoa_odb10/augustus_output/extracted_proteins/457777at33208a.faa.1
DEBUG:busco.Toolset	cmd call: /share/apps/python_shared/3.6.5/etc/sepp/bundled-v4.3.10/hmmsearch --domtblout busco_out/BUSCO_metazoa.fasta/run_metazoa_odb10/hmmer_output/458807at33208a.out.1 --cpu 1 /kmk/databases/metazoa_odb10/hmms/458807at33208a.hmm busco_out/BUSCO_metazoa.fasta/run_metazoa_odb10/augustus_output/extracted_proteins/458807at33208a.faa.1
DEBUG:busco.Toolset	cmd call: /share/apps/python_shared/3.6.5/etc/sepp/bundled-v4.3.10/hmmsearch --domtblout busco_out/BUSCO_metazoa.fasta/run_metazoa_odb10/hmmer_output/458974at33208a.out.1 --cpu 1 /kmk/databases/metazoa_odb10/hmms/458974at33208a.hmm busco_out/BUSCO_metazoa.fasta/run_metazoa_odb10/augustus_output/extracted_proteins/458974at33208a.faa.1
DEBUG:busco.Toolset	cmd call: /share/apps/python_shared/3.6.5/etc/sepp/bundled-v4.3.10/hmmsearch --domtblout busco_out/BUSCO_metazoa.fasta/run_metazoa_odb10/hmmer_output/459253at33208a.out.1 --cpu 1 /kmk/databases/metazoa_odb10/hmms/459253at33208a.hmm busco_out/BUSCO_metazoa.fasta/run_metazoa_odb10/augustus_output/extracted_proteins/459253at33208a.faa.1
DEBUG:busco.Toolset	cmd call: /share/apps/python_shared/3.6.5/etc/sepp/bundled-v4.3.10/hmmsearch --domtblout busco_out/BUSCO_metazoa.fasta/run_metazoa_odb10/hmmer_output/45934at33208a.out.1 --cpu 1 /kmk/databases/metazoa_odb10/hmms/45934at33208a.hmm busco_out/BUSCO_metazoa.fasta/run_metazoa_odb10/augustus_output/extracted_proteins/45934at33208a.faa.1
DEBUG:busco.Toolset	cmd call: /share/apps/python_shared/3.6.5/etc/sepp/bundled-v4.3.10/hmmsearch --domtblout busco_out/BUSCO_metazoa.fasta/run_metazoa_odb10/hmmer_output/460044at33208a.out.1 --cpu 1 /kmk/databases/metazoa_odb10/hmms/460044at33208a.hmm busco_out/BUSCO_metazoa.fasta/run_metazoa_odb10/augustus_output/extracted_proteins/460044at33208a.faa.1
DEBUG:busco.Toolset	cmd call: /share/apps/python_shared/3.6.5/etc/sepp/bundled-v4.3.10/hmmsearch --domtblout busco_out/BUSCO_metazoa.fasta/run_metazoa_odb10/hmmer_output/460518at33208a.out.1 --cpu 1 /kmk/databases/metazoa_odb10/hmms/460518at33208a.hmm busco_out/BUSCO_metazoa.fasta/run_metazoa_odb10/augustus_output/extracted_proteins/460518at33208a.faa.1
DEBUG:busco.Toolset	cmd call: /share/apps/python_shared/3.6.5/etc/sepp/bundled-v4.3.10/hmmsearch --domtblout busco_out/BUSCO_metazoa.fasta/run_metazoa_odb10/hmmer_output/461123at33208a.out.1 --cpu 1 /kmk/databases/metazoa_odb10/hmms/461123at33208a.hmm busco_out/BUSCO_metazoa.fasta/run_metazoa_odb10/augustus_output/extracted_proteins/461123at33208a.faa.1
DEBUG:busco.Toolset	cmd call: /share/apps/python_shared/3.6.5/etc/sepp/bundled-v4.3.10/hmmsearch --domtblout busco_out/BUSCO_metazoa.fasta/run_metazoa_odb10/hmmer_output/461193at33208a.out.1 --cpu 1 /kmk/databases/metazoa_odb10/hmms/461193at33208a.hmm busco_out/BUSCO_metazoa.fasta/run_metazoa_odb10/augustus_output/extracted_proteins/461193at33208a.faa.1
DEBUG:busco.Toolset	cmd call: /share/apps/python_shared/3.6.5/etc/sepp/bundled-v4.3.10/hmmsearch --domtblout busco_out/BUSCO_metazoa.fasta/run_metazoa_odb10/hmmer_output/462325at33208a.out.1 --cpu 1 /kmk/databases/metazoa_odb10/hmms/462325at33208a.hmm busco_out/BUSCO_metazoa.fasta/run_metazoa_odb10/augustus_output/extracted_proteins/462325at33208a.faa.1
DEBUG:busco.Toolset	cmd call: /share/apps/python_shared/3.6.5/etc/sepp/bundled-v4.3.10/hmmsearch --domtblout busco_out/BUSCO_metazoa.fasta/run_metazoa_odb10/hmmer_output/462325at33208a.out.2 --cpu 1 /kmk/databases/metazoa_odb10/hmms/462325at33208a.hmm busco_out/BUSCO_metazoa.fasta/run_metazoa_odb10/augustus_output/extracted_proteins/462325at33208a.faa.2
DEBUG:busco.Toolset	cmd call: /share/apps/python_shared/3.6.5/etc/sepp/bundled-v4.3.10/hmmsearch --domtblout busco_out/BUSCO_metazoa.fasta/run_metazoa_odb10/hmmer_output/462325at33208a.out.3 --cpu 1 /kmk/databases/metazoa_odb10/hmms/462325at33208a.hmm busco_out/BUSCO_metazoa.fasta/run_metazoa_odb10/augustus_output/extracted_proteins/462325at33208a.faa.3
DEBUG:busco.Toolset	cmd call: /share/apps/python_shared/3.6.5/etc/sepp/bundled-v4.3.10/hmmsearch --domtblout busco_out/BUSCO_metazoa.fasta/run_metazoa_odb10/hmmer_output/462897at33208a.out.1 --cpu 1 /kmk/databases/metazoa_odb10/hmms/462897at33208a.hmm busco_out/BUSCO_metazoa.fasta/run_metazoa_odb10/augustus_output/extracted_proteins/462897at33208a.faa.1
DEBUG:busco.Toolset	cmd call: /share/apps/python_shared/3.6.5/etc/sepp/bundled-v4.3.10/hmmsearch --domtblout busco_out/BUSCO_metazoa.fasta/run_metazoa_odb10/hmmer_output/463071at33208a.out.1 --cpu 1 /kmk/databases/metazoa_odb10/hmms/463071at33208a.hmm busco_out/BUSCO_metazoa.fasta/run_metazoa_odb10/augustus_output/extracted_proteins/463071at33208a.faa.1
DEBUG:busco.Toolset	cmd call: /share/apps/python_shared/3.6.5/etc/sepp/bundled-v4.3.10/hmmsearch --domtblout busco_out/BUSCO_metazoa.fasta/run_metazoa_odb10/hmmer_output/464204at33208a.out.1 --cpu 1 /kmk/databases/metazoa_odb10/hmms/464204at33208a.hmm busco_out/BUSCO_metazoa.fasta/run_metazoa_odb10/augustus_output/extracted_proteins/464204at33208a.faa.1
DEBUG:busco.Toolset	cmd call: /share/apps/python_shared/3.6.5/etc/sepp/bundled-v4.3.10/hmmsearch --domtblout busco_out/BUSCO_metazoa.fasta/run_metazoa_odb10/hmmer_output/464243at33208a.out.1 --cpu 1 /kmk/databases/metazoa_odb10/hmms/464243at33208a.hmm busco_out/BUSCO_metazoa.fasta/run_metazoa_odb10/augustus_output/extracted_proteins/464243at33208a.faa.1
DEBUG:busco.Toolset	cmd call: /share/apps/python_shared/3.6.5/etc/sepp/bundled-v4.3.10/hmmsearch --domtblout busco_out/BUSCO_metazoa.fasta/run_metazoa_odb10/hmmer_output/464286at33208a.out.1 --cpu 1 /kmk/databases/metazoa_odb10/hmms/464286at33208a.hmm busco_out/BUSCO_metazoa.fasta/run_metazoa_odb10/augustus_output/extracted_proteins/464286at33208a.faa.1
DEBUG:busco.Toolset	cmd call: /share/apps/python_shared/3.6.5/etc/sepp/bundled-v4.3.10/hmmsearch --domtblout busco_out/BUSCO_metazoa.fasta/run_metazoa_odb10/hmmer_output/464312at33208a.out.1 --cpu 1 /kmk/databases/metazoa_odb10/hmms/464312at33208a.hmm busco_out/BUSCO_metazoa.fasta/run_metazoa_odb10/augustus_output/extracted_proteins/464312at33208a.faa.1
DEBUG:busco.Toolset	cmd call: /share/apps/python_shared/3.6.5/etc/sepp/bundled-v4.3.10/hmmsearch --domtblout busco_out/BUSCO_metazoa.fasta/run_metazoa_odb10/hmmer_output/464987at33208a.out.1 --cpu 1 /kmk/databases/metazoa_odb10/hmms/464987at33208a.hmm busco_out/BUSCO_metazoa.fasta/run_metazoa_odb10/augustus_output/extracted_proteins/464987at33208a.faa.1
DEBUG:busco.Toolset	cmd call: /share/apps/python_shared/3.6.5/etc/sepp/bundled-v4.3.10/hmmsearch --domtblout busco_out/BUSCO_metazoa.fasta/run_metazoa_odb10/hmmer_output/465092at33208a.out.1 --cpu 1 /kmk/databases/metazoa_odb10/hmms/465092at33208a.hmm busco_out/BUSCO_metazoa.fasta/run_metazoa_odb10/augustus_output/extracted_proteins/465092at33208a.faa.1
DEBUG:busco.Toolset	cmd call: /share/apps/python_shared/3.6.5/etc/sepp/bundled-v4.3.10/hmmsearch --domtblout busco_out/BUSCO_metazoa.fasta/run_metazoa_odb10/hmmer_output/465401at33208a.out.1 --cpu 1 /kmk/databases/metazoa_odb10/hmms/465401at33208a.hmm busco_out/BUSCO_metazoa.fasta/run_metazoa_odb10/augustus_output/extracted_proteins/465401at33208a.faa.1
DEBUG:busco.Toolset	cmd call: /share/apps/python_shared/3.6.5/etc/sepp/bundled-v4.3.10/hmmsearch --domtblout busco_out/BUSCO_metazoa.fasta/run_metazoa_odb10/hmmer_output/465401at33208a.out.2 --cpu 1 /kmk/databases/metazoa_odb10/hmms/465401at33208a.hmm busco_out/BUSCO_metazoa.fasta/run_metazoa_odb10/augustus_output/extracted_proteins/465401at33208a.faa.2
DEBUG:busco.Toolset	cmd call: /share/apps/python_shared/3.6.5/etc/sepp/bundled-v4.3.10/hmmsearch --domtblout busco_out/BUSCO_metazoa.fasta/run_metazoa_odb10/hmmer_output/465401at33208a.out.3 --cpu 1 /kmk/databases/metazoa_odb10/hmms/465401at33208a.hmm busco_out/BUSCO_metazoa.fasta/run_metazoa_odb10/augustus_output/extracted_proteins/465401at33208a.faa.3
DEBUG:busco.Toolset	cmd call: /share/apps/python_shared/3.6.5/etc/sepp/bundled-v4.3.10/hmmsearch --domtblout busco_out/BUSCO_metazoa.fasta/run_metazoa_odb10/hmmer_output/465512at33208a.out.1 --cpu 1 /kmk/databases/metazoa_odb10/hmms/465512at33208a.hmm busco_out/BUSCO_metazoa.fasta/run_metazoa_odb10/augustus_output/extracted_proteins/465512at33208a.faa.1
DEBUG:busco.Toolset	cmd call: /share/apps/python_shared/3.6.5/etc/sepp/bundled-v4.3.10/hmmsearch --domtblout busco_out/BUSCO_metazoa.fasta/run_metazoa_odb10/hmmer_output/465651at33208a.out.1 --cpu 1 /kmk/databases/metazoa_odb10/hmms/465651at33208a.hmm busco_out/BUSCO_metazoa.fasta/run_metazoa_odb10/augustus_output/extracted_proteins/465651at33208a.faa.1
DEBUG:busco.Toolset	cmd call: /share/apps/python_shared/3.6.5/etc/sepp/bundled-v4.3.10/hmmsearch --domtblout busco_out/BUSCO_metazoa.fasta/run_metazoa_odb10/hmmer_output/465703at33208a.out.1 --cpu 1 /kmk/databases/metazoa_odb10/hmms/465703at33208a.hmm busco_out/BUSCO_metazoa.fasta/run_metazoa_odb10/augustus_output/extracted_proteins/465703at33208a.faa.1
DEBUG:busco.Toolset	cmd call: /share/apps/python_shared/3.6.5/etc/sepp/bundled-v4.3.10/hmmsearch --domtblout busco_out/BUSCO_metazoa.fasta/run_metazoa_odb10/hmmer_output/466616at33208a.out.1 --cpu 1 /kmk/databases/metazoa_odb10/hmms/466616at33208a.hmm busco_out/BUSCO_metazoa.fasta/run_metazoa_odb10/augustus_output/extracted_proteins/466616at33208a.faa.1
DEBUG:busco.Toolset	cmd call: /share/apps/python_shared/3.6.5/etc/sepp/bundled-v4.3.10/hmmsearch --domtblout busco_out/BUSCO_metazoa.fasta/run_metazoa_odb10/hmmer_output/466942at33208a.out.1 --cpu 1 /kmk/databases/metazoa_odb10/hmms/466942at33208a.hmm busco_out/BUSCO_metazoa.fasta/run_metazoa_odb10/augustus_output/extracted_proteins/466942at33208a.faa.1
DEBUG:busco.Toolset	cmd call: /share/apps/python_shared/3.6.5/etc/sepp/bundled-v4.3.10/hmmsearch --domtblout busco_out/BUSCO_metazoa.fasta/run_metazoa_odb10/hmmer_output/467106at33208a.out.1 --cpu 1 /kmk/databases/metazoa_odb10/hmms/467106at33208a.hmm busco_out/BUSCO_metazoa.fasta/run_metazoa_odb10/augustus_output/extracted_proteins/467106at33208a.faa.1
DEBUG:busco.Toolset	cmd call: /share/apps/python_shared/3.6.5/etc/sepp/bundled-v4.3.10/hmmsearch --domtblout busco_out/BUSCO_metazoa.fasta/run_metazoa_odb10/hmmer_output/467142at33208a.out.1 --cpu 1 /kmk/databases/metazoa_odb10/hmms/467142at33208a.hmm busco_out/BUSCO_metazoa.fasta/run_metazoa_odb10/augustus_output/extracted_proteins/467142at33208a.faa.1
DEBUG:busco.Toolset	cmd call: /share/apps/python_shared/3.6.5/etc/sepp/bundled-v4.3.10/hmmsearch --domtblout busco_out/BUSCO_metazoa.fasta/run_metazoa_odb10/hmmer_output/467744at33208a.out.1 --cpu 1 /kmk/databases/metazoa_odb10/hmms/467744at33208a.hmm busco_out/BUSCO_metazoa.fasta/run_metazoa_odb10/augustus_output/extracted_proteins/467744at33208a.faa.1
DEBUG:busco.Toolset	cmd call: /share/apps/python_shared/3.6.5/etc/sepp/bundled-v4.3.10/hmmsearch --domtblout busco_out/BUSCO_metazoa.fasta/run_metazoa_odb10/hmmer_output/468248at33208a.out.1 --cpu 1 /kmk/databases/metazoa_odb10/hmms/468248at33208a.hmm busco_out/BUSCO_metazoa.fasta/run_metazoa_odb10/augustus_output/extracted_proteins/468248at33208a.faa.1
DEBUG:busco.Toolset	cmd call: /share/apps/python_shared/3.6.5/etc/sepp/bundled-v4.3.10/hmmsearch --domtblout busco_out/BUSCO_metazoa.fasta/run_metazoa_odb10/hmmer_output/468359at33208a.out.1 --cpu 1 /kmk/databases/metazoa_odb10/hmms/468359at33208a.hmm busco_out/BUSCO_metazoa.fasta/run_metazoa_odb10/augustus_output/extracted_proteins/468359at33208a.faa.1
DEBUG:busco.Toolset	cmd call: /share/apps/python_shared/3.6.5/etc/sepp/bundled-v4.3.10/hmmsearch --domtblout busco_out/BUSCO_metazoa.fasta/run_metazoa_odb10/hmmer_output/468631at33208a.out.1 --cpu 1 /kmk/databases/metazoa_odb10/hmms/468631at33208a.hmm busco_out/BUSCO_metazoa.fasta/run_metazoa_odb10/augustus_output/extracted_proteins/468631at33208a.faa.1
DEBUG:busco.Toolset	cmd call: /share/apps/python_shared/3.6.5/etc/sepp/bundled-v4.3.10/hmmsearch --domtblout busco_out/BUSCO_metazoa.fasta/run_metazoa_odb10/hmmer_output/468710at33208a.out.1 --cpu 1 /kmk/databases/metazoa_odb10/hmms/468710at33208a.hmm busco_out/BUSCO_metazoa.fasta/run_metazoa_odb10/augustus_output/extracted_proteins/468710at33208a.faa.1
DEBUG:busco.Toolset	cmd call: /share/apps/python_shared/3.6.5/etc/sepp/bundled-v4.3.10/hmmsearch --domtblout busco_out/BUSCO_metazoa.fasta/run_metazoa_odb10/hmmer_output/468757at33208a.out.1 --cpu 1 /kmk/databases/metazoa_odb10/hmms/468757at33208a.hmm busco_out/BUSCO_metazoa.fasta/run_metazoa_odb10/augustus_output/extracted_proteins/468757at33208a.faa.1
DEBUG:busco.Toolset	cmd call: /share/apps/python_shared/3.6.5/etc/sepp/bundled-v4.3.10/hmmsearch --domtblout busco_out/BUSCO_metazoa.fasta/run_metazoa_odb10/hmmer_output/469367at33208a.out.1 --cpu 1 /kmk/databases/metazoa_odb10/hmms/469367at33208a.hmm busco_out/BUSCO_metazoa.fasta/run_metazoa_odb10/augustus_output/extracted_proteins/469367at33208a.faa.1
DEBUG:busco.Toolset	cmd call: /share/apps/python_shared/3.6.5/etc/sepp/bundled-v4.3.10/hmmsearch --domtblout busco_out/BUSCO_metazoa.fasta/run_metazoa_odb10/hmmer_output/470197at33208a.out.1 --cpu 1 /kmk/databases/metazoa_odb10/hmms/470197at33208a.hmm busco_out/BUSCO_metazoa.fasta/run_metazoa_odb10/augustus_output/extracted_proteins/470197at33208a.faa.1
DEBUG:busco.Toolset	cmd call: /share/apps/python_shared/3.6.5/etc/sepp/bundled-v4.3.10/hmmsearch --domtblout busco_out/BUSCO_metazoa.fasta/run_metazoa_odb10/hmmer_output/470523at33208a.out.1 --cpu 1 /kmk/databases/metazoa_odb10/hmms/470523at33208a.hmm busco_out/BUSCO_metazoa.fasta/run_metazoa_odb10/augustus_output/extracted_proteins/470523at33208a.faa.1
DEBUG:busco.Toolset	cmd call: /share/apps/python_shared/3.6.5/etc/sepp/bundled-v4.3.10/hmmsearch --domtblout busco_out/BUSCO_metazoa.fasta/run_metazoa_odb10/hmmer_output/471608at33208a.out.1 --cpu 1 /kmk/databases/metazoa_odb10/hmms/471608at33208a.hmm busco_out/BUSCO_metazoa.fasta/run_metazoa_odb10/augustus_output/extracted_proteins/471608at33208a.faa.1
DEBUG:busco.Toolset	cmd call: /share/apps/python_shared/3.6.5/etc/sepp/bundled-v4.3.10/hmmsearch --domtblout busco_out/BUSCO_metazoa.fasta/run_metazoa_odb10/hmmer_output/471787at33208a.out.1 --cpu 1 /kmk/databases/metazoa_odb10/hmms/471787at33208a.hmm busco_out/BUSCO_metazoa.fasta/run_metazoa_odb10/augustus_output/extracted_proteins/471787at33208a.faa.1
DEBUG:busco.Toolset	cmd call: /share/apps/python_shared/3.6.5/etc/sepp/bundled-v4.3.10/hmmsearch --domtblout busco_out/BUSCO_metazoa.fasta/run_metazoa_odb10/hmmer_output/472313at33208a.out.1 --cpu 1 /kmk/databases/metazoa_odb10/hmms/472313at33208a.hmm busco_out/BUSCO_metazoa.fasta/run_metazoa_odb10/augustus_output/extracted_proteins/472313at33208a.faa.1
DEBUG:busco.Toolset	cmd call: /share/apps/python_shared/3.6.5/etc/sepp/bundled-v4.3.10/hmmsearch --domtblout busco_out/BUSCO_metazoa.fasta/run_metazoa_odb10/hmmer_output/472352at33208a.out.1 --cpu 1 /kmk/databases/metazoa_odb10/hmms/472352at33208a.hmm busco_out/BUSCO_metazoa.fasta/run_metazoa_odb10/augustus_output/extracted_proteins/472352at33208a.faa.1
DEBUG:busco.Toolset	cmd call: /share/apps/python_shared/3.6.5/etc/sepp/bundled-v4.3.10/hmmsearch --domtblout busco_out/BUSCO_metazoa.fasta/run_metazoa_odb10/hmmer_output/473106at33208a.out.1 --cpu 1 /kmk/databases/metazoa_odb10/hmms/473106at33208a.hmm busco_out/BUSCO_metazoa.fasta/run_metazoa_odb10/augustus_output/extracted_proteins/473106at33208a.faa.1
DEBUG:busco.Toolset	cmd call: /share/apps/python_shared/3.6.5/etc/sepp/bundled-v4.3.10/hmmsearch --domtblout busco_out/BUSCO_metazoa.fasta/run_metazoa_odb10/hmmer_output/474302at33208a.out.1 --cpu 1 /kmk/databases/metazoa_odb10/hmms/474302at33208a.hmm busco_out/BUSCO_metazoa.fasta/run_metazoa_odb10/augustus_output/extracted_proteins/474302at33208a.faa.1
DEBUG:busco.Toolset	cmd call: /share/apps/python_shared/3.6.5/etc/sepp/bundled-v4.3.10/hmmsearch --domtblout busco_out/BUSCO_metazoa.fasta/run_metazoa_odb10/hmmer_output/475826at33208a.out.1 --cpu 1 /kmk/databases/metazoa_odb10/hmms/475826at33208a.hmm busco_out/BUSCO_metazoa.fasta/run_metazoa_odb10/augustus_output/extracted_proteins/475826at33208a.faa.1
DEBUG:busco.Toolset	cmd call: /share/apps/python_shared/3.6.5/etc/sepp/bundled-v4.3.10/hmmsearch --domtblout busco_out/BUSCO_metazoa.fasta/run_metazoa_odb10/hmmer_output/474144at33208a.out.1 --cpu 1 /kmk/databases/metazoa_odb10/hmms/474144at33208a.hmm busco_out/BUSCO_metazoa.fasta/run_metazoa_odb10/augustus_output/extracted_proteins/474144at33208a.faa.1
DEBUG:busco.Toolset	cmd call: /share/apps/python_shared/3.6.5/etc/sepp/bundled-v4.3.10/hmmsearch --domtblout busco_out/BUSCO_metazoa.fasta/run_metazoa_odb10/hmmer_output/476036at33208a.out.1 --cpu 1 /kmk/databases/metazoa_odb10/hmms/476036at33208a.hmm busco_out/BUSCO_metazoa.fasta/run_metazoa_odb10/augustus_output/extracted_proteins/476036at33208a.faa.1
DEBUG:busco.Toolset	cmd call: /share/apps/python_shared/3.6.5/etc/sepp/bundled-v4.3.10/hmmsearch --domtblout busco_out/BUSCO_metazoa.fasta/run_metazoa_odb10/hmmer_output/474387at33208a.out.1 --cpu 1 /kmk/databases/metazoa_odb10/hmms/474387at33208a.hmm busco_out/BUSCO_metazoa.fasta/run_metazoa_odb10/augustus_output/extracted_proteins/474387at33208a.faa.1
DEBUG:busco.Toolset	cmd call: /share/apps/python_shared/3.6.5/etc/sepp/bundled-v4.3.10/hmmsearch --domtblout busco_out/BUSCO_metazoa.fasta/run_metazoa_odb10/hmmer_output/477939at33208a.out.1 --cpu 1 /kmk/databases/metazoa_odb10/hmms/477939at33208a.hmm busco_out/BUSCO_metazoa.fasta/run_metazoa_odb10/augustus_output/extracted_proteins/477939at33208a.faa.1
DEBUG:busco.Toolset	cmd call: /share/apps/python_shared/3.6.5/etc/sepp/bundled-v4.3.10/hmmsearch --domtblout busco_out/BUSCO_metazoa.fasta/run_metazoa_odb10/hmmer_output/478984at33208a.out.1 --cpu 1 /kmk/databases/metazoa_odb10/hmms/478984at33208a.hmm busco_out/BUSCO_metazoa.fasta/run_metazoa_odb10/augustus_output/extracted_proteins/478984at33208a.faa.1
DEBUG:busco.Toolset	cmd call: /share/apps/python_shared/3.6.5/etc/sepp/bundled-v4.3.10/hmmsearch --domtblout busco_out/BUSCO_metazoa.fasta/run_metazoa_odb10/hmmer_output/480735at33208a.out.1 --cpu 1 /kmk/databases/metazoa_odb10/hmms/480735at33208a.hmm busco_out/BUSCO_metazoa.fasta/run_metazoa_odb10/augustus_output/extracted_proteins/480735at33208a.faa.1
DEBUG:busco.Toolset	cmd call: /share/apps/python_shared/3.6.5/etc/sepp/bundled-v4.3.10/hmmsearch --domtblout busco_out/BUSCO_metazoa.fasta/run_metazoa_odb10/hmmer_output/483489at33208a.out.1 --cpu 1 /kmk/databases/metazoa_odb10/hmms/483489at33208a.hmm busco_out/BUSCO_metazoa.fasta/run_metazoa_odb10/augustus_output/extracted_proteins/483489at33208a.faa.1
DEBUG:busco.Toolset	cmd call: /share/apps/python_shared/3.6.5/etc/sepp/bundled-v4.3.10/hmmsearch --domtblout busco_out/BUSCO_metazoa.fasta/run_metazoa_odb10/hmmer_output/477052at33208a.out.1 --cpu 1 /kmk/databases/metazoa_odb10/hmms/477052at33208a.hmm busco_out/BUSCO_metazoa.fasta/run_metazoa_odb10/augustus_output/extracted_proteins/477052at33208a.faa.1
DEBUG:busco.Toolset	cmd call: /share/apps/python_shared/3.6.5/etc/sepp/bundled-v4.3.10/hmmsearch --domtblout busco_out/BUSCO_metazoa.fasta/run_metazoa_odb10/hmmer_output/480700at33208a.out.1 --cpu 1 /kmk/databases/metazoa_odb10/hmms/480700at33208a.hmm busco_out/BUSCO_metazoa.fasta/run_metazoa_odb10/augustus_output/extracted_proteins/480700at33208a.faa.1
DEBUG:busco.Toolset	cmd call: /share/apps/python_shared/3.6.5/etc/sepp/bundled-v4.3.10/hmmsearch --domtblout busco_out/BUSCO_metazoa.fasta/run_metazoa_odb10/hmmer_output/485003at33208a.out.1 --cpu 1 /kmk/databases/metazoa_odb10/hmms/485003at33208a.hmm busco_out/BUSCO_metazoa.fasta/run_metazoa_odb10/augustus_output/extracted_proteins/485003at33208a.faa.1
DEBUG:busco.Toolset	cmd call: /share/apps/python_shared/3.6.5/etc/sepp/bundled-v4.3.10/hmmsearch --domtblout busco_out/BUSCO_metazoa.fasta/run_metazoa_odb10/hmmer_output/478073at33208a.out.1 --cpu 1 /kmk/databases/metazoa_odb10/hmms/478073at33208a.hmm busco_out/BUSCO_metazoa.fasta/run_metazoa_odb10/augustus_output/extracted_proteins/478073at33208a.faa.1
DEBUG:busco.Toolset	cmd call: /share/apps/python_shared/3.6.5/etc/sepp/bundled-v4.3.10/hmmsearch --domtblout busco_out/BUSCO_metazoa.fasta/run_metazoa_odb10/hmmer_output/482691at33208a.out.1 --cpu 1 /kmk/databases/metazoa_odb10/hmms/482691at33208a.hmm busco_out/BUSCO_metazoa.fasta/run_metazoa_odb10/augustus_output/extracted_proteins/482691at33208a.faa.1
DEBUG:busco.Toolset	cmd call: /share/apps/python_shared/3.6.5/etc/sepp/bundled-v4.3.10/hmmsearch --domtblout busco_out/BUSCO_metazoa.fasta/run_metazoa_odb10/hmmer_output/485696at33208a.out.1 --cpu 1 /kmk/databases/metazoa_odb10/hmms/485696at33208a.hmm busco_out/BUSCO_metazoa.fasta/run_metazoa_odb10/augustus_output/extracted_proteins/485696at33208a.faa.1
DEBUG:busco.Toolset	cmd call: /share/apps/python_shared/3.6.5/etc/sepp/bundled-v4.3.10/hmmsearch --domtblout busco_out/BUSCO_metazoa.fasta/run_metazoa_odb10/hmmer_output/486370at33208a.out.1 --cpu 1 /kmk/databases/metazoa_odb10/hmms/486370at33208a.hmm busco_out/BUSCO_metazoa.fasta/run_metazoa_odb10/augustus_output/extracted_proteins/486370at33208a.faa.1
DEBUG:busco.Toolset	cmd call: /share/apps/python_shared/3.6.5/etc/sepp/bundled-v4.3.10/hmmsearch --domtblout busco_out/BUSCO_metazoa.fasta/run_metazoa_odb10/hmmer_output/486431at33208a.out.1 --cpu 1 /kmk/databases/metazoa_odb10/hmms/486431at33208a.hmm busco_out/BUSCO_metazoa.fasta/run_metazoa_odb10/augustus_output/extracted_proteins/486431at33208a.faa.1
DEBUG:busco.Toolset	cmd call: /share/apps/python_shared/3.6.5/etc/sepp/bundled-v4.3.10/hmmsearch --domtblout busco_out/BUSCO_metazoa.fasta/run_metazoa_odb10/hmmer_output/486743at33208a.out.1 --cpu 1 /kmk/databases/metazoa_odb10/hmms/486743at33208a.hmm busco_out/BUSCO_metazoa.fasta/run_metazoa_odb10/augustus_output/extracted_proteins/486743at33208a.faa.1
DEBUG:busco.Toolset	cmd call: /share/apps/python_shared/3.6.5/etc/sepp/bundled-v4.3.10/hmmsearch --domtblout busco_out/BUSCO_metazoa.fasta/run_metazoa_odb10/hmmer_output/487873at33208a.out.1 --cpu 1 /kmk/databases/metazoa_odb10/hmms/487873at33208a.hmm busco_out/BUSCO_metazoa.fasta/run_metazoa_odb10/augustus_output/extracted_proteins/487873at33208a.faa.1
DEBUG:busco.Toolset	cmd call: /share/apps/python_shared/3.6.5/etc/sepp/bundled-v4.3.10/hmmsearch --domtblout busco_out/BUSCO_metazoa.fasta/run_metazoa_odb10/hmmer_output/488559at33208a.out.1 --cpu 1 /kmk/databases/metazoa_odb10/hmms/488559at33208a.hmm busco_out/BUSCO_metazoa.fasta/run_metazoa_odb10/augustus_output/extracted_proteins/488559at33208a.faa.1
DEBUG:busco.Toolset	cmd call: /share/apps/python_shared/3.6.5/etc/sepp/bundled-v4.3.10/hmmsearch --domtblout busco_out/BUSCO_metazoa.fasta/run_metazoa_odb10/hmmer_output/488635at33208a.out.1 --cpu 1 /kmk/databases/metazoa_odb10/hmms/488635at33208a.hmm busco_out/BUSCO_metazoa.fasta/run_metazoa_odb10/augustus_output/extracted_proteins/488635at33208a.faa.1
DEBUG:busco.Toolset	cmd call: /share/apps/python_shared/3.6.5/etc/sepp/bundled-v4.3.10/hmmsearch --domtblout busco_out/BUSCO_metazoa.fasta/run_metazoa_odb10/hmmer_output/489359at33208a.out.1 --cpu 1 /kmk/databases/metazoa_odb10/hmms/489359at33208a.hmm busco_out/BUSCO_metazoa.fasta/run_metazoa_odb10/augustus_output/extracted_proteins/489359at33208a.faa.1
DEBUG:busco.Toolset	cmd call: /share/apps/python_shared/3.6.5/etc/sepp/bundled-v4.3.10/hmmsearch --domtblout busco_out/BUSCO_metazoa.fasta/run_metazoa_odb10/hmmer_output/489858at33208a.out.1 --cpu 1 /kmk/databases/metazoa_odb10/hmms/489858at33208a.hmm busco_out/BUSCO_metazoa.fasta/run_metazoa_odb10/augustus_output/extracted_proteins/489858at33208a.faa.1
DEBUG:busco.Toolset	cmd call: /share/apps/python_shared/3.6.5/etc/sepp/bundled-v4.3.10/hmmsearch --domtblout busco_out/BUSCO_metazoa.fasta/run_metazoa_odb10/hmmer_output/489997at33208a.out.1 --cpu 1 /kmk/databases/metazoa_odb10/hmms/489997at33208a.hmm busco_out/BUSCO_metazoa.fasta/run_metazoa_odb10/augustus_output/extracted_proteins/489997at33208a.faa.1
DEBUG:busco.Toolset	cmd call: /share/apps/python_shared/3.6.5/etc/sepp/bundled-v4.3.10/hmmsearch --domtblout busco_out/BUSCO_metazoa.fasta/run_metazoa_odb10/hmmer_output/490248at33208a.out.1 --cpu 1 /kmk/databases/metazoa_odb10/hmms/490248at33208a.hmm busco_out/BUSCO_metazoa.fasta/run_metazoa_odb10/augustus_output/extracted_proteins/490248at33208a.faa.1
DEBUG:busco.Toolset	cmd call: /share/apps/python_shared/3.6.5/etc/sepp/bundled-v4.3.10/hmmsearch --domtblout busco_out/BUSCO_metazoa.fasta/run_metazoa_odb10/hmmer_output/491252at33208a.out.1 --cpu 1 /kmk/databases/metazoa_odb10/hmms/491252at33208a.hmm busco_out/BUSCO_metazoa.fasta/run_metazoa_odb10/augustus_output/extracted_proteins/491252at33208a.faa.1
DEBUG:busco.Toolset	cmd call: /share/apps/python_shared/3.6.5/etc/sepp/bundled-v4.3.10/hmmsearch --domtblout busco_out/BUSCO_metazoa.fasta/run_metazoa_odb10/hmmer_output/491289at33208a.out.1 --cpu 1 /kmk/databases/metazoa_odb10/hmms/491289at33208a.hmm busco_out/BUSCO_metazoa.fasta/run_metazoa_odb10/augustus_output/extracted_proteins/491289at33208a.faa.1
DEBUG:busco.Toolset	cmd call: /share/apps/python_shared/3.6.5/etc/sepp/bundled-v4.3.10/hmmsearch --domtblout busco_out/BUSCO_metazoa.fasta/run_metazoa_odb10/hmmer_output/492033at33208a.out.1 --cpu 1 /kmk/databases/metazoa_odb10/hmms/492033at33208a.hmm busco_out/BUSCO_metazoa.fasta/run_metazoa_odb10/augustus_output/extracted_proteins/492033at33208a.faa.1
DEBUG:busco.Toolset	cmd call: /share/apps/python_shared/3.6.5/etc/sepp/bundled-v4.3.10/hmmsearch --domtblout busco_out/BUSCO_metazoa.fasta/run_metazoa_odb10/hmmer_output/493148at33208a.out.1 --cpu 1 /kmk/databases/metazoa_odb10/hmms/493148at33208a.hmm busco_out/BUSCO_metazoa.fasta/run_metazoa_odb10/augustus_output/extracted_proteins/493148at33208a.faa.1
DEBUG:busco.Toolset	cmd call: /share/apps/python_shared/3.6.5/etc/sepp/bundled-v4.3.10/hmmsearch --domtblout busco_out/BUSCO_metazoa.fasta/run_metazoa_odb10/hmmer_output/493913at33208a.out.1 --cpu 1 /kmk/databases/metazoa_odb10/hmms/493913at33208a.hmm busco_out/BUSCO_metazoa.fasta/run_metazoa_odb10/augustus_output/extracted_proteins/493913at33208a.faa.1
DEBUG:busco.Toolset	cmd call: /share/apps/python_shared/3.6.5/etc/sepp/bundled-v4.3.10/hmmsearch --domtblout busco_out/BUSCO_metazoa.fasta/run_metazoa_odb10/hmmer_output/494057at33208a.out.1 --cpu 1 /kmk/databases/metazoa_odb10/hmms/494057at33208a.hmm busco_out/BUSCO_metazoa.fasta/run_metazoa_odb10/augustus_output/extracted_proteins/494057at33208a.faa.1
DEBUG:busco.Toolset	cmd call: /share/apps/python_shared/3.6.5/etc/sepp/bundled-v4.3.10/hmmsearch --domtblout busco_out/BUSCO_metazoa.fasta/run_metazoa_odb10/hmmer_output/49474at33208a.out.1 --cpu 1 /kmk/databases/metazoa_odb10/hmms/49474at33208a.hmm busco_out/BUSCO_metazoa.fasta/run_metazoa_odb10/augustus_output/extracted_proteins/49474at33208a.faa.1
DEBUG:busco.Toolset	cmd call: /share/apps/python_shared/3.6.5/etc/sepp/bundled-v4.3.10/hmmsearch --domtblout busco_out/BUSCO_metazoa.fasta/run_metazoa_odb10/hmmer_output/495100at33208a.out.1 --cpu 1 /kmk/databases/metazoa_odb10/hmms/495100at33208a.hmm busco_out/BUSCO_metazoa.fasta/run_metazoa_odb10/augustus_output/extracted_proteins/495100at33208a.faa.1
DEBUG:busco.Toolset	cmd call: /share/apps/python_shared/3.6.5/etc/sepp/bundled-v4.3.10/hmmsearch --domtblout busco_out/BUSCO_metazoa.fasta/run_metazoa_odb10/hmmer_output/495175at33208a.out.1 --cpu 1 /kmk/databases/metazoa_odb10/hmms/495175at33208a.hmm busco_out/BUSCO_metazoa.fasta/run_metazoa_odb10/augustus_output/extracted_proteins/495175at33208a.faa.1
DEBUG:busco.Toolset	cmd call: /share/apps/python_shared/3.6.5/etc/sepp/bundled-v4.3.10/hmmsearch --domtblout busco_out/BUSCO_metazoa.fasta/run_metazoa_odb10/hmmer_output/495207at33208a.out.1 --cpu 1 /kmk/databases/metazoa_odb10/hmms/495207at33208a.hmm busco_out/BUSCO_metazoa.fasta/run_metazoa_odb10/augustus_output/extracted_proteins/495207at33208a.faa.1
DEBUG:busco.Toolset	cmd call: /share/apps/python_shared/3.6.5/etc/sepp/bundled-v4.3.10/hmmsearch --domtblout busco_out/BUSCO_metazoa.fasta/run_metazoa_odb10/hmmer_output/495311at33208a.out.1 --cpu 1 /kmk/databases/metazoa_odb10/hmms/495311at33208a.hmm busco_out/BUSCO_metazoa.fasta/run_metazoa_odb10/augustus_output/extracted_proteins/495311at33208a.faa.1
DEBUG:busco.Toolset	cmd call: /share/apps/python_shared/3.6.5/etc/sepp/bundled-v4.3.10/hmmsearch --domtblout busco_out/BUSCO_metazoa.fasta/run_metazoa_odb10/hmmer_output/495329at33208a.out.1 --cpu 1 /kmk/databases/metazoa_odb10/hmms/495329at33208a.hmm busco_out/BUSCO_metazoa.fasta/run_metazoa_odb10/augustus_output/extracted_proteins/495329at33208a.faa.1
DEBUG:busco.Toolset	cmd call: /share/apps/python_shared/3.6.5/etc/sepp/bundled-v4.3.10/hmmsearch --domtblout busco_out/BUSCO_metazoa.fasta/run_metazoa_odb10/hmmer_output/495389at33208a.out.1 --cpu 1 /kmk/databases/metazoa_odb10/hmms/495389at33208a.hmm busco_out/BUSCO_metazoa.fasta/run_metazoa_odb10/augustus_output/extracted_proteins/495389at33208a.faa.1
DEBUG:busco.Toolset	cmd call: /share/apps/python_shared/3.6.5/etc/sepp/bundled-v4.3.10/hmmsearch --domtblout busco_out/BUSCO_metazoa.fasta/run_metazoa_odb10/hmmer_output/495605at33208a.out.1 --cpu 1 /kmk/databases/metazoa_odb10/hmms/495605at33208a.hmm busco_out/BUSCO_metazoa.fasta/run_metazoa_odb10/augustus_output/extracted_proteins/495605at33208a.faa.1
DEBUG:busco.Toolset	cmd call: /share/apps/python_shared/3.6.5/etc/sepp/bundled-v4.3.10/hmmsearch --domtblout busco_out/BUSCO_metazoa.fasta/run_metazoa_odb10/hmmer_output/495802at33208a.out.1 --cpu 1 /kmk/databases/metazoa_odb10/hmms/495802at33208a.hmm busco_out/BUSCO_metazoa.fasta/run_metazoa_odb10/augustus_output/extracted_proteins/495802at33208a.faa.1
DEBUG:busco.Toolset	cmd call: /share/apps/python_shared/3.6.5/etc/sepp/bundled-v4.3.10/hmmsearch --domtblout busco_out/BUSCO_metazoa.fasta/run_metazoa_odb10/hmmer_output/495926at33208a.out.1 --cpu 1 /kmk/databases/metazoa_odb10/hmms/495926at33208a.hmm busco_out/BUSCO_metazoa.fasta/run_metazoa_odb10/augustus_output/extracted_proteins/495926at33208a.faa.1
DEBUG:busco.Toolset	cmd call: /share/apps/python_shared/3.6.5/etc/sepp/bundled-v4.3.10/hmmsearch --domtblout busco_out/BUSCO_metazoa.fasta/run_metazoa_odb10/hmmer_output/496070at33208a.out.1 --cpu 1 /kmk/databases/metazoa_odb10/hmms/496070at33208a.hmm busco_out/BUSCO_metazoa.fasta/run_metazoa_odb10/augustus_output/extracted_proteins/496070at33208a.faa.1
DEBUG:busco.Toolset	cmd call: /share/apps/python_shared/3.6.5/etc/sepp/bundled-v4.3.10/hmmsearch --domtblout busco_out/BUSCO_metazoa.fasta/run_metazoa_odb10/hmmer_output/498535at33208a.out.1 --cpu 1 /kmk/databases/metazoa_odb10/hmms/498535at33208a.hmm busco_out/BUSCO_metazoa.fasta/run_metazoa_odb10/augustus_output/extracted_proteins/498535at33208a.faa.1
DEBUG:busco.Toolset	cmd call: /share/apps/python_shared/3.6.5/etc/sepp/bundled-v4.3.10/hmmsearch --domtblout busco_out/BUSCO_metazoa.fasta/run_metazoa_odb10/hmmer_output/496219at33208a.out.1 --cpu 1 /kmk/databases/metazoa_odb10/hmms/496219at33208a.hmm busco_out/BUSCO_metazoa.fasta/run_metazoa_odb10/augustus_output/extracted_proteins/496219at33208a.faa.1
DEBUG:busco.Toolset	cmd call: /share/apps/python_shared/3.6.5/etc/sepp/bundled-v4.3.10/hmmsearch --domtblout busco_out/BUSCO_metazoa.fasta/run_metazoa_odb10/hmmer_output/500261at33208a.out.1 --cpu 1 /kmk/databases/metazoa_odb10/hmms/500261at33208a.hmm busco_out/BUSCO_metazoa.fasta/run_metazoa_odb10/augustus_output/extracted_proteins/500261at33208a.faa.1
DEBUG:busco.Toolset	cmd call: /share/apps/python_shared/3.6.5/etc/sepp/bundled-v4.3.10/hmmsearch --domtblout busco_out/BUSCO_metazoa.fasta/run_metazoa_odb10/hmmer_output/500808at33208a.out.1 --cpu 1 /kmk/databases/metazoa_odb10/hmms/500808at33208a.hmm busco_out/BUSCO_metazoa.fasta/run_metazoa_odb10/augustus_output/extracted_proteins/500808at33208a.faa.1
DEBUG:busco.Toolset	cmd call: /share/apps/python_shared/3.6.5/etc/sepp/bundled-v4.3.10/hmmsearch --domtblout busco_out/BUSCO_metazoa.fasta/run_metazoa_odb10/hmmer_output/501396at33208a.out.1 --cpu 1 /kmk/databases/metazoa_odb10/hmms/501396at33208a.hmm busco_out/BUSCO_metazoa.fasta/run_metazoa_odb10/augustus_output/extracted_proteins/501396at33208a.faa.1
DEBUG:busco.Toolset	cmd call: /share/apps/python_shared/3.6.5/etc/sepp/bundled-v4.3.10/hmmsearch --domtblout busco_out/BUSCO_metazoa.fasta/run_metazoa_odb10/hmmer_output/501546at33208a.out.1 --cpu 1 /kmk/databases/metazoa_odb10/hmms/501546at33208a.hmm busco_out/BUSCO_metazoa.fasta/run_metazoa_odb10/augustus_output/extracted_proteins/501546at33208a.faa.1
DEBUG:busco.Toolset	cmd call: /share/apps/python_shared/3.6.5/etc/sepp/bundled-v4.3.10/hmmsearch --domtblout busco_out/BUSCO_metazoa.fasta/run_metazoa_odb10/hmmer_output/501788at33208a.out.1 --cpu 1 /kmk/databases/metazoa_odb10/hmms/501788at33208a.hmm busco_out/BUSCO_metazoa.fasta/run_metazoa_odb10/augustus_output/extracted_proteins/501788at33208a.faa.1
DEBUG:busco.Toolset	cmd call: /share/apps/python_shared/3.6.5/etc/sepp/bundled-v4.3.10/hmmsearch --domtblout busco_out/BUSCO_metazoa.fasta/run_metazoa_odb10/hmmer_output/502128at33208a.out.1 --cpu 1 /kmk/databases/metazoa_odb10/hmms/502128at33208a.hmm busco_out/BUSCO_metazoa.fasta/run_metazoa_odb10/augustus_output/extracted_proteins/502128at33208a.faa.1
DEBUG:busco.Toolset	cmd call: /share/apps/python_shared/3.6.5/etc/sepp/bundled-v4.3.10/hmmsearch --domtblout busco_out/BUSCO_metazoa.fasta/run_metazoa_odb10/hmmer_output/502407at33208a.out.1 --cpu 1 /kmk/databases/metazoa_odb10/hmms/502407at33208a.hmm busco_out/BUSCO_metazoa.fasta/run_metazoa_odb10/augustus_output/extracted_proteins/502407at33208a.faa.1
DEBUG:busco.Toolset	cmd call: /share/apps/python_shared/3.6.5/etc/sepp/bundled-v4.3.10/hmmsearch --domtblout busco_out/BUSCO_metazoa.fasta/run_metazoa_odb10/hmmer_output/502584at33208a.out.1 --cpu 1 /kmk/databases/metazoa_odb10/hmms/502584at33208a.hmm busco_out/BUSCO_metazoa.fasta/run_metazoa_odb10/augustus_output/extracted_proteins/502584at33208a.faa.1
DEBUG:busco.Toolset	cmd call: /share/apps/python_shared/3.6.5/etc/sepp/bundled-v4.3.10/hmmsearch --domtblout busco_out/BUSCO_metazoa.fasta/run_metazoa_odb10/hmmer_output/502429at33208a.out.1 --cpu 1 /kmk/databases/metazoa_odb10/hmms/502429at33208a.hmm busco_out/BUSCO_metazoa.fasta/run_metazoa_odb10/augustus_output/extracted_proteins/502429at33208a.faa.1
DEBUG:busco.Toolset	cmd call: /share/apps/python_shared/3.6.5/etc/sepp/bundled-v4.3.10/hmmsearch --domtblout busco_out/BUSCO_metazoa.fasta/run_metazoa_odb10/hmmer_output/502691at33208a.out.1 --cpu 1 /kmk/databases/metazoa_odb10/hmms/502691at33208a.hmm busco_out/BUSCO_metazoa.fasta/run_metazoa_odb10/augustus_output/extracted_proteins/502691at33208a.faa.1
DEBUG:busco.Toolset	cmd call: /share/apps/python_shared/3.6.5/etc/sepp/bundled-v4.3.10/hmmsearch --domtblout busco_out/BUSCO_metazoa.fasta/run_metazoa_odb10/hmmer_output/503333at33208a.out.1 --cpu 1 /kmk/databases/metazoa_odb10/hmms/503333at33208a.hmm busco_out/BUSCO_metazoa.fasta/run_metazoa_odb10/augustus_output/extracted_proteins/503333at33208a.faa.1
DEBUG:busco.Toolset	cmd call: /share/apps/python_shared/3.6.5/etc/sepp/bundled-v4.3.10/hmmsearch --domtblout busco_out/BUSCO_metazoa.fasta/run_metazoa_odb10/hmmer_output/503828at33208a.out.1 --cpu 1 /kmk/databases/metazoa_odb10/hmms/503828at33208a.hmm busco_out/BUSCO_metazoa.fasta/run_metazoa_odb10/augustus_output/extracted_proteins/503828at33208a.faa.1
DEBUG:busco.Toolset	cmd call: /share/apps/python_shared/3.6.5/etc/sepp/bundled-v4.3.10/hmmsearch --domtblout busco_out/BUSCO_metazoa.fasta/run_metazoa_odb10/hmmer_output/504207at33208a.out.1 --cpu 1 /kmk/databases/metazoa_odb10/hmms/504207at33208a.hmm busco_out/BUSCO_metazoa.fasta/run_metazoa_odb10/augustus_output/extracted_proteins/504207at33208a.faa.1
DEBUG:busco.Toolset	cmd call: /share/apps/python_shared/3.6.5/etc/sepp/bundled-v4.3.10/hmmsearch --domtblout busco_out/BUSCO_metazoa.fasta/run_metazoa_odb10/hmmer_output/504292at33208a.out.1 --cpu 1 /kmk/databases/metazoa_odb10/hmms/504292at33208a.hmm busco_out/BUSCO_metazoa.fasta/run_metazoa_odb10/augustus_output/extracted_proteins/504292at33208a.faa.1
DEBUG:busco.Toolset	cmd call: /share/apps/python_shared/3.6.5/etc/sepp/bundled-v4.3.10/hmmsearch --domtblout busco_out/BUSCO_metazoa.fasta/run_metazoa_odb10/hmmer_output/504691at33208a.out.1 --cpu 1 /kmk/databases/metazoa_odb10/hmms/504691at33208a.hmm busco_out/BUSCO_metazoa.fasta/run_metazoa_odb10/augustus_output/extracted_proteins/504691at33208a.faa.1
DEBUG:busco.Toolset	cmd call: /share/apps/python_shared/3.6.5/etc/sepp/bundled-v4.3.10/hmmsearch --domtblout busco_out/BUSCO_metazoa.fasta/run_metazoa_odb10/hmmer_output/504731at33208a.out.1 --cpu 1 /kmk/databases/metazoa_odb10/hmms/504731at33208a.hmm busco_out/BUSCO_metazoa.fasta/run_metazoa_odb10/augustus_output/extracted_proteins/504731at33208a.faa.1
DEBUG:busco.Toolset	cmd call: /share/apps/python_shared/3.6.5/etc/sepp/bundled-v4.3.10/hmmsearch --domtblout busco_out/BUSCO_metazoa.fasta/run_metazoa_odb10/hmmer_output/505248at33208a.out.1 --cpu 1 /kmk/databases/metazoa_odb10/hmms/505248at33208a.hmm busco_out/BUSCO_metazoa.fasta/run_metazoa_odb10/augustus_output/extracted_proteins/505248at33208a.faa.1
DEBUG:busco.Toolset	cmd call: /share/apps/python_shared/3.6.5/etc/sepp/bundled-v4.3.10/hmmsearch --domtblout busco_out/BUSCO_metazoa.fasta/run_metazoa_odb10/hmmer_output/505718at33208a.out.1 --cpu 1 /kmk/databases/metazoa_odb10/hmms/505718at33208a.hmm busco_out/BUSCO_metazoa.fasta/run_metazoa_odb10/augustus_output/extracted_proteins/505718at33208a.faa.1
DEBUG:busco.Toolset	cmd call: /share/apps/python_shared/3.6.5/etc/sepp/bundled-v4.3.10/hmmsearch --domtblout busco_out/BUSCO_metazoa.fasta/run_metazoa_odb10/hmmer_output/50756at33208a.out.1 --cpu 1 /kmk/databases/metazoa_odb10/hmms/50756at33208a.hmm busco_out/BUSCO_metazoa.fasta/run_metazoa_odb10/augustus_output/extracted_proteins/50756at33208a.faa.1
DEBUG:busco.Toolset	cmd call: /share/apps/python_shared/3.6.5/etc/sepp/bundled-v4.3.10/hmmsearch --domtblout busco_out/BUSCO_metazoa.fasta/run_metazoa_odb10/hmmer_output/508188at33208a.out.1 --cpu 1 /kmk/databases/metazoa_odb10/hmms/508188at33208a.hmm busco_out/BUSCO_metazoa.fasta/run_metazoa_odb10/augustus_output/extracted_proteins/508188at33208a.faa.1
DEBUG:busco.Toolset	cmd call: /share/apps/python_shared/3.6.5/etc/sepp/bundled-v4.3.10/hmmsearch --domtblout busco_out/BUSCO_metazoa.fasta/run_metazoa_odb10/hmmer_output/508986at33208a.out.1 --cpu 1 /kmk/databases/metazoa_odb10/hmms/508986at33208a.hmm busco_out/BUSCO_metazoa.fasta/run_metazoa_odb10/augustus_output/extracted_proteins/508986at33208a.faa.1
DEBUG:busco.Toolset	cmd call: /share/apps/python_shared/3.6.5/etc/sepp/bundled-v4.3.10/hmmsearch --domtblout busco_out/BUSCO_metazoa.fasta/run_metazoa_odb10/hmmer_output/509494at33208a.out.1 --cpu 1 /kmk/databases/metazoa_odb10/hmms/509494at33208a.hmm busco_out/BUSCO_metazoa.fasta/run_metazoa_odb10/augustus_output/extracted_proteins/509494at33208a.faa.1
DEBUG:busco.Toolset	cmd call: /share/apps/python_shared/3.6.5/etc/sepp/bundled-v4.3.10/hmmsearch --domtblout busco_out/BUSCO_metazoa.fasta/run_metazoa_odb10/hmmer_output/509816at33208a.out.1 --cpu 1 /kmk/databases/metazoa_odb10/hmms/509816at33208a.hmm busco_out/BUSCO_metazoa.fasta/run_metazoa_odb10/augustus_output/extracted_proteins/509816at33208a.faa.1
DEBUG:busco.Toolset	cmd call: /share/apps/python_shared/3.6.5/etc/sepp/bundled-v4.3.10/hmmsearch --domtblout busco_out/BUSCO_metazoa.fasta/run_metazoa_odb10/hmmer_output/510174at33208a.out.1 --cpu 1 /kmk/databases/metazoa_odb10/hmms/510174at33208a.hmm busco_out/BUSCO_metazoa.fasta/run_metazoa_odb10/augustus_output/extracted_proteins/510174at33208a.faa.1
DEBUG:busco.Toolset	cmd call: /share/apps/python_shared/3.6.5/etc/sepp/bundled-v4.3.10/hmmsearch --domtblout busco_out/BUSCO_metazoa.fasta/run_metazoa_odb10/hmmer_output/510522at33208a.out.1 --cpu 1 /kmk/databases/metazoa_odb10/hmms/510522at33208a.hmm busco_out/BUSCO_metazoa.fasta/run_metazoa_odb10/augustus_output/extracted_proteins/510522at33208a.faa.1
DEBUG:busco.Toolset	cmd call: /share/apps/python_shared/3.6.5/etc/sepp/bundled-v4.3.10/hmmsearch --domtblout busco_out/BUSCO_metazoa.fasta/run_metazoa_odb10/hmmer_output/510581at33208a.out.1 --cpu 1 /kmk/databases/metazoa_odb10/hmms/510581at33208a.hmm busco_out/BUSCO_metazoa.fasta/run_metazoa_odb10/augustus_output/extracted_proteins/510581at33208a.faa.1
DEBUG:busco.Toolset	cmd call: /share/apps/python_shared/3.6.5/etc/sepp/bundled-v4.3.10/hmmsearch --domtblout busco_out/BUSCO_metazoa.fasta/run_metazoa_odb10/hmmer_output/511272at33208a.out.1 --cpu 1 /kmk/databases/metazoa_odb10/hmms/511272at33208a.hmm busco_out/BUSCO_metazoa.fasta/run_metazoa_odb10/augustus_output/extracted_proteins/511272at33208a.faa.1
DEBUG:busco.Toolset	cmd call: /share/apps/python_shared/3.6.5/etc/sepp/bundled-v4.3.10/hmmsearch --domtblout busco_out/BUSCO_metazoa.fasta/run_metazoa_odb10/hmmer_output/511386at33208a.out.1 --cpu 1 /kmk/databases/metazoa_odb10/hmms/511386at33208a.hmm busco_out/BUSCO_metazoa.fasta/run_metazoa_odb10/augustus_output/extracted_proteins/511386at33208a.faa.1
DEBUG:busco.Toolset	cmd call: /share/apps/python_shared/3.6.5/etc/sepp/bundled-v4.3.10/hmmsearch --domtblout busco_out/BUSCO_metazoa.fasta/run_metazoa_odb10/hmmer_output/511575at33208a.out.1 --cpu 1 /kmk/databases/metazoa_odb10/hmms/511575at33208a.hmm busco_out/BUSCO_metazoa.fasta/run_metazoa_odb10/augustus_output/extracted_proteins/511575at33208a.faa.1
DEBUG:busco.Toolset	cmd call: /share/apps/python_shared/3.6.5/etc/sepp/bundled-v4.3.10/hmmsearch --domtblout busco_out/BUSCO_metazoa.fasta/run_metazoa_odb10/hmmer_output/511668at33208a.out.1 --cpu 1 /kmk/databases/metazoa_odb10/hmms/511668at33208a.hmm busco_out/BUSCO_metazoa.fasta/run_metazoa_odb10/augustus_output/extracted_proteins/511668at33208a.faa.1
DEBUG:busco.Toolset	cmd call: /share/apps/python_shared/3.6.5/etc/sepp/bundled-v4.3.10/hmmsearch --domtblout busco_out/BUSCO_metazoa.fasta/run_metazoa_odb10/hmmer_output/514121at33208a.out.1 --cpu 1 /kmk/databases/metazoa_odb10/hmms/514121at33208a.hmm busco_out/BUSCO_metazoa.fasta/run_metazoa_odb10/augustus_output/extracted_proteins/514121at33208a.faa.1
DEBUG:busco.Toolset	cmd call: /share/apps/python_shared/3.6.5/etc/sepp/bundled-v4.3.10/hmmsearch --domtblout busco_out/BUSCO_metazoa.fasta/run_metazoa_odb10/hmmer_output/514121at33208a.out.2 --cpu 1 /kmk/databases/metazoa_odb10/hmms/514121at33208a.hmm busco_out/BUSCO_metazoa.fasta/run_metazoa_odb10/augustus_output/extracted_proteins/514121at33208a.faa.2
DEBUG:busco.Toolset	cmd call: /share/apps/python_shared/3.6.5/etc/sepp/bundled-v4.3.10/hmmsearch --domtblout busco_out/BUSCO_metazoa.fasta/run_metazoa_odb10/hmmer_output/514121at33208a.out.3 --cpu 1 /kmk/databases/metazoa_odb10/hmms/514121at33208a.hmm busco_out/BUSCO_metazoa.fasta/run_metazoa_odb10/augustus_output/extracted_proteins/514121at33208a.faa.3
DEBUG:busco.Toolset	cmd call: /share/apps/python_shared/3.6.5/etc/sepp/bundled-v4.3.10/hmmsearch --domtblout busco_out/BUSCO_metazoa.fasta/run_metazoa_odb10/hmmer_output/514296at33208a.out.1 --cpu 1 /kmk/databases/metazoa_odb10/hmms/514296at33208a.hmm busco_out/BUSCO_metazoa.fasta/run_metazoa_odb10/augustus_output/extracted_proteins/514296at33208a.faa.1
DEBUG:busco.Toolset	cmd call: /share/apps/python_shared/3.6.5/etc/sepp/bundled-v4.3.10/hmmsearch --domtblout busco_out/BUSCO_metazoa.fasta/run_metazoa_odb10/hmmer_output/514565at33208a.out.1 --cpu 1 /kmk/databases/metazoa_odb10/hmms/514565at33208a.hmm busco_out/BUSCO_metazoa.fasta/run_metazoa_odb10/augustus_output/extracted_proteins/514565at33208a.faa.1
DEBUG:busco.Toolset	cmd call: /share/apps/python_shared/3.6.5/etc/sepp/bundled-v4.3.10/hmmsearch --domtblout busco_out/BUSCO_metazoa.fasta/run_metazoa_odb10/hmmer_output/514675at33208a.out.1 --cpu 1 /kmk/databases/metazoa_odb10/hmms/514675at33208a.hmm busco_out/BUSCO_metazoa.fasta/run_metazoa_odb10/augustus_output/extracted_proteins/514675at33208a.faa.1
DEBUG:busco.Toolset	cmd call: /share/apps/python_shared/3.6.5/etc/sepp/bundled-v4.3.10/hmmsearch --domtblout busco_out/BUSCO_metazoa.fasta/run_metazoa_odb10/hmmer_output/514698at33208a.out.1 --cpu 1 /kmk/databases/metazoa_odb10/hmms/514698at33208a.hmm busco_out/BUSCO_metazoa.fasta/run_metazoa_odb10/augustus_output/extracted_proteins/514698at33208a.faa.1
DEBUG:busco.Toolset	cmd call: /share/apps/python_shared/3.6.5/etc/sepp/bundled-v4.3.10/hmmsearch --domtblout busco_out/BUSCO_metazoa.fasta/run_metazoa_odb10/hmmer_output/514724at33208a.out.1 --cpu 1 /kmk/databases/metazoa_odb10/hmms/514724at33208a.hmm busco_out/BUSCO_metazoa.fasta/run_metazoa_odb10/augustus_output/extracted_proteins/514724at33208a.faa.1
DEBUG:busco.Toolset	cmd call: /share/apps/python_shared/3.6.5/etc/sepp/bundled-v4.3.10/hmmsearch --domtblout busco_out/BUSCO_metazoa.fasta/run_metazoa_odb10/hmmer_output/514740at33208a.out.1 --cpu 1 /kmk/databases/metazoa_odb10/hmms/514740at33208a.hmm busco_out/BUSCO_metazoa.fasta/run_metazoa_odb10/augustus_output/extracted_proteins/514740at33208a.faa.1
DEBUG:busco.Toolset	cmd call: /share/apps/python_shared/3.6.5/etc/sepp/bundled-v4.3.10/hmmsearch --domtblout busco_out/BUSCO_metazoa.fasta/run_metazoa_odb10/hmmer_output/514834at33208a.out.1 --cpu 1 /kmk/databases/metazoa_odb10/hmms/514834at33208a.hmm busco_out/BUSCO_metazoa.fasta/run_metazoa_odb10/augustus_output/extracted_proteins/514834at33208a.faa.1
DEBUG:busco.Toolset	cmd call: /share/apps/python_shared/3.6.5/etc/sepp/bundled-v4.3.10/hmmsearch --domtblout busco_out/BUSCO_metazoa.fasta/run_metazoa_odb10/hmmer_output/514892at33208a.out.1 --cpu 1 /kmk/databases/metazoa_odb10/hmms/514892at33208a.hmm busco_out/BUSCO_metazoa.fasta/run_metazoa_odb10/augustus_output/extracted_proteins/514892at33208a.faa.1
DEBUG:busco.Toolset	cmd call: /share/apps/python_shared/3.6.5/etc/sepp/bundled-v4.3.10/hmmsearch --domtblout busco_out/BUSCO_metazoa.fasta/run_metazoa_odb10/hmmer_output/515058at33208a.out.1 --cpu 1 /kmk/databases/metazoa_odb10/hmms/515058at33208a.hmm busco_out/BUSCO_metazoa.fasta/run_metazoa_odb10/augustus_output/extracted_proteins/515058at33208a.faa.1
DEBUG:busco.Toolset	cmd call: /share/apps/python_shared/3.6.5/etc/sepp/bundled-v4.3.10/hmmsearch --domtblout busco_out/BUSCO_metazoa.fasta/run_metazoa_odb10/hmmer_output/515377at33208a.out.1 --cpu 1 /kmk/databases/metazoa_odb10/hmms/515377at33208a.hmm busco_out/BUSCO_metazoa.fasta/run_metazoa_odb10/augustus_output/extracted_proteins/515377at33208a.faa.1
DEBUG:busco.Toolset	cmd call: /share/apps/python_shared/3.6.5/etc/sepp/bundled-v4.3.10/hmmsearch --domtblout busco_out/BUSCO_metazoa.fasta/run_metazoa_odb10/hmmer_output/515410at33208a.out.1 --cpu 1 /kmk/databases/metazoa_odb10/hmms/515410at33208a.hmm busco_out/BUSCO_metazoa.fasta/run_metazoa_odb10/augustus_output/extracted_proteins/515410at33208a.faa.1
DEBUG:busco.Toolset	cmd call: /share/apps/python_shared/3.6.5/etc/sepp/bundled-v4.3.10/hmmsearch --domtblout busco_out/BUSCO_metazoa.fasta/run_metazoa_odb10/hmmer_output/515425at33208a.out.1 --cpu 1 /kmk/databases/metazoa_odb10/hmms/515425at33208a.hmm busco_out/BUSCO_metazoa.fasta/run_metazoa_odb10/augustus_output/extracted_proteins/515425at33208a.faa.1
DEBUG:busco.Toolset	cmd call: /share/apps/python_shared/3.6.5/etc/sepp/bundled-v4.3.10/hmmsearch --domtblout busco_out/BUSCO_metazoa.fasta/run_metazoa_odb10/hmmer_output/515528at33208a.out.1 --cpu 1 /kmk/databases/metazoa_odb10/hmms/515528at33208a.hmm busco_out/BUSCO_metazoa.fasta/run_metazoa_odb10/augustus_output/extracted_proteins/515528at33208a.faa.1
DEBUG:busco.Toolset	cmd call: /share/apps/python_shared/3.6.5/etc/sepp/bundled-v4.3.10/hmmsearch --domtblout busco_out/BUSCO_metazoa.fasta/run_metazoa_odb10/hmmer_output/515640at33208a.out.1 --cpu 1 /kmk/databases/metazoa_odb10/hmms/515640at33208a.hmm busco_out/BUSCO_metazoa.fasta/run_metazoa_odb10/augustus_output/extracted_proteins/515640at33208a.faa.1
DEBUG:busco.Toolset	cmd call: /share/apps/python_shared/3.6.5/etc/sepp/bundled-v4.3.10/hmmsearch --domtblout busco_out/BUSCO_metazoa.fasta/run_metazoa_odb10/hmmer_output/516078at33208a.out.1 --cpu 1 /kmk/databases/metazoa_odb10/hmms/516078at33208a.hmm busco_out/BUSCO_metazoa.fasta/run_metazoa_odb10/augustus_output/extracted_proteins/516078at33208a.faa.1
DEBUG:busco.Toolset	cmd call: /share/apps/python_shared/3.6.5/etc/sepp/bundled-v4.3.10/hmmsearch --domtblout busco_out/BUSCO_metazoa.fasta/run_metazoa_odb10/hmmer_output/516321at33208a.out.1 --cpu 1 /kmk/databases/metazoa_odb10/hmms/516321at33208a.hmm busco_out/BUSCO_metazoa.fasta/run_metazoa_odb10/augustus_output/extracted_proteins/516321at33208a.faa.1
DEBUG:busco.Toolset	cmd call: /share/apps/python_shared/3.6.5/etc/sepp/bundled-v4.3.10/hmmsearch --domtblout busco_out/BUSCO_metazoa.fasta/run_metazoa_odb10/hmmer_output/516481at33208a.out.1 --cpu 1 /kmk/databases/metazoa_odb10/hmms/516481at33208a.hmm busco_out/BUSCO_metazoa.fasta/run_metazoa_odb10/augustus_output/extracted_proteins/516481at33208a.faa.1
DEBUG:busco.Toolset	cmd call: /share/apps/python_shared/3.6.5/etc/sepp/bundled-v4.3.10/hmmsearch --domtblout busco_out/BUSCO_metazoa.fasta/run_metazoa_odb10/hmmer_output/516659at33208a.out.1 --cpu 1 /kmk/databases/metazoa_odb10/hmms/516659at33208a.hmm busco_out/BUSCO_metazoa.fasta/run_metazoa_odb10/augustus_output/extracted_proteins/516659at33208a.faa.1
DEBUG:busco.Toolset	cmd call: /share/apps/python_shared/3.6.5/etc/sepp/bundled-v4.3.10/hmmsearch --domtblout busco_out/BUSCO_metazoa.fasta/run_metazoa_odb10/hmmer_output/516716at33208a.out.1 --cpu 1 /kmk/databases/metazoa_odb10/hmms/516716at33208a.hmm busco_out/BUSCO_metazoa.fasta/run_metazoa_odb10/augustus_output/extracted_proteins/516716at33208a.faa.1
INFO:busco.Toolset	[hmmsearch]	551 of 917 task(s) completed
DEBUG:busco.Toolset	cmd call: /share/apps/python_shared/3.6.5/etc/sepp/bundled-v4.3.10/hmmsearch --domtblout busco_out/BUSCO_metazoa.fasta/run_metazoa_odb10/hmmer_output/517311at33208a.out.1 --cpu 1 /kmk/databases/metazoa_odb10/hmms/517311at33208a.hmm busco_out/BUSCO_metazoa.fasta/run_metazoa_odb10/augustus_output/extracted_proteins/517311at33208a.faa.1
DEBUG:busco.Toolset	cmd call: /share/apps/python_shared/3.6.5/etc/sepp/bundled-v4.3.10/hmmsearch --domtblout busco_out/BUSCO_metazoa.fasta/run_metazoa_odb10/hmmer_output/517525at33208a.out.1 --cpu 1 /kmk/databases/metazoa_odb10/hmms/517525at33208a.hmm busco_out/BUSCO_metazoa.fasta/run_metazoa_odb10/augustus_output/extracted_proteins/517525at33208a.faa.1
DEBUG:busco.Toolset	cmd call: /share/apps/python_shared/3.6.5/etc/sepp/bundled-v4.3.10/hmmsearch --domtblout busco_out/BUSCO_metazoa.fasta/run_metazoa_odb10/hmmer_output/517525at33208a.out.2 --cpu 1 /kmk/databases/metazoa_odb10/hmms/517525at33208a.hmm busco_out/BUSCO_metazoa.fasta/run_metazoa_odb10/augustus_output/extracted_proteins/517525at33208a.faa.2
DEBUG:busco.Toolset	cmd call: /share/apps/python_shared/3.6.5/etc/sepp/bundled-v4.3.10/hmmsearch --domtblout busco_out/BUSCO_metazoa.fasta/run_metazoa_odb10/hmmer_output/517686at33208a.out.1 --cpu 1 /kmk/databases/metazoa_odb10/hmms/517686at33208a.hmm busco_out/BUSCO_metazoa.fasta/run_metazoa_odb10/augustus_output/extracted_proteins/517686at33208a.faa.1
DEBUG:busco.Toolset	cmd call: /share/apps/python_shared/3.6.5/etc/sepp/bundled-v4.3.10/hmmsearch --domtblout busco_out/BUSCO_metazoa.fasta/run_metazoa_odb10/hmmer_output/518288at33208a.out.1 --cpu 1 /kmk/databases/metazoa_odb10/hmms/518288at33208a.hmm busco_out/BUSCO_metazoa.fasta/run_metazoa_odb10/augustus_output/extracted_proteins/518288at33208a.faa.1
DEBUG:busco.Toolset	cmd call: /share/apps/python_shared/3.6.5/etc/sepp/bundled-v4.3.10/hmmsearch --domtblout busco_out/BUSCO_metazoa.fasta/run_metazoa_odb10/hmmer_output/518569at33208a.out.1 --cpu 1 /kmk/databases/metazoa_odb10/hmms/518569at33208a.hmm busco_out/BUSCO_metazoa.fasta/run_metazoa_odb10/augustus_output/extracted_proteins/518569at33208a.faa.1
DEBUG:busco.Toolset	cmd call: /share/apps/python_shared/3.6.5/etc/sepp/bundled-v4.3.10/hmmsearch --domtblout busco_out/BUSCO_metazoa.fasta/run_metazoa_odb10/hmmer_output/518635at33208a.out.1 --cpu 1 /kmk/databases/metazoa_odb10/hmms/518635at33208a.hmm busco_out/BUSCO_metazoa.fasta/run_metazoa_odb10/augustus_output/extracted_proteins/518635at33208a.faa.1
DEBUG:busco.Toolset	cmd call: /share/apps/python_shared/3.6.5/etc/sepp/bundled-v4.3.10/hmmsearch --domtblout busco_out/BUSCO_metazoa.fasta/run_metazoa_odb10/hmmer_output/519030at33208a.out.1 --cpu 1 /kmk/databases/metazoa_odb10/hmms/519030at33208a.hmm busco_out/BUSCO_metazoa.fasta/run_metazoa_odb10/augustus_output/extracted_proteins/519030at33208a.faa.1
DEBUG:busco.Toolset	cmd call: /share/apps/python_shared/3.6.5/etc/sepp/bundled-v4.3.10/hmmsearch --domtblout busco_out/BUSCO_metazoa.fasta/run_metazoa_odb10/hmmer_output/519303at33208a.out.1 --cpu 1 /kmk/databases/metazoa_odb10/hmms/519303at33208a.hmm busco_out/BUSCO_metazoa.fasta/run_metazoa_odb10/augustus_output/extracted_proteins/519303at33208a.faa.1
DEBUG:busco.Toolset	cmd call: /share/apps/python_shared/3.6.5/etc/sepp/bundled-v4.3.10/hmmsearch --domtblout busco_out/BUSCO_metazoa.fasta/run_metazoa_odb10/hmmer_output/519777at33208a.out.1 --cpu 1 /kmk/databases/metazoa_odb10/hmms/519777at33208a.hmm busco_out/BUSCO_metazoa.fasta/run_metazoa_odb10/augustus_output/extracted_proteins/519777at33208a.faa.1
DEBUG:busco.Toolset	cmd call: /share/apps/python_shared/3.6.5/etc/sepp/bundled-v4.3.10/hmmsearch --domtblout busco_out/BUSCO_metazoa.fasta/run_metazoa_odb10/hmmer_output/521343at33208a.out.1 --cpu 1 /kmk/databases/metazoa_odb10/hmms/521343at33208a.hmm busco_out/BUSCO_metazoa.fasta/run_metazoa_odb10/augustus_output/extracted_proteins/521343at33208a.faa.1
DEBUG:busco.Toolset	cmd call: /share/apps/python_shared/3.6.5/etc/sepp/bundled-v4.3.10/hmmsearch --domtblout busco_out/BUSCO_metazoa.fasta/run_metazoa_odb10/hmmer_output/522886at33208a.out.1 --cpu 1 /kmk/databases/metazoa_odb10/hmms/522886at33208a.hmm busco_out/BUSCO_metazoa.fasta/run_metazoa_odb10/augustus_output/extracted_proteins/522886at33208a.faa.1
DEBUG:busco.Toolset	cmd call: /share/apps/python_shared/3.6.5/etc/sepp/bundled-v4.3.10/hmmsearch --domtblout busco_out/BUSCO_metazoa.fasta/run_metazoa_odb10/hmmer_output/522988at33208a.out.1 --cpu 1 /kmk/databases/metazoa_odb10/hmms/522988at33208a.hmm busco_out/BUSCO_metazoa.fasta/run_metazoa_odb10/augustus_output/extracted_proteins/522988at33208a.faa.1
DEBUG:busco.Toolset	cmd call: /share/apps/python_shared/3.6.5/etc/sepp/bundled-v4.3.10/hmmsearch --domtblout busco_out/BUSCO_metazoa.fasta/run_metazoa_odb10/hmmer_output/523206at33208a.out.1 --cpu 1 /kmk/databases/metazoa_odb10/hmms/523206at33208a.hmm busco_out/BUSCO_metazoa.fasta/run_metazoa_odb10/augustus_output/extracted_proteins/523206at33208a.faa.1
DEBUG:busco.Toolset	cmd call: /share/apps/python_shared/3.6.5/etc/sepp/bundled-v4.3.10/hmmsearch --domtblout busco_out/BUSCO_metazoa.fasta/run_metazoa_odb10/hmmer_output/523376at33208a.out.1 --cpu 1 /kmk/databases/metazoa_odb10/hmms/523376at33208a.hmm busco_out/BUSCO_metazoa.fasta/run_metazoa_odb10/augustus_output/extracted_proteins/523376at33208a.faa.1
DEBUG:busco.Toolset	cmd call: /share/apps/python_shared/3.6.5/etc/sepp/bundled-v4.3.10/hmmsearch --domtblout busco_out/BUSCO_metazoa.fasta/run_metazoa_odb10/hmmer_output/523534at33208a.out.1 --cpu 1 /kmk/databases/metazoa_odb10/hmms/523534at33208a.hmm busco_out/BUSCO_metazoa.fasta/run_metazoa_odb10/augustus_output/extracted_proteins/523534at33208a.faa.1
DEBUG:busco.Toolset	cmd call: /share/apps/python_shared/3.6.5/etc/sepp/bundled-v4.3.10/hmmsearch --domtblout busco_out/BUSCO_metazoa.fasta/run_metazoa_odb10/hmmer_output/524148at33208a.out.1 --cpu 1 /kmk/databases/metazoa_odb10/hmms/524148at33208a.hmm busco_out/BUSCO_metazoa.fasta/run_metazoa_odb10/augustus_output/extracted_proteins/524148at33208a.faa.1
DEBUG:busco.Toolset	cmd call: /share/apps/python_shared/3.6.5/etc/sepp/bundled-v4.3.10/hmmsearch --domtblout busco_out/BUSCO_metazoa.fasta/run_metazoa_odb10/hmmer_output/524165at33208a.out.1 --cpu 1 /kmk/databases/metazoa_odb10/hmms/524165at33208a.hmm busco_out/BUSCO_metazoa.fasta/run_metazoa_odb10/augustus_output/extracted_proteins/524165at33208a.faa.1
DEBUG:busco.Toolset	cmd call: /share/apps/python_shared/3.6.5/etc/sepp/bundled-v4.3.10/hmmsearch --domtblout busco_out/BUSCO_metazoa.fasta/run_metazoa_odb10/hmmer_output/525542at33208a.out.1 --cpu 1 /kmk/databases/metazoa_odb10/hmms/525542at33208a.hmm busco_out/BUSCO_metazoa.fasta/run_metazoa_odb10/augustus_output/extracted_proteins/525542at33208a.faa.1
DEBUG:busco.Toolset	cmd call: /share/apps/python_shared/3.6.5/etc/sepp/bundled-v4.3.10/hmmsearch --domtblout busco_out/BUSCO_metazoa.fasta/run_metazoa_odb10/hmmer_output/525542at33208a.out.2 --cpu 1 /kmk/databases/metazoa_odb10/hmms/525542at33208a.hmm busco_out/BUSCO_metazoa.fasta/run_metazoa_odb10/augustus_output/extracted_proteins/525542at33208a.faa.2
DEBUG:busco.Toolset	cmd call: /share/apps/python_shared/3.6.5/etc/sepp/bundled-v4.3.10/hmmsearch --domtblout busco_out/BUSCO_metazoa.fasta/run_metazoa_odb10/hmmer_output/525542at33208a.out.3 --cpu 1 /kmk/databases/metazoa_odb10/hmms/525542at33208a.hmm busco_out/BUSCO_metazoa.fasta/run_metazoa_odb10/augustus_output/extracted_proteins/525542at33208a.faa.3
DEBUG:busco.Toolset	cmd call: /share/apps/python_shared/3.6.5/etc/sepp/bundled-v4.3.10/hmmsearch --domtblout busco_out/BUSCO_metazoa.fasta/run_metazoa_odb10/hmmer_output/525888at33208a.out.1 --cpu 1 /kmk/databases/metazoa_odb10/hmms/525888at33208a.hmm busco_out/BUSCO_metazoa.fasta/run_metazoa_odb10/augustus_output/extracted_proteins/525888at33208a.faa.1
DEBUG:busco.Toolset	cmd call: /share/apps/python_shared/3.6.5/etc/sepp/bundled-v4.3.10/hmmsearch --domtblout busco_out/BUSCO_metazoa.fasta/run_metazoa_odb10/hmmer_output/526074at33208a.out.1 --cpu 1 /kmk/databases/metazoa_odb10/hmms/526074at33208a.hmm busco_out/BUSCO_metazoa.fasta/run_metazoa_odb10/augustus_output/extracted_proteins/526074at33208a.faa.1
DEBUG:busco.Toolset	cmd call: /share/apps/python_shared/3.6.5/etc/sepp/bundled-v4.3.10/hmmsearch --domtblout busco_out/BUSCO_metazoa.fasta/run_metazoa_odb10/hmmer_output/526487at33208a.out.1 --cpu 1 /kmk/databases/metazoa_odb10/hmms/526487at33208a.hmm busco_out/BUSCO_metazoa.fasta/run_metazoa_odb10/augustus_output/extracted_proteins/526487at33208a.faa.1
DEBUG:busco.Toolset	cmd call: /share/apps/python_shared/3.6.5/etc/sepp/bundled-v4.3.10/hmmsearch --domtblout busco_out/BUSCO_metazoa.fasta/run_metazoa_odb10/hmmer_output/526673at33208a.out.1 --cpu 1 /kmk/databases/metazoa_odb10/hmms/526673at33208a.hmm busco_out/BUSCO_metazoa.fasta/run_metazoa_odb10/augustus_output/extracted_proteins/526673at33208a.faa.1
DEBUG:busco.Toolset	cmd call: /share/apps/python_shared/3.6.5/etc/sepp/bundled-v4.3.10/hmmsearch --domtblout busco_out/BUSCO_metazoa.fasta/run_metazoa_odb10/hmmer_output/526839at33208a.out.1 --cpu 1 /kmk/databases/metazoa_odb10/hmms/526839at33208a.hmm busco_out/BUSCO_metazoa.fasta/run_metazoa_odb10/augustus_output/extracted_proteins/526839at33208a.faa.1
DEBUG:busco.Toolset	cmd call: /share/apps/python_shared/3.6.5/etc/sepp/bundled-v4.3.10/hmmsearch --domtblout busco_out/BUSCO_metazoa.fasta/run_metazoa_odb10/hmmer_output/527406at33208a.out.1 --cpu 1 /kmk/databases/metazoa_odb10/hmms/527406at33208a.hmm busco_out/BUSCO_metazoa.fasta/run_metazoa_odb10/augustus_output/extracted_proteins/527406at33208a.faa.1
DEBUG:busco.Toolset	cmd call: /share/apps/python_shared/3.6.5/etc/sepp/bundled-v4.3.10/hmmsearch --domtblout busco_out/BUSCO_metazoa.fasta/run_metazoa_odb10/hmmer_output/528325at33208a.out.1 --cpu 1 /kmk/databases/metazoa_odb10/hmms/528325at33208a.hmm busco_out/BUSCO_metazoa.fasta/run_metazoa_odb10/augustus_output/extracted_proteins/528325at33208a.faa.1
DEBUG:busco.Toolset	cmd call: /share/apps/python_shared/3.6.5/etc/sepp/bundled-v4.3.10/hmmsearch --domtblout busco_out/BUSCO_metazoa.fasta/run_metazoa_odb10/hmmer_output/529092at33208a.out.1 --cpu 1 /kmk/databases/metazoa_odb10/hmms/529092at33208a.hmm busco_out/BUSCO_metazoa.fasta/run_metazoa_odb10/augustus_output/extracted_proteins/529092at33208a.faa.1
DEBUG:busco.Toolset	cmd call: /share/apps/python_shared/3.6.5/etc/sepp/bundled-v4.3.10/hmmsearch --domtblout busco_out/BUSCO_metazoa.fasta/run_metazoa_odb10/hmmer_output/529093at33208a.out.1 --cpu 1 /kmk/databases/metazoa_odb10/hmms/529093at33208a.hmm busco_out/BUSCO_metazoa.fasta/run_metazoa_odb10/augustus_output/extracted_proteins/529093at33208a.faa.1
DEBUG:busco.Toolset	cmd call: /share/apps/python_shared/3.6.5/etc/sepp/bundled-v4.3.10/hmmsearch --domtblout busco_out/BUSCO_metazoa.fasta/run_metazoa_odb10/hmmer_output/529708at33208a.out.1 --cpu 1 /kmk/databases/metazoa_odb10/hmms/529708at33208a.hmm busco_out/BUSCO_metazoa.fasta/run_metazoa_odb10/augustus_output/extracted_proteins/529708at33208a.faa.1
DEBUG:busco.Toolset	cmd call: /share/apps/python_shared/3.6.5/etc/sepp/bundled-v4.3.10/hmmsearch --domtblout busco_out/BUSCO_metazoa.fasta/run_metazoa_odb10/hmmer_output/529852at33208a.out.1 --cpu 1 /kmk/databases/metazoa_odb10/hmms/529852at33208a.hmm busco_out/BUSCO_metazoa.fasta/run_metazoa_odb10/augustus_output/extracted_proteins/529852at33208a.faa.1
DEBUG:busco.Toolset	cmd call: /share/apps/python_shared/3.6.5/etc/sepp/bundled-v4.3.10/hmmsearch --domtblout busco_out/BUSCO_metazoa.fasta/run_metazoa_odb10/hmmer_output/530431at33208a.out.1 --cpu 1 /kmk/databases/metazoa_odb10/hmms/530431at33208a.hmm busco_out/BUSCO_metazoa.fasta/run_metazoa_odb10/augustus_output/extracted_proteins/530431at33208a.faa.1
DEBUG:busco.Toolset	cmd call: /share/apps/python_shared/3.6.5/etc/sepp/bundled-v4.3.10/hmmsearch --domtblout busco_out/BUSCO_metazoa.fasta/run_metazoa_odb10/hmmer_output/532406at33208a.out.1 --cpu 1 /kmk/databases/metazoa_odb10/hmms/532406at33208a.hmm busco_out/BUSCO_metazoa.fasta/run_metazoa_odb10/augustus_output/extracted_proteins/532406at33208a.faa.1
DEBUG:busco.Toolset	cmd call: /share/apps/python_shared/3.6.5/etc/sepp/bundled-v4.3.10/hmmsearch --domtblout busco_out/BUSCO_metazoa.fasta/run_metazoa_odb10/hmmer_output/532693at33208a.out.1 --cpu 1 /kmk/databases/metazoa_odb10/hmms/532693at33208a.hmm busco_out/BUSCO_metazoa.fasta/run_metazoa_odb10/augustus_output/extracted_proteins/532693at33208a.faa.1
DEBUG:busco.Toolset	cmd call: /share/apps/python_shared/3.6.5/etc/sepp/bundled-v4.3.10/hmmsearch --domtblout busco_out/BUSCO_metazoa.fasta/run_metazoa_odb10/hmmer_output/532728at33208a.out.1 --cpu 1 /kmk/databases/metazoa_odb10/hmms/532728at33208a.hmm busco_out/BUSCO_metazoa.fasta/run_metazoa_odb10/augustus_output/extracted_proteins/532728at33208a.faa.1
DEBUG:busco.Toolset	cmd call: /share/apps/python_shared/3.6.5/etc/sepp/bundled-v4.3.10/hmmsearch --domtblout busco_out/BUSCO_metazoa.fasta/run_metazoa_odb10/hmmer_output/532930at33208a.out.1 --cpu 1 /kmk/databases/metazoa_odb10/hmms/532930at33208a.hmm busco_out/BUSCO_metazoa.fasta/run_metazoa_odb10/augustus_output/extracted_proteins/532930at33208a.faa.1
DEBUG:busco.Toolset	cmd call: /share/apps/python_shared/3.6.5/etc/sepp/bundled-v4.3.10/hmmsearch --domtblout busco_out/BUSCO_metazoa.fasta/run_metazoa_odb10/hmmer_output/533690at33208a.out.1 --cpu 1 /kmk/databases/metazoa_odb10/hmms/533690at33208a.hmm busco_out/BUSCO_metazoa.fasta/run_metazoa_odb10/augustus_output/extracted_proteins/533690at33208a.faa.1
DEBUG:busco.Toolset	cmd call: /share/apps/python_shared/3.6.5/etc/sepp/bundled-v4.3.10/hmmsearch --domtblout busco_out/BUSCO_metazoa.fasta/run_metazoa_odb10/hmmer_output/534172at33208a.out.1 --cpu 1 /kmk/databases/metazoa_odb10/hmms/534172at33208a.hmm busco_out/BUSCO_metazoa.fasta/run_metazoa_odb10/augustus_output/extracted_proteins/534172at33208a.faa.1
DEBUG:busco.Toolset	cmd call: /share/apps/python_shared/3.6.5/etc/sepp/bundled-v4.3.10/hmmsearch --domtblout busco_out/BUSCO_metazoa.fasta/run_metazoa_odb10/hmmer_output/534206at33208a.out.1 --cpu 1 /kmk/databases/metazoa_odb10/hmms/534206at33208a.hmm busco_out/BUSCO_metazoa.fasta/run_metazoa_odb10/augustus_output/extracted_proteins/534206at33208a.faa.1
DEBUG:busco.Toolset	cmd call: /share/apps/python_shared/3.6.5/etc/sepp/bundled-v4.3.10/hmmsearch --domtblout busco_out/BUSCO_metazoa.fasta/run_metazoa_odb10/hmmer_output/534312at33208a.out.2 --cpu 1 /kmk/databases/metazoa_odb10/hmms/534312at33208a.hmm busco_out/BUSCO_metazoa.fasta/run_metazoa_odb10/augustus_output/extracted_proteins/534312at33208a.faa.2
DEBUG:busco.Toolset	cmd call: /share/apps/python_shared/3.6.5/etc/sepp/bundled-v4.3.10/hmmsearch --domtblout busco_out/BUSCO_metazoa.fasta/run_metazoa_odb10/hmmer_output/534757at33208a.out.1 --cpu 1 /kmk/databases/metazoa_odb10/hmms/534757at33208a.hmm busco_out/BUSCO_metazoa.fasta/run_metazoa_odb10/augustus_output/extracted_proteins/534757at33208a.faa.1
DEBUG:busco.Toolset	cmd call: /share/apps/python_shared/3.6.5/etc/sepp/bundled-v4.3.10/hmmsearch --domtblout busco_out/BUSCO_metazoa.fasta/run_metazoa_odb10/hmmer_output/534808at33208a.out.1 --cpu 1 /kmk/databases/metazoa_odb10/hmms/534808at33208a.hmm busco_out/BUSCO_metazoa.fasta/run_metazoa_odb10/augustus_output/extracted_proteins/534808at33208a.faa.1
DEBUG:busco.Toolset	cmd call: /share/apps/python_shared/3.6.5/etc/sepp/bundled-v4.3.10/hmmsearch --domtblout busco_out/BUSCO_metazoa.fasta/run_metazoa_odb10/hmmer_output/535268at33208a.out.1 --cpu 1 /kmk/databases/metazoa_odb10/hmms/535268at33208a.hmm busco_out/BUSCO_metazoa.fasta/run_metazoa_odb10/augustus_output/extracted_proteins/535268at33208a.faa.1
DEBUG:busco.Toolset	cmd call: /share/apps/python_shared/3.6.5/etc/sepp/bundled-v4.3.10/hmmsearch --domtblout busco_out/BUSCO_metazoa.fasta/run_metazoa_odb10/hmmer_output/535367at33208a.out.1 --cpu 1 /kmk/databases/metazoa_odb10/hmms/535367at33208a.hmm busco_out/BUSCO_metazoa.fasta/run_metazoa_odb10/augustus_output/extracted_proteins/535367at33208a.faa.1
DEBUG:busco.Toolset	cmd call: /share/apps/python_shared/3.6.5/etc/sepp/bundled-v4.3.10/hmmsearch --domtblout busco_out/BUSCO_metazoa.fasta/run_metazoa_odb10/hmmer_output/535524at33208a.out.1 --cpu 1 /kmk/databases/metazoa_odb10/hmms/535524at33208a.hmm busco_out/BUSCO_metazoa.fasta/run_metazoa_odb10/augustus_output/extracted_proteins/535524at33208a.faa.1
DEBUG:busco.Toolset	cmd call: /share/apps/python_shared/3.6.5/etc/sepp/bundled-v4.3.10/hmmsearch --domtblout busco_out/BUSCO_metazoa.fasta/run_metazoa_odb10/hmmer_output/535650at33208a.out.1 --cpu 1 /kmk/databases/metazoa_odb10/hmms/535650at33208a.hmm busco_out/BUSCO_metazoa.fasta/run_metazoa_odb10/augustus_output/extracted_proteins/535650at33208a.faa.1
DEBUG:busco.Toolset	cmd call: /share/apps/python_shared/3.6.5/etc/sepp/bundled-v4.3.10/hmmsearch --domtblout busco_out/BUSCO_metazoa.fasta/run_metazoa_odb10/hmmer_output/535782at33208a.out.1 --cpu 1 /kmk/databases/metazoa_odb10/hmms/535782at33208a.hmm busco_out/BUSCO_metazoa.fasta/run_metazoa_odb10/augustus_output/extracted_proteins/535782at33208a.faa.1
DEBUG:busco.Toolset	cmd call: /share/apps/python_shared/3.6.5/etc/sepp/bundled-v4.3.10/hmmsearch --domtblout busco_out/BUSCO_metazoa.fasta/run_metazoa_odb10/hmmer_output/535806at33208a.out.1 --cpu 1 /kmk/databases/metazoa_odb10/hmms/535806at33208a.hmm busco_out/BUSCO_metazoa.fasta/run_metazoa_odb10/augustus_output/extracted_proteins/535806at33208a.faa.1
DEBUG:busco.Toolset	cmd call: /share/apps/python_shared/3.6.5/etc/sepp/bundled-v4.3.10/hmmsearch --domtblout busco_out/BUSCO_metazoa.fasta/run_metazoa_odb10/hmmer_output/536251at33208a.out.1 --cpu 1 /kmk/databases/metazoa_odb10/hmms/536251at33208a.hmm busco_out/BUSCO_metazoa.fasta/run_metazoa_odb10/augustus_output/extracted_proteins/536251at33208a.faa.1
DEBUG:busco.Toolset	cmd call: /share/apps/python_shared/3.6.5/etc/sepp/bundled-v4.3.10/hmmsearch --domtblout busco_out/BUSCO_metazoa.fasta/run_metazoa_odb10/hmmer_output/537470at33208a.out.1 --cpu 1 /kmk/databases/metazoa_odb10/hmms/537470at33208a.hmm busco_out/BUSCO_metazoa.fasta/run_metazoa_odb10/augustus_output/extracted_proteins/537470at33208a.faa.1
DEBUG:busco.Toolset	cmd call: /share/apps/python_shared/3.6.5/etc/sepp/bundled-v4.3.10/hmmsearch --domtblout busco_out/BUSCO_metazoa.fasta/run_metazoa_odb10/hmmer_output/537548at33208a.out.1 --cpu 1 /kmk/databases/metazoa_odb10/hmms/537548at33208a.hmm busco_out/BUSCO_metazoa.fasta/run_metazoa_odb10/augustus_output/extracted_proteins/537548at33208a.faa.1
DEBUG:busco.Toolset	cmd call: /share/apps/python_shared/3.6.5/etc/sepp/bundled-v4.3.10/hmmsearch --domtblout busco_out/BUSCO_metazoa.fasta/run_metazoa_odb10/hmmer_output/537718at33208a.out.1 --cpu 1 /kmk/databases/metazoa_odb10/hmms/537718at33208a.hmm busco_out/BUSCO_metazoa.fasta/run_metazoa_odb10/augustus_output/extracted_proteins/537718at33208a.faa.1
DEBUG:busco.Toolset	cmd call: /share/apps/python_shared/3.6.5/etc/sepp/bundled-v4.3.10/hmmsearch --domtblout busco_out/BUSCO_metazoa.fasta/run_metazoa_odb10/hmmer_output/537718at33208a.out.3 --cpu 1 /kmk/databases/metazoa_odb10/hmms/537718at33208a.hmm busco_out/BUSCO_metazoa.fasta/run_metazoa_odb10/augustus_output/extracted_proteins/537718at33208a.faa.3
DEBUG:busco.Toolset	cmd call: /share/apps/python_shared/3.6.5/etc/sepp/bundled-v4.3.10/hmmsearch --domtblout busco_out/BUSCO_metazoa.fasta/run_metazoa_odb10/hmmer_output/537923at33208a.out.1 --cpu 1 /kmk/databases/metazoa_odb10/hmms/537923at33208a.hmm busco_out/BUSCO_metazoa.fasta/run_metazoa_odb10/augustus_output/extracted_proteins/537923at33208a.faa.1
DEBUG:busco.Toolset	cmd call: /share/apps/python_shared/3.6.5/etc/sepp/bundled-v4.3.10/hmmsearch --domtblout busco_out/BUSCO_metazoa.fasta/run_metazoa_odb10/hmmer_output/538442at33208a.out.1 --cpu 1 /kmk/databases/metazoa_odb10/hmms/538442at33208a.hmm busco_out/BUSCO_metazoa.fasta/run_metazoa_odb10/augustus_output/extracted_proteins/538442at33208a.faa.1
DEBUG:busco.Toolset	cmd call: /share/apps/python_shared/3.6.5/etc/sepp/bundled-v4.3.10/hmmsearch --domtblout busco_out/BUSCO_metazoa.fasta/run_metazoa_odb10/hmmer_output/539215at33208a.out.1 --cpu 1 /kmk/databases/metazoa_odb10/hmms/539215at33208a.hmm busco_out/BUSCO_metazoa.fasta/run_metazoa_odb10/augustus_output/extracted_proteins/539215at33208a.faa.1
DEBUG:busco.Toolset	cmd call: /share/apps/python_shared/3.6.5/etc/sepp/bundled-v4.3.10/hmmsearch --domtblout busco_out/BUSCO_metazoa.fasta/run_metazoa_odb10/hmmer_output/539234at33208a.out.1 --cpu 1 /kmk/databases/metazoa_odb10/hmms/539234at33208a.hmm busco_out/BUSCO_metazoa.fasta/run_metazoa_odb10/augustus_output/extracted_proteins/539234at33208a.faa.1
DEBUG:busco.Toolset	cmd call: /share/apps/python_shared/3.6.5/etc/sepp/bundled-v4.3.10/hmmsearch --domtblout busco_out/BUSCO_metazoa.fasta/run_metazoa_odb10/hmmer_output/539360at33208a.out.1 --cpu 1 /kmk/databases/metazoa_odb10/hmms/539360at33208a.hmm busco_out/BUSCO_metazoa.fasta/run_metazoa_odb10/augustus_output/extracted_proteins/539360at33208a.faa.1
DEBUG:busco.Toolset	cmd call: /share/apps/python_shared/3.6.5/etc/sepp/bundled-v4.3.10/hmmsearch --domtblout busco_out/BUSCO_metazoa.fasta/run_metazoa_odb10/hmmer_output/539600at33208a.out.1 --cpu 1 /kmk/databases/metazoa_odb10/hmms/539600at33208a.hmm busco_out/BUSCO_metazoa.fasta/run_metazoa_odb10/augustus_output/extracted_proteins/539600at33208a.faa.1
DEBUG:busco.Toolset	cmd call: /share/apps/python_shared/3.6.5/etc/sepp/bundled-v4.3.10/hmmsearch --domtblout busco_out/BUSCO_metazoa.fasta/run_metazoa_odb10/hmmer_output/540193at33208a.out.1 --cpu 1 /kmk/databases/metazoa_odb10/hmms/540193at33208a.hmm busco_out/BUSCO_metazoa.fasta/run_metazoa_odb10/augustus_output/extracted_proteins/540193at33208a.faa.1
DEBUG:busco.Toolset	cmd call: /share/apps/python_shared/3.6.5/etc/sepp/bundled-v4.3.10/hmmsearch --domtblout busco_out/BUSCO_metazoa.fasta/run_metazoa_odb10/hmmer_output/541260at33208a.out.1 --cpu 1 /kmk/databases/metazoa_odb10/hmms/541260at33208a.hmm busco_out/BUSCO_metazoa.fasta/run_metazoa_odb10/augustus_output/extracted_proteins/541260at33208a.faa.1
DEBUG:busco.Toolset	cmd call: /share/apps/python_shared/3.6.5/etc/sepp/bundled-v4.3.10/hmmsearch --domtblout busco_out/BUSCO_metazoa.fasta/run_metazoa_odb10/hmmer_output/541421at33208a.out.1 --cpu 1 /kmk/databases/metazoa_odb10/hmms/541421at33208a.hmm busco_out/BUSCO_metazoa.fasta/run_metazoa_odb10/augustus_output/extracted_proteins/541421at33208a.faa.1
DEBUG:busco.Toolset	cmd call: /share/apps/python_shared/3.6.5/etc/sepp/bundled-v4.3.10/hmmsearch --domtblout busco_out/BUSCO_metazoa.fasta/run_metazoa_odb10/hmmer_output/543269at33208a.out.1 --cpu 1 /kmk/databases/metazoa_odb10/hmms/543269at33208a.hmm busco_out/BUSCO_metazoa.fasta/run_metazoa_odb10/augustus_output/extracted_proteins/543269at33208a.faa.1
DEBUG:busco.Toolset	cmd call: /share/apps/python_shared/3.6.5/etc/sepp/bundled-v4.3.10/hmmsearch --domtblout busco_out/BUSCO_metazoa.fasta/run_metazoa_odb10/hmmer_output/544849at33208a.out.1 --cpu 1 /kmk/databases/metazoa_odb10/hmms/544849at33208a.hmm busco_out/BUSCO_metazoa.fasta/run_metazoa_odb10/augustus_output/extracted_proteins/544849at33208a.faa.1
DEBUG:busco.Toolset	cmd call: /share/apps/python_shared/3.6.5/etc/sepp/bundled-v4.3.10/hmmsearch --domtblout busco_out/BUSCO_metazoa.fasta/run_metazoa_odb10/hmmer_output/544919at33208a.out.1 --cpu 1 /kmk/databases/metazoa_odb10/hmms/544919at33208a.hmm busco_out/BUSCO_metazoa.fasta/run_metazoa_odb10/augustus_output/extracted_proteins/544919at33208a.faa.1
DEBUG:busco.Toolset	cmd call: /share/apps/python_shared/3.6.5/etc/sepp/bundled-v4.3.10/hmmsearch --domtblout busco_out/BUSCO_metazoa.fasta/run_metazoa_odb10/hmmer_output/545063at33208a.out.1 --cpu 1 /kmk/databases/metazoa_odb10/hmms/545063at33208a.hmm busco_out/BUSCO_metazoa.fasta/run_metazoa_odb10/augustus_output/extracted_proteins/545063at33208a.faa.1
DEBUG:busco.Toolset	cmd call: /share/apps/python_shared/3.6.5/etc/sepp/bundled-v4.3.10/hmmsearch --domtblout busco_out/BUSCO_metazoa.fasta/run_metazoa_odb10/hmmer_output/545389at33208a.out.1 --cpu 1 /kmk/databases/metazoa_odb10/hmms/545389at33208a.hmm busco_out/BUSCO_metazoa.fasta/run_metazoa_odb10/augustus_output/extracted_proteins/545389at33208a.faa.1
DEBUG:busco.Toolset	cmd call: /share/apps/python_shared/3.6.5/etc/sepp/bundled-v4.3.10/hmmsearch --domtblout busco_out/BUSCO_metazoa.fasta/run_metazoa_odb10/hmmer_output/545641at33208a.out.1 --cpu 1 /kmk/databases/metazoa_odb10/hmms/545641at33208a.hmm busco_out/BUSCO_metazoa.fasta/run_metazoa_odb10/augustus_output/extracted_proteins/545641at33208a.faa.1
DEBUG:busco.Toolset	cmd call: /share/apps/python_shared/3.6.5/etc/sepp/bundled-v4.3.10/hmmsearch --domtblout busco_out/BUSCO_metazoa.fasta/run_metazoa_odb10/hmmer_output/545889at33208a.out.1 --cpu 1 /kmk/databases/metazoa_odb10/hmms/545889at33208a.hmm busco_out/BUSCO_metazoa.fasta/run_metazoa_odb10/augustus_output/extracted_proteins/545889at33208a.faa.1
DEBUG:busco.Toolset	cmd call: /share/apps/python_shared/3.6.5/etc/sepp/bundled-v4.3.10/hmmsearch --domtblout busco_out/BUSCO_metazoa.fasta/run_metazoa_odb10/hmmer_output/546751at33208a.out.1 --cpu 1 /kmk/databases/metazoa_odb10/hmms/546751at33208a.hmm busco_out/BUSCO_metazoa.fasta/run_metazoa_odb10/augustus_output/extracted_proteins/546751at33208a.faa.1
DEBUG:busco.Toolset	cmd call: /share/apps/python_shared/3.6.5/etc/sepp/bundled-v4.3.10/hmmsearch --domtblout busco_out/BUSCO_metazoa.fasta/run_metazoa_odb10/hmmer_output/547099at33208a.out.1 --cpu 1 /kmk/databases/metazoa_odb10/hmms/547099at33208a.hmm busco_out/BUSCO_metazoa.fasta/run_metazoa_odb10/augustus_output/extracted_proteins/547099at33208a.faa.1
DEBUG:busco.Toolset	cmd call: /share/apps/python_shared/3.6.5/etc/sepp/bundled-v4.3.10/hmmsearch --domtblout busco_out/BUSCO_metazoa.fasta/run_metazoa_odb10/hmmer_output/547341at33208a.out.1 --cpu 1 /kmk/databases/metazoa_odb10/hmms/547341at33208a.hmm busco_out/BUSCO_metazoa.fasta/run_metazoa_odb10/augustus_output/extracted_proteins/547341at33208a.faa.1
DEBUG:busco.Toolset	cmd call: /share/apps/python_shared/3.6.5/etc/sepp/bundled-v4.3.10/hmmsearch --domtblout busco_out/BUSCO_metazoa.fasta/run_metazoa_odb10/hmmer_output/547766at33208a.out.1 --cpu 1 /kmk/databases/metazoa_odb10/hmms/547766at33208a.hmm busco_out/BUSCO_metazoa.fasta/run_metazoa_odb10/augustus_output/extracted_proteins/547766at33208a.faa.1
DEBUG:busco.Toolset	cmd call: /share/apps/python_shared/3.6.5/etc/sepp/bundled-v4.3.10/hmmsearch --domtblout busco_out/BUSCO_metazoa.fasta/run_metazoa_odb10/hmmer_output/548327at33208a.out.1 --cpu 1 /kmk/databases/metazoa_odb10/hmms/548327at33208a.hmm busco_out/BUSCO_metazoa.fasta/run_metazoa_odb10/augustus_output/extracted_proteins/548327at33208a.faa.1
DEBUG:busco.Toolset	cmd call: /share/apps/python_shared/3.6.5/etc/sepp/bundled-v4.3.10/hmmsearch --domtblout busco_out/BUSCO_metazoa.fasta/run_metazoa_odb10/hmmer_output/548444at33208a.out.1 --cpu 1 /kmk/databases/metazoa_odb10/hmms/548444at33208a.hmm busco_out/BUSCO_metazoa.fasta/run_metazoa_odb10/augustus_output/extracted_proteins/548444at33208a.faa.1
DEBUG:busco.Toolset	cmd call: /share/apps/python_shared/3.6.5/etc/sepp/bundled-v4.3.10/hmmsearch --domtblout busco_out/BUSCO_metazoa.fasta/run_metazoa_odb10/hmmer_output/548732at33208a.out.1 --cpu 1 /kmk/databases/metazoa_odb10/hmms/548732at33208a.hmm busco_out/BUSCO_metazoa.fasta/run_metazoa_odb10/augustus_output/extracted_proteins/548732at33208a.faa.1
DEBUG:busco.Toolset	cmd call: /share/apps/python_shared/3.6.5/etc/sepp/bundled-v4.3.10/hmmsearch --domtblout busco_out/BUSCO_metazoa.fasta/run_metazoa_odb10/hmmer_output/549156at33208a.out.1 --cpu 1 /kmk/databases/metazoa_odb10/hmms/549156at33208a.hmm busco_out/BUSCO_metazoa.fasta/run_metazoa_odb10/augustus_output/extracted_proteins/549156at33208a.faa.1
DEBUG:busco.Toolset	cmd call: /share/apps/python_shared/3.6.5/etc/sepp/bundled-v4.3.10/hmmsearch --domtblout busco_out/BUSCO_metazoa.fasta/run_metazoa_odb10/hmmer_output/549156at33208a.out.2 --cpu 1 /kmk/databases/metazoa_odb10/hmms/549156at33208a.hmm busco_out/BUSCO_metazoa.fasta/run_metazoa_odb10/augustus_output/extracted_proteins/549156at33208a.faa.2
DEBUG:busco.Toolset	cmd call: /share/apps/python_shared/3.6.5/etc/sepp/bundled-v4.3.10/hmmsearch --domtblout busco_out/BUSCO_metazoa.fasta/run_metazoa_odb10/hmmer_output/551166at33208a.out.1 --cpu 1 /kmk/databases/metazoa_odb10/hmms/551166at33208a.hmm busco_out/BUSCO_metazoa.fasta/run_metazoa_odb10/augustus_output/extracted_proteins/551166at33208a.faa.1
DEBUG:busco.Toolset	cmd call: /share/apps/python_shared/3.6.5/etc/sepp/bundled-v4.3.10/hmmsearch --domtblout busco_out/BUSCO_metazoa.fasta/run_metazoa_odb10/hmmer_output/551620at33208a.out.1 --cpu 1 /kmk/databases/metazoa_odb10/hmms/551620at33208a.hmm busco_out/BUSCO_metazoa.fasta/run_metazoa_odb10/augustus_output/extracted_proteins/551620at33208a.faa.1
DEBUG:busco.Toolset	cmd call: /share/apps/python_shared/3.6.5/etc/sepp/bundled-v4.3.10/hmmsearch --domtblout busco_out/BUSCO_metazoa.fasta/run_metazoa_odb10/hmmer_output/551632at33208a.out.1 --cpu 1 /kmk/databases/metazoa_odb10/hmms/551632at33208a.hmm busco_out/BUSCO_metazoa.fasta/run_metazoa_odb10/augustus_output/extracted_proteins/551632at33208a.faa.1
DEBUG:busco.Toolset	cmd call: /share/apps/python_shared/3.6.5/etc/sepp/bundled-v4.3.10/hmmsearch --domtblout busco_out/BUSCO_metazoa.fasta/run_metazoa_odb10/hmmer_output/551831at33208a.out.1 --cpu 1 /kmk/databases/metazoa_odb10/hmms/551831at33208a.hmm busco_out/BUSCO_metazoa.fasta/run_metazoa_odb10/augustus_output/extracted_proteins/551831at33208a.faa.1
DEBUG:busco.Toolset	cmd call: /share/apps/python_shared/3.6.5/etc/sepp/bundled-v4.3.10/hmmsearch --domtblout busco_out/BUSCO_metazoa.fasta/run_metazoa_odb10/hmmer_output/552201at33208a.out.1 --cpu 1 /kmk/databases/metazoa_odb10/hmms/552201at33208a.hmm busco_out/BUSCO_metazoa.fasta/run_metazoa_odb10/augustus_output/extracted_proteins/552201at33208a.faa.1
DEBUG:busco.Toolset	cmd call: /share/apps/python_shared/3.6.5/etc/sepp/bundled-v4.3.10/hmmsearch --domtblout busco_out/BUSCO_metazoa.fasta/run_metazoa_odb10/hmmer_output/552201at33208a.out.2 --cpu 1 /kmk/databases/metazoa_odb10/hmms/552201at33208a.hmm busco_out/BUSCO_metazoa.fasta/run_metazoa_odb10/augustus_output/extracted_proteins/552201at33208a.faa.2
DEBUG:busco.Toolset	cmd call: /share/apps/python_shared/3.6.5/etc/sepp/bundled-v4.3.10/hmmsearch --domtblout busco_out/BUSCO_metazoa.fasta/run_metazoa_odb10/hmmer_output/552359at33208a.out.1 --cpu 1 /kmk/databases/metazoa_odb10/hmms/552359at33208a.hmm busco_out/BUSCO_metazoa.fasta/run_metazoa_odb10/augustus_output/extracted_proteins/552359at33208a.faa.1
DEBUG:busco.Toolset	cmd call: /share/apps/python_shared/3.6.5/etc/sepp/bundled-v4.3.10/hmmsearch --domtblout busco_out/BUSCO_metazoa.fasta/run_metazoa_odb10/hmmer_output/552764at33208a.out.2 --cpu 1 /kmk/databases/metazoa_odb10/hmms/552764at33208a.hmm busco_out/BUSCO_metazoa.fasta/run_metazoa_odb10/augustus_output/extracted_proteins/552764at33208a.faa.2
DEBUG:busco.Toolset	cmd call: /share/apps/python_shared/3.6.5/etc/sepp/bundled-v4.3.10/hmmsearch --domtblout busco_out/BUSCO_metazoa.fasta/run_metazoa_odb10/hmmer_output/552949at33208a.out.1 --cpu 1 /kmk/databases/metazoa_odb10/hmms/552949at33208a.hmm busco_out/BUSCO_metazoa.fasta/run_metazoa_odb10/augustus_output/extracted_proteins/552949at33208a.faa.1
DEBUG:busco.Toolset	cmd call: /share/apps/python_shared/3.6.5/etc/sepp/bundled-v4.3.10/hmmsearch --domtblout busco_out/BUSCO_metazoa.fasta/run_metazoa_odb10/hmmer_output/553411at33208a.out.1 --cpu 1 /kmk/databases/metazoa_odb10/hmms/553411at33208a.hmm busco_out/BUSCO_metazoa.fasta/run_metazoa_odb10/augustus_output/extracted_proteins/553411at33208a.faa.1
DEBUG:busco.Toolset	cmd call: /share/apps/python_shared/3.6.5/etc/sepp/bundled-v4.3.10/hmmsearch --domtblout busco_out/BUSCO_metazoa.fasta/run_metazoa_odb10/hmmer_output/553585at33208a.out.1 --cpu 1 /kmk/databases/metazoa_odb10/hmms/553585at33208a.hmm busco_out/BUSCO_metazoa.fasta/run_metazoa_odb10/augustus_output/extracted_proteins/553585at33208a.faa.1
DEBUG:busco.Toolset	cmd call: /share/apps/python_shared/3.6.5/etc/sepp/bundled-v4.3.10/hmmsearch --domtblout busco_out/BUSCO_metazoa.fasta/run_metazoa_odb10/hmmer_output/554010at33208a.out.1 --cpu 1 /kmk/databases/metazoa_odb10/hmms/554010at33208a.hmm busco_out/BUSCO_metazoa.fasta/run_metazoa_odb10/augustus_output/extracted_proteins/554010at33208a.faa.1
INFO:busco.Toolset	[hmmsearch]	642 of 917 task(s) completed
DEBUG:busco.Toolset	cmd call: /share/apps/python_shared/3.6.5/etc/sepp/bundled-v4.3.10/hmmsearch --domtblout busco_out/BUSCO_metazoa.fasta/run_metazoa_odb10/hmmer_output/554815at33208a.out.1 --cpu 1 /kmk/databases/metazoa_odb10/hmms/554815at33208a.hmm busco_out/BUSCO_metazoa.fasta/run_metazoa_odb10/augustus_output/extracted_proteins/554815at33208a.faa.1
DEBUG:busco.Toolset	cmd call: /share/apps/python_shared/3.6.5/etc/sepp/bundled-v4.3.10/hmmsearch --domtblout busco_out/BUSCO_metazoa.fasta/run_metazoa_odb10/hmmer_output/554815at33208a.out.2 --cpu 1 /kmk/databases/metazoa_odb10/hmms/554815at33208a.hmm busco_out/BUSCO_metazoa.fasta/run_metazoa_odb10/augustus_output/extracted_proteins/554815at33208a.faa.2
DEBUG:busco.Toolset	cmd call: /share/apps/python_shared/3.6.5/etc/sepp/bundled-v4.3.10/hmmsearch --domtblout busco_out/BUSCO_metazoa.fasta/run_metazoa_odb10/hmmer_output/555162at33208a.out.1 --cpu 1 /kmk/databases/metazoa_odb10/hmms/555162at33208a.hmm busco_out/BUSCO_metazoa.fasta/run_metazoa_odb10/augustus_output/extracted_proteins/555162at33208a.faa.1
DEBUG:busco.Toolset	cmd call: /share/apps/python_shared/3.6.5/etc/sepp/bundled-v4.3.10/hmmsearch --domtblout busco_out/BUSCO_metazoa.fasta/run_metazoa_odb10/hmmer_output/555390at33208a.out.1 --cpu 1 /kmk/databases/metazoa_odb10/hmms/555390at33208a.hmm busco_out/BUSCO_metazoa.fasta/run_metazoa_odb10/augustus_output/extracted_proteins/555390at33208a.faa.1
DEBUG:busco.Toolset	cmd call: /share/apps/python_shared/3.6.5/etc/sepp/bundled-v4.3.10/hmmsearch --domtblout busco_out/BUSCO_metazoa.fasta/run_metazoa_odb10/hmmer_output/555538at33208a.out.1 --cpu 1 /kmk/databases/metazoa_odb10/hmms/555538at33208a.hmm busco_out/BUSCO_metazoa.fasta/run_metazoa_odb10/augustus_output/extracted_proteins/555538at33208a.faa.1
DEBUG:busco.Toolset	cmd call: /share/apps/python_shared/3.6.5/etc/sepp/bundled-v4.3.10/hmmsearch --domtblout busco_out/BUSCO_metazoa.fasta/run_metazoa_odb10/hmmer_output/556189at33208a.out.1 --cpu 1 /kmk/databases/metazoa_odb10/hmms/556189at33208a.hmm busco_out/BUSCO_metazoa.fasta/run_metazoa_odb10/augustus_output/extracted_proteins/556189at33208a.faa.1
DEBUG:busco.Toolset	cmd call: /share/apps/python_shared/3.6.5/etc/sepp/bundled-v4.3.10/hmmsearch --domtblout busco_out/BUSCO_metazoa.fasta/run_metazoa_odb10/hmmer_output/556337at33208a.out.1 --cpu 1 /kmk/databases/metazoa_odb10/hmms/556337at33208a.hmm busco_out/BUSCO_metazoa.fasta/run_metazoa_odb10/augustus_output/extracted_proteins/556337at33208a.faa.1
DEBUG:busco.Toolset	cmd call: /share/apps/python_shared/3.6.5/etc/sepp/bundled-v4.3.10/hmmsearch --domtblout busco_out/BUSCO_metazoa.fasta/run_metazoa_odb10/hmmer_output/556445at33208a.out.1 --cpu 1 /kmk/databases/metazoa_odb10/hmms/556445at33208a.hmm busco_out/BUSCO_metazoa.fasta/run_metazoa_odb10/augustus_output/extracted_proteins/556445at33208a.faa.1
DEBUG:busco.Toolset	cmd call: /share/apps/python_shared/3.6.5/etc/sepp/bundled-v4.3.10/hmmsearch --domtblout busco_out/BUSCO_metazoa.fasta/run_metazoa_odb10/hmmer_output/556587at33208a.out.1 --cpu 1 /kmk/databases/metazoa_odb10/hmms/556587at33208a.hmm busco_out/BUSCO_metazoa.fasta/run_metazoa_odb10/augustus_output/extracted_proteins/556587at33208a.faa.1
DEBUG:busco.Toolset	cmd call: /share/apps/python_shared/3.6.5/etc/sepp/bundled-v4.3.10/hmmsearch --domtblout busco_out/BUSCO_metazoa.fasta/run_metazoa_odb10/hmmer_output/556510at33208a.out.1 --cpu 1 /kmk/databases/metazoa_odb10/hmms/556510at33208a.hmm busco_out/BUSCO_metazoa.fasta/run_metazoa_odb10/augustus_output/extracted_proteins/556510at33208a.faa.1
DEBUG:busco.Toolset	cmd call: /share/apps/python_shared/3.6.5/etc/sepp/bundled-v4.3.10/hmmsearch --domtblout busco_out/BUSCO_metazoa.fasta/run_metazoa_odb10/hmmer_output/556925at33208a.out.1 --cpu 1 /kmk/databases/metazoa_odb10/hmms/556925at33208a.hmm busco_out/BUSCO_metazoa.fasta/run_metazoa_odb10/augustus_output/extracted_proteins/556925at33208a.faa.1
DEBUG:busco.Toolset	cmd call: /share/apps/python_shared/3.6.5/etc/sepp/bundled-v4.3.10/hmmsearch --domtblout busco_out/BUSCO_metazoa.fasta/run_metazoa_odb10/hmmer_output/557292at33208a.out.1 --cpu 1 /kmk/databases/metazoa_odb10/hmms/557292at33208a.hmm busco_out/BUSCO_metazoa.fasta/run_metazoa_odb10/augustus_output/extracted_proteins/557292at33208a.faa.1
DEBUG:busco.Toolset	cmd call: /share/apps/python_shared/3.6.5/etc/sepp/bundled-v4.3.10/hmmsearch --domtblout busco_out/BUSCO_metazoa.fasta/run_metazoa_odb10/hmmer_output/557596at33208a.out.1 --cpu 1 /kmk/databases/metazoa_odb10/hmms/557596at33208a.hmm busco_out/BUSCO_metazoa.fasta/run_metazoa_odb10/augustus_output/extracted_proteins/557596at33208a.faa.1
DEBUG:busco.Toolset	cmd call: /share/apps/python_shared/3.6.5/etc/sepp/bundled-v4.3.10/hmmsearch --domtblout busco_out/BUSCO_metazoa.fasta/run_metazoa_odb10/hmmer_output/557694at33208a.out.1 --cpu 1 /kmk/databases/metazoa_odb10/hmms/557694at33208a.hmm busco_out/BUSCO_metazoa.fasta/run_metazoa_odb10/augustus_output/extracted_proteins/557694at33208a.faa.1
DEBUG:busco.Toolset	cmd call: /share/apps/python_shared/3.6.5/etc/sepp/bundled-v4.3.10/hmmsearch --domtblout busco_out/BUSCO_metazoa.fasta/run_metazoa_odb10/hmmer_output/557834at33208a.out.1 --cpu 1 /kmk/databases/metazoa_odb10/hmms/557834at33208a.hmm busco_out/BUSCO_metazoa.fasta/run_metazoa_odb10/augustus_output/extracted_proteins/557834at33208a.faa.1
DEBUG:busco.Toolset	cmd call: /share/apps/python_shared/3.6.5/etc/sepp/bundled-v4.3.10/hmmsearch --domtblout busco_out/BUSCO_metazoa.fasta/run_metazoa_odb10/hmmer_output/557962at33208a.out.1 --cpu 1 /kmk/databases/metazoa_odb10/hmms/557962at33208a.hmm busco_out/BUSCO_metazoa.fasta/run_metazoa_odb10/augustus_output/extracted_proteins/557962at33208a.faa.1
DEBUG:busco.Toolset	cmd call: /share/apps/python_shared/3.6.5/etc/sepp/bundled-v4.3.10/hmmsearch --domtblout busco_out/BUSCO_metazoa.fasta/run_metazoa_odb10/hmmer_output/558368at33208a.out.1 --cpu 1 /kmk/databases/metazoa_odb10/hmms/558368at33208a.hmm busco_out/BUSCO_metazoa.fasta/run_metazoa_odb10/augustus_output/extracted_proteins/558368at33208a.faa.1
DEBUG:busco.Toolset	cmd call: /share/apps/python_shared/3.6.5/etc/sepp/bundled-v4.3.10/hmmsearch --domtblout busco_out/BUSCO_metazoa.fasta/run_metazoa_odb10/hmmer_output/558385at33208a.out.1 --cpu 1 /kmk/databases/metazoa_odb10/hmms/558385at33208a.hmm busco_out/BUSCO_metazoa.fasta/run_metazoa_odb10/augustus_output/extracted_proteins/558385at33208a.faa.1
DEBUG:busco.Toolset	cmd call: /share/apps/python_shared/3.6.5/etc/sepp/bundled-v4.3.10/hmmsearch --domtblout busco_out/BUSCO_metazoa.fasta/run_metazoa_odb10/hmmer_output/558552at33208a.out.1 --cpu 1 /kmk/databases/metazoa_odb10/hmms/558552at33208a.hmm busco_out/BUSCO_metazoa.fasta/run_metazoa_odb10/augustus_output/extracted_proteins/558552at33208a.faa.1
DEBUG:busco.Toolset	cmd call: /share/apps/python_shared/3.6.5/etc/sepp/bundled-v4.3.10/hmmsearch --domtblout busco_out/BUSCO_metazoa.fasta/run_metazoa_odb10/hmmer_output/558791at33208a.out.1 --cpu 1 /kmk/databases/metazoa_odb10/hmms/558791at33208a.hmm busco_out/BUSCO_metazoa.fasta/run_metazoa_odb10/augustus_output/extracted_proteins/558791at33208a.faa.1
DEBUG:busco.Toolset	cmd call: /share/apps/python_shared/3.6.5/etc/sepp/bundled-v4.3.10/hmmsearch --domtblout busco_out/BUSCO_metazoa.fasta/run_metazoa_odb10/hmmer_output/558897at33208a.out.1 --cpu 1 /kmk/databases/metazoa_odb10/hmms/558897at33208a.hmm busco_out/BUSCO_metazoa.fasta/run_metazoa_odb10/augustus_output/extracted_proteins/558897at33208a.faa.1
DEBUG:busco.Toolset	cmd call: /share/apps/python_shared/3.6.5/etc/sepp/bundled-v4.3.10/hmmsearch --domtblout busco_out/BUSCO_metazoa.fasta/run_metazoa_odb10/hmmer_output/558933at33208a.out.1 --cpu 1 /kmk/databases/metazoa_odb10/hmms/558933at33208a.hmm busco_out/BUSCO_metazoa.fasta/run_metazoa_odb10/augustus_output/extracted_proteins/558933at33208a.faa.1
DEBUG:busco.Toolset	cmd call: /share/apps/python_shared/3.6.5/etc/sepp/bundled-v4.3.10/hmmsearch --domtblout busco_out/BUSCO_metazoa.fasta/run_metazoa_odb10/hmmer_output/559146at33208a.out.1 --cpu 1 /kmk/databases/metazoa_odb10/hmms/559146at33208a.hmm busco_out/BUSCO_metazoa.fasta/run_metazoa_odb10/augustus_output/extracted_proteins/559146at33208a.faa.1
DEBUG:busco.Toolset	cmd call: /share/apps/python_shared/3.6.5/etc/sepp/bundled-v4.3.10/hmmsearch --domtblout busco_out/BUSCO_metazoa.fasta/run_metazoa_odb10/hmmer_output/559576at33208a.out.1 --cpu 1 /kmk/databases/metazoa_odb10/hmms/559576at33208a.hmm busco_out/BUSCO_metazoa.fasta/run_metazoa_odb10/augustus_output/extracted_proteins/559576at33208a.faa.1
DEBUG:busco.Toolset	cmd call: /share/apps/python_shared/3.6.5/etc/sepp/bundled-v4.3.10/hmmsearch --domtblout busco_out/BUSCO_metazoa.fasta/run_metazoa_odb10/hmmer_output/559501at33208a.out.1 --cpu 1 /kmk/databases/metazoa_odb10/hmms/559501at33208a.hmm busco_out/BUSCO_metazoa.fasta/run_metazoa_odb10/augustus_output/extracted_proteins/559501at33208a.faa.1
DEBUG:busco.Toolset	cmd call: /share/apps/python_shared/3.6.5/etc/sepp/bundled-v4.3.10/hmmsearch --domtblout busco_out/BUSCO_metazoa.fasta/run_metazoa_odb10/hmmer_output/559883at33208a.out.1 --cpu 1 /kmk/databases/metazoa_odb10/hmms/559883at33208a.hmm busco_out/BUSCO_metazoa.fasta/run_metazoa_odb10/augustus_output/extracted_proteins/559883at33208a.faa.1
DEBUG:busco.Toolset	cmd call: /share/apps/python_shared/3.6.5/etc/sepp/bundled-v4.3.10/hmmsearch --domtblout busco_out/BUSCO_metazoa.fasta/run_metazoa_odb10/hmmer_output/560453at33208a.out.1 --cpu 1 /kmk/databases/metazoa_odb10/hmms/560453at33208a.hmm busco_out/BUSCO_metazoa.fasta/run_metazoa_odb10/augustus_output/extracted_proteins/560453at33208a.faa.1
DEBUG:busco.Toolset	cmd call: /share/apps/python_shared/3.6.5/etc/sepp/bundled-v4.3.10/hmmsearch --domtblout busco_out/BUSCO_metazoa.fasta/run_metazoa_odb10/hmmer_output/560566at33208a.out.1 --cpu 1 /kmk/databases/metazoa_odb10/hmms/560566at33208a.hmm busco_out/BUSCO_metazoa.fasta/run_metazoa_odb10/augustus_output/extracted_proteins/560566at33208a.faa.1
DEBUG:busco.Toolset	cmd call: /share/apps/python_shared/3.6.5/etc/sepp/bundled-v4.3.10/hmmsearch --domtblout busco_out/BUSCO_metazoa.fasta/run_metazoa_odb10/hmmer_output/560584at33208a.out.1 --cpu 1 /kmk/databases/metazoa_odb10/hmms/560584at33208a.hmm busco_out/BUSCO_metazoa.fasta/run_metazoa_odb10/augustus_output/extracted_proteins/560584at33208a.faa.1
DEBUG:busco.Toolset	cmd call: /share/apps/python_shared/3.6.5/etc/sepp/bundled-v4.3.10/hmmsearch --domtblout busco_out/BUSCO_metazoa.fasta/run_metazoa_odb10/hmmer_output/560694at33208a.out.1 --cpu 1 /kmk/databases/metazoa_odb10/hmms/560694at33208a.hmm busco_out/BUSCO_metazoa.fasta/run_metazoa_odb10/augustus_output/extracted_proteins/560694at33208a.faa.1
DEBUG:busco.Toolset	cmd call: /share/apps/python_shared/3.6.5/etc/sepp/bundled-v4.3.10/hmmsearch --domtblout busco_out/BUSCO_metazoa.fasta/run_metazoa_odb10/hmmer_output/561054at33208a.out.1 --cpu 1 /kmk/databases/metazoa_odb10/hmms/561054at33208a.hmm busco_out/BUSCO_metazoa.fasta/run_metazoa_odb10/augustus_output/extracted_proteins/561054at33208a.faa.1
DEBUG:busco.Toolset	cmd call: /share/apps/python_shared/3.6.5/etc/sepp/bundled-v4.3.10/hmmsearch --domtblout busco_out/BUSCO_metazoa.fasta/run_metazoa_odb10/hmmer_output/561248at33208a.out.1 --cpu 1 /kmk/databases/metazoa_odb10/hmms/561248at33208a.hmm busco_out/BUSCO_metazoa.fasta/run_metazoa_odb10/augustus_output/extracted_proteins/561248at33208a.faa.1
DEBUG:busco.Toolset	cmd call: /share/apps/python_shared/3.6.5/etc/sepp/bundled-v4.3.10/hmmsearch --domtblout busco_out/BUSCO_metazoa.fasta/run_metazoa_odb10/hmmer_output/561688at33208a.out.1 --cpu 1 /kmk/databases/metazoa_odb10/hmms/561688at33208a.hmm busco_out/BUSCO_metazoa.fasta/run_metazoa_odb10/augustus_output/extracted_proteins/561688at33208a.faa.1
DEBUG:busco.Toolset	cmd call: /share/apps/python_shared/3.6.5/etc/sepp/bundled-v4.3.10/hmmsearch --domtblout busco_out/BUSCO_metazoa.fasta/run_metazoa_odb10/hmmer_output/561417at33208a.out.1 --cpu 1 /kmk/databases/metazoa_odb10/hmms/561417at33208a.hmm busco_out/BUSCO_metazoa.fasta/run_metazoa_odb10/augustus_output/extracted_proteins/561417at33208a.faa.1
DEBUG:busco.Toolset	cmd call: /share/apps/python_shared/3.6.5/etc/sepp/bundled-v4.3.10/hmmsearch --domtblout busco_out/BUSCO_metazoa.fasta/run_metazoa_odb10/hmmer_output/561878at33208a.out.1 --cpu 1 /kmk/databases/metazoa_odb10/hmms/561878at33208a.hmm busco_out/BUSCO_metazoa.fasta/run_metazoa_odb10/augustus_output/extracted_proteins/561878at33208a.faa.1
DEBUG:busco.Toolset	cmd call: /share/apps/python_shared/3.6.5/etc/sepp/bundled-v4.3.10/hmmsearch --domtblout busco_out/BUSCO_metazoa.fasta/run_metazoa_odb10/hmmer_output/561943at33208a.out.1 --cpu 1 /kmk/databases/metazoa_odb10/hmms/561943at33208a.hmm busco_out/BUSCO_metazoa.fasta/run_metazoa_odb10/augustus_output/extracted_proteins/561943at33208a.faa.1
DEBUG:busco.Toolset	cmd call: /share/apps/python_shared/3.6.5/etc/sepp/bundled-v4.3.10/hmmsearch --domtblout busco_out/BUSCO_metazoa.fasta/run_metazoa_odb10/hmmer_output/562780at33208a.out.1 --cpu 1 /kmk/databases/metazoa_odb10/hmms/562780at33208a.hmm busco_out/BUSCO_metazoa.fasta/run_metazoa_odb10/augustus_output/extracted_proteins/562780at33208a.faa.1
DEBUG:busco.Toolset	cmd call: /share/apps/python_shared/3.6.5/etc/sepp/bundled-v4.3.10/hmmsearch --domtblout busco_out/BUSCO_metazoa.fasta/run_metazoa_odb10/hmmer_output/563358at33208a.out.1 --cpu 1 /kmk/databases/metazoa_odb10/hmms/563358at33208a.hmm busco_out/BUSCO_metazoa.fasta/run_metazoa_odb10/augustus_output/extracted_proteins/563358at33208a.faa.1
DEBUG:busco.Toolset	cmd call: /share/apps/python_shared/3.6.5/etc/sepp/bundled-v4.3.10/hmmsearch --domtblout busco_out/BUSCO_metazoa.fasta/run_metazoa_odb10/hmmer_output/563679at33208a.out.1 --cpu 1 /kmk/databases/metazoa_odb10/hmms/563679at33208a.hmm busco_out/BUSCO_metazoa.fasta/run_metazoa_odb10/augustus_output/extracted_proteins/563679at33208a.faa.1
DEBUG:busco.Toolset	cmd call: /share/apps/python_shared/3.6.5/etc/sepp/bundled-v4.3.10/hmmsearch --domtblout busco_out/BUSCO_metazoa.fasta/run_metazoa_odb10/hmmer_output/563084at33208a.out.1 --cpu 1 /kmk/databases/metazoa_odb10/hmms/563084at33208a.hmm busco_out/BUSCO_metazoa.fasta/run_metazoa_odb10/augustus_output/extracted_proteins/563084at33208a.faa.1
DEBUG:busco.Toolset	cmd call: /share/apps/python_shared/3.6.5/etc/sepp/bundled-v4.3.10/hmmsearch --domtblout busco_out/BUSCO_metazoa.fasta/run_metazoa_odb10/hmmer_output/563426at33208a.out.1 --cpu 1 /kmk/databases/metazoa_odb10/hmms/563426at33208a.hmm busco_out/BUSCO_metazoa.fasta/run_metazoa_odb10/augustus_output/extracted_proteins/563426at33208a.faa.1
DEBUG:busco.Toolset	cmd call: /share/apps/python_shared/3.6.5/etc/sepp/bundled-v4.3.10/hmmsearch --domtblout busco_out/BUSCO_metazoa.fasta/run_metazoa_odb10/hmmer_output/563832at33208a.out.1 --cpu 1 /kmk/databases/metazoa_odb10/hmms/563832at33208a.hmm busco_out/BUSCO_metazoa.fasta/run_metazoa_odb10/augustus_output/extracted_proteins/563832at33208a.faa.1
DEBUG:busco.Toolset	cmd call: /share/apps/python_shared/3.6.5/etc/sepp/bundled-v4.3.10/hmmsearch --domtblout busco_out/BUSCO_metazoa.fasta/run_metazoa_odb10/hmmer_output/564234at33208a.out.1 --cpu 1 /kmk/databases/metazoa_odb10/hmms/564234at33208a.hmm busco_out/BUSCO_metazoa.fasta/run_metazoa_odb10/augustus_output/extracted_proteins/564234at33208a.faa.1
DEBUG:busco.Toolset	cmd call: /share/apps/python_shared/3.6.5/etc/sepp/bundled-v4.3.10/hmmsearch --domtblout busco_out/BUSCO_metazoa.fasta/run_metazoa_odb10/hmmer_output/564286at33208a.out.1 --cpu 1 /kmk/databases/metazoa_odb10/hmms/564286at33208a.hmm busco_out/BUSCO_metazoa.fasta/run_metazoa_odb10/augustus_output/extracted_proteins/564286at33208a.faa.1
DEBUG:busco.Toolset	cmd call: /share/apps/python_shared/3.6.5/etc/sepp/bundled-v4.3.10/hmmsearch --domtblout busco_out/BUSCO_metazoa.fasta/run_metazoa_odb10/hmmer_output/565053at33208a.out.1 --cpu 1 /kmk/databases/metazoa_odb10/hmms/565053at33208a.hmm busco_out/BUSCO_metazoa.fasta/run_metazoa_odb10/augustus_output/extracted_proteins/565053at33208a.faa.1
DEBUG:busco.Toolset	cmd call: /share/apps/python_shared/3.6.5/etc/sepp/bundled-v4.3.10/hmmsearch --domtblout busco_out/BUSCO_metazoa.fasta/run_metazoa_odb10/hmmer_output/566026at33208a.out.1 --cpu 1 /kmk/databases/metazoa_odb10/hmms/566026at33208a.hmm busco_out/BUSCO_metazoa.fasta/run_metazoa_odb10/augustus_output/extracted_proteins/566026at33208a.faa.1
DEBUG:busco.Toolset	cmd call: /share/apps/python_shared/3.6.5/etc/sepp/bundled-v4.3.10/hmmsearch --domtblout busco_out/BUSCO_metazoa.fasta/run_metazoa_odb10/hmmer_output/566262at33208a.out.1 --cpu 1 /kmk/databases/metazoa_odb10/hmms/566262at33208a.hmm busco_out/BUSCO_metazoa.fasta/run_metazoa_odb10/augustus_output/extracted_proteins/566262at33208a.faa.1
DEBUG:busco.Toolset	cmd call: /share/apps/python_shared/3.6.5/etc/sepp/bundled-v4.3.10/hmmsearch --domtblout busco_out/BUSCO_metazoa.fasta/run_metazoa_odb10/hmmer_output/566527at33208a.out.1 --cpu 1 /kmk/databases/metazoa_odb10/hmms/566527at33208a.hmm busco_out/BUSCO_metazoa.fasta/run_metazoa_odb10/augustus_output/extracted_proteins/566527at33208a.faa.1
DEBUG:busco.Toolset	cmd call: /share/apps/python_shared/3.6.5/etc/sepp/bundled-v4.3.10/hmmsearch --domtblout busco_out/BUSCO_metazoa.fasta/run_metazoa_odb10/hmmer_output/567750at33208a.out.1 --cpu 1 /kmk/databases/metazoa_odb10/hmms/567750at33208a.hmm busco_out/BUSCO_metazoa.fasta/run_metazoa_odb10/augustus_output/extracted_proteins/567750at33208a.faa.1
DEBUG:busco.Toolset	cmd call: /share/apps/python_shared/3.6.5/etc/sepp/bundled-v4.3.10/hmmsearch --domtblout busco_out/BUSCO_metazoa.fasta/run_metazoa_odb10/hmmer_output/568022at33208a.out.1 --cpu 1 /kmk/databases/metazoa_odb10/hmms/568022at33208a.hmm busco_out/BUSCO_metazoa.fasta/run_metazoa_odb10/augustus_output/extracted_proteins/568022at33208a.faa.1
DEBUG:busco.Toolset	cmd call: /share/apps/python_shared/3.6.5/etc/sepp/bundled-v4.3.10/hmmsearch --domtblout busco_out/BUSCO_metazoa.fasta/run_metazoa_odb10/hmmer_output/568839at33208a.out.1 --cpu 1 /kmk/databases/metazoa_odb10/hmms/568839at33208a.hmm busco_out/BUSCO_metazoa.fasta/run_metazoa_odb10/augustus_output/extracted_proteins/568839at33208a.faa.1
DEBUG:busco.Toolset	cmd call: /share/apps/python_shared/3.6.5/etc/sepp/bundled-v4.3.10/hmmsearch --domtblout busco_out/BUSCO_metazoa.fasta/run_metazoa_odb10/hmmer_output/569303at33208a.out.1 --cpu 1 /kmk/databases/metazoa_odb10/hmms/569303at33208a.hmm busco_out/BUSCO_metazoa.fasta/run_metazoa_odb10/augustus_output/extracted_proteins/569303at33208a.faa.1
DEBUG:busco.Toolset	cmd call: /share/apps/python_shared/3.6.5/etc/sepp/bundled-v4.3.10/hmmsearch --domtblout busco_out/BUSCO_metazoa.fasta/run_metazoa_odb10/hmmer_output/569878at33208a.out.1 --cpu 1 /kmk/databases/metazoa_odb10/hmms/569878at33208a.hmm busco_out/BUSCO_metazoa.fasta/run_metazoa_odb10/augustus_output/extracted_proteins/569878at33208a.faa.1
DEBUG:busco.Toolset	cmd call: /share/apps/python_shared/3.6.5/etc/sepp/bundled-v4.3.10/hmmsearch --domtblout busco_out/BUSCO_metazoa.fasta/run_metazoa_odb10/hmmer_output/570646at33208a.out.1 --cpu 1 /kmk/databases/metazoa_odb10/hmms/570646at33208a.hmm busco_out/BUSCO_metazoa.fasta/run_metazoa_odb10/augustus_output/extracted_proteins/570646at33208a.faa.1
DEBUG:busco.Toolset	cmd call: /share/apps/python_shared/3.6.5/etc/sepp/bundled-v4.3.10/hmmsearch --domtblout busco_out/BUSCO_metazoa.fasta/run_metazoa_odb10/hmmer_output/571149at33208a.out.1 --cpu 1 /kmk/databases/metazoa_odb10/hmms/571149at33208a.hmm busco_out/BUSCO_metazoa.fasta/run_metazoa_odb10/augustus_output/extracted_proteins/571149at33208a.faa.1
DEBUG:busco.Toolset	cmd call: /share/apps/python_shared/3.6.5/etc/sepp/bundled-v4.3.10/hmmsearch --domtblout busco_out/BUSCO_metazoa.fasta/run_metazoa_odb10/hmmer_output/571944at33208a.out.1 --cpu 1 /kmk/databases/metazoa_odb10/hmms/571944at33208a.hmm busco_out/BUSCO_metazoa.fasta/run_metazoa_odb10/augustus_output/extracted_proteins/571944at33208a.faa.1
DEBUG:busco.Toolset	cmd call: /share/apps/python_shared/3.6.5/etc/sepp/bundled-v4.3.10/hmmsearch --domtblout busco_out/BUSCO_metazoa.fasta/run_metazoa_odb10/hmmer_output/572434at33208a.out.1 --cpu 1 /kmk/databases/metazoa_odb10/hmms/572434at33208a.hmm busco_out/BUSCO_metazoa.fasta/run_metazoa_odb10/augustus_output/extracted_proteins/572434at33208a.faa.1
DEBUG:busco.Toolset	cmd call: /share/apps/python_shared/3.6.5/etc/sepp/bundled-v4.3.10/hmmsearch --domtblout busco_out/BUSCO_metazoa.fasta/run_metazoa_odb10/hmmer_output/572754at33208a.out.1 --cpu 1 /kmk/databases/metazoa_odb10/hmms/572754at33208a.hmm busco_out/BUSCO_metazoa.fasta/run_metazoa_odb10/augustus_output/extracted_proteins/572754at33208a.faa.1
DEBUG:busco.Toolset	cmd call: /share/apps/python_shared/3.6.5/etc/sepp/bundled-v4.3.10/hmmsearch --domtblout busco_out/BUSCO_metazoa.fasta/run_metazoa_odb10/hmmer_output/573203at33208a.out.1 --cpu 1 /kmk/databases/metazoa_odb10/hmms/573203at33208a.hmm busco_out/BUSCO_metazoa.fasta/run_metazoa_odb10/augustus_output/extracted_proteins/573203at33208a.faa.1
DEBUG:busco.Toolset	cmd call: /share/apps/python_shared/3.6.5/etc/sepp/bundled-v4.3.10/hmmsearch --domtblout busco_out/BUSCO_metazoa.fasta/run_metazoa_odb10/hmmer_output/564286at33208a.out.2 --cpu 1 /kmk/databases/metazoa_odb10/hmms/564286at33208a.hmm busco_out/BUSCO_metazoa.fasta/run_metazoa_odb10/augustus_output/extracted_proteins/564286at33208a.faa.2
DEBUG:busco.Toolset	cmd call: /share/apps/python_shared/3.6.5/etc/sepp/bundled-v4.3.10/hmmsearch --domtblout busco_out/BUSCO_metazoa.fasta/run_metazoa_odb10/hmmer_output/56573at33208a.out.1 --cpu 1 /kmk/databases/metazoa_odb10/hmms/56573at33208a.hmm busco_out/BUSCO_metazoa.fasta/run_metazoa_odb10/augustus_output/extracted_proteins/56573at33208a.faa.1
DEBUG:busco.Toolset	cmd call: /share/apps/python_shared/3.6.5/etc/sepp/bundled-v4.3.10/hmmsearch --domtblout busco_out/BUSCO_metazoa.fasta/run_metazoa_odb10/hmmer_output/566116at33208a.out.1 --cpu 1 /kmk/databases/metazoa_odb10/hmms/566116at33208a.hmm busco_out/BUSCO_metazoa.fasta/run_metazoa_odb10/augustus_output/extracted_proteins/566116at33208a.faa.1
DEBUG:busco.Toolset	cmd call: /share/apps/python_shared/3.6.5/etc/sepp/bundled-v4.3.10/hmmsearch --domtblout busco_out/BUSCO_metazoa.fasta/run_metazoa_odb10/hmmer_output/566447at33208a.out.1 --cpu 1 /kmk/databases/metazoa_odb10/hmms/566447at33208a.hmm busco_out/BUSCO_metazoa.fasta/run_metazoa_odb10/augustus_output/extracted_proteins/566447at33208a.faa.1
DEBUG:busco.Toolset	cmd call: /share/apps/python_shared/3.6.5/etc/sepp/bundled-v4.3.10/hmmsearch --domtblout busco_out/BUSCO_metazoa.fasta/run_metazoa_odb10/hmmer_output/567650at33208a.out.1 --cpu 1 /kmk/databases/metazoa_odb10/hmms/567650at33208a.hmm busco_out/BUSCO_metazoa.fasta/run_metazoa_odb10/augustus_output/extracted_proteins/567650at33208a.faa.1
DEBUG:busco.Toolset	cmd call: /share/apps/python_shared/3.6.5/etc/sepp/bundled-v4.3.10/hmmsearch --domtblout busco_out/BUSCO_metazoa.fasta/run_metazoa_odb10/hmmer_output/567809at33208a.out.1 --cpu 1 /kmk/databases/metazoa_odb10/hmms/567809at33208a.hmm busco_out/BUSCO_metazoa.fasta/run_metazoa_odb10/augustus_output/extracted_proteins/567809at33208a.faa.1
DEBUG:busco.Toolset	cmd call: /share/apps/python_shared/3.6.5/etc/sepp/bundled-v4.3.10/hmmsearch --domtblout busco_out/BUSCO_metazoa.fasta/run_metazoa_odb10/hmmer_output/568170at33208a.out.1 --cpu 1 /kmk/databases/metazoa_odb10/hmms/568170at33208a.hmm busco_out/BUSCO_metazoa.fasta/run_metazoa_odb10/augustus_output/extracted_proteins/568170at33208a.faa.1
DEBUG:busco.Toolset	cmd call: /share/apps/python_shared/3.6.5/etc/sepp/bundled-v4.3.10/hmmsearch --domtblout busco_out/BUSCO_metazoa.fasta/run_metazoa_odb10/hmmer_output/568949at33208a.out.1 --cpu 1 /kmk/databases/metazoa_odb10/hmms/568949at33208a.hmm busco_out/BUSCO_metazoa.fasta/run_metazoa_odb10/augustus_output/extracted_proteins/568949at33208a.faa.1
DEBUG:busco.Toolset	cmd call: /share/apps/python_shared/3.6.5/etc/sepp/bundled-v4.3.10/hmmsearch --domtblout busco_out/BUSCO_metazoa.fasta/run_metazoa_odb10/hmmer_output/569812at33208a.out.1 --cpu 1 /kmk/databases/metazoa_odb10/hmms/569812at33208a.hmm busco_out/BUSCO_metazoa.fasta/run_metazoa_odb10/augustus_output/extracted_proteins/569812at33208a.faa.1
DEBUG:busco.Toolset	cmd call: /share/apps/python_shared/3.6.5/etc/sepp/bundled-v4.3.10/hmmsearch --domtblout busco_out/BUSCO_metazoa.fasta/run_metazoa_odb10/hmmer_output/570262at33208a.out.1 --cpu 1 /kmk/databases/metazoa_odb10/hmms/570262at33208a.hmm busco_out/BUSCO_metazoa.fasta/run_metazoa_odb10/augustus_output/extracted_proteins/570262at33208a.faa.1
DEBUG:busco.Toolset	cmd call: /share/apps/python_shared/3.6.5/etc/sepp/bundled-v4.3.10/hmmsearch --domtblout busco_out/BUSCO_metazoa.fasta/run_metazoa_odb10/hmmer_output/570717at33208a.out.1 --cpu 1 /kmk/databases/metazoa_odb10/hmms/570717at33208a.hmm busco_out/BUSCO_metazoa.fasta/run_metazoa_odb10/augustus_output/extracted_proteins/570717at33208a.faa.1
DEBUG:busco.Toolset	cmd call: /share/apps/python_shared/3.6.5/etc/sepp/bundled-v4.3.10/hmmsearch --domtblout busco_out/BUSCO_metazoa.fasta/run_metazoa_odb10/hmmer_output/57158at33208a.out.1 --cpu 1 /kmk/databases/metazoa_odb10/hmms/57158at33208a.hmm busco_out/BUSCO_metazoa.fasta/run_metazoa_odb10/augustus_output/extracted_proteins/57158at33208a.faa.1
DEBUG:busco.Toolset	cmd call: /share/apps/python_shared/3.6.5/etc/sepp/bundled-v4.3.10/hmmsearch --domtblout busco_out/BUSCO_metazoa.fasta/run_metazoa_odb10/hmmer_output/572074at33208a.out.1 --cpu 1 /kmk/databases/metazoa_odb10/hmms/572074at33208a.hmm busco_out/BUSCO_metazoa.fasta/run_metazoa_odb10/augustus_output/extracted_proteins/572074at33208a.faa.1
DEBUG:busco.Toolset	cmd call: /share/apps/python_shared/3.6.5/etc/sepp/bundled-v4.3.10/hmmsearch --domtblout busco_out/BUSCO_metazoa.fasta/run_metazoa_odb10/hmmer_output/572463at33208a.out.1 --cpu 1 /kmk/databases/metazoa_odb10/hmms/572463at33208a.hmm busco_out/BUSCO_metazoa.fasta/run_metazoa_odb10/augustus_output/extracted_proteins/572463at33208a.faa.1
DEBUG:busco.Toolset	cmd call: /share/apps/python_shared/3.6.5/etc/sepp/bundled-v4.3.10/hmmsearch --domtblout busco_out/BUSCO_metazoa.fasta/run_metazoa_odb10/hmmer_output/572845at33208a.out.1 --cpu 1 /kmk/databases/metazoa_odb10/hmms/572845at33208a.hmm busco_out/BUSCO_metazoa.fasta/run_metazoa_odb10/augustus_output/extracted_proteins/572845at33208a.faa.1
DEBUG:busco.Toolset	cmd call: /share/apps/python_shared/3.6.5/etc/sepp/bundled-v4.3.10/hmmsearch --domtblout busco_out/BUSCO_metazoa.fasta/run_metazoa_odb10/hmmer_output/573237at33208a.out.1 --cpu 1 /kmk/databases/metazoa_odb10/hmms/573237at33208a.hmm busco_out/BUSCO_metazoa.fasta/run_metazoa_odb10/augustus_output/extracted_proteins/573237at33208a.faa.1
DEBUG:busco.Toolset	cmd call: /share/apps/python_shared/3.6.5/etc/sepp/bundled-v4.3.10/hmmsearch --domtblout busco_out/BUSCO_metazoa.fasta/run_metazoa_odb10/hmmer_output/573313at33208a.out.1 --cpu 1 /kmk/databases/metazoa_odb10/hmms/573313at33208a.hmm busco_out/BUSCO_metazoa.fasta/run_metazoa_odb10/augustus_output/extracted_proteins/573313at33208a.faa.1
DEBUG:busco.Toolset	cmd call: /share/apps/python_shared/3.6.5/etc/sepp/bundled-v4.3.10/hmmsearch --domtblout busco_out/BUSCO_metazoa.fasta/run_metazoa_odb10/hmmer_output/574311at33208a.out.1 --cpu 1 /kmk/databases/metazoa_odb10/hmms/574311at33208a.hmm busco_out/BUSCO_metazoa.fasta/run_metazoa_odb10/augustus_output/extracted_proteins/574311at33208a.faa.1
DEBUG:busco.Toolset	cmd call: /share/apps/python_shared/3.6.5/etc/sepp/bundled-v4.3.10/hmmsearch --domtblout busco_out/BUSCO_metazoa.fasta/run_metazoa_odb10/hmmer_output/575360at33208a.out.1 --cpu 1 /kmk/databases/metazoa_odb10/hmms/575360at33208a.hmm busco_out/BUSCO_metazoa.fasta/run_metazoa_odb10/augustus_output/extracted_proteins/575360at33208a.faa.1
DEBUG:busco.Toolset	cmd call: /share/apps/python_shared/3.6.5/etc/sepp/bundled-v4.3.10/hmmsearch --domtblout busco_out/BUSCO_metazoa.fasta/run_metazoa_odb10/hmmer_output/576633at33208a.out.1 --cpu 1 /kmk/databases/metazoa_odb10/hmms/576633at33208a.hmm busco_out/BUSCO_metazoa.fasta/run_metazoa_odb10/augustus_output/extracted_proteins/576633at33208a.faa.1
DEBUG:busco.Toolset	cmd call: /share/apps/python_shared/3.6.5/etc/sepp/bundled-v4.3.10/hmmsearch --domtblout busco_out/BUSCO_metazoa.fasta/run_metazoa_odb10/hmmer_output/576997at33208a.out.1 --cpu 1 /kmk/databases/metazoa_odb10/hmms/576997at33208a.hmm busco_out/BUSCO_metazoa.fasta/run_metazoa_odb10/augustus_output/extracted_proteins/576997at33208a.faa.1
DEBUG:busco.Toolset	cmd call: /share/apps/python_shared/3.6.5/etc/sepp/bundled-v4.3.10/hmmsearch --domtblout busco_out/BUSCO_metazoa.fasta/run_metazoa_odb10/hmmer_output/578354at33208a.out.1 --cpu 1 /kmk/databases/metazoa_odb10/hmms/578354at33208a.hmm busco_out/BUSCO_metazoa.fasta/run_metazoa_odb10/augustus_output/extracted_proteins/578354at33208a.faa.1
DEBUG:busco.Toolset	cmd call: /share/apps/python_shared/3.6.5/etc/sepp/bundled-v4.3.10/hmmsearch --domtblout busco_out/BUSCO_metazoa.fasta/run_metazoa_odb10/hmmer_output/578582at33208a.out.1 --cpu 1 /kmk/databases/metazoa_odb10/hmms/578582at33208a.hmm busco_out/BUSCO_metazoa.fasta/run_metazoa_odb10/augustus_output/extracted_proteins/578582at33208a.faa.1
DEBUG:busco.Toolset	cmd call: /share/apps/python_shared/3.6.5/etc/sepp/bundled-v4.3.10/hmmsearch --domtblout busco_out/BUSCO_metazoa.fasta/run_metazoa_odb10/hmmer_output/578684at33208a.out.1 --cpu 1 /kmk/databases/metazoa_odb10/hmms/578684at33208a.hmm busco_out/BUSCO_metazoa.fasta/run_metazoa_odb10/augustus_output/extracted_proteins/578684at33208a.faa.1
DEBUG:busco.Toolset	cmd call: /share/apps/python_shared/3.6.5/etc/sepp/bundled-v4.3.10/hmmsearch --domtblout busco_out/BUSCO_metazoa.fasta/run_metazoa_odb10/hmmer_output/578726at33208a.out.1 --cpu 1 /kmk/databases/metazoa_odb10/hmms/578726at33208a.hmm busco_out/BUSCO_metazoa.fasta/run_metazoa_odb10/augustus_output/extracted_proteins/578726at33208a.faa.1
DEBUG:busco.Toolset	cmd call: /share/apps/python_shared/3.6.5/etc/sepp/bundled-v4.3.10/hmmsearch --domtblout busco_out/BUSCO_metazoa.fasta/run_metazoa_odb10/hmmer_output/578734at33208a.out.1 --cpu 1 /kmk/databases/metazoa_odb10/hmms/578734at33208a.hmm busco_out/BUSCO_metazoa.fasta/run_metazoa_odb10/augustus_output/extracted_proteins/578734at33208a.faa.1
DEBUG:busco.Toolset	cmd call: /share/apps/python_shared/3.6.5/etc/sepp/bundled-v4.3.10/hmmsearch --domtblout busco_out/BUSCO_metazoa.fasta/run_metazoa_odb10/hmmer_output/578734at33208a.out.2 --cpu 1 /kmk/databases/metazoa_odb10/hmms/578734at33208a.hmm busco_out/BUSCO_metazoa.fasta/run_metazoa_odb10/augustus_output/extracted_proteins/578734at33208a.faa.2
DEBUG:busco.Toolset	cmd call: /share/apps/python_shared/3.6.5/etc/sepp/bundled-v4.3.10/hmmsearch --domtblout busco_out/BUSCO_metazoa.fasta/run_metazoa_odb10/hmmer_output/578734at33208a.out.3 --cpu 1 /kmk/databases/metazoa_odb10/hmms/578734at33208a.hmm busco_out/BUSCO_metazoa.fasta/run_metazoa_odb10/augustus_output/extracted_proteins/578734at33208a.faa.3
DEBUG:busco.Toolset	cmd call: /share/apps/python_shared/3.6.5/etc/sepp/bundled-v4.3.10/hmmsearch --domtblout busco_out/BUSCO_metazoa.fasta/run_metazoa_odb10/hmmer_output/578959at33208a.out.1 --cpu 1 /kmk/databases/metazoa_odb10/hmms/578959at33208a.hmm busco_out/BUSCO_metazoa.fasta/run_metazoa_odb10/augustus_output/extracted_proteins/578959at33208a.faa.1
DEBUG:busco.Toolset	cmd call: /share/apps/python_shared/3.6.5/etc/sepp/bundled-v4.3.10/hmmsearch --domtblout busco_out/BUSCO_metazoa.fasta/run_metazoa_odb10/hmmer_output/579029at33208a.out.1 --cpu 1 /kmk/databases/metazoa_odb10/hmms/579029at33208a.hmm busco_out/BUSCO_metazoa.fasta/run_metazoa_odb10/augustus_output/extracted_proteins/579029at33208a.faa.1
DEBUG:busco.Toolset	cmd call: /share/apps/python_shared/3.6.5/etc/sepp/bundled-v4.3.10/hmmsearch --domtblout busco_out/BUSCO_metazoa.fasta/run_metazoa_odb10/hmmer_output/580062at33208a.out.1 --cpu 1 /kmk/databases/metazoa_odb10/hmms/580062at33208a.hmm busco_out/BUSCO_metazoa.fasta/run_metazoa_odb10/augustus_output/extracted_proteins/580062at33208a.faa.1
DEBUG:busco.Toolset	cmd call: /share/apps/python_shared/3.6.5/etc/sepp/bundled-v4.3.10/hmmsearch --domtblout busco_out/BUSCO_metazoa.fasta/run_metazoa_odb10/hmmer_output/580288at33208a.out.1 --cpu 1 /kmk/databases/metazoa_odb10/hmms/580288at33208a.hmm busco_out/BUSCO_metazoa.fasta/run_metazoa_odb10/augustus_output/extracted_proteins/580288at33208a.faa.1
DEBUG:busco.Toolset	cmd call: /share/apps/python_shared/3.6.5/etc/sepp/bundled-v4.3.10/hmmsearch --domtblout busco_out/BUSCO_metazoa.fasta/run_metazoa_odb10/hmmer_output/580896at33208a.out.1 --cpu 1 /kmk/databases/metazoa_odb10/hmms/580896at33208a.hmm busco_out/BUSCO_metazoa.fasta/run_metazoa_odb10/augustus_output/extracted_proteins/580896at33208a.faa.1
INFO:busco.Toolset	[hmmsearch]	734 of 917 task(s) completed
DEBUG:busco.Toolset	cmd call: /share/apps/python_shared/3.6.5/etc/sepp/bundled-v4.3.10/hmmsearch --domtblout busco_out/BUSCO_metazoa.fasta/run_metazoa_odb10/hmmer_output/581475at33208a.out.1 --cpu 1 /kmk/databases/metazoa_odb10/hmms/581475at33208a.hmm busco_out/BUSCO_metazoa.fasta/run_metazoa_odb10/augustus_output/extracted_proteins/581475at33208a.faa.1
DEBUG:busco.Toolset	cmd call: /share/apps/python_shared/3.6.5/etc/sepp/bundled-v4.3.10/hmmsearch --domtblout busco_out/BUSCO_metazoa.fasta/run_metazoa_odb10/hmmer_output/581543at33208a.out.1 --cpu 1 /kmk/databases/metazoa_odb10/hmms/581543at33208a.hmm busco_out/BUSCO_metazoa.fasta/run_metazoa_odb10/augustus_output/extracted_proteins/581543at33208a.faa.1
DEBUG:busco.Toolset	cmd call: /share/apps/python_shared/3.6.5/etc/sepp/bundled-v4.3.10/hmmsearch --domtblout busco_out/BUSCO_metazoa.fasta/run_metazoa_odb10/hmmer_output/581547at33208a.out.1 --cpu 1 /kmk/databases/metazoa_odb10/hmms/581547at33208a.hmm busco_out/BUSCO_metazoa.fasta/run_metazoa_odb10/augustus_output/extracted_proteins/581547at33208a.faa.1
DEBUG:busco.Toolset	cmd call: /share/apps/python_shared/3.6.5/etc/sepp/bundled-v4.3.10/hmmsearch --domtblout busco_out/BUSCO_metazoa.fasta/run_metazoa_odb10/hmmer_output/581621at33208a.out.1 --cpu 1 /kmk/databases/metazoa_odb10/hmms/581621at33208a.hmm busco_out/BUSCO_metazoa.fasta/run_metazoa_odb10/augustus_output/extracted_proteins/581621at33208a.faa.1
DEBUG:busco.Toolset	cmd call: /share/apps/python_shared/3.6.5/etc/sepp/bundled-v4.3.10/hmmsearch --domtblout busco_out/BUSCO_metazoa.fasta/run_metazoa_odb10/hmmer_output/581717at33208a.out.1 --cpu 1 /kmk/databases/metazoa_odb10/hmms/581717at33208a.hmm busco_out/BUSCO_metazoa.fasta/run_metazoa_odb10/augustus_output/extracted_proteins/581717at33208a.faa.1
DEBUG:busco.Toolset	cmd call: /share/apps/python_shared/3.6.5/etc/sepp/bundled-v4.3.10/hmmsearch --domtblout busco_out/BUSCO_metazoa.fasta/run_metazoa_odb10/hmmer_output/581779at33208a.out.1 --cpu 1 /kmk/databases/metazoa_odb10/hmms/581779at33208a.hmm busco_out/BUSCO_metazoa.fasta/run_metazoa_odb10/augustus_output/extracted_proteins/581779at33208a.faa.1
DEBUG:busco.Toolset	cmd call: /share/apps/python_shared/3.6.5/etc/sepp/bundled-v4.3.10/hmmsearch --domtblout busco_out/BUSCO_metazoa.fasta/run_metazoa_odb10/hmmer_output/582265at33208a.out.1 --cpu 1 /kmk/databases/metazoa_odb10/hmms/582265at33208a.hmm busco_out/BUSCO_metazoa.fasta/run_metazoa_odb10/augustus_output/extracted_proteins/582265at33208a.faa.1
DEBUG:busco.Toolset	cmd call: /share/apps/python_shared/3.6.5/etc/sepp/bundled-v4.3.10/hmmsearch --domtblout busco_out/BUSCO_metazoa.fasta/run_metazoa_odb10/hmmer_output/582341at33208a.out.1 --cpu 1 /kmk/databases/metazoa_odb10/hmms/582341at33208a.hmm busco_out/BUSCO_metazoa.fasta/run_metazoa_odb10/augustus_output/extracted_proteins/582341at33208a.faa.1
DEBUG:busco.Toolset	cmd call: /share/apps/python_shared/3.6.5/etc/sepp/bundled-v4.3.10/hmmsearch --domtblout busco_out/BUSCO_metazoa.fasta/run_metazoa_odb10/hmmer_output/582473at33208a.out.1 --cpu 1 /kmk/databases/metazoa_odb10/hmms/582473at33208a.hmm busco_out/BUSCO_metazoa.fasta/run_metazoa_odb10/augustus_output/extracted_proteins/582473at33208a.faa.1
DEBUG:busco.Toolset	cmd call: /share/apps/python_shared/3.6.5/etc/sepp/bundled-v4.3.10/hmmsearch --domtblout busco_out/BUSCO_metazoa.fasta/run_metazoa_odb10/hmmer_output/582823at33208a.out.1 --cpu 1 /kmk/databases/metazoa_odb10/hmms/582823at33208a.hmm busco_out/BUSCO_metazoa.fasta/run_metazoa_odb10/augustus_output/extracted_proteins/582823at33208a.faa.1
DEBUG:busco.Toolset	cmd call: /share/apps/python_shared/3.6.5/etc/sepp/bundled-v4.3.10/hmmsearch --domtblout busco_out/BUSCO_metazoa.fasta/run_metazoa_odb10/hmmer_output/582951at33208a.out.1 --cpu 1 /kmk/databases/metazoa_odb10/hmms/582951at33208a.hmm busco_out/BUSCO_metazoa.fasta/run_metazoa_odb10/augustus_output/extracted_proteins/582951at33208a.faa.1
DEBUG:busco.Toolset	cmd call: /share/apps/python_shared/3.6.5/etc/sepp/bundled-v4.3.10/hmmsearch --domtblout busco_out/BUSCO_metazoa.fasta/run_metazoa_odb10/hmmer_output/583626at33208a.out.1 --cpu 1 /kmk/databases/metazoa_odb10/hmms/583626at33208a.hmm busco_out/BUSCO_metazoa.fasta/run_metazoa_odb10/augustus_output/extracted_proteins/583626at33208a.faa.1
DEBUG:busco.Toolset	cmd call: /share/apps/python_shared/3.6.5/etc/sepp/bundled-v4.3.10/hmmsearch --domtblout busco_out/BUSCO_metazoa.fasta/run_metazoa_odb10/hmmer_output/584023at33208a.out.1 --cpu 1 /kmk/databases/metazoa_odb10/hmms/584023at33208a.hmm busco_out/BUSCO_metazoa.fasta/run_metazoa_odb10/augustus_output/extracted_proteins/584023at33208a.faa.1
DEBUG:busco.Toolset	cmd call: /share/apps/python_shared/3.6.5/etc/sepp/bundled-v4.3.10/hmmsearch --domtblout busco_out/BUSCO_metazoa.fasta/run_metazoa_odb10/hmmer_output/584333at33208a.out.1 --cpu 1 /kmk/databases/metazoa_odb10/hmms/584333at33208a.hmm busco_out/BUSCO_metazoa.fasta/run_metazoa_odb10/augustus_output/extracted_proteins/584333at33208a.faa.1
DEBUG:busco.Toolset	cmd call: /share/apps/python_shared/3.6.5/etc/sepp/bundled-v4.3.10/hmmsearch --domtblout busco_out/BUSCO_metazoa.fasta/run_metazoa_odb10/hmmer_output/585078at33208a.out.1 --cpu 1 /kmk/databases/metazoa_odb10/hmms/585078at33208a.hmm busco_out/BUSCO_metazoa.fasta/run_metazoa_odb10/augustus_output/extracted_proteins/585078at33208a.faa.1
DEBUG:busco.Toolset	cmd call: /share/apps/python_shared/3.6.5/etc/sepp/bundled-v4.3.10/hmmsearch --domtblout busco_out/BUSCO_metazoa.fasta/run_metazoa_odb10/hmmer_output/585232at33208a.out.1 --cpu 1 /kmk/databases/metazoa_odb10/hmms/585232at33208a.hmm busco_out/BUSCO_metazoa.fasta/run_metazoa_odb10/augustus_output/extracted_proteins/585232at33208a.faa.1
DEBUG:busco.Toolset	cmd call: /share/apps/python_shared/3.6.5/etc/sepp/bundled-v4.3.10/hmmsearch --domtblout busco_out/BUSCO_metazoa.fasta/run_metazoa_odb10/hmmer_output/585305at33208a.out.1 --cpu 1 /kmk/databases/metazoa_odb10/hmms/585305at33208a.hmm busco_out/BUSCO_metazoa.fasta/run_metazoa_odb10/augustus_output/extracted_proteins/585305at33208a.faa.1
DEBUG:busco.Toolset	cmd call: /share/apps/python_shared/3.6.5/etc/sepp/bundled-v4.3.10/hmmsearch --domtblout busco_out/BUSCO_metazoa.fasta/run_metazoa_odb10/hmmer_output/585313at33208a.out.1 --cpu 1 /kmk/databases/metazoa_odb10/hmms/585313at33208a.hmm busco_out/BUSCO_metazoa.fasta/run_metazoa_odb10/augustus_output/extracted_proteins/585313at33208a.faa.1
DEBUG:busco.Toolset	cmd call: /share/apps/python_shared/3.6.5/etc/sepp/bundled-v4.3.10/hmmsearch --domtblout busco_out/BUSCO_metazoa.fasta/run_metazoa_odb10/hmmer_output/585656at33208a.out.1 --cpu 1 /kmk/databases/metazoa_odb10/hmms/585656at33208a.hmm busco_out/BUSCO_metazoa.fasta/run_metazoa_odb10/augustus_output/extracted_proteins/585656at33208a.faa.1
DEBUG:busco.Toolset	cmd call: /share/apps/python_shared/3.6.5/etc/sepp/bundled-v4.3.10/hmmsearch --domtblout busco_out/BUSCO_metazoa.fasta/run_metazoa_odb10/hmmer_output/585726at33208a.out.1 --cpu 1 /kmk/databases/metazoa_odb10/hmms/585726at33208a.hmm busco_out/BUSCO_metazoa.fasta/run_metazoa_odb10/augustus_output/extracted_proteins/585726at33208a.faa.1
DEBUG:busco.Toolset	cmd call: /share/apps/python_shared/3.6.5/etc/sepp/bundled-v4.3.10/hmmsearch --domtblout busco_out/BUSCO_metazoa.fasta/run_metazoa_odb10/hmmer_output/585809at33208a.out.1 --cpu 1 /kmk/databases/metazoa_odb10/hmms/585809at33208a.hmm busco_out/BUSCO_metazoa.fasta/run_metazoa_odb10/augustus_output/extracted_proteins/585809at33208a.faa.1
DEBUG:busco.Toolset	cmd call: /share/apps/python_shared/3.6.5/etc/sepp/bundled-v4.3.10/hmmsearch --domtblout busco_out/BUSCO_metazoa.fasta/run_metazoa_odb10/hmmer_output/586156at33208a.out.1 --cpu 1 /kmk/databases/metazoa_odb10/hmms/586156at33208a.hmm busco_out/BUSCO_metazoa.fasta/run_metazoa_odb10/augustus_output/extracted_proteins/586156at33208a.faa.1
DEBUG:busco.Toolset	cmd call: /share/apps/python_shared/3.6.5/etc/sepp/bundled-v4.3.10/hmmsearch --domtblout busco_out/BUSCO_metazoa.fasta/run_metazoa_odb10/hmmer_output/586310at33208a.out.1 --cpu 1 /kmk/databases/metazoa_odb10/hmms/586310at33208a.hmm busco_out/BUSCO_metazoa.fasta/run_metazoa_odb10/augustus_output/extracted_proteins/586310at33208a.faa.1
DEBUG:busco.Toolset	cmd call: /share/apps/python_shared/3.6.5/etc/sepp/bundled-v4.3.10/hmmsearch --domtblout busco_out/BUSCO_metazoa.fasta/run_metazoa_odb10/hmmer_output/586690at33208a.out.1 --cpu 1 /kmk/databases/metazoa_odb10/hmms/586690at33208a.hmm busco_out/BUSCO_metazoa.fasta/run_metazoa_odb10/augustus_output/extracted_proteins/586690at33208a.faa.1
DEBUG:busco.Toolset	cmd call: /share/apps/python_shared/3.6.5/etc/sepp/bundled-v4.3.10/hmmsearch --domtblout busco_out/BUSCO_metazoa.fasta/run_metazoa_odb10/hmmer_output/586719at33208a.out.1 --cpu 1 /kmk/databases/metazoa_odb10/hmms/586719at33208a.hmm busco_out/BUSCO_metazoa.fasta/run_metazoa_odb10/augustus_output/extracted_proteins/586719at33208a.faa.1
DEBUG:busco.Toolset	cmd call: /share/apps/python_shared/3.6.5/etc/sepp/bundled-v4.3.10/hmmsearch --domtblout busco_out/BUSCO_metazoa.fasta/run_metazoa_odb10/hmmer_output/587399at33208a.out.1 --cpu 1 /kmk/databases/metazoa_odb10/hmms/587399at33208a.hmm busco_out/BUSCO_metazoa.fasta/run_metazoa_odb10/augustus_output/extracted_proteins/587399at33208a.faa.1
DEBUG:busco.Toolset	cmd call: /share/apps/python_shared/3.6.5/etc/sepp/bundled-v4.3.10/hmmsearch --domtblout busco_out/BUSCO_metazoa.fasta/run_metazoa_odb10/hmmer_output/587407at33208a.out.1 --cpu 1 /kmk/databases/metazoa_odb10/hmms/587407at33208a.hmm busco_out/BUSCO_metazoa.fasta/run_metazoa_odb10/augustus_output/extracted_proteins/587407at33208a.faa.1
DEBUG:busco.Toolset	cmd call: /share/apps/python_shared/3.6.5/etc/sepp/bundled-v4.3.10/hmmsearch --domtblout busco_out/BUSCO_metazoa.fasta/run_metazoa_odb10/hmmer_output/587513at33208a.out.1 --cpu 1 /kmk/databases/metazoa_odb10/hmms/587513at33208a.hmm busco_out/BUSCO_metazoa.fasta/run_metazoa_odb10/augustus_output/extracted_proteins/587513at33208a.faa.1
DEBUG:busco.Toolset	cmd call: /share/apps/python_shared/3.6.5/etc/sepp/bundled-v4.3.10/hmmsearch --domtblout busco_out/BUSCO_metazoa.fasta/run_metazoa_odb10/hmmer_output/587688at33208a.out.1 --cpu 1 /kmk/databases/metazoa_odb10/hmms/587688at33208a.hmm busco_out/BUSCO_metazoa.fasta/run_metazoa_odb10/augustus_output/extracted_proteins/587688at33208a.faa.1
DEBUG:busco.Toolset	cmd call: /share/apps/python_shared/3.6.5/etc/sepp/bundled-v4.3.10/hmmsearch --domtblout busco_out/BUSCO_metazoa.fasta/run_metazoa_odb10/hmmer_output/589773at33208a.out.1 --cpu 1 /kmk/databases/metazoa_odb10/hmms/589773at33208a.hmm busco_out/BUSCO_metazoa.fasta/run_metazoa_odb10/augustus_output/extracted_proteins/589773at33208a.faa.1
DEBUG:busco.Toolset	cmd call: /share/apps/python_shared/3.6.5/etc/sepp/bundled-v4.3.10/hmmsearch --domtblout busco_out/BUSCO_metazoa.fasta/run_metazoa_odb10/hmmer_output/587958at33208a.out.1 --cpu 1 /kmk/databases/metazoa_odb10/hmms/587958at33208a.hmm busco_out/BUSCO_metazoa.fasta/run_metazoa_odb10/augustus_output/extracted_proteins/587958at33208a.faa.1
DEBUG:busco.Toolset	cmd call: /share/apps/python_shared/3.6.5/etc/sepp/bundled-v4.3.10/hmmsearch --domtblout busco_out/BUSCO_metazoa.fasta/run_metazoa_odb10/hmmer_output/589901at33208a.out.1 --cpu 1 /kmk/databases/metazoa_odb10/hmms/589901at33208a.hmm busco_out/BUSCO_metazoa.fasta/run_metazoa_odb10/augustus_output/extracted_proteins/589901at33208a.faa.1
DEBUG:busco.Toolset	cmd call: /share/apps/python_shared/3.6.5/etc/sepp/bundled-v4.3.10/hmmsearch --domtblout busco_out/BUSCO_metazoa.fasta/run_metazoa_odb10/hmmer_output/590221at33208a.out.1 --cpu 1 /kmk/databases/metazoa_odb10/hmms/590221at33208a.hmm busco_out/BUSCO_metazoa.fasta/run_metazoa_odb10/augustus_output/extracted_proteins/590221at33208a.faa.1
DEBUG:busco.Toolset	cmd call: /share/apps/python_shared/3.6.5/etc/sepp/bundled-v4.3.10/hmmsearch --domtblout busco_out/BUSCO_metazoa.fasta/run_metazoa_odb10/hmmer_output/590347at33208a.out.1 --cpu 1 /kmk/databases/metazoa_odb10/hmms/590347at33208a.hmm busco_out/BUSCO_metazoa.fasta/run_metazoa_odb10/augustus_output/extracted_proteins/590347at33208a.faa.1
DEBUG:busco.Toolset	cmd call: /share/apps/python_shared/3.6.5/etc/sepp/bundled-v4.3.10/hmmsearch --domtblout busco_out/BUSCO_metazoa.fasta/run_metazoa_odb10/hmmer_output/590416at33208a.out.1 --cpu 1 /kmk/databases/metazoa_odb10/hmms/590416at33208a.hmm busco_out/BUSCO_metazoa.fasta/run_metazoa_odb10/augustus_output/extracted_proteins/590416at33208a.faa.1
DEBUG:busco.Toolset	cmd call: /share/apps/python_shared/3.6.5/etc/sepp/bundled-v4.3.10/hmmsearch --domtblout busco_out/BUSCO_metazoa.fasta/run_metazoa_odb10/hmmer_output/590470at33208a.out.1 --cpu 1 /kmk/databases/metazoa_odb10/hmms/590470at33208a.hmm busco_out/BUSCO_metazoa.fasta/run_metazoa_odb10/augustus_output/extracted_proteins/590470at33208a.faa.1
DEBUG:busco.Toolset	cmd call: /share/apps/python_shared/3.6.5/etc/sepp/bundled-v4.3.10/hmmsearch --domtblout busco_out/BUSCO_metazoa.fasta/run_metazoa_odb10/hmmer_output/591316at33208a.out.1 --cpu 1 /kmk/databases/metazoa_odb10/hmms/591316at33208a.hmm busco_out/BUSCO_metazoa.fasta/run_metazoa_odb10/augustus_output/extracted_proteins/591316at33208a.faa.1
DEBUG:busco.Toolset	cmd call: /share/apps/python_shared/3.6.5/etc/sepp/bundled-v4.3.10/hmmsearch --domtblout busco_out/BUSCO_metazoa.fasta/run_metazoa_odb10/hmmer_output/591391at33208a.out.1 --cpu 1 /kmk/databases/metazoa_odb10/hmms/591391at33208a.hmm busco_out/BUSCO_metazoa.fasta/run_metazoa_odb10/augustus_output/extracted_proteins/591391at33208a.faa.1
DEBUG:busco.Toolset	cmd call: /share/apps/python_shared/3.6.5/etc/sepp/bundled-v4.3.10/hmmsearch --domtblout busco_out/BUSCO_metazoa.fasta/run_metazoa_odb10/hmmer_output/591498at33208a.out.1 --cpu 1 /kmk/databases/metazoa_odb10/hmms/591498at33208a.hmm busco_out/BUSCO_metazoa.fasta/run_metazoa_odb10/augustus_output/extracted_proteins/591498at33208a.faa.1
DEBUG:busco.Toolset	cmd call: /share/apps/python_shared/3.6.5/etc/sepp/bundled-v4.3.10/hmmsearch --domtblout busco_out/BUSCO_metazoa.fasta/run_metazoa_odb10/hmmer_output/592087at33208a.out.1 --cpu 1 /kmk/databases/metazoa_odb10/hmms/592087at33208a.hmm busco_out/BUSCO_metazoa.fasta/run_metazoa_odb10/augustus_output/extracted_proteins/592087at33208a.faa.1
DEBUG:busco.Toolset	cmd call: /share/apps/python_shared/3.6.5/etc/sepp/bundled-v4.3.10/hmmsearch --domtblout busco_out/BUSCO_metazoa.fasta/run_metazoa_odb10/hmmer_output/592094at33208a.out.1 --cpu 1 /kmk/databases/metazoa_odb10/hmms/592094at33208a.hmm busco_out/BUSCO_metazoa.fasta/run_metazoa_odb10/augustus_output/extracted_proteins/592094at33208a.faa.1
DEBUG:busco.Toolset	cmd call: /share/apps/python_shared/3.6.5/etc/sepp/bundled-v4.3.10/hmmsearch --domtblout busco_out/BUSCO_metazoa.fasta/run_metazoa_odb10/hmmer_output/592759at33208a.out.1 --cpu 1 /kmk/databases/metazoa_odb10/hmms/592759at33208a.hmm busco_out/BUSCO_metazoa.fasta/run_metazoa_odb10/augustus_output/extracted_proteins/592759at33208a.faa.1
DEBUG:busco.Toolset	cmd call: /share/apps/python_shared/3.6.5/etc/sepp/bundled-v4.3.10/hmmsearch --domtblout busco_out/BUSCO_metazoa.fasta/run_metazoa_odb10/hmmer_output/592872at33208a.out.1 --cpu 1 /kmk/databases/metazoa_odb10/hmms/592872at33208a.hmm busco_out/BUSCO_metazoa.fasta/run_metazoa_odb10/augustus_output/extracted_proteins/592872at33208a.faa.1
DEBUG:busco.Toolset	cmd call: /share/apps/python_shared/3.6.5/etc/sepp/bundled-v4.3.10/hmmsearch --domtblout busco_out/BUSCO_metazoa.fasta/run_metazoa_odb10/hmmer_output/594172at33208a.out.1 --cpu 1 /kmk/databases/metazoa_odb10/hmms/594172at33208a.hmm busco_out/BUSCO_metazoa.fasta/run_metazoa_odb10/augustus_output/extracted_proteins/594172at33208a.faa.1
DEBUG:busco.Toolset	cmd call: /share/apps/python_shared/3.6.5/etc/sepp/bundled-v4.3.10/hmmsearch --domtblout busco_out/BUSCO_metazoa.fasta/run_metazoa_odb10/hmmer_output/594842at33208a.out.1 --cpu 1 /kmk/databases/metazoa_odb10/hmms/594842at33208a.hmm busco_out/BUSCO_metazoa.fasta/run_metazoa_odb10/augustus_output/extracted_proteins/594842at33208a.faa.1
DEBUG:busco.Toolset	cmd call: /share/apps/python_shared/3.6.5/etc/sepp/bundled-v4.3.10/hmmsearch --domtblout busco_out/BUSCO_metazoa.fasta/run_metazoa_odb10/hmmer_output/595010at33208a.out.1 --cpu 1 /kmk/databases/metazoa_odb10/hmms/595010at33208a.hmm busco_out/BUSCO_metazoa.fasta/run_metazoa_odb10/augustus_output/extracted_proteins/595010at33208a.faa.1
DEBUG:busco.Toolset	cmd call: /share/apps/python_shared/3.6.5/etc/sepp/bundled-v4.3.10/hmmsearch --domtblout busco_out/BUSCO_metazoa.fasta/run_metazoa_odb10/hmmer_output/5951at33208a.out.1 --cpu 1 /kmk/databases/metazoa_odb10/hmms/5951at33208a.hmm busco_out/BUSCO_metazoa.fasta/run_metazoa_odb10/augustus_output/extracted_proteins/5951at33208a.faa.1
DEBUG:busco.Toolset	cmd call: /share/apps/python_shared/3.6.5/etc/sepp/bundled-v4.3.10/hmmsearch --domtblout busco_out/BUSCO_metazoa.fasta/run_metazoa_odb10/hmmer_output/595316at33208a.out.1 --cpu 1 /kmk/databases/metazoa_odb10/hmms/595316at33208a.hmm busco_out/BUSCO_metazoa.fasta/run_metazoa_odb10/augustus_output/extracted_proteins/595316at33208a.faa.1
DEBUG:busco.Toolset	cmd call: /share/apps/python_shared/3.6.5/etc/sepp/bundled-v4.3.10/hmmsearch --domtblout busco_out/BUSCO_metazoa.fasta/run_metazoa_odb10/hmmer_output/595404at33208a.out.1 --cpu 1 /kmk/databases/metazoa_odb10/hmms/595404at33208a.hmm busco_out/BUSCO_metazoa.fasta/run_metazoa_odb10/augustus_output/extracted_proteins/595404at33208a.faa.1
DEBUG:busco.Toolset	cmd call: /share/apps/python_shared/3.6.5/etc/sepp/bundled-v4.3.10/hmmsearch --domtblout busco_out/BUSCO_metazoa.fasta/run_metazoa_odb10/hmmer_output/595858at33208a.out.1 --cpu 1 /kmk/databases/metazoa_odb10/hmms/595858at33208a.hmm busco_out/BUSCO_metazoa.fasta/run_metazoa_odb10/augustus_output/extracted_proteins/595858at33208a.faa.1
DEBUG:busco.Toolset	cmd call: /share/apps/python_shared/3.6.5/etc/sepp/bundled-v4.3.10/hmmsearch --domtblout busco_out/BUSCO_metazoa.fasta/run_metazoa_odb10/hmmer_output/596131at33208a.out.1 --cpu 1 /kmk/databases/metazoa_odb10/hmms/596131at33208a.hmm busco_out/BUSCO_metazoa.fasta/run_metazoa_odb10/augustus_output/extracted_proteins/596131at33208a.faa.1
DEBUG:busco.Toolset	cmd call: /share/apps/python_shared/3.6.5/etc/sepp/bundled-v4.3.10/hmmsearch --domtblout busco_out/BUSCO_metazoa.fasta/run_metazoa_odb10/hmmer_output/596973at33208a.out.1 --cpu 1 /kmk/databases/metazoa_odb10/hmms/596973at33208a.hmm busco_out/BUSCO_metazoa.fasta/run_metazoa_odb10/augustus_output/extracted_proteins/596973at33208a.faa.1
DEBUG:busco.Toolset	cmd call: /share/apps/python_shared/3.6.5/etc/sepp/bundled-v4.3.10/hmmsearch --domtblout busco_out/BUSCO_metazoa.fasta/run_metazoa_odb10/hmmer_output/597816at33208a.out.1 --cpu 1 /kmk/databases/metazoa_odb10/hmms/597816at33208a.hmm busco_out/BUSCO_metazoa.fasta/run_metazoa_odb10/augustus_output/extracted_proteins/597816at33208a.faa.1
DEBUG:busco.Toolset	cmd call: /share/apps/python_shared/3.6.5/etc/sepp/bundled-v4.3.10/hmmsearch --domtblout busco_out/BUSCO_metazoa.fasta/run_metazoa_odb10/hmmer_output/598405at33208a.out.1 --cpu 1 /kmk/databases/metazoa_odb10/hmms/598405at33208a.hmm busco_out/BUSCO_metazoa.fasta/run_metazoa_odb10/augustus_output/extracted_proteins/598405at33208a.faa.1
DEBUG:busco.Toolset	cmd call: /share/apps/python_shared/3.6.5/etc/sepp/bundled-v4.3.10/hmmsearch --domtblout busco_out/BUSCO_metazoa.fasta/run_metazoa_odb10/hmmer_output/598944at33208a.out.1 --cpu 1 /kmk/databases/metazoa_odb10/hmms/598944at33208a.hmm busco_out/BUSCO_metazoa.fasta/run_metazoa_odb10/augustus_output/extracted_proteins/598944at33208a.faa.1
DEBUG:busco.Toolset	cmd call: /share/apps/python_shared/3.6.5/etc/sepp/bundled-v4.3.10/hmmsearch --domtblout busco_out/BUSCO_metazoa.fasta/run_metazoa_odb10/hmmer_output/600462at33208a.out.1 --cpu 1 /kmk/databases/metazoa_odb10/hmms/600462at33208a.hmm busco_out/BUSCO_metazoa.fasta/run_metazoa_odb10/augustus_output/extracted_proteins/600462at33208a.faa.1
DEBUG:busco.Toolset	cmd call: /share/apps/python_shared/3.6.5/etc/sepp/bundled-v4.3.10/hmmsearch --domtblout busco_out/BUSCO_metazoa.fasta/run_metazoa_odb10/hmmer_output/599320at33208a.out.1 --cpu 1 /kmk/databases/metazoa_odb10/hmms/599320at33208a.hmm busco_out/BUSCO_metazoa.fasta/run_metazoa_odb10/augustus_output/extracted_proteins/599320at33208a.faa.1
DEBUG:busco.Toolset	cmd call: /share/apps/python_shared/3.6.5/etc/sepp/bundled-v4.3.10/hmmsearch --domtblout busco_out/BUSCO_metazoa.fasta/run_metazoa_odb10/hmmer_output/600823at33208a.out.1 --cpu 1 /kmk/databases/metazoa_odb10/hmms/600823at33208a.hmm busco_out/BUSCO_metazoa.fasta/run_metazoa_odb10/augustus_output/extracted_proteins/600823at33208a.faa.1
DEBUG:busco.Toolset	cmd call: /share/apps/python_shared/3.6.5/etc/sepp/bundled-v4.3.10/hmmsearch --domtblout busco_out/BUSCO_metazoa.fasta/run_metazoa_odb10/hmmer_output/601242at33208a.out.1 --cpu 1 /kmk/databases/metazoa_odb10/hmms/601242at33208a.hmm busco_out/BUSCO_metazoa.fasta/run_metazoa_odb10/augustus_output/extracted_proteins/601242at33208a.faa.1
DEBUG:busco.Toolset	cmd call: /share/apps/python_shared/3.6.5/etc/sepp/bundled-v4.3.10/hmmsearch --domtblout busco_out/BUSCO_metazoa.fasta/run_metazoa_odb10/hmmer_output/601768at33208a.out.1 --cpu 1 /kmk/databases/metazoa_odb10/hmms/601768at33208a.hmm busco_out/BUSCO_metazoa.fasta/run_metazoa_odb10/augustus_output/extracted_proteins/601768at33208a.faa.1
DEBUG:busco.Toolset	cmd call: /share/apps/python_shared/3.6.5/etc/sepp/bundled-v4.3.10/hmmsearch --domtblout busco_out/BUSCO_metazoa.fasta/run_metazoa_odb10/hmmer_output/601875at33208a.out.1 --cpu 1 /kmk/databases/metazoa_odb10/hmms/601875at33208a.hmm busco_out/BUSCO_metazoa.fasta/run_metazoa_odb10/augustus_output/extracted_proteins/601875at33208a.faa.1
DEBUG:busco.Toolset	cmd call: /share/apps/python_shared/3.6.5/etc/sepp/bundled-v4.3.10/hmmsearch --domtblout busco_out/BUSCO_metazoa.fasta/run_metazoa_odb10/hmmer_output/601886at33208a.out.1 --cpu 1 /kmk/databases/metazoa_odb10/hmms/601886at33208a.hmm busco_out/BUSCO_metazoa.fasta/run_metazoa_odb10/augustus_output/extracted_proteins/601886at33208a.faa.1
DEBUG:busco.Toolset	cmd call: /share/apps/python_shared/3.6.5/etc/sepp/bundled-v4.3.10/hmmsearch --domtblout busco_out/BUSCO_metazoa.fasta/run_metazoa_odb10/hmmer_output/601967at33208a.out.1 --cpu 1 /kmk/databases/metazoa_odb10/hmms/601967at33208a.hmm busco_out/BUSCO_metazoa.fasta/run_metazoa_odb10/augustus_output/extracted_proteins/601967at33208a.faa.1
DEBUG:busco.Toolset	cmd call: /share/apps/python_shared/3.6.5/etc/sepp/bundled-v4.3.10/hmmsearch --domtblout busco_out/BUSCO_metazoa.fasta/run_metazoa_odb10/hmmer_output/601967at33208a.out.2 --cpu 1 /kmk/databases/metazoa_odb10/hmms/601967at33208a.hmm busco_out/BUSCO_metazoa.fasta/run_metazoa_odb10/augustus_output/extracted_proteins/601967at33208a.faa.2
DEBUG:busco.Toolset	cmd call: /share/apps/python_shared/3.6.5/etc/sepp/bundled-v4.3.10/hmmsearch --domtblout busco_out/BUSCO_metazoa.fasta/run_metazoa_odb10/hmmer_output/602089at33208a.out.1 --cpu 1 /kmk/databases/metazoa_odb10/hmms/602089at33208a.hmm busco_out/BUSCO_metazoa.fasta/run_metazoa_odb10/augustus_output/extracted_proteins/602089at33208a.faa.1
DEBUG:busco.Toolset	cmd call: /share/apps/python_shared/3.6.5/etc/sepp/bundled-v4.3.10/hmmsearch --domtblout busco_out/BUSCO_metazoa.fasta/run_metazoa_odb10/hmmer_output/602148at33208a.out.1 --cpu 1 /kmk/databases/metazoa_odb10/hmms/602148at33208a.hmm busco_out/BUSCO_metazoa.fasta/run_metazoa_odb10/augustus_output/extracted_proteins/602148at33208a.faa.1
DEBUG:busco.Toolset	cmd call: /share/apps/python_shared/3.6.5/etc/sepp/bundled-v4.3.10/hmmsearch --domtblout busco_out/BUSCO_metazoa.fasta/run_metazoa_odb10/hmmer_output/602587at33208a.out.1 --cpu 1 /kmk/databases/metazoa_odb10/hmms/602587at33208a.hmm busco_out/BUSCO_metazoa.fasta/run_metazoa_odb10/augustus_output/extracted_proteins/602587at33208a.faa.1
DEBUG:busco.Toolset	cmd call: /share/apps/python_shared/3.6.5/etc/sepp/bundled-v4.3.10/hmmsearch --domtblout busco_out/BUSCO_metazoa.fasta/run_metazoa_odb10/hmmer_output/603239at33208a.out.1 --cpu 1 /kmk/databases/metazoa_odb10/hmms/603239at33208a.hmm busco_out/BUSCO_metazoa.fasta/run_metazoa_odb10/augustus_output/extracted_proteins/603239at33208a.faa.1
DEBUG:busco.Toolset	cmd call: /share/apps/python_shared/3.6.5/etc/sepp/bundled-v4.3.10/hmmsearch --domtblout busco_out/BUSCO_metazoa.fasta/run_metazoa_odb10/hmmer_output/603370at33208a.out.1 --cpu 1 /kmk/databases/metazoa_odb10/hmms/603370at33208a.hmm busco_out/BUSCO_metazoa.fasta/run_metazoa_odb10/augustus_output/extracted_proteins/603370at33208a.faa.1
DEBUG:busco.Toolset	cmd call: /share/apps/python_shared/3.6.5/etc/sepp/bundled-v4.3.10/hmmsearch --domtblout busco_out/BUSCO_metazoa.fasta/run_metazoa_odb10/hmmer_output/603609at33208a.out.1 --cpu 1 /kmk/databases/metazoa_odb10/hmms/603609at33208a.hmm busco_out/BUSCO_metazoa.fasta/run_metazoa_odb10/augustus_output/extracted_proteins/603609at33208a.faa.1
DEBUG:busco.Toolset	cmd call: /share/apps/python_shared/3.6.5/etc/sepp/bundled-v4.3.10/hmmsearch --domtblout busco_out/BUSCO_metazoa.fasta/run_metazoa_odb10/hmmer_output/603673at33208a.out.1 --cpu 1 /kmk/databases/metazoa_odb10/hmms/603673at33208a.hmm busco_out/BUSCO_metazoa.fasta/run_metazoa_odb10/augustus_output/extracted_proteins/603673at33208a.faa.1
DEBUG:busco.Toolset	cmd call: /share/apps/python_shared/3.6.5/etc/sepp/bundled-v4.3.10/hmmsearch --domtblout busco_out/BUSCO_metazoa.fasta/run_metazoa_odb10/hmmer_output/604211at33208a.out.1 --cpu 1 /kmk/databases/metazoa_odb10/hmms/604211at33208a.hmm busco_out/BUSCO_metazoa.fasta/run_metazoa_odb10/augustus_output/extracted_proteins/604211at33208a.faa.1
DEBUG:busco.Toolset	cmd call: /share/apps/python_shared/3.6.5/etc/sepp/bundled-v4.3.10/hmmsearch --domtblout busco_out/BUSCO_metazoa.fasta/run_metazoa_odb10/hmmer_output/604943at33208a.out.1 --cpu 1 /kmk/databases/metazoa_odb10/hmms/604943at33208a.hmm busco_out/BUSCO_metazoa.fasta/run_metazoa_odb10/augustus_output/extracted_proteins/604943at33208a.faa.1
DEBUG:busco.Toolset	cmd call: /share/apps/python_shared/3.6.5/etc/sepp/bundled-v4.3.10/hmmsearch --domtblout busco_out/BUSCO_metazoa.fasta/run_metazoa_odb10/hmmer_output/605189at33208a.out.1 --cpu 1 /kmk/databases/metazoa_odb10/hmms/605189at33208a.hmm busco_out/BUSCO_metazoa.fasta/run_metazoa_odb10/augustus_output/extracted_proteins/605189at33208a.faa.1
DEBUG:busco.Toolset	cmd call: /share/apps/python_shared/3.6.5/etc/sepp/bundled-v4.3.10/hmmsearch --domtblout busco_out/BUSCO_metazoa.fasta/run_metazoa_odb10/hmmer_output/606539at33208a.out.1 --cpu 1 /kmk/databases/metazoa_odb10/hmms/606539at33208a.hmm busco_out/BUSCO_metazoa.fasta/run_metazoa_odb10/augustus_output/extracted_proteins/606539at33208a.faa.1
DEBUG:busco.Toolset	cmd call: /share/apps/python_shared/3.6.5/etc/sepp/bundled-v4.3.10/hmmsearch --domtblout busco_out/BUSCO_metazoa.fasta/run_metazoa_odb10/hmmer_output/606748at33208a.out.1 --cpu 1 /kmk/databases/metazoa_odb10/hmms/606748at33208a.hmm busco_out/BUSCO_metazoa.fasta/run_metazoa_odb10/augustus_output/extracted_proteins/606748at33208a.faa.1
DEBUG:busco.Toolset	cmd call: /share/apps/python_shared/3.6.5/etc/sepp/bundled-v4.3.10/hmmsearch --domtblout busco_out/BUSCO_metazoa.fasta/run_metazoa_odb10/hmmer_output/606776at33208a.out.1 --cpu 1 /kmk/databases/metazoa_odb10/hmms/606776at33208a.hmm busco_out/BUSCO_metazoa.fasta/run_metazoa_odb10/augustus_output/extracted_proteins/606776at33208a.faa.1
DEBUG:busco.Toolset	cmd call: /share/apps/python_shared/3.6.5/etc/sepp/bundled-v4.3.10/hmmsearch --domtblout busco_out/BUSCO_metazoa.fasta/run_metazoa_odb10/hmmer_output/606795at33208a.out.1 --cpu 1 /kmk/databases/metazoa_odb10/hmms/606795at33208a.hmm busco_out/BUSCO_metazoa.fasta/run_metazoa_odb10/augustus_output/extracted_proteins/606795at33208a.faa.1
DEBUG:busco.Toolset	cmd call: /share/apps/python_shared/3.6.5/etc/sepp/bundled-v4.3.10/hmmsearch --domtblout busco_out/BUSCO_metazoa.fasta/run_metazoa_odb10/hmmer_output/607862at33208a.out.1 --cpu 1 /kmk/databases/metazoa_odb10/hmms/607862at33208a.hmm busco_out/BUSCO_metazoa.fasta/run_metazoa_odb10/augustus_output/extracted_proteins/607862at33208a.faa.1
DEBUG:busco.Toolset	cmd call: /share/apps/python_shared/3.6.5/etc/sepp/bundled-v4.3.10/hmmsearch --domtblout busco_out/BUSCO_metazoa.fasta/run_metazoa_odb10/hmmer_output/606958at33208a.out.1 --cpu 1 /kmk/databases/metazoa_odb10/hmms/606958at33208a.hmm busco_out/BUSCO_metazoa.fasta/run_metazoa_odb10/augustus_output/extracted_proteins/606958at33208a.faa.1
DEBUG:busco.Toolset	cmd call: /share/apps/python_shared/3.6.5/etc/sepp/bundled-v4.3.10/hmmsearch --domtblout busco_out/BUSCO_metazoa.fasta/run_metazoa_odb10/hmmer_output/608011at33208a.out.1 --cpu 1 /kmk/databases/metazoa_odb10/hmms/608011at33208a.hmm busco_out/BUSCO_metazoa.fasta/run_metazoa_odb10/augustus_output/extracted_proteins/608011at33208a.faa.1
DEBUG:busco.Toolset	cmd call: /share/apps/python_shared/3.6.5/etc/sepp/bundled-v4.3.10/hmmsearch --domtblout busco_out/BUSCO_metazoa.fasta/run_metazoa_odb10/hmmer_output/608011at33208a.out.2 --cpu 1 /kmk/databases/metazoa_odb10/hmms/608011at33208a.hmm busco_out/BUSCO_metazoa.fasta/run_metazoa_odb10/augustus_output/extracted_proteins/608011at33208a.faa.2
DEBUG:busco.Toolset	cmd call: /share/apps/python_shared/3.6.5/etc/sepp/bundled-v4.3.10/hmmsearch --domtblout busco_out/BUSCO_metazoa.fasta/run_metazoa_odb10/hmmer_output/608074at33208a.out.1 --cpu 1 /kmk/databases/metazoa_odb10/hmms/608074at33208a.hmm busco_out/BUSCO_metazoa.fasta/run_metazoa_odb10/augustus_output/extracted_proteins/608074at33208a.faa.1
DEBUG:busco.Toolset	cmd call: /share/apps/python_shared/3.6.5/etc/sepp/bundled-v4.3.10/hmmsearch --domtblout busco_out/BUSCO_metazoa.fasta/run_metazoa_odb10/hmmer_output/608669at33208a.out.1 --cpu 1 /kmk/databases/metazoa_odb10/hmms/608669at33208a.hmm busco_out/BUSCO_metazoa.fasta/run_metazoa_odb10/augustus_output/extracted_proteins/608669at33208a.faa.1
DEBUG:busco.Toolset	cmd call: /share/apps/python_shared/3.6.5/etc/sepp/bundled-v4.3.10/hmmsearch --domtblout busco_out/BUSCO_metazoa.fasta/run_metazoa_odb10/hmmer_output/608924at33208a.out.1 --cpu 1 /kmk/databases/metazoa_odb10/hmms/608924at33208a.hmm busco_out/BUSCO_metazoa.fasta/run_metazoa_odb10/augustus_output/extracted_proteins/608924at33208a.faa.1
DEBUG:busco.Toolset	cmd call: /share/apps/python_shared/3.6.5/etc/sepp/bundled-v4.3.10/hmmsearch --domtblout busco_out/BUSCO_metazoa.fasta/run_metazoa_odb10/hmmer_output/609899at33208a.out.1 --cpu 1 /kmk/databases/metazoa_odb10/hmms/609899at33208a.hmm busco_out/BUSCO_metazoa.fasta/run_metazoa_odb10/augustus_output/extracted_proteins/609899at33208a.faa.1
DEBUG:busco.Toolset	cmd call: /share/apps/python_shared/3.6.5/etc/sepp/bundled-v4.3.10/hmmsearch --domtblout busco_out/BUSCO_metazoa.fasta/run_metazoa_odb10/hmmer_output/610427at33208a.out.1 --cpu 1 /kmk/databases/metazoa_odb10/hmms/610427at33208a.hmm busco_out/BUSCO_metazoa.fasta/run_metazoa_odb10/augustus_output/extracted_proteins/610427at33208a.faa.1
DEBUG:busco.Toolset	cmd call: /share/apps/python_shared/3.6.5/etc/sepp/bundled-v4.3.10/hmmsearch --domtblout busco_out/BUSCO_metazoa.fasta/run_metazoa_odb10/hmmer_output/611258at33208a.out.1 --cpu 1 /kmk/databases/metazoa_odb10/hmms/611258at33208a.hmm busco_out/BUSCO_metazoa.fasta/run_metazoa_odb10/augustus_output/extracted_proteins/611258at33208a.faa.1
DEBUG:busco.Toolset	cmd call: /share/apps/python_shared/3.6.5/etc/sepp/bundled-v4.3.10/hmmsearch --domtblout busco_out/BUSCO_metazoa.fasta/run_metazoa_odb10/hmmer_output/611258at33208a.out.2 --cpu 1 /kmk/databases/metazoa_odb10/hmms/611258at33208a.hmm busco_out/BUSCO_metazoa.fasta/run_metazoa_odb10/augustus_output/extracted_proteins/611258at33208a.faa.2
DEBUG:busco.Toolset	cmd call: /share/apps/python_shared/3.6.5/etc/sepp/bundled-v4.3.10/hmmsearch --domtblout busco_out/BUSCO_metazoa.fasta/run_metazoa_odb10/hmmer_output/611258at33208a.out.3 --cpu 1 /kmk/databases/metazoa_odb10/hmms/611258at33208a.hmm busco_out/BUSCO_metazoa.fasta/run_metazoa_odb10/augustus_output/extracted_proteins/611258at33208a.faa.3
DEBUG:busco.Toolset	cmd call: /share/apps/python_shared/3.6.5/etc/sepp/bundled-v4.3.10/hmmsearch --domtblout busco_out/BUSCO_metazoa.fasta/run_metazoa_odb10/hmmer_output/611279at33208a.out.1 --cpu 1 /kmk/databases/metazoa_odb10/hmms/611279at33208a.hmm busco_out/BUSCO_metazoa.fasta/run_metazoa_odb10/augustus_output/extracted_proteins/611279at33208a.faa.1
DEBUG:busco.Toolset	cmd call: /share/apps/python_shared/3.6.5/etc/sepp/bundled-v4.3.10/hmmsearch --domtblout busco_out/BUSCO_metazoa.fasta/run_metazoa_odb10/hmmer_output/611373at33208a.out.1 --cpu 1 /kmk/databases/metazoa_odb10/hmms/611373at33208a.hmm busco_out/BUSCO_metazoa.fasta/run_metazoa_odb10/augustus_output/extracted_proteins/611373at33208a.faa.1
INFO:busco.Toolset	[hmmsearch]	826 of 917 task(s) completed
DEBUG:busco.Toolset	cmd call: /share/apps/python_shared/3.6.5/etc/sepp/bundled-v4.3.10/hmmsearch --domtblout busco_out/BUSCO_metazoa.fasta/run_metazoa_odb10/hmmer_output/612760at33208a.out.1 --cpu 1 /kmk/databases/metazoa_odb10/hmms/612760at33208a.hmm busco_out/BUSCO_metazoa.fasta/run_metazoa_odb10/augustus_output/extracted_proteins/612760at33208a.faa.1
DEBUG:busco.Toolset	cmd call: /share/apps/python_shared/3.6.5/etc/sepp/bundled-v4.3.10/hmmsearch --domtblout busco_out/BUSCO_metazoa.fasta/run_metazoa_odb10/hmmer_output/612825at33208a.out.1 --cpu 1 /kmk/databases/metazoa_odb10/hmms/612825at33208a.hmm busco_out/BUSCO_metazoa.fasta/run_metazoa_odb10/augustus_output/extracted_proteins/612825at33208a.faa.1
DEBUG:busco.Toolset	cmd call: /share/apps/python_shared/3.6.5/etc/sepp/bundled-v4.3.10/hmmsearch --domtblout busco_out/BUSCO_metazoa.fasta/run_metazoa_odb10/hmmer_output/613580at33208a.out.1 --cpu 1 /kmk/databases/metazoa_odb10/hmms/613580at33208a.hmm busco_out/BUSCO_metazoa.fasta/run_metazoa_odb10/augustus_output/extracted_proteins/613580at33208a.faa.1
DEBUG:busco.Toolset	cmd call: /share/apps/python_shared/3.6.5/etc/sepp/bundled-v4.3.10/hmmsearch --domtblout busco_out/BUSCO_metazoa.fasta/run_metazoa_odb10/hmmer_output/613851at33208a.out.1 --cpu 1 /kmk/databases/metazoa_odb10/hmms/613851at33208a.hmm busco_out/BUSCO_metazoa.fasta/run_metazoa_odb10/augustus_output/extracted_proteins/613851at33208a.faa.1
DEBUG:busco.Toolset	cmd call: /share/apps/python_shared/3.6.5/etc/sepp/bundled-v4.3.10/hmmsearch --domtblout busco_out/BUSCO_metazoa.fasta/run_metazoa_odb10/hmmer_output/615531at33208a.out.1 --cpu 1 /kmk/databases/metazoa_odb10/hmms/615531at33208a.hmm busco_out/BUSCO_metazoa.fasta/run_metazoa_odb10/augustus_output/extracted_proteins/615531at33208a.faa.1
DEBUG:busco.Toolset	cmd call: /share/apps/python_shared/3.6.5/etc/sepp/bundled-v4.3.10/hmmsearch --domtblout busco_out/BUSCO_metazoa.fasta/run_metazoa_odb10/hmmer_output/615585at33208a.out.1 --cpu 1 /kmk/databases/metazoa_odb10/hmms/615585at33208a.hmm busco_out/BUSCO_metazoa.fasta/run_metazoa_odb10/augustus_output/extracted_proteins/615585at33208a.faa.1
DEBUG:busco.Toolset	cmd call: /share/apps/python_shared/3.6.5/etc/sepp/bundled-v4.3.10/hmmsearch --domtblout busco_out/BUSCO_metazoa.fasta/run_metazoa_odb10/hmmer_output/616120at33208a.out.1 --cpu 1 /kmk/databases/metazoa_odb10/hmms/616120at33208a.hmm busco_out/BUSCO_metazoa.fasta/run_metazoa_odb10/augustus_output/extracted_proteins/616120at33208a.faa.1
DEBUG:busco.Toolset	cmd call: /share/apps/python_shared/3.6.5/etc/sepp/bundled-v4.3.10/hmmsearch --domtblout busco_out/BUSCO_metazoa.fasta/run_metazoa_odb10/hmmer_output/616613at33208a.out.1 --cpu 1 /kmk/databases/metazoa_odb10/hmms/616613at33208a.hmm busco_out/BUSCO_metazoa.fasta/run_metazoa_odb10/augustus_output/extracted_proteins/616613at33208a.faa.1
DEBUG:busco.Toolset	cmd call: /share/apps/python_shared/3.6.5/etc/sepp/bundled-v4.3.10/hmmsearch --domtblout busco_out/BUSCO_metazoa.fasta/run_metazoa_odb10/hmmer_output/616613at33208a.out.2 --cpu 1 /kmk/databases/metazoa_odb10/hmms/616613at33208a.hmm busco_out/BUSCO_metazoa.fasta/run_metazoa_odb10/augustus_output/extracted_proteins/616613at33208a.faa.2
DEBUG:busco.Toolset	cmd call: /share/apps/python_shared/3.6.5/etc/sepp/bundled-v4.3.10/hmmsearch --domtblout busco_out/BUSCO_metazoa.fasta/run_metazoa_odb10/hmmer_output/616716at33208a.out.1 --cpu 1 /kmk/databases/metazoa_odb10/hmms/616716at33208a.hmm busco_out/BUSCO_metazoa.fasta/run_metazoa_odb10/augustus_output/extracted_proteins/616716at33208a.faa.1
DEBUG:busco.Toolset	cmd call: /share/apps/python_shared/3.6.5/etc/sepp/bundled-v4.3.10/hmmsearch --domtblout busco_out/BUSCO_metazoa.fasta/run_metazoa_odb10/hmmer_output/617441at33208a.out.1 --cpu 1 /kmk/databases/metazoa_odb10/hmms/617441at33208a.hmm busco_out/BUSCO_metazoa.fasta/run_metazoa_odb10/augustus_output/extracted_proteins/617441at33208a.faa.1
DEBUG:busco.Toolset	cmd call: /share/apps/python_shared/3.6.5/etc/sepp/bundled-v4.3.10/hmmsearch --domtblout busco_out/BUSCO_metazoa.fasta/run_metazoa_odb10/hmmer_output/617522at33208a.out.1 --cpu 1 /kmk/databases/metazoa_odb10/hmms/617522at33208a.hmm busco_out/BUSCO_metazoa.fasta/run_metazoa_odb10/augustus_output/extracted_proteins/617522at33208a.faa.1
DEBUG:busco.Toolset	cmd call: /share/apps/python_shared/3.6.5/etc/sepp/bundled-v4.3.10/hmmsearch --domtblout busco_out/BUSCO_metazoa.fasta/run_metazoa_odb10/hmmer_output/617667at33208a.out.1 --cpu 1 /kmk/databases/metazoa_odb10/hmms/617667at33208a.hmm busco_out/BUSCO_metazoa.fasta/run_metazoa_odb10/augustus_output/extracted_proteins/617667at33208a.faa.1
DEBUG:busco.Toolset	cmd call: /share/apps/python_shared/3.6.5/etc/sepp/bundled-v4.3.10/hmmsearch --domtblout busco_out/BUSCO_metazoa.fasta/run_metazoa_odb10/hmmer_output/617667at33208a.out.2 --cpu 1 /kmk/databases/metazoa_odb10/hmms/617667at33208a.hmm busco_out/BUSCO_metazoa.fasta/run_metazoa_odb10/augustus_output/extracted_proteins/617667at33208a.faa.2
DEBUG:busco.Toolset	cmd call: /share/apps/python_shared/3.6.5/etc/sepp/bundled-v4.3.10/hmmsearch --domtblout busco_out/BUSCO_metazoa.fasta/run_metazoa_odb10/hmmer_output/618339at33208a.out.1 --cpu 1 /kmk/databases/metazoa_odb10/hmms/618339at33208a.hmm busco_out/BUSCO_metazoa.fasta/run_metazoa_odb10/augustus_output/extracted_proteins/618339at33208a.faa.1
DEBUG:busco.Toolset	cmd call: /share/apps/python_shared/3.6.5/etc/sepp/bundled-v4.3.10/hmmsearch --domtblout busco_out/BUSCO_metazoa.fasta/run_metazoa_odb10/hmmer_output/618421at33208a.out.1 --cpu 1 /kmk/databases/metazoa_odb10/hmms/618421at33208a.hmm busco_out/BUSCO_metazoa.fasta/run_metazoa_odb10/augustus_output/extracted_proteins/618421at33208a.faa.1
DEBUG:busco.Toolset	cmd call: /share/apps/python_shared/3.6.5/etc/sepp/bundled-v4.3.10/hmmsearch --domtblout busco_out/BUSCO_metazoa.fasta/run_metazoa_odb10/hmmer_output/618516at33208a.out.1 --cpu 1 /kmk/databases/metazoa_odb10/hmms/618516at33208a.hmm busco_out/BUSCO_metazoa.fasta/run_metazoa_odb10/augustus_output/extracted_proteins/618516at33208a.faa.1
DEBUG:busco.Toolset	cmd call: /share/apps/python_shared/3.6.5/etc/sepp/bundled-v4.3.10/hmmsearch --domtblout busco_out/BUSCO_metazoa.fasta/run_metazoa_odb10/hmmer_output/618986at33208a.out.1 --cpu 1 /kmk/databases/metazoa_odb10/hmms/618986at33208a.hmm busco_out/BUSCO_metazoa.fasta/run_metazoa_odb10/augustus_output/extracted_proteins/618986at33208a.faa.1
DEBUG:busco.Toolset	cmd call: /share/apps/python_shared/3.6.5/etc/sepp/bundled-v4.3.10/hmmsearch --domtblout busco_out/BUSCO_metazoa.fasta/run_metazoa_odb10/hmmer_output/619326at33208a.out.1 --cpu 1 /kmk/databases/metazoa_odb10/hmms/619326at33208a.hmm busco_out/BUSCO_metazoa.fasta/run_metazoa_odb10/augustus_output/extracted_proteins/619326at33208a.faa.1
DEBUG:busco.Toolset	cmd call: /share/apps/python_shared/3.6.5/etc/sepp/bundled-v4.3.10/hmmsearch --domtblout busco_out/BUSCO_metazoa.fasta/run_metazoa_odb10/hmmer_output/619250at33208a.out.1 --cpu 1 /kmk/databases/metazoa_odb10/hmms/619250at33208a.hmm busco_out/BUSCO_metazoa.fasta/run_metazoa_odb10/augustus_output/extracted_proteins/619250at33208a.faa.1
DEBUG:busco.Toolset	cmd call: /share/apps/python_shared/3.6.5/etc/sepp/bundled-v4.3.10/hmmsearch --domtblout busco_out/BUSCO_metazoa.fasta/run_metazoa_odb10/hmmer_output/619415at33208a.out.1 --cpu 1 /kmk/databases/metazoa_odb10/hmms/619415at33208a.hmm busco_out/BUSCO_metazoa.fasta/run_metazoa_odb10/augustus_output/extracted_proteins/619415at33208a.faa.1
DEBUG:busco.Toolset	cmd call: /share/apps/python_shared/3.6.5/etc/sepp/bundled-v4.3.10/hmmsearch --domtblout busco_out/BUSCO_metazoa.fasta/run_metazoa_odb10/hmmer_output/620753at33208a.out.1 --cpu 1 /kmk/databases/metazoa_odb10/hmms/620753at33208a.hmm busco_out/BUSCO_metazoa.fasta/run_metazoa_odb10/augustus_output/extracted_proteins/620753at33208a.faa.1
DEBUG:busco.Toolset	cmd call: /share/apps/python_shared/3.6.5/etc/sepp/bundled-v4.3.10/hmmsearch --domtblout busco_out/BUSCO_metazoa.fasta/run_metazoa_odb10/hmmer_output/622156at33208a.out.1 --cpu 1 /kmk/databases/metazoa_odb10/hmms/622156at33208a.hmm busco_out/BUSCO_metazoa.fasta/run_metazoa_odb10/augustus_output/extracted_proteins/622156at33208a.faa.1
DEBUG:busco.Toolset	cmd call: /share/apps/python_shared/3.6.5/etc/sepp/bundled-v4.3.10/hmmsearch --domtblout busco_out/BUSCO_metazoa.fasta/run_metazoa_odb10/hmmer_output/622270at33208a.out.1 --cpu 1 /kmk/databases/metazoa_odb10/hmms/622270at33208a.hmm busco_out/BUSCO_metazoa.fasta/run_metazoa_odb10/augustus_output/extracted_proteins/622270at33208a.faa.1
DEBUG:busco.Toolset	cmd call: /share/apps/python_shared/3.6.5/etc/sepp/bundled-v4.3.10/hmmsearch --domtblout busco_out/BUSCO_metazoa.fasta/run_metazoa_odb10/hmmer_output/623324at33208a.out.1 --cpu 1 /kmk/databases/metazoa_odb10/hmms/623324at33208a.hmm busco_out/BUSCO_metazoa.fasta/run_metazoa_odb10/augustus_output/extracted_proteins/623324at33208a.faa.1
DEBUG:busco.Toolset	cmd call: /share/apps/python_shared/3.6.5/etc/sepp/bundled-v4.3.10/hmmsearch --domtblout busco_out/BUSCO_metazoa.fasta/run_metazoa_odb10/hmmer_output/620546at33208a.out.1 --cpu 1 /kmk/databases/metazoa_odb10/hmms/620546at33208a.hmm busco_out/BUSCO_metazoa.fasta/run_metazoa_odb10/augustus_output/extracted_proteins/620546at33208a.faa.1
DEBUG:busco.Toolset	cmd call: /share/apps/python_shared/3.6.5/etc/sepp/bundled-v4.3.10/hmmsearch --domtblout busco_out/BUSCO_metazoa.fasta/run_metazoa_odb10/hmmer_output/622172at33208a.out.1 --cpu 1 /kmk/databases/metazoa_odb10/hmms/622172at33208a.hmm busco_out/BUSCO_metazoa.fasta/run_metazoa_odb10/augustus_output/extracted_proteins/622172at33208a.faa.1
DEBUG:busco.Toolset	cmd call: /share/apps/python_shared/3.6.5/etc/sepp/bundled-v4.3.10/hmmsearch --domtblout busco_out/BUSCO_metazoa.fasta/run_metazoa_odb10/hmmer_output/621808at33208a.out.1 --cpu 1 /kmk/databases/metazoa_odb10/hmms/621808at33208a.hmm busco_out/BUSCO_metazoa.fasta/run_metazoa_odb10/augustus_output/extracted_proteins/621808at33208a.faa.1
DEBUG:busco.Toolset	cmd call: /share/apps/python_shared/3.6.5/etc/sepp/bundled-v4.3.10/hmmsearch --domtblout busco_out/BUSCO_metazoa.fasta/run_metazoa_odb10/hmmer_output/622461at33208a.out.1 --cpu 1 /kmk/databases/metazoa_odb10/hmms/622461at33208a.hmm busco_out/BUSCO_metazoa.fasta/run_metazoa_odb10/augustus_output/extracted_proteins/622461at33208a.faa.1
DEBUG:busco.Toolset	cmd call: /share/apps/python_shared/3.6.5/etc/sepp/bundled-v4.3.10/hmmsearch --domtblout busco_out/BUSCO_metazoa.fasta/run_metazoa_odb10/hmmer_output/623444at33208a.out.1 --cpu 1 /kmk/databases/metazoa_odb10/hmms/623444at33208a.hmm busco_out/BUSCO_metazoa.fasta/run_metazoa_odb10/augustus_output/extracted_proteins/623444at33208a.faa.1
DEBUG:busco.Toolset	cmd call: /share/apps/python_shared/3.6.5/etc/sepp/bundled-v4.3.10/hmmsearch --domtblout busco_out/BUSCO_metazoa.fasta/run_metazoa_odb10/hmmer_output/623995at33208a.out.1 --cpu 1 /kmk/databases/metazoa_odb10/hmms/623995at33208a.hmm busco_out/BUSCO_metazoa.fasta/run_metazoa_odb10/augustus_output/extracted_proteins/623995at33208a.faa.1
DEBUG:busco.Toolset	cmd call: /share/apps/python_shared/3.6.5/etc/sepp/bundled-v4.3.10/hmmsearch --domtblout busco_out/BUSCO_metazoa.fasta/run_metazoa_odb10/hmmer_output/625091at33208a.out.1 --cpu 1 /kmk/databases/metazoa_odb10/hmms/625091at33208a.hmm busco_out/BUSCO_metazoa.fasta/run_metazoa_odb10/augustus_output/extracted_proteins/625091at33208a.faa.1
DEBUG:busco.Toolset	cmd call: /share/apps/python_shared/3.6.5/etc/sepp/bundled-v4.3.10/hmmsearch --domtblout busco_out/BUSCO_metazoa.fasta/run_metazoa_odb10/hmmer_output/625769at33208a.out.1 --cpu 1 /kmk/databases/metazoa_odb10/hmms/625769at33208a.hmm busco_out/BUSCO_metazoa.fasta/run_metazoa_odb10/augustus_output/extracted_proteins/625769at33208a.faa.1
DEBUG:busco.Toolset	cmd call: /share/apps/python_shared/3.6.5/etc/sepp/bundled-v4.3.10/hmmsearch --domtblout busco_out/BUSCO_metazoa.fasta/run_metazoa_odb10/hmmer_output/628082at33208a.out.1 --cpu 1 /kmk/databases/metazoa_odb10/hmms/628082at33208a.hmm busco_out/BUSCO_metazoa.fasta/run_metazoa_odb10/augustus_output/extracted_proteins/628082at33208a.faa.1
DEBUG:busco.Toolset	cmd call: /share/apps/python_shared/3.6.5/etc/sepp/bundled-v4.3.10/hmmsearch --domtblout busco_out/BUSCO_metazoa.fasta/run_metazoa_odb10/hmmer_output/628231at33208a.out.1 --cpu 1 /kmk/databases/metazoa_odb10/hmms/628231at33208a.hmm busco_out/BUSCO_metazoa.fasta/run_metazoa_odb10/augustus_output/extracted_proteins/628231at33208a.faa.1
DEBUG:busco.Toolset	cmd call: /share/apps/python_shared/3.6.5/etc/sepp/bundled-v4.3.10/hmmsearch --domtblout busco_out/BUSCO_metazoa.fasta/run_metazoa_odb10/hmmer_output/628247at33208a.out.1 --cpu 1 /kmk/databases/metazoa_odb10/hmms/628247at33208a.hmm busco_out/BUSCO_metazoa.fasta/run_metazoa_odb10/augustus_output/extracted_proteins/628247at33208a.faa.1
DEBUG:busco.Toolset	cmd call: /share/apps/python_shared/3.6.5/etc/sepp/bundled-v4.3.10/hmmsearch --domtblout busco_out/BUSCO_metazoa.fasta/run_metazoa_odb10/hmmer_output/630073at33208a.out.1 --cpu 1 /kmk/databases/metazoa_odb10/hmms/630073at33208a.hmm busco_out/BUSCO_metazoa.fasta/run_metazoa_odb10/augustus_output/extracted_proteins/630073at33208a.faa.1
DEBUG:busco.Toolset	cmd call: /share/apps/python_shared/3.6.5/etc/sepp/bundled-v4.3.10/hmmsearch --domtblout busco_out/BUSCO_metazoa.fasta/run_metazoa_odb10/hmmer_output/629763at33208a.out.1 --cpu 1 /kmk/databases/metazoa_odb10/hmms/629763at33208a.hmm busco_out/BUSCO_metazoa.fasta/run_metazoa_odb10/augustus_output/extracted_proteins/629763at33208a.faa.1
DEBUG:busco.Toolset	cmd call: /share/apps/python_shared/3.6.5/etc/sepp/bundled-v4.3.10/hmmsearch --domtblout busco_out/BUSCO_metazoa.fasta/run_metazoa_odb10/hmmer_output/631107at33208a.out.1 --cpu 1 /kmk/databases/metazoa_odb10/hmms/631107at33208a.hmm busco_out/BUSCO_metazoa.fasta/run_metazoa_odb10/augustus_output/extracted_proteins/631107at33208a.faa.1
DEBUG:busco.Toolset	cmd call: /share/apps/python_shared/3.6.5/etc/sepp/bundled-v4.3.10/hmmsearch --domtblout busco_out/BUSCO_metazoa.fasta/run_metazoa_odb10/hmmer_output/631173at33208a.out.1 --cpu 1 /kmk/databases/metazoa_odb10/hmms/631173at33208a.hmm busco_out/BUSCO_metazoa.fasta/run_metazoa_odb10/augustus_output/extracted_proteins/631173at33208a.faa.1
DEBUG:busco.Toolset	cmd call: /share/apps/python_shared/3.6.5/etc/sepp/bundled-v4.3.10/hmmsearch --domtblout busco_out/BUSCO_metazoa.fasta/run_metazoa_odb10/hmmer_output/631196at33208a.out.1 --cpu 1 /kmk/databases/metazoa_odb10/hmms/631196at33208a.hmm busco_out/BUSCO_metazoa.fasta/run_metazoa_odb10/augustus_output/extracted_proteins/631196at33208a.faa.1
DEBUG:busco.Toolset	cmd call: /share/apps/python_shared/3.6.5/etc/sepp/bundled-v4.3.10/hmmsearch --domtblout busco_out/BUSCO_metazoa.fasta/run_metazoa_odb10/hmmer_output/631662at33208a.out.1 --cpu 1 /kmk/databases/metazoa_odb10/hmms/631662at33208a.hmm busco_out/BUSCO_metazoa.fasta/run_metazoa_odb10/augustus_output/extracted_proteins/631662at33208a.faa.1
DEBUG:busco.Toolset	cmd call: /share/apps/python_shared/3.6.5/etc/sepp/bundled-v4.3.10/hmmsearch --domtblout busco_out/BUSCO_metazoa.fasta/run_metazoa_odb10/hmmer_output/631767at33208a.out.1 --cpu 1 /kmk/databases/metazoa_odb10/hmms/631767at33208a.hmm busco_out/BUSCO_metazoa.fasta/run_metazoa_odb10/augustus_output/extracted_proteins/631767at33208a.faa.1
DEBUG:busco.Toolset	cmd call: /share/apps/python_shared/3.6.5/etc/sepp/bundled-v4.3.10/hmmsearch --domtblout busco_out/BUSCO_metazoa.fasta/run_metazoa_odb10/hmmer_output/631798at33208a.out.1 --cpu 1 /kmk/databases/metazoa_odb10/hmms/631798at33208a.hmm busco_out/BUSCO_metazoa.fasta/run_metazoa_odb10/augustus_output/extracted_proteins/631798at33208a.faa.1
DEBUG:busco.Toolset	cmd call: /share/apps/python_shared/3.6.5/etc/sepp/bundled-v4.3.10/hmmsearch --domtblout busco_out/BUSCO_metazoa.fasta/run_metazoa_odb10/hmmer_output/632234at33208a.out.1 --cpu 1 /kmk/databases/metazoa_odb10/hmms/632234at33208a.hmm busco_out/BUSCO_metazoa.fasta/run_metazoa_odb10/augustus_output/extracted_proteins/632234at33208a.faa.1
DEBUG:busco.Toolset	cmd call: /share/apps/python_shared/3.6.5/etc/sepp/bundled-v4.3.10/hmmsearch --domtblout busco_out/BUSCO_metazoa.fasta/run_metazoa_odb10/hmmer_output/632472at33208a.out.1 --cpu 1 /kmk/databases/metazoa_odb10/hmms/632472at33208a.hmm busco_out/BUSCO_metazoa.fasta/run_metazoa_odb10/augustus_output/extracted_proteins/632472at33208a.faa.1
DEBUG:busco.Toolset	cmd call: /share/apps/python_shared/3.6.5/etc/sepp/bundled-v4.3.10/hmmsearch --domtblout busco_out/BUSCO_metazoa.fasta/run_metazoa_odb10/hmmer_output/632566at33208a.out.1 --cpu 1 /kmk/databases/metazoa_odb10/hmms/632566at33208a.hmm busco_out/BUSCO_metazoa.fasta/run_metazoa_odb10/augustus_output/extracted_proteins/632566at33208a.faa.1
DEBUG:busco.Toolset	cmd call: /share/apps/python_shared/3.6.5/etc/sepp/bundled-v4.3.10/hmmsearch --domtblout busco_out/BUSCO_metazoa.fasta/run_metazoa_odb10/hmmer_output/633007at33208a.out.1 --cpu 1 /kmk/databases/metazoa_odb10/hmms/633007at33208a.hmm busco_out/BUSCO_metazoa.fasta/run_metazoa_odb10/augustus_output/extracted_proteins/633007at33208a.faa.1
DEBUG:busco.Toolset	cmd call: /share/apps/python_shared/3.6.5/etc/sepp/bundled-v4.3.10/hmmsearch --domtblout busco_out/BUSCO_metazoa.fasta/run_metazoa_odb10/hmmer_output/634447at33208a.out.1 --cpu 1 /kmk/databases/metazoa_odb10/hmms/634447at33208a.hmm busco_out/BUSCO_metazoa.fasta/run_metazoa_odb10/augustus_output/extracted_proteins/634447at33208a.faa.1
DEBUG:busco.Toolset	cmd call: /share/apps/python_shared/3.6.5/etc/sepp/bundled-v4.3.10/hmmsearch --domtblout busco_out/BUSCO_metazoa.fasta/run_metazoa_odb10/hmmer_output/634446at33208a.out.1 --cpu 1 /kmk/databases/metazoa_odb10/hmms/634446at33208a.hmm busco_out/BUSCO_metazoa.fasta/run_metazoa_odb10/augustus_output/extracted_proteins/634446at33208a.faa.1
DEBUG:busco.Toolset	cmd call: /share/apps/python_shared/3.6.5/etc/sepp/bundled-v4.3.10/hmmsearch --domtblout busco_out/BUSCO_metazoa.fasta/run_metazoa_odb10/hmmer_output/636041at33208a.out.1 --cpu 1 /kmk/databases/metazoa_odb10/hmms/636041at33208a.hmm busco_out/BUSCO_metazoa.fasta/run_metazoa_odb10/augustus_output/extracted_proteins/636041at33208a.faa.1
DEBUG:busco.Toolset	cmd call: /share/apps/python_shared/3.6.5/etc/sepp/bundled-v4.3.10/hmmsearch --domtblout busco_out/BUSCO_metazoa.fasta/run_metazoa_odb10/hmmer_output/636300at33208a.out.1 --cpu 1 /kmk/databases/metazoa_odb10/hmms/636300at33208a.hmm busco_out/BUSCO_metazoa.fasta/run_metazoa_odb10/augustus_output/extracted_proteins/636300at33208a.faa.1
DEBUG:busco.Toolset	cmd call: /share/apps/python_shared/3.6.5/etc/sepp/bundled-v4.3.10/hmmsearch --domtblout busco_out/BUSCO_metazoa.fasta/run_metazoa_odb10/hmmer_output/636423at33208a.out.1 --cpu 1 /kmk/databases/metazoa_odb10/hmms/636423at33208a.hmm busco_out/BUSCO_metazoa.fasta/run_metazoa_odb10/augustus_output/extracted_proteins/636423at33208a.faa.1
DEBUG:busco.Toolset	cmd call: /share/apps/python_shared/3.6.5/etc/sepp/bundled-v4.3.10/hmmsearch --domtblout busco_out/BUSCO_metazoa.fasta/run_metazoa_odb10/hmmer_output/63697at33208a.out.1 --cpu 1 /kmk/databases/metazoa_odb10/hmms/63697at33208a.hmm busco_out/BUSCO_metazoa.fasta/run_metazoa_odb10/augustus_output/extracted_proteins/63697at33208a.faa.1
DEBUG:busco.Toolset	cmd call: /share/apps/python_shared/3.6.5/etc/sepp/bundled-v4.3.10/hmmsearch --domtblout busco_out/BUSCO_metazoa.fasta/run_metazoa_odb10/hmmer_output/637971at33208a.out.1 --cpu 1 /kmk/databases/metazoa_odb10/hmms/637971at33208a.hmm busco_out/BUSCO_metazoa.fasta/run_metazoa_odb10/augustus_output/extracted_proteins/637971at33208a.faa.1
DEBUG:busco.Toolset	cmd call: /share/apps/python_shared/3.6.5/etc/sepp/bundled-v4.3.10/hmmsearch --domtblout busco_out/BUSCO_metazoa.fasta/run_metazoa_odb10/hmmer_output/637971at33208a.out.2 --cpu 1 /kmk/databases/metazoa_odb10/hmms/637971at33208a.hmm busco_out/BUSCO_metazoa.fasta/run_metazoa_odb10/augustus_output/extracted_proteins/637971at33208a.faa.2
DEBUG:busco.Toolset	cmd call: /share/apps/python_shared/3.6.5/etc/sepp/bundled-v4.3.10/hmmsearch --domtblout busco_out/BUSCO_metazoa.fasta/run_metazoa_odb10/hmmer_output/638541at33208a.out.1 --cpu 1 /kmk/databases/metazoa_odb10/hmms/638541at33208a.hmm busco_out/BUSCO_metazoa.fasta/run_metazoa_odb10/augustus_output/extracted_proteins/638541at33208a.faa.1
DEBUG:busco.Toolset	cmd call: /share/apps/python_shared/3.6.5/etc/sepp/bundled-v4.3.10/hmmsearch --domtblout busco_out/BUSCO_metazoa.fasta/run_metazoa_odb10/hmmer_output/639252at33208a.out.1 --cpu 1 /kmk/databases/metazoa_odb10/hmms/639252at33208a.hmm busco_out/BUSCO_metazoa.fasta/run_metazoa_odb10/augustus_output/extracted_proteins/639252at33208a.faa.1
DEBUG:busco.Toolset	cmd call: /share/apps/python_shared/3.6.5/etc/sepp/bundled-v4.3.10/hmmsearch --domtblout busco_out/BUSCO_metazoa.fasta/run_metazoa_odb10/hmmer_output/640187at33208a.out.1 --cpu 1 /kmk/databases/metazoa_odb10/hmms/640187at33208a.hmm busco_out/BUSCO_metazoa.fasta/run_metazoa_odb10/augustus_output/extracted_proteins/640187at33208a.faa.1
DEBUG:busco.Toolset	cmd call: /share/apps/python_shared/3.6.5/etc/sepp/bundled-v4.3.10/hmmsearch --domtblout busco_out/BUSCO_metazoa.fasta/run_metazoa_odb10/hmmer_output/642323at33208a.out.1 --cpu 1 /kmk/databases/metazoa_odb10/hmms/642323at33208a.hmm busco_out/BUSCO_metazoa.fasta/run_metazoa_odb10/augustus_output/extracted_proteins/642323at33208a.faa.1
DEBUG:busco.Toolset	cmd call: /share/apps/python_shared/3.6.5/etc/sepp/bundled-v4.3.10/hmmsearch --domtblout busco_out/BUSCO_metazoa.fasta/run_metazoa_odb10/hmmer_output/642552at33208a.out.1 --cpu 1 /kmk/databases/metazoa_odb10/hmms/642552at33208a.hmm busco_out/BUSCO_metazoa.fasta/run_metazoa_odb10/augustus_output/extracted_proteins/642552at33208a.faa.1
DEBUG:busco.Toolset	cmd call: /share/apps/python_shared/3.6.5/etc/sepp/bundled-v4.3.10/hmmsearch --domtblout busco_out/BUSCO_metazoa.fasta/run_metazoa_odb10/hmmer_output/643380at33208a.out.1 --cpu 1 /kmk/databases/metazoa_odb10/hmms/643380at33208a.hmm busco_out/BUSCO_metazoa.fasta/run_metazoa_odb10/augustus_output/extracted_proteins/643380at33208a.faa.1
DEBUG:busco.Toolset	cmd call: /share/apps/python_shared/3.6.5/etc/sepp/bundled-v4.3.10/hmmsearch --domtblout busco_out/BUSCO_metazoa.fasta/run_metazoa_odb10/hmmer_output/643883at33208a.out.1 --cpu 1 /kmk/databases/metazoa_odb10/hmms/643883at33208a.hmm busco_out/BUSCO_metazoa.fasta/run_metazoa_odb10/augustus_output/extracted_proteins/643883at33208a.faa.1
DEBUG:busco.Toolset	cmd call: /share/apps/python_shared/3.6.5/etc/sepp/bundled-v4.3.10/hmmsearch --domtblout busco_out/BUSCO_metazoa.fasta/run_metazoa_odb10/hmmer_output/644034at33208a.out.1 --cpu 1 /kmk/databases/metazoa_odb10/hmms/644034at33208a.hmm busco_out/BUSCO_metazoa.fasta/run_metazoa_odb10/augustus_output/extracted_proteins/644034at33208a.faa.1
DEBUG:busco.Toolset	cmd call: /share/apps/python_shared/3.6.5/etc/sepp/bundled-v4.3.10/hmmsearch --domtblout busco_out/BUSCO_metazoa.fasta/run_metazoa_odb10/hmmer_output/649979at33208a.out.1 --cpu 1 /kmk/databases/metazoa_odb10/hmms/649979at33208a.hmm busco_out/BUSCO_metazoa.fasta/run_metazoa_odb10/augustus_output/extracted_proteins/649979at33208a.faa.1
DEBUG:busco.Toolset	cmd call: /share/apps/python_shared/3.6.5/etc/sepp/bundled-v4.3.10/hmmsearch --domtblout busco_out/BUSCO_metazoa.fasta/run_metazoa_odb10/hmmer_output/64435at33208a.out.1 --cpu 1 /kmk/databases/metazoa_odb10/hmms/64435at33208a.hmm busco_out/BUSCO_metazoa.fasta/run_metazoa_odb10/augustus_output/extracted_proteins/64435at33208a.faa.1
DEBUG:busco.Toolset	cmd call: /share/apps/python_shared/3.6.5/etc/sepp/bundled-v4.3.10/hmmsearch --domtblout busco_out/BUSCO_metazoa.fasta/run_metazoa_odb10/hmmer_output/65302at33208a.out.1 --cpu 1 /kmk/databases/metazoa_odb10/hmms/65302at33208a.hmm busco_out/BUSCO_metazoa.fasta/run_metazoa_odb10/augustus_output/extracted_proteins/65302at33208a.faa.1
DEBUG:busco.Toolset	cmd call: /share/apps/python_shared/3.6.5/etc/sepp/bundled-v4.3.10/hmmsearch --domtblout busco_out/BUSCO_metazoa.fasta/run_metazoa_odb10/hmmer_output/66018at33208a.out.1 --cpu 1 /kmk/databases/metazoa_odb10/hmms/66018at33208a.hmm busco_out/BUSCO_metazoa.fasta/run_metazoa_odb10/augustus_output/extracted_proteins/66018at33208a.faa.1
DEBUG:busco.Toolset	cmd call: /share/apps/python_shared/3.6.5/etc/sepp/bundled-v4.3.10/hmmsearch --domtblout busco_out/BUSCO_metazoa.fasta/run_metazoa_odb10/hmmer_output/75406at33208a.out.1 --cpu 1 /kmk/databases/metazoa_odb10/hmms/75406at33208a.hmm busco_out/BUSCO_metazoa.fasta/run_metazoa_odb10/augustus_output/extracted_proteins/75406at33208a.faa.1
DEBUG:busco.Toolset	cmd call: /share/apps/python_shared/3.6.5/etc/sepp/bundled-v4.3.10/hmmsearch --domtblout busco_out/BUSCO_metazoa.fasta/run_metazoa_odb10/hmmer_output/76852at33208a.out.1 --cpu 1 /kmk/databases/metazoa_odb10/hmms/76852at33208a.hmm busco_out/BUSCO_metazoa.fasta/run_metazoa_odb10/augustus_output/extracted_proteins/76852at33208a.faa.1
DEBUG:busco.Toolset	cmd call: /share/apps/python_shared/3.6.5/etc/sepp/bundled-v4.3.10/hmmsearch --domtblout busco_out/BUSCO_metazoa.fasta/run_metazoa_odb10/hmmer_output/84980at33208a.out.1 --cpu 1 /kmk/databases/metazoa_odb10/hmms/84980at33208a.hmm busco_out/BUSCO_metazoa.fasta/run_metazoa_odb10/augustus_output/extracted_proteins/84980at33208a.faa.1
DEBUG:busco.Toolset	cmd call: /share/apps/python_shared/3.6.5/etc/sepp/bundled-v4.3.10/hmmsearch --domtblout busco_out/BUSCO_metazoa.fasta/run_metazoa_odb10/hmmer_output/88053at33208a.out.1 --cpu 1 /kmk/databases/metazoa_odb10/hmms/88053at33208a.hmm busco_out/BUSCO_metazoa.fasta/run_metazoa_odb10/augustus_output/extracted_proteins/88053at33208a.faa.1
DEBUG:busco.Toolset	cmd call: /share/apps/python_shared/3.6.5/etc/sepp/bundled-v4.3.10/hmmsearch --domtblout busco_out/BUSCO_metazoa.fasta/run_metazoa_odb10/hmmer_output/92367at33208a.out.1 --cpu 1 /kmk/databases/metazoa_odb10/hmms/92367at33208a.hmm busco_out/BUSCO_metazoa.fasta/run_metazoa_odb10/augustus_output/extracted_proteins/92367at33208a.faa.1
DEBUG:busco.Toolset	cmd call: /share/apps/python_shared/3.6.5/etc/sepp/bundled-v4.3.10/hmmsearch --domtblout busco_out/BUSCO_metazoa.fasta/run_metazoa_odb10/hmmer_output/9639at33208a.out.1 --cpu 1 /kmk/databases/metazoa_odb10/hmms/9639at33208a.hmm busco_out/BUSCO_metazoa.fasta/run_metazoa_odb10/augustus_output/extracted_proteins/9639at33208a.faa.1
DEBUG:busco.Toolset	cmd call: /share/apps/python_shared/3.6.5/etc/sepp/bundled-v4.3.10/hmmsearch --domtblout busco_out/BUSCO_metazoa.fasta/run_metazoa_odb10/hmmer_output/99614at33208a.out.1 --cpu 1 /kmk/databases/metazoa_odb10/hmms/99614at33208a.hmm busco_out/BUSCO_metazoa.fasta/run_metazoa_odb10/augustus_output/extracted_proteins/99614at33208a.faa.1
DEBUG:busco.Toolset	cmd call: /share/apps/python_shared/3.6.5/etc/sepp/bundled-v4.3.10/hmmsearch --domtblout busco_out/BUSCO_metazoa.fasta/run_metazoa_odb10/hmmer_output/99987at33208a.out.1 --cpu 1 /kmk/databases/metazoa_odb10/hmms/99987at33208a.hmm busco_out/BUSCO_metazoa.fasta/run_metazoa_odb10/augustus_output/extracted_proteins/99987at33208a.faa.1
INFO:busco.Toolset	[hmmsearch]	917 of 917 task(s) completed
DEBUG:busco.BuscoAnalysis	***** Results: *****

 C:86.0%[S:85.8%,D:0.2%],F:1.5%,M:12.5%,n:954	   
 821	Complete BUSCOs (C)			   
 819	Complete and single-copy BUSCOs (S)	   
 2	Complete and duplicated BUSCOs (D)	   
 14	Fragmented BUSCOs (F)			   
 119	Missing BUSCOs (M)			   
 954	Total BUSCO groups searched		   

INFO:busco.Analysis	Running a BLAST search for BUSCOs against created database
INFO:busco.BuscoTools	Extracting missing and fragmented buscos from the file ancestral_variants...
DEBUG:busco.BuscoTools	Found contig 465092at33208a
DEBUG:busco.BuscoTools	Found contig 465092at33208a
DEBUG:busco.BuscoTools	Found contig 465092at33208a
DEBUG:busco.BuscoTools	Found contig 465092at33208a
DEBUG:busco.BuscoTools	Found contig 465092at33208a
DEBUG:busco.BuscoTools	Found contig 465092at33208a
DEBUG:busco.BuscoTools	Found contig 465092at33208a
DEBUG:busco.BuscoTools	Found contig 465092at33208a
DEBUG:busco.BuscoTools	Found contig 465092at33208a
DEBUG:busco.BuscoTools	Found contig 465092at33208a
DEBUG:busco.BuscoTools	Found contig 625091at33208a
DEBUG:busco.BuscoTools	Found contig 625091at33208a
DEBUG:busco.BuscoTools	Found contig 625091at33208a
DEBUG:busco.BuscoTools	Found contig 625091at33208a
DEBUG:busco.BuscoTools	Found contig 625091at33208a
DEBUG:busco.BuscoTools	Found contig 625091at33208a
DEBUG:busco.BuscoTools	Found contig 625091at33208a
DEBUG:busco.BuscoTools	Found contig 625091at33208a
DEBUG:busco.BuscoTools	Found contig 625091at33208a
DEBUG:busco.BuscoTools	Found contig 625091at33208a
DEBUG:busco.BuscoTools	Found contig 363634at33208a
DEBUG:busco.BuscoTools	Found contig 363634at33208a
DEBUG:busco.BuscoTools	Found contig 363634at33208a
DEBUG:busco.BuscoTools	Found contig 363634at33208a
DEBUG:busco.BuscoTools	Found contig 363634at33208a
DEBUG:busco.BuscoTools	Found contig 363634at33208a
DEBUG:busco.BuscoTools	Found contig 363634at33208a
DEBUG:busco.BuscoTools	Found contig 363634at33208a
DEBUG:busco.BuscoTools	Found contig 363634at33208a
DEBUG:busco.BuscoTools	Found contig 363634at33208a
DEBUG:busco.BuscoTools	Found contig 622270at33208a
DEBUG:busco.BuscoTools	Found contig 622270at33208a
DEBUG:busco.BuscoTools	Found contig 622270at33208a
DEBUG:busco.BuscoTools	Found contig 622270at33208a
DEBUG:busco.BuscoTools	Found contig 622270at33208a
DEBUG:busco.BuscoTools	Found contig 622270at33208a
DEBUG:busco.BuscoTools	Found contig 622270at33208a
DEBUG:busco.BuscoTools	Found contig 622270at33208a
DEBUG:busco.BuscoTools	Found contig 622270at33208a
DEBUG:busco.BuscoTools	Found contig 622270at33208a
DEBUG:busco.BuscoTools	Found contig 447320at33208a
DEBUG:busco.BuscoTools	Found contig 447320at33208a
DEBUG:busco.BuscoTools	Found contig 447320at33208a
DEBUG:busco.BuscoTools	Found contig 447320at33208a
DEBUG:busco.BuscoTools	Found contig 447320at33208a
DEBUG:busco.BuscoTools	Found contig 447320at33208a
DEBUG:busco.BuscoTools	Found contig 447320at33208a
DEBUG:busco.BuscoTools	Found contig 447320at33208a
DEBUG:busco.BuscoTools	Found contig 447320at33208a
DEBUG:busco.BuscoTools	Found contig 447320at33208a
DEBUG:busco.BuscoTools	Found contig 415618at33208a
DEBUG:busco.BuscoTools	Found contig 415618at33208a
DEBUG:busco.BuscoTools	Found contig 415618at33208a
DEBUG:busco.BuscoTools	Found contig 415618at33208a
DEBUG:busco.BuscoTools	Found contig 415618at33208a
DEBUG:busco.BuscoTools	Found contig 415618at33208a
DEBUG:busco.BuscoTools	Found contig 415618at33208a
DEBUG:busco.BuscoTools	Found contig 415618at33208a
DEBUG:busco.BuscoTools	Found contig 415618at33208a
DEBUG:busco.BuscoTools	Found contig 415618at33208a
DEBUG:busco.BuscoTools	Found contig 623138at33208a
DEBUG:busco.BuscoTools	Found contig 623138at33208a
DEBUG:busco.BuscoTools	Found contig 623138at33208a
DEBUG:busco.BuscoTools	Found contig 623138at33208a
DEBUG:busco.BuscoTools	Found contig 623138at33208a
DEBUG:busco.BuscoTools	Found contig 623138at33208a
DEBUG:busco.BuscoTools	Found contig 623138at33208a
DEBUG:busco.BuscoTools	Found contig 623138at33208a
DEBUG:busco.BuscoTools	Found contig 623138at33208a
DEBUG:busco.BuscoTools	Found contig 623138at33208a
DEBUG:busco.BuscoTools	Found contig 520011at33208a
DEBUG:busco.BuscoTools	Found contig 520011at33208a
DEBUG:busco.BuscoTools	Found contig 520011at33208a
DEBUG:busco.BuscoTools	Found contig 520011at33208a
DEBUG:busco.BuscoTools	Found contig 520011at33208a
DEBUG:busco.BuscoTools	Found contig 520011at33208a
DEBUG:busco.BuscoTools	Found contig 520011at33208a
DEBUG:busco.BuscoTools	Found contig 520011at33208a
DEBUG:busco.BuscoTools	Found contig 520011at33208a
DEBUG:busco.BuscoTools	Found contig 520011at33208a
DEBUG:busco.BuscoTools	Found contig 584373at33208a
DEBUG:busco.BuscoTools	Found contig 584373at33208a
DEBUG:busco.BuscoTools	Found contig 584373at33208a
DEBUG:busco.BuscoTools	Found contig 584373at33208a
DEBUG:busco.BuscoTools	Found contig 584373at33208a
DEBUG:busco.BuscoTools	Found contig 584373at33208a
DEBUG:busco.BuscoTools	Found contig 584373at33208a
DEBUG:busco.BuscoTools	Found contig 584373at33208a
DEBUG:busco.BuscoTools	Found contig 584373at33208a
DEBUG:busco.BuscoTools	Found contig 584373at33208a
DEBUG:busco.BuscoTools	Found contig 477998at33208a
DEBUG:busco.BuscoTools	Found contig 477998at33208a
DEBUG:busco.BuscoTools	Found contig 477998at33208a
DEBUG:busco.BuscoTools	Found contig 477998at33208a
DEBUG:busco.BuscoTools	Found contig 477998at33208a
DEBUG:busco.BuscoTools	Found contig 477998at33208a
DEBUG:busco.BuscoTools	Found contig 477998at33208a
DEBUG:busco.BuscoTools	Found contig 477998at33208a
DEBUG:busco.BuscoTools	Found contig 477998at33208a
DEBUG:busco.BuscoTools	Found contig 477998at33208a
DEBUG:busco.BuscoTools	Found contig 535664at33208a
DEBUG:busco.BuscoTools	Found contig 535664at33208a
DEBUG:busco.BuscoTools	Found contig 535664at33208a
DEBUG:busco.BuscoTools	Found contig 535664at33208a
DEBUG:busco.BuscoTools	Found contig 535664at33208a
DEBUG:busco.BuscoTools	Found contig 535664at33208a
DEBUG:busco.BuscoTools	Found contig 535664at33208a
DEBUG:busco.BuscoTools	Found contig 535664at33208a
DEBUG:busco.BuscoTools	Found contig 535664at33208a
DEBUG:busco.BuscoTools	Found contig 535664at33208a
DEBUG:busco.BuscoTools	Found contig 631811at33208a
DEBUG:busco.BuscoTools	Found contig 631811at33208a
DEBUG:busco.BuscoTools	Found contig 631811at33208a
DEBUG:busco.BuscoTools	Found contig 631811at33208a
DEBUG:busco.BuscoTools	Found contig 631811at33208a
DEBUG:busco.BuscoTools	Found contig 631811at33208a
DEBUG:busco.BuscoTools	Found contig 631811at33208a
DEBUG:busco.BuscoTools	Found contig 631811at33208a
DEBUG:busco.BuscoTools	Found contig 631811at33208a
DEBUG:busco.BuscoTools	Found contig 631811at33208a
DEBUG:busco.BuscoTools	Found contig 502691at33208a
DEBUG:busco.BuscoTools	Found contig 502691at33208a
DEBUG:busco.BuscoTools	Found contig 502691at33208a
DEBUG:busco.BuscoTools	Found contig 502691at33208a
DEBUG:busco.BuscoTools	Found contig 502691at33208a
DEBUG:busco.BuscoTools	Found contig 502691at33208a
DEBUG:busco.BuscoTools	Found contig 502691at33208a
DEBUG:busco.BuscoTools	Found contig 502691at33208a
DEBUG:busco.BuscoTools	Found contig 502691at33208a
DEBUG:busco.BuscoTools	Found contig 502691at33208a
DEBUG:busco.BuscoTools	Found contig 594271at33208a
DEBUG:busco.BuscoTools	Found contig 594271at33208a
DEBUG:busco.BuscoTools	Found contig 594271at33208a
DEBUG:busco.BuscoTools	Found contig 594271at33208a
DEBUG:busco.BuscoTools	Found contig 594271at33208a
DEBUG:busco.BuscoTools	Found contig 594271at33208a
DEBUG:busco.BuscoTools	Found contig 594271at33208a
DEBUG:busco.BuscoTools	Found contig 594271at33208a
DEBUG:busco.BuscoTools	Found contig 594271at33208a
DEBUG:busco.BuscoTools	Found contig 594271at33208a
DEBUG:busco.BuscoTools	Found contig 534172at33208a
DEBUG:busco.BuscoTools	Found contig 534172at33208a
DEBUG:busco.BuscoTools	Found contig 534172at33208a
DEBUG:busco.BuscoTools	Found contig 534172at33208a
DEBUG:busco.BuscoTools	Found contig 534172at33208a
DEBUG:busco.BuscoTools	Found contig 534172at33208a
DEBUG:busco.BuscoTools	Found contig 534172at33208a
DEBUG:busco.BuscoTools	Found contig 534172at33208a
DEBUG:busco.BuscoTools	Found contig 534172at33208a
DEBUG:busco.BuscoTools	Found contig 534172at33208a
DEBUG:busco.BuscoTools	Found contig 581006at33208a
DEBUG:busco.BuscoTools	Found contig 581006at33208a
DEBUG:busco.BuscoTools	Found contig 581006at33208a
DEBUG:busco.BuscoTools	Found contig 581006at33208a
DEBUG:busco.BuscoTools	Found contig 581006at33208a
DEBUG:busco.BuscoTools	Found contig 581006at33208a
DEBUG:busco.BuscoTools	Found contig 581006at33208a
DEBUG:busco.BuscoTools	Found contig 581006at33208a
DEBUG:busco.BuscoTools	Found contig 581006at33208a
DEBUG:busco.BuscoTools	Found contig 581006at33208a
DEBUG:busco.BuscoTools	Found contig 302279at33208a
DEBUG:busco.BuscoTools	Found contig 302279at33208a
DEBUG:busco.BuscoTools	Found contig 302279at33208a
DEBUG:busco.BuscoTools	Found contig 302279at33208a
DEBUG:busco.BuscoTools	Found contig 302279at33208a
DEBUG:busco.BuscoTools	Found contig 302279at33208a
DEBUG:busco.BuscoTools	Found contig 302279at33208a
DEBUG:busco.BuscoTools	Found contig 302279at33208a
DEBUG:busco.BuscoTools	Found contig 302279at33208a
DEBUG:busco.BuscoTools	Found contig 302279at33208a
DEBUG:busco.BuscoTools	Found contig 543124at33208a
DEBUG:busco.BuscoTools	Found contig 543124at33208a
DEBUG:busco.BuscoTools	Found contig 543124at33208a
DEBUG:busco.BuscoTools	Found contig 543124at33208a
DEBUG:busco.BuscoTools	Found contig 543124at33208a
DEBUG:busco.BuscoTools	Found contig 543124at33208a
DEBUG:busco.BuscoTools	Found contig 543124at33208a
DEBUG:busco.BuscoTools	Found contig 543124at33208a
DEBUG:busco.BuscoTools	Found contig 543124at33208a
DEBUG:busco.BuscoTools	Found contig 543124at33208a
DEBUG:busco.BuscoTools	Found contig 597023at33208a
DEBUG:busco.BuscoTools	Found contig 597023at33208a
DEBUG:busco.BuscoTools	Found contig 597023at33208a
DEBUG:busco.BuscoTools	Found contig 597023at33208a
DEBUG:busco.BuscoTools	Found contig 597023at33208a
DEBUG:busco.BuscoTools	Found contig 597023at33208a
DEBUG:busco.BuscoTools	Found contig 597023at33208a
DEBUG:busco.BuscoTools	Found contig 597023at33208a
DEBUG:busco.BuscoTools	Found contig 597023at33208a
DEBUG:busco.BuscoTools	Found contig 597023at33208a
DEBUG:busco.BuscoTools	Found contig 625077at33208a
DEBUG:busco.BuscoTools	Found contig 625077at33208a
DEBUG:busco.BuscoTools	Found contig 625077at33208a
DEBUG:busco.BuscoTools	Found contig 625077at33208a
DEBUG:busco.BuscoTools	Found contig 625077at33208a
DEBUG:busco.BuscoTools	Found contig 625077at33208a
DEBUG:busco.BuscoTools	Found contig 625077at33208a
DEBUG:busco.BuscoTools	Found contig 625077at33208a
DEBUG:busco.BuscoTools	Found contig 625077at33208a
DEBUG:busco.BuscoTools	Found contig 625077at33208a
DEBUG:busco.BuscoTools	Found contig 216257at33208a
DEBUG:busco.BuscoTools	Found contig 216257at33208a
DEBUG:busco.BuscoTools	Found contig 216257at33208a
DEBUG:busco.BuscoTools	Found contig 216257at33208a
DEBUG:busco.BuscoTools	Found contig 216257at33208a
DEBUG:busco.BuscoTools	Found contig 216257at33208a
DEBUG:busco.BuscoTools	Found contig 216257at33208a
DEBUG:busco.BuscoTools	Found contig 216257at33208a
DEBUG:busco.BuscoTools	Found contig 216257at33208a
DEBUG:busco.BuscoTools	Found contig 216257at33208a
DEBUG:busco.BuscoTools	Found contig 446031at33208a
DEBUG:busco.BuscoTools	Found contig 446031at33208a
DEBUG:busco.BuscoTools	Found contig 446031at33208a
DEBUG:busco.BuscoTools	Found contig 446031at33208a
DEBUG:busco.BuscoTools	Found contig 446031at33208a
DEBUG:busco.BuscoTools	Found contig 446031at33208a
DEBUG:busco.BuscoTools	Found contig 446031at33208a
DEBUG:busco.BuscoTools	Found contig 446031at33208a
DEBUG:busco.BuscoTools	Found contig 446031at33208a
DEBUG:busco.BuscoTools	Found contig 446031at33208a
DEBUG:busco.BuscoTools	Found contig 490961at33208a
DEBUG:busco.BuscoTools	Found contig 490961at33208a
DEBUG:busco.BuscoTools	Found contig 490961at33208a
DEBUG:busco.BuscoTools	Found contig 490961at33208a
DEBUG:busco.BuscoTools	Found contig 490961at33208a
DEBUG:busco.BuscoTools	Found contig 490961at33208a
DEBUG:busco.BuscoTools	Found contig 490961at33208a
DEBUG:busco.BuscoTools	Found contig 490961at33208a
DEBUG:busco.BuscoTools	Found contig 490961at33208a
DEBUG:busco.BuscoTools	Found contig 490961at33208a
DEBUG:busco.BuscoTools	Found contig 577339at33208a
DEBUG:busco.BuscoTools	Found contig 577339at33208a
DEBUG:busco.BuscoTools	Found contig 577339at33208a
DEBUG:busco.BuscoTools	Found contig 577339at33208a
DEBUG:busco.BuscoTools	Found contig 577339at33208a
DEBUG:busco.BuscoTools	Found contig 577339at33208a
DEBUG:busco.BuscoTools	Found contig 577339at33208a
DEBUG:busco.BuscoTools	Found contig 577339at33208a
DEBUG:busco.BuscoTools	Found contig 577339at33208a
DEBUG:busco.BuscoTools	Found contig 577339at33208a
DEBUG:busco.BuscoTools	Found contig 505248at33208a
DEBUG:busco.BuscoTools	Found contig 505248at33208a
DEBUG:busco.BuscoTools	Found contig 505248at33208a
DEBUG:busco.BuscoTools	Found contig 505248at33208a
DEBUG:busco.BuscoTools	Found contig 505248at33208a
DEBUG:busco.BuscoTools	Found contig 505248at33208a
DEBUG:busco.BuscoTools	Found contig 505248at33208a
DEBUG:busco.BuscoTools	Found contig 505248at33208a
DEBUG:busco.BuscoTools	Found contig 505248at33208a
DEBUG:busco.BuscoTools	Found contig 505248at33208a
DEBUG:busco.BuscoTools	Found contig 580288at33208a
DEBUG:busco.BuscoTools	Found contig 580288at33208a
DEBUG:busco.BuscoTools	Found contig 580288at33208a
DEBUG:busco.BuscoTools	Found contig 580288at33208a
DEBUG:busco.BuscoTools	Found contig 580288at33208a
DEBUG:busco.BuscoTools	Found contig 580288at33208a
DEBUG:busco.BuscoTools	Found contig 580288at33208a
DEBUG:busco.BuscoTools	Found contig 580288at33208a
DEBUG:busco.BuscoTools	Found contig 580288at33208a
DEBUG:busco.BuscoTools	Found contig 580288at33208a
DEBUG:busco.BuscoTools	Found contig 443659at33208a
DEBUG:busco.BuscoTools	Found contig 443659at33208a
DEBUG:busco.BuscoTools	Found contig 443659at33208a
DEBUG:busco.BuscoTools	Found contig 443659at33208a
DEBUG:busco.BuscoTools	Found contig 443659at33208a
DEBUG:busco.BuscoTools	Found contig 443659at33208a
DEBUG:busco.BuscoTools	Found contig 443659at33208a
DEBUG:busco.BuscoTools	Found contig 443659at33208a
DEBUG:busco.BuscoTools	Found contig 443659at33208a
DEBUG:busco.BuscoTools	Found contig 443659at33208a
DEBUG:busco.BuscoTools	Found contig 421732at33208a
DEBUG:busco.BuscoTools	Found contig 421732at33208a
DEBUG:busco.BuscoTools	Found contig 421732at33208a
DEBUG:busco.BuscoTools	Found contig 421732at33208a
DEBUG:busco.BuscoTools	Found contig 421732at33208a
DEBUG:busco.BuscoTools	Found contig 421732at33208a
DEBUG:busco.BuscoTools	Found contig 421732at33208a
DEBUG:busco.BuscoTools	Found contig 421732at33208a
DEBUG:busco.BuscoTools	Found contig 421732at33208a
DEBUG:busco.BuscoTools	Found contig 421732at33208a
DEBUG:busco.BuscoTools	Found contig 524148at33208a
DEBUG:busco.BuscoTools	Found contig 524148at33208a
DEBUG:busco.BuscoTools	Found contig 524148at33208a
DEBUG:busco.BuscoTools	Found contig 524148at33208a
DEBUG:busco.BuscoTools	Found contig 524148at33208a
DEBUG:busco.BuscoTools	Found contig 524148at33208a
DEBUG:busco.BuscoTools	Found contig 524148at33208a
DEBUG:busco.BuscoTools	Found contig 524148at33208a
DEBUG:busco.BuscoTools	Found contig 524148at33208a
DEBUG:busco.BuscoTools	Found contig 524148at33208a
DEBUG:busco.BuscoTools	Found contig 450785at33208a
DEBUG:busco.BuscoTools	Found contig 450785at33208a
DEBUG:busco.BuscoTools	Found contig 450785at33208a
DEBUG:busco.BuscoTools	Found contig 450785at33208a
DEBUG:busco.BuscoTools	Found contig 450785at33208a
DEBUG:busco.BuscoTools	Found contig 450785at33208a
DEBUG:busco.BuscoTools	Found contig 450785at33208a
DEBUG:busco.BuscoTools	Found contig 450785at33208a
DEBUG:busco.BuscoTools	Found contig 450785at33208a
DEBUG:busco.BuscoTools	Found contig 450785at33208a
DEBUG:busco.BuscoTools	Found contig 608869at33208a
DEBUG:busco.BuscoTools	Found contig 608869at33208a
DEBUG:busco.BuscoTools	Found contig 608869at33208a
DEBUG:busco.BuscoTools	Found contig 608869at33208a
DEBUG:busco.BuscoTools	Found contig 608869at33208a
DEBUG:busco.BuscoTools	Found contig 608869at33208a
DEBUG:busco.BuscoTools	Found contig 608869at33208a
DEBUG:busco.BuscoTools	Found contig 608869at33208a
DEBUG:busco.BuscoTools	Found contig 608869at33208a
DEBUG:busco.BuscoTools	Found contig 608869at33208a
DEBUG:busco.BuscoTools	Found contig 257141at33208a
DEBUG:busco.BuscoTools	Found contig 257141at33208a
DEBUG:busco.BuscoTools	Found contig 257141at33208a
DEBUG:busco.BuscoTools	Found contig 257141at33208a
DEBUG:busco.BuscoTools	Found contig 257141at33208a
DEBUG:busco.BuscoTools	Found contig 257141at33208a
DEBUG:busco.BuscoTools	Found contig 257141at33208a
DEBUG:busco.BuscoTools	Found contig 257141at33208a
DEBUG:busco.BuscoTools	Found contig 257141at33208a
DEBUG:busco.BuscoTools	Found contig 257141at33208a
DEBUG:busco.BuscoTools	Found contig 576938at33208a
DEBUG:busco.BuscoTools	Found contig 576938at33208a
DEBUG:busco.BuscoTools	Found contig 576938at33208a
DEBUG:busco.BuscoTools	Found contig 576938at33208a
DEBUG:busco.BuscoTools	Found contig 576938at33208a
DEBUG:busco.BuscoTools	Found contig 576938at33208a
DEBUG:busco.BuscoTools	Found contig 576938at33208a
DEBUG:busco.BuscoTools	Found contig 576938at33208a
DEBUG:busco.BuscoTools	Found contig 576938at33208a
DEBUG:busco.BuscoTools	Found contig 576938at33208a
DEBUG:busco.BuscoTools	Found contig 563359at33208a
DEBUG:busco.BuscoTools	Found contig 563359at33208a
DEBUG:busco.BuscoTools	Found contig 563359at33208a
DEBUG:busco.BuscoTools	Found contig 563359at33208a
DEBUG:busco.BuscoTools	Found contig 563359at33208a
DEBUG:busco.BuscoTools	Found contig 563359at33208a
DEBUG:busco.BuscoTools	Found contig 563359at33208a
DEBUG:busco.BuscoTools	Found contig 563359at33208a
DEBUG:busco.BuscoTools	Found contig 563359at33208a
DEBUG:busco.BuscoTools	Found contig 563359at33208a
DEBUG:busco.BuscoTools	Found contig 566916at33208a
DEBUG:busco.BuscoTools	Found contig 566916at33208a
DEBUG:busco.BuscoTools	Found contig 566916at33208a
DEBUG:busco.BuscoTools	Found contig 566916at33208a
DEBUG:busco.BuscoTools	Found contig 566916at33208a
DEBUG:busco.BuscoTools	Found contig 566916at33208a
DEBUG:busco.BuscoTools	Found contig 566916at33208a
DEBUG:busco.BuscoTools	Found contig 566916at33208a
DEBUG:busco.BuscoTools	Found contig 566916at33208a
DEBUG:busco.BuscoTools	Found contig 566916at33208a
DEBUG:busco.BuscoTools	Found contig 437653at33208a
DEBUG:busco.BuscoTools	Found contig 437653at33208a
DEBUG:busco.BuscoTools	Found contig 437653at33208a
DEBUG:busco.BuscoTools	Found contig 437653at33208a
DEBUG:busco.BuscoTools	Found contig 437653at33208a
DEBUG:busco.BuscoTools	Found contig 437653at33208a
DEBUG:busco.BuscoTools	Found contig 437653at33208a
DEBUG:busco.BuscoTools	Found contig 437653at33208a
DEBUG:busco.BuscoTools	Found contig 437653at33208a
DEBUG:busco.BuscoTools	Found contig 437653at33208a
DEBUG:busco.BuscoTools	Found contig 552764at33208a
DEBUG:busco.BuscoTools	Found contig 552764at33208a
DEBUG:busco.BuscoTools	Found contig 552764at33208a
DEBUG:busco.BuscoTools	Found contig 552764at33208a
DEBUG:busco.BuscoTools	Found contig 552764at33208a
DEBUG:busco.BuscoTools	Found contig 552764at33208a
DEBUG:busco.BuscoTools	Found contig 552764at33208a
DEBUG:busco.BuscoTools	Found contig 552764at33208a
DEBUG:busco.BuscoTools	Found contig 552764at33208a
DEBUG:busco.BuscoTools	Found contig 552764at33208a
DEBUG:busco.BuscoTools	Found contig 616149at33208a
DEBUG:busco.BuscoTools	Found contig 616149at33208a
DEBUG:busco.BuscoTools	Found contig 616149at33208a
DEBUG:busco.BuscoTools	Found contig 616149at33208a
DEBUG:busco.BuscoTools	Found contig 616149at33208a
DEBUG:busco.BuscoTools	Found contig 616149at33208a
DEBUG:busco.BuscoTools	Found contig 616149at33208a
DEBUG:busco.BuscoTools	Found contig 616149at33208a
DEBUG:busco.BuscoTools	Found contig 616149at33208a
DEBUG:busco.BuscoTools	Found contig 616149at33208a
DEBUG:busco.BuscoTools	Found contig 129179at33208a
DEBUG:busco.BuscoTools	Found contig 129179at33208a
DEBUG:busco.BuscoTools	Found contig 129179at33208a
DEBUG:busco.BuscoTools	Found contig 129179at33208a
DEBUG:busco.BuscoTools	Found contig 129179at33208a
DEBUG:busco.BuscoTools	Found contig 129179at33208a
DEBUG:busco.BuscoTools	Found contig 129179at33208a
DEBUG:busco.BuscoTools	Found contig 129179at33208a
DEBUG:busco.BuscoTools	Found contig 129179at33208a
DEBUG:busco.BuscoTools	Found contig 129179at33208a
DEBUG:busco.BuscoTools	Found contig 524322at33208a
DEBUG:busco.BuscoTools	Found contig 524322at33208a
DEBUG:busco.BuscoTools	Found contig 524322at33208a
DEBUG:busco.BuscoTools	Found contig 524322at33208a
DEBUG:busco.BuscoTools	Found contig 524322at33208a
DEBUG:busco.BuscoTools	Found contig 524322at33208a
DEBUG:busco.BuscoTools	Found contig 524322at33208a
DEBUG:busco.BuscoTools	Found contig 524322at33208a
DEBUG:busco.BuscoTools	Found contig 524322at33208a
DEBUG:busco.BuscoTools	Found contig 524322at33208a
DEBUG:busco.BuscoTools	Found contig 334331at33208a
DEBUG:busco.BuscoTools	Found contig 334331at33208a
DEBUG:busco.BuscoTools	Found contig 334331at33208a
DEBUG:busco.BuscoTools	Found contig 334331at33208a
DEBUG:busco.BuscoTools	Found contig 334331at33208a
DEBUG:busco.BuscoTools	Found contig 334331at33208a
DEBUG:busco.BuscoTools	Found contig 334331at33208a
DEBUG:busco.BuscoTools	Found contig 334331at33208a
DEBUG:busco.BuscoTools	Found contig 334331at33208a
DEBUG:busco.BuscoTools	Found contig 334331at33208a
DEBUG:busco.BuscoTools	Found contig 323399at33208a
DEBUG:busco.BuscoTools	Found contig 323399at33208a
DEBUG:busco.BuscoTools	Found contig 323399at33208a
DEBUG:busco.BuscoTools	Found contig 323399at33208a
DEBUG:busco.BuscoTools	Found contig 323399at33208a
DEBUG:busco.BuscoTools	Found contig 323399at33208a
DEBUG:busco.BuscoTools	Found contig 323399at33208a
DEBUG:busco.BuscoTools	Found contig 323399at33208a
DEBUG:busco.BuscoTools	Found contig 323399at33208a
DEBUG:busco.BuscoTools	Found contig 323399at33208a
DEBUG:busco.BuscoTools	Found contig 556750at33208a
DEBUG:busco.BuscoTools	Found contig 556750at33208a
DEBUG:busco.BuscoTools	Found contig 556750at33208a
DEBUG:busco.BuscoTools	Found contig 556750at33208a
DEBUG:busco.BuscoTools	Found contig 556750at33208a
DEBUG:busco.BuscoTools	Found contig 556750at33208a
DEBUG:busco.BuscoTools	Found contig 556750at33208a
DEBUG:busco.BuscoTools	Found contig 556750at33208a
DEBUG:busco.BuscoTools	Found contig 556750at33208a
DEBUG:busco.BuscoTools	Found contig 556750at33208a
DEBUG:busco.BuscoTools	Found contig 577068at33208a
DEBUG:busco.BuscoTools	Found contig 577068at33208a
DEBUG:busco.BuscoTools	Found contig 577068at33208a
DEBUG:busco.BuscoTools	Found contig 577068at33208a
DEBUG:busco.BuscoTools	Found contig 577068at33208a
DEBUG:busco.BuscoTools	Found contig 577068at33208a
DEBUG:busco.BuscoTools	Found contig 577068at33208a
DEBUG:busco.BuscoTools	Found contig 577068at33208a
DEBUG:busco.BuscoTools	Found contig 577068at33208a
DEBUG:busco.BuscoTools	Found contig 577068at33208a
DEBUG:busco.BuscoTools	Found contig 606048at33208a
DEBUG:busco.BuscoTools	Found contig 606048at33208a
DEBUG:busco.BuscoTools	Found contig 606048at33208a
DEBUG:busco.BuscoTools	Found contig 606048at33208a
DEBUG:busco.BuscoTools	Found contig 606048at33208a
DEBUG:busco.BuscoTools	Found contig 606048at33208a
DEBUG:busco.BuscoTools	Found contig 606048at33208a
DEBUG:busco.BuscoTools	Found contig 606048at33208a
DEBUG:busco.BuscoTools	Found contig 606048at33208a
DEBUG:busco.BuscoTools	Found contig 606048at33208a
DEBUG:busco.BuscoTools	Found contig 458988at33208a
DEBUG:busco.BuscoTools	Found contig 458988at33208a
DEBUG:busco.BuscoTools	Found contig 458988at33208a
DEBUG:busco.BuscoTools	Found contig 458988at33208a
DEBUG:busco.BuscoTools	Found contig 458988at33208a
DEBUG:busco.BuscoTools	Found contig 458988at33208a
DEBUG:busco.BuscoTools	Found contig 458988at33208a
DEBUG:busco.BuscoTools	Found contig 458988at33208a
DEBUG:busco.BuscoTools	Found contig 458988at33208a
DEBUG:busco.BuscoTools	Found contig 458988at33208a
DEBUG:busco.BuscoTools	Found contig 611891at33208a
DEBUG:busco.BuscoTools	Found contig 611891at33208a
DEBUG:busco.BuscoTools	Found contig 611891at33208a
DEBUG:busco.BuscoTools	Found contig 611891at33208a
DEBUG:busco.BuscoTools	Found contig 611891at33208a
DEBUG:busco.BuscoTools	Found contig 611891at33208a
DEBUG:busco.BuscoTools	Found contig 611891at33208a
DEBUG:busco.BuscoTools	Found contig 611891at33208a
DEBUG:busco.BuscoTools	Found contig 611891at33208a
DEBUG:busco.BuscoTools	Found contig 611891at33208a
DEBUG:busco.BuscoTools	Found contig 603673at33208a
DEBUG:busco.BuscoTools	Found contig 603673at33208a
DEBUG:busco.BuscoTools	Found contig 603673at33208a
DEBUG:busco.BuscoTools	Found contig 603673at33208a
DEBUG:busco.BuscoTools	Found contig 603673at33208a
DEBUG:busco.BuscoTools	Found contig 603673at33208a
DEBUG:busco.BuscoTools	Found contig 603673at33208a
DEBUG:busco.BuscoTools	Found contig 603673at33208a
DEBUG:busco.BuscoTools	Found contig 603673at33208a
DEBUG:busco.BuscoTools	Found contig 603673at33208a
DEBUG:busco.BuscoTools	Found contig 590470at33208a
DEBUG:busco.BuscoTools	Found contig 590470at33208a
DEBUG:busco.BuscoTools	Found contig 590470at33208a
DEBUG:busco.BuscoTools	Found contig 590470at33208a
DEBUG:busco.BuscoTools	Found contig 590470at33208a
DEBUG:busco.BuscoTools	Found contig 590470at33208a
DEBUG:busco.BuscoTools	Found contig 590470at33208a
DEBUG:busco.BuscoTools	Found contig 590470at33208a
DEBUG:busco.BuscoTools	Found contig 590470at33208a
DEBUG:busco.BuscoTools	Found contig 590470at33208a
DEBUG:busco.BuscoTools	Found contig 486993at33208a
DEBUG:busco.BuscoTools	Found contig 486993at33208a
DEBUG:busco.BuscoTools	Found contig 486993at33208a
DEBUG:busco.BuscoTools	Found contig 486993at33208a
DEBUG:busco.BuscoTools	Found contig 486993at33208a
DEBUG:busco.BuscoTools	Found contig 486993at33208a
DEBUG:busco.BuscoTools	Found contig 486993at33208a
DEBUG:busco.BuscoTools	Found contig 486993at33208a
DEBUG:busco.BuscoTools	Found contig 486993at33208a
DEBUG:busco.BuscoTools	Found contig 486993at33208a
DEBUG:busco.BuscoTools	Found contig 601650at33208a
DEBUG:busco.BuscoTools	Found contig 601650at33208a
DEBUG:busco.BuscoTools	Found contig 601650at33208a
DEBUG:busco.BuscoTools	Found contig 601650at33208a
DEBUG:busco.BuscoTools	Found contig 601650at33208a
DEBUG:busco.BuscoTools	Found contig 601650at33208a
DEBUG:busco.BuscoTools	Found contig 601650at33208a
DEBUG:busco.BuscoTools	Found contig 601650at33208a
DEBUG:busco.BuscoTools	Found contig 601650at33208a
DEBUG:busco.BuscoTools	Found contig 601650at33208a
DEBUG:busco.BuscoTools	Found contig 643954at33208a
DEBUG:busco.BuscoTools	Found contig 643954at33208a
DEBUG:busco.BuscoTools	Found contig 643954at33208a
DEBUG:busco.BuscoTools	Found contig 643954at33208a
DEBUG:busco.BuscoTools	Found contig 643954at33208a
DEBUG:busco.BuscoTools	Found contig 643954at33208a
DEBUG:busco.BuscoTools	Found contig 643954at33208a
DEBUG:busco.BuscoTools	Found contig 643954at33208a
DEBUG:busco.BuscoTools	Found contig 643954at33208a
DEBUG:busco.BuscoTools	Found contig 643954at33208a
DEBUG:busco.BuscoTools	Found contig 577929at33208a
DEBUG:busco.BuscoTools	Found contig 577929at33208a
DEBUG:busco.BuscoTools	Found contig 577929at33208a
DEBUG:busco.BuscoTools	Found contig 577929at33208a
DEBUG:busco.BuscoTools	Found contig 577929at33208a
DEBUG:busco.BuscoTools	Found contig 577929at33208a
DEBUG:busco.BuscoTools	Found contig 577929at33208a
DEBUG:busco.BuscoTools	Found contig 577929at33208a
DEBUG:busco.BuscoTools	Found contig 577929at33208a
DEBUG:busco.BuscoTools	Found contig 577929at33208a
DEBUG:busco.BuscoTools	Found contig 515425at33208a
DEBUG:busco.BuscoTools	Found contig 515425at33208a
DEBUG:busco.BuscoTools	Found contig 515425at33208a
DEBUG:busco.BuscoTools	Found contig 515425at33208a
DEBUG:busco.BuscoTools	Found contig 515425at33208a
DEBUG:busco.BuscoTools	Found contig 515425at33208a
DEBUG:busco.BuscoTools	Found contig 515425at33208a
DEBUG:busco.BuscoTools	Found contig 515425at33208a
DEBUG:busco.BuscoTools	Found contig 515425at33208a
DEBUG:busco.BuscoTools	Found contig 515425at33208a
DEBUG:busco.BuscoTools	Found contig 203698at33208a
DEBUG:busco.BuscoTools	Found contig 203698at33208a
DEBUG:busco.BuscoTools	Found contig 203698at33208a
DEBUG:busco.BuscoTools	Found contig 203698at33208a
DEBUG:busco.BuscoTools	Found contig 203698at33208a
DEBUG:busco.BuscoTools	Found contig 203698at33208a
DEBUG:busco.BuscoTools	Found contig 203698at33208a
DEBUG:busco.BuscoTools	Found contig 203698at33208a
DEBUG:busco.BuscoTools	Found contig 203698at33208a
DEBUG:busco.BuscoTools	Found contig 203698at33208a
DEBUG:busco.BuscoTools	Found contig 121127at33208a
DEBUG:busco.BuscoTools	Found contig 121127at33208a
DEBUG:busco.BuscoTools	Found contig 121127at33208a
DEBUG:busco.BuscoTools	Found contig 121127at33208a
DEBUG:busco.BuscoTools	Found contig 121127at33208a
DEBUG:busco.BuscoTools	Found contig 121127at33208a
DEBUG:busco.BuscoTools	Found contig 121127at33208a
DEBUG:busco.BuscoTools	Found contig 121127at33208a
DEBUG:busco.BuscoTools	Found contig 121127at33208a
DEBUG:busco.BuscoTools	Found contig 121127at33208a
DEBUG:busco.BuscoTools	Found contig 634447at33208a
DEBUG:busco.BuscoTools	Found contig 634447at33208a
DEBUG:busco.BuscoTools	Found contig 634447at33208a
DEBUG:busco.BuscoTools	Found contig 634447at33208a
DEBUG:busco.BuscoTools	Found contig 634447at33208a
DEBUG:busco.BuscoTools	Found contig 634447at33208a
DEBUG:busco.BuscoTools	Found contig 634447at33208a
DEBUG:busco.BuscoTools	Found contig 634447at33208a
DEBUG:busco.BuscoTools	Found contig 634447at33208a
DEBUG:busco.BuscoTools	Found contig 634447at33208a
DEBUG:busco.BuscoTools	Found contig 384187at33208a
DEBUG:busco.BuscoTools	Found contig 384187at33208a
DEBUG:busco.BuscoTools	Found contig 384187at33208a
DEBUG:busco.BuscoTools	Found contig 384187at33208a
DEBUG:busco.BuscoTools	Found contig 384187at33208a
DEBUG:busco.BuscoTools	Found contig 384187at33208a
DEBUG:busco.BuscoTools	Found contig 384187at33208a
DEBUG:busco.BuscoTools	Found contig 384187at33208a
DEBUG:busco.BuscoTools	Found contig 384187at33208a
DEBUG:busco.BuscoTools	Found contig 384187at33208a
DEBUG:busco.BuscoTools	Found contig 84980at33208a
DEBUG:busco.BuscoTools	Found contig 84980at33208a
DEBUG:busco.BuscoTools	Found contig 84980at33208a
DEBUG:busco.BuscoTools	Found contig 84980at33208a
DEBUG:busco.BuscoTools	Found contig 84980at33208a
DEBUG:busco.BuscoTools	Found contig 84980at33208a
DEBUG:busco.BuscoTools	Found contig 84980at33208a
DEBUG:busco.BuscoTools	Found contig 84980at33208a
DEBUG:busco.BuscoTools	Found contig 84980at33208a
DEBUG:busco.BuscoTools	Found contig 84980at33208a
DEBUG:busco.BuscoTools	Found contig 339319at33208a
DEBUG:busco.BuscoTools	Found contig 339319at33208a
DEBUG:busco.BuscoTools	Found contig 339319at33208a
DEBUG:busco.BuscoTools	Found contig 339319at33208a
DEBUG:busco.BuscoTools	Found contig 339319at33208a
DEBUG:busco.BuscoTools	Found contig 339319at33208a
DEBUG:busco.BuscoTools	Found contig 339319at33208a
DEBUG:busco.BuscoTools	Found contig 339319at33208a
DEBUG:busco.BuscoTools	Found contig 339319at33208a
DEBUG:busco.BuscoTools	Found contig 339319at33208a
DEBUG:busco.BuscoTools	Found contig 14776at33208a
DEBUG:busco.BuscoTools	Found contig 14776at33208a
DEBUG:busco.BuscoTools	Found contig 14776at33208a
DEBUG:busco.BuscoTools	Found contig 14776at33208a
DEBUG:busco.BuscoTools	Found contig 14776at33208a
DEBUG:busco.BuscoTools	Found contig 14776at33208a
DEBUG:busco.BuscoTools	Found contig 14776at33208a
DEBUG:busco.BuscoTools	Found contig 14776at33208a
DEBUG:busco.BuscoTools	Found contig 14776at33208a
DEBUG:busco.BuscoTools	Found contig 14776at33208a
DEBUG:busco.BuscoTools	Found contig 610541at33208a
DEBUG:busco.BuscoTools	Found contig 610541at33208a
DEBUG:busco.BuscoTools	Found contig 610541at33208a
DEBUG:busco.BuscoTools	Found contig 610541at33208a
DEBUG:busco.BuscoTools	Found contig 610541at33208a
DEBUG:busco.BuscoTools	Found contig 610541at33208a
DEBUG:busco.BuscoTools	Found contig 610541at33208a
DEBUG:busco.BuscoTools	Found contig 610541at33208a
DEBUG:busco.BuscoTools	Found contig 610541at33208a
DEBUG:busco.BuscoTools	Found contig 610541at33208a
DEBUG:busco.BuscoTools	Found contig 648300at33208a
DEBUG:busco.BuscoTools	Found contig 648300at33208a
DEBUG:busco.BuscoTools	Found contig 648300at33208a
DEBUG:busco.BuscoTools	Found contig 648300at33208a
DEBUG:busco.BuscoTools	Found contig 648300at33208a
DEBUG:busco.BuscoTools	Found contig 648300at33208a
DEBUG:busco.BuscoTools	Found contig 648300at33208a
DEBUG:busco.BuscoTools	Found contig 648300at33208a
DEBUG:busco.BuscoTools	Found contig 648300at33208a
DEBUG:busco.BuscoTools	Found contig 648300at33208a
DEBUG:busco.BuscoTools	Found contig 493505at33208a
DEBUG:busco.BuscoTools	Found contig 493505at33208a
DEBUG:busco.BuscoTools	Found contig 493505at33208a
DEBUG:busco.BuscoTools	Found contig 493505at33208a
DEBUG:busco.BuscoTools	Found contig 493505at33208a
DEBUG:busco.BuscoTools	Found contig 493505at33208a
DEBUG:busco.BuscoTools	Found contig 493505at33208a
DEBUG:busco.BuscoTools	Found contig 493505at33208a
DEBUG:busco.BuscoTools	Found contig 493505at33208a
DEBUG:busco.BuscoTools	Found contig 493505at33208a
DEBUG:busco.BuscoTools	Found contig 387079at33208a
DEBUG:busco.BuscoTools	Found contig 387079at33208a
DEBUG:busco.BuscoTools	Found contig 387079at33208a
DEBUG:busco.BuscoTools	Found contig 387079at33208a
DEBUG:busco.BuscoTools	Found contig 387079at33208a
DEBUG:busco.BuscoTools	Found contig 387079at33208a
DEBUG:busco.BuscoTools	Found contig 387079at33208a
DEBUG:busco.BuscoTools	Found contig 387079at33208a
DEBUG:busco.BuscoTools	Found contig 387079at33208a
DEBUG:busco.BuscoTools	Found contig 387079at33208a
DEBUG:busco.BuscoTools	Found contig 227087at33208a
DEBUG:busco.BuscoTools	Found contig 227087at33208a
DEBUG:busco.BuscoTools	Found contig 227087at33208a
DEBUG:busco.BuscoTools	Found contig 227087at33208a
DEBUG:busco.BuscoTools	Found contig 227087at33208a
DEBUG:busco.BuscoTools	Found contig 227087at33208a
DEBUG:busco.BuscoTools	Found contig 227087at33208a
DEBUG:busco.BuscoTools	Found contig 227087at33208a
DEBUG:busco.BuscoTools	Found contig 227087at33208a
DEBUG:busco.BuscoTools	Found contig 227087at33208a
DEBUG:busco.BuscoTools	Found contig 239149at33208a
DEBUG:busco.BuscoTools	Found contig 239149at33208a
DEBUG:busco.BuscoTools	Found contig 239149at33208a
DEBUG:busco.BuscoTools	Found contig 239149at33208a
DEBUG:busco.BuscoTools	Found contig 239149at33208a
DEBUG:busco.BuscoTools	Found contig 239149at33208a
DEBUG:busco.BuscoTools	Found contig 239149at33208a
DEBUG:busco.BuscoTools	Found contig 239149at33208a
DEBUG:busco.BuscoTools	Found contig 239149at33208a
DEBUG:busco.BuscoTools	Found contig 239149at33208a
DEBUG:busco.BuscoTools	Found contig 569294at33208a
DEBUG:busco.BuscoTools	Found contig 569294at33208a
DEBUG:busco.BuscoTools	Found contig 569294at33208a
DEBUG:busco.BuscoTools	Found contig 569294at33208a
DEBUG:busco.BuscoTools	Found contig 569294at33208a
DEBUG:busco.BuscoTools	Found contig 569294at33208a
DEBUG:busco.BuscoTools	Found contig 569294at33208a
DEBUG:busco.BuscoTools	Found contig 569294at33208a
DEBUG:busco.BuscoTools	Found contig 569294at33208a
DEBUG:busco.BuscoTools	Found contig 569294at33208a
DEBUG:busco.BuscoTools	Found contig 453052at33208a
DEBUG:busco.BuscoTools	Found contig 453052at33208a
DEBUG:busco.BuscoTools	Found contig 453052at33208a
DEBUG:busco.BuscoTools	Found contig 453052at33208a
DEBUG:busco.BuscoTools	Found contig 453052at33208a
DEBUG:busco.BuscoTools	Found contig 453052at33208a
DEBUG:busco.BuscoTools	Found contig 453052at33208a
DEBUG:busco.BuscoTools	Found contig 453052at33208a
DEBUG:busco.BuscoTools	Found contig 453052at33208a
DEBUG:busco.BuscoTools	Found contig 453052at33208a
DEBUG:busco.BuscoTools	Found contig 152327at33208a
DEBUG:busco.BuscoTools	Found contig 152327at33208a
DEBUG:busco.BuscoTools	Found contig 152327at33208a
DEBUG:busco.BuscoTools	Found contig 152327at33208a
DEBUG:busco.BuscoTools	Found contig 152327at33208a
DEBUG:busco.BuscoTools	Found contig 152327at33208a
DEBUG:busco.BuscoTools	Found contig 152327at33208a
DEBUG:busco.BuscoTools	Found contig 152327at33208a
DEBUG:busco.BuscoTools	Found contig 152327at33208a
DEBUG:busco.BuscoTools	Found contig 152327at33208a
DEBUG:busco.BuscoTools	Found contig 541231at33208a
DEBUG:busco.BuscoTools	Found contig 541231at33208a
DEBUG:busco.BuscoTools	Found contig 541231at33208a
DEBUG:busco.BuscoTools	Found contig 541231at33208a
DEBUG:busco.BuscoTools	Found contig 541231at33208a
DEBUG:busco.BuscoTools	Found contig 541231at33208a
DEBUG:busco.BuscoTools	Found contig 541231at33208a
DEBUG:busco.BuscoTools	Found contig 541231at33208a
DEBUG:busco.BuscoTools	Found contig 541231at33208a
DEBUG:busco.BuscoTools	Found contig 541231at33208a
DEBUG:busco.BuscoTools	Found contig 428754at33208a
DEBUG:busco.BuscoTools	Found contig 428754at33208a
DEBUG:busco.BuscoTools	Found contig 428754at33208a
DEBUG:busco.BuscoTools	Found contig 428754at33208a
DEBUG:busco.BuscoTools	Found contig 428754at33208a
DEBUG:busco.BuscoTools	Found contig 428754at33208a
DEBUG:busco.BuscoTools	Found contig 428754at33208a
DEBUG:busco.BuscoTools	Found contig 428754at33208a
DEBUG:busco.BuscoTools	Found contig 428754at33208a
DEBUG:busco.BuscoTools	Found contig 428754at33208a
DEBUG:busco.BuscoTools	Found contig 177858at33208a
DEBUG:busco.BuscoTools	Found contig 177858at33208a
DEBUG:busco.BuscoTools	Found contig 177858at33208a
DEBUG:busco.BuscoTools	Found contig 177858at33208a
DEBUG:busco.BuscoTools	Found contig 177858at33208a
DEBUG:busco.BuscoTools	Found contig 177858at33208a
DEBUG:busco.BuscoTools	Found contig 177858at33208a
DEBUG:busco.BuscoTools	Found contig 177858at33208a
DEBUG:busco.BuscoTools	Found contig 177858at33208a
DEBUG:busco.BuscoTools	Found contig 177858at33208a
DEBUG:busco.BuscoTools	Found contig 615840at33208a
DEBUG:busco.BuscoTools	Found contig 615840at33208a
DEBUG:busco.BuscoTools	Found contig 615840at33208a
DEBUG:busco.BuscoTools	Found contig 615840at33208a
DEBUG:busco.BuscoTools	Found contig 615840at33208a
DEBUG:busco.BuscoTools	Found contig 615840at33208a
DEBUG:busco.BuscoTools	Found contig 615840at33208a
DEBUG:busco.BuscoTools	Found contig 615840at33208a
DEBUG:busco.BuscoTools	Found contig 615840at33208a
DEBUG:busco.BuscoTools	Found contig 615840at33208a
DEBUG:busco.BuscoTools	Found contig 641073at33208a
DEBUG:busco.BuscoTools	Found contig 641073at33208a
DEBUG:busco.BuscoTools	Found contig 641073at33208a
DEBUG:busco.BuscoTools	Found contig 641073at33208a
DEBUG:busco.BuscoTools	Found contig 641073at33208a
DEBUG:busco.BuscoTools	Found contig 641073at33208a
DEBUG:busco.BuscoTools	Found contig 641073at33208a
DEBUG:busco.BuscoTools	Found contig 641073at33208a
DEBUG:busco.BuscoTools	Found contig 641073at33208a
DEBUG:busco.BuscoTools	Found contig 641073at33208a
DEBUG:busco.BuscoTools	Found contig 311758at33208a
DEBUG:busco.BuscoTools	Found contig 311758at33208a
DEBUG:busco.BuscoTools	Found contig 311758at33208a
DEBUG:busco.BuscoTools	Found contig 311758at33208a
DEBUG:busco.BuscoTools	Found contig 311758at33208a
DEBUG:busco.BuscoTools	Found contig 311758at33208a
DEBUG:busco.BuscoTools	Found contig 311758at33208a
DEBUG:busco.BuscoTools	Found contig 311758at33208a
DEBUG:busco.BuscoTools	Found contig 311758at33208a
DEBUG:busco.BuscoTools	Found contig 311758at33208a
DEBUG:busco.BuscoTools	Found contig 266469at33208a
DEBUG:busco.BuscoTools	Found contig 266469at33208a
DEBUG:busco.BuscoTools	Found contig 266469at33208a
DEBUG:busco.BuscoTools	Found contig 266469at33208a
DEBUG:busco.BuscoTools	Found contig 266469at33208a
DEBUG:busco.BuscoTools	Found contig 266469at33208a
DEBUG:busco.BuscoTools	Found contig 266469at33208a
DEBUG:busco.BuscoTools	Found contig 266469at33208a
DEBUG:busco.BuscoTools	Found contig 266469at33208a
DEBUG:busco.BuscoTools	Found contig 266469at33208a
DEBUG:busco.BuscoTools	Found contig 549988at33208a
DEBUG:busco.BuscoTools	Found contig 549988at33208a
DEBUG:busco.BuscoTools	Found contig 549988at33208a
DEBUG:busco.BuscoTools	Found contig 549988at33208a
DEBUG:busco.BuscoTools	Found contig 549988at33208a
DEBUG:busco.BuscoTools	Found contig 549988at33208a
DEBUG:busco.BuscoTools	Found contig 549988at33208a
DEBUG:busco.BuscoTools	Found contig 549988at33208a
DEBUG:busco.BuscoTools	Found contig 549988at33208a
DEBUG:busco.BuscoTools	Found contig 549988at33208a
DEBUG:busco.BuscoTools	Found contig 455941at33208a
DEBUG:busco.BuscoTools	Found contig 455941at33208a
DEBUG:busco.BuscoTools	Found contig 455941at33208a
DEBUG:busco.BuscoTools	Found contig 455941at33208a
DEBUG:busco.BuscoTools	Found contig 455941at33208a
DEBUG:busco.BuscoTools	Found contig 455941at33208a
DEBUG:busco.BuscoTools	Found contig 455941at33208a
DEBUG:busco.BuscoTools	Found contig 455941at33208a
DEBUG:busco.BuscoTools	Found contig 455941at33208a
DEBUG:busco.BuscoTools	Found contig 455941at33208a
DEBUG:busco.BuscoTools	Found contig 608190at33208a
DEBUG:busco.BuscoTools	Found contig 608190at33208a
DEBUG:busco.BuscoTools	Found contig 608190at33208a
DEBUG:busco.BuscoTools	Found contig 608190at33208a
DEBUG:busco.BuscoTools	Found contig 608190at33208a
DEBUG:busco.BuscoTools	Found contig 608190at33208a
DEBUG:busco.BuscoTools	Found contig 608190at33208a
DEBUG:busco.BuscoTools	Found contig 608190at33208a
DEBUG:busco.BuscoTools	Found contig 608190at33208a
DEBUG:busco.BuscoTools	Found contig 608190at33208a
DEBUG:busco.BuscoTools	Found contig 617667at33208a
DEBUG:busco.BuscoTools	Found contig 617667at33208a
DEBUG:busco.BuscoTools	Found contig 617667at33208a
DEBUG:busco.BuscoTools	Found contig 617667at33208a
DEBUG:busco.BuscoTools	Found contig 617667at33208a
DEBUG:busco.BuscoTools	Found contig 617667at33208a
DEBUG:busco.BuscoTools	Found contig 617667at33208a
DEBUG:busco.BuscoTools	Found contig 617667at33208a
DEBUG:busco.BuscoTools	Found contig 617667at33208a
DEBUG:busco.BuscoTools	Found contig 617667at33208a
DEBUG:busco.BuscoTools	Found contig 592759at33208a
DEBUG:busco.BuscoTools	Found contig 592759at33208a
DEBUG:busco.BuscoTools	Found contig 592759at33208a
DEBUG:busco.BuscoTools	Found contig 592759at33208a
DEBUG:busco.BuscoTools	Found contig 592759at33208a
DEBUG:busco.BuscoTools	Found contig 592759at33208a
DEBUG:busco.BuscoTools	Found contig 592759at33208a
DEBUG:busco.BuscoTools	Found contig 592759at33208a
DEBUG:busco.BuscoTools	Found contig 592759at33208a
DEBUG:busco.BuscoTools	Found contig 592759at33208a
DEBUG:busco.BuscoTools	Found contig 401196at33208a
DEBUG:busco.BuscoTools	Found contig 401196at33208a
DEBUG:busco.BuscoTools	Found contig 401196at33208a
DEBUG:busco.BuscoTools	Found contig 401196at33208a
DEBUG:busco.BuscoTools	Found contig 401196at33208a
DEBUG:busco.BuscoTools	Found contig 401196at33208a
DEBUG:busco.BuscoTools	Found contig 401196at33208a
DEBUG:busco.BuscoTools	Found contig 401196at33208a
DEBUG:busco.BuscoTools	Found contig 401196at33208a
DEBUG:busco.BuscoTools	Found contig 401196at33208a
DEBUG:busco.BuscoTools	Found contig 633282at33208a
DEBUG:busco.BuscoTools	Found contig 633282at33208a
DEBUG:busco.BuscoTools	Found contig 633282at33208a
DEBUG:busco.BuscoTools	Found contig 633282at33208a
DEBUG:busco.BuscoTools	Found contig 633282at33208a
DEBUG:busco.BuscoTools	Found contig 633282at33208a
DEBUG:busco.BuscoTools	Found contig 633282at33208a
DEBUG:busco.BuscoTools	Found contig 633282at33208a
DEBUG:busco.BuscoTools	Found contig 633282at33208a
DEBUG:busco.BuscoTools	Found contig 633282at33208a
DEBUG:busco.BuscoTools	Found contig 514727at33208a
DEBUG:busco.BuscoTools	Found contig 514727at33208a
DEBUG:busco.BuscoTools	Found contig 514727at33208a
DEBUG:busco.BuscoTools	Found contig 514727at33208a
DEBUG:busco.BuscoTools	Found contig 514727at33208a
DEBUG:busco.BuscoTools	Found contig 514727at33208a
DEBUG:busco.BuscoTools	Found contig 514727at33208a
DEBUG:busco.BuscoTools	Found contig 514727at33208a
DEBUG:busco.BuscoTools	Found contig 514727at33208a
DEBUG:busco.BuscoTools	Found contig 514727at33208a
DEBUG:busco.BuscoTools	Found contig 403171at33208a
DEBUG:busco.BuscoTools	Found contig 403171at33208a
DEBUG:busco.BuscoTools	Found contig 403171at33208a
DEBUG:busco.BuscoTools	Found contig 403171at33208a
DEBUG:busco.BuscoTools	Found contig 403171at33208a
DEBUG:busco.BuscoTools	Found contig 403171at33208a
DEBUG:busco.BuscoTools	Found contig 403171at33208a
DEBUG:busco.BuscoTools	Found contig 403171at33208a
DEBUG:busco.BuscoTools	Found contig 403171at33208a
DEBUG:busco.BuscoTools	Found contig 403171at33208a
DEBUG:busco.BuscoTools	Found contig 503333at33208a
DEBUG:busco.BuscoTools	Found contig 503333at33208a
DEBUG:busco.BuscoTools	Found contig 503333at33208a
DEBUG:busco.BuscoTools	Found contig 503333at33208a
DEBUG:busco.BuscoTools	Found contig 503333at33208a
DEBUG:busco.BuscoTools	Found contig 503333at33208a
DEBUG:busco.BuscoTools	Found contig 503333at33208a
DEBUG:busco.BuscoTools	Found contig 503333at33208a
DEBUG:busco.BuscoTools	Found contig 503333at33208a
DEBUG:busco.BuscoTools	Found contig 503333at33208a
DEBUG:busco.BuscoTools	Found contig 580851at33208a
DEBUG:busco.BuscoTools	Found contig 580851at33208a
DEBUG:busco.BuscoTools	Found contig 580851at33208a
DEBUG:busco.BuscoTools	Found contig 580851at33208a
DEBUG:busco.BuscoTools	Found contig 580851at33208a
DEBUG:busco.BuscoTools	Found contig 580851at33208a
DEBUG:busco.BuscoTools	Found contig 580851at33208a
DEBUG:busco.BuscoTools	Found contig 580851at33208a
DEBUG:busco.BuscoTools	Found contig 580851at33208a
DEBUG:busco.BuscoTools	Found contig 580851at33208a
DEBUG:busco.BuscoTools	Found contig 642773at33208a
DEBUG:busco.BuscoTools	Found contig 642773at33208a
DEBUG:busco.BuscoTools	Found contig 642773at33208a
DEBUG:busco.BuscoTools	Found contig 642773at33208a
DEBUG:busco.BuscoTools	Found contig 642773at33208a
DEBUG:busco.BuscoTools	Found contig 642773at33208a
DEBUG:busco.BuscoTools	Found contig 642773at33208a
DEBUG:busco.BuscoTools	Found contig 642773at33208a
DEBUG:busco.BuscoTools	Found contig 642773at33208a
DEBUG:busco.BuscoTools	Found contig 642773at33208a
DEBUG:busco.BuscoTools	Found contig 547766at33208a
DEBUG:busco.BuscoTools	Found contig 547766at33208a
DEBUG:busco.BuscoTools	Found contig 547766at33208a
DEBUG:busco.BuscoTools	Found contig 547766at33208a
DEBUG:busco.BuscoTools	Found contig 547766at33208a
DEBUG:busco.BuscoTools	Found contig 547766at33208a
DEBUG:busco.BuscoTools	Found contig 547766at33208a
DEBUG:busco.BuscoTools	Found contig 547766at33208a
DEBUG:busco.BuscoTools	Found contig 547766at33208a
DEBUG:busco.BuscoTools	Found contig 547766at33208a
DEBUG:busco.BuscoTools	Found contig 406927at33208a
DEBUG:busco.BuscoTools	Found contig 406927at33208a
DEBUG:busco.BuscoTools	Found contig 406927at33208a
DEBUG:busco.BuscoTools	Found contig 406927at33208a
DEBUG:busco.BuscoTools	Found contig 406927at33208a
DEBUG:busco.BuscoTools	Found contig 406927at33208a
DEBUG:busco.BuscoTools	Found contig 406927at33208a
DEBUG:busco.BuscoTools	Found contig 406927at33208a
DEBUG:busco.BuscoTools	Found contig 406927at33208a
DEBUG:busco.BuscoTools	Found contig 406927at33208a
DEBUG:busco.BuscoTools	Found contig 622560at33208a
DEBUG:busco.BuscoTools	Found contig 622560at33208a
DEBUG:busco.BuscoTools	Found contig 622560at33208a
DEBUG:busco.BuscoTools	Found contig 622560at33208a
DEBUG:busco.BuscoTools	Found contig 622560at33208a
DEBUG:busco.BuscoTools	Found contig 622560at33208a
DEBUG:busco.BuscoTools	Found contig 622560at33208a
DEBUG:busco.BuscoTools	Found contig 622560at33208a
DEBUG:busco.BuscoTools	Found contig 622560at33208a
DEBUG:busco.BuscoTools	Found contig 622560at33208a
DEBUG:busco.BuscoTools	Found contig 501546at33208a
DEBUG:busco.BuscoTools	Found contig 501546at33208a
DEBUG:busco.BuscoTools	Found contig 501546at33208a
DEBUG:busco.BuscoTools	Found contig 501546at33208a
DEBUG:busco.BuscoTools	Found contig 501546at33208a
DEBUG:busco.BuscoTools	Found contig 501546at33208a
DEBUG:busco.BuscoTools	Found contig 501546at33208a
DEBUG:busco.BuscoTools	Found contig 501546at33208a
DEBUG:busco.BuscoTools	Found contig 501546at33208a
DEBUG:busco.BuscoTools	Found contig 501546at33208a
DEBUG:busco.BuscoTools	Found contig 489997at33208a
DEBUG:busco.BuscoTools	Found contig 489997at33208a
DEBUG:busco.BuscoTools	Found contig 489997at33208a
DEBUG:busco.BuscoTools	Found contig 489997at33208a
DEBUG:busco.BuscoTools	Found contig 489997at33208a
DEBUG:busco.BuscoTools	Found contig 489997at33208a
DEBUG:busco.BuscoTools	Found contig 489997at33208a
DEBUG:busco.BuscoTools	Found contig 489997at33208a
DEBUG:busco.BuscoTools	Found contig 489997at33208a
DEBUG:busco.BuscoTools	Found contig 489997at33208a
DEBUG:busco.BuscoTools	Found contig 613522at33208a
DEBUG:busco.BuscoTools	Found contig 613522at33208a
DEBUG:busco.BuscoTools	Found contig 613522at33208a
DEBUG:busco.BuscoTools	Found contig 613522at33208a
DEBUG:busco.BuscoTools	Found contig 613522at33208a
DEBUG:busco.BuscoTools	Found contig 613522at33208a
DEBUG:busco.BuscoTools	Found contig 613522at33208a
DEBUG:busco.BuscoTools	Found contig 613522at33208a
DEBUG:busco.BuscoTools	Found contig 613522at33208a
DEBUG:busco.BuscoTools	Found contig 613522at33208a
DEBUG:busco.BuscoTools	Found contig 525542at33208a
DEBUG:busco.BuscoTools	Found contig 525542at33208a
DEBUG:busco.BuscoTools	Found contig 525542at33208a
DEBUG:busco.BuscoTools	Found contig 525542at33208a
DEBUG:busco.BuscoTools	Found contig 525542at33208a
DEBUG:busco.BuscoTools	Found contig 525542at33208a
DEBUG:busco.BuscoTools	Found contig 525542at33208a
DEBUG:busco.BuscoTools	Found contig 525542at33208a
DEBUG:busco.BuscoTools	Found contig 525542at33208a
DEBUG:busco.BuscoTools	Found contig 525542at33208a
DEBUG:busco.BuscoTools	Found contig 517968at33208a
DEBUG:busco.BuscoTools	Found contig 517968at33208a
DEBUG:busco.BuscoTools	Found contig 517968at33208a
DEBUG:busco.BuscoTools	Found contig 517968at33208a
DEBUG:busco.BuscoTools	Found contig 517968at33208a
DEBUG:busco.BuscoTools	Found contig 517968at33208a
DEBUG:busco.BuscoTools	Found contig 517968at33208a
DEBUG:busco.BuscoTools	Found contig 517968at33208a
DEBUG:busco.BuscoTools	Found contig 517968at33208a
DEBUG:busco.BuscoTools	Found contig 517968at33208a
DEBUG:busco.BuscoTools	Found contig 621585at33208a
DEBUG:busco.BuscoTools	Found contig 621585at33208a
DEBUG:busco.BuscoTools	Found contig 621585at33208a
DEBUG:busco.BuscoTools	Found contig 621585at33208a
DEBUG:busco.BuscoTools	Found contig 621585at33208a
DEBUG:busco.BuscoTools	Found contig 621585at33208a
DEBUG:busco.BuscoTools	Found contig 621585at33208a
DEBUG:busco.BuscoTools	Found contig 621585at33208a
DEBUG:busco.BuscoTools	Found contig 621585at33208a
DEBUG:busco.BuscoTools	Found contig 621585at33208a
DEBUG:busco.BuscoTools	Found contig 421685at33208a
DEBUG:busco.BuscoTools	Found contig 421685at33208a
DEBUG:busco.BuscoTools	Found contig 421685at33208a
DEBUG:busco.BuscoTools	Found contig 421685at33208a
DEBUG:busco.BuscoTools	Found contig 421685at33208a
DEBUG:busco.BuscoTools	Found contig 421685at33208a
DEBUG:busco.BuscoTools	Found contig 421685at33208a
DEBUG:busco.BuscoTools	Found contig 421685at33208a
DEBUG:busco.BuscoTools	Found contig 421685at33208a
DEBUG:busco.BuscoTools	Found contig 421685at33208a
DEBUG:busco.BuscoTools	Found contig 197549at33208a
DEBUG:busco.BuscoTools	Found contig 197549at33208a
DEBUG:busco.BuscoTools	Found contig 197549at33208a
DEBUG:busco.BuscoTools	Found contig 197549at33208a
DEBUG:busco.BuscoTools	Found contig 197549at33208a
DEBUG:busco.BuscoTools	Found contig 197549at33208a
DEBUG:busco.BuscoTools	Found contig 197549at33208a
DEBUG:busco.BuscoTools	Found contig 197549at33208a
DEBUG:busco.BuscoTools	Found contig 197549at33208a
DEBUG:busco.BuscoTools	Found contig 197549at33208a
DEBUG:busco.BuscoTools	Found contig 633619at33208a
DEBUG:busco.BuscoTools	Found contig 633619at33208a
DEBUG:busco.BuscoTools	Found contig 633619at33208a
DEBUG:busco.BuscoTools	Found contig 633619at33208a
DEBUG:busco.BuscoTools	Found contig 633619at33208a
DEBUG:busco.BuscoTools	Found contig 633619at33208a
DEBUG:busco.BuscoTools	Found contig 633619at33208a
DEBUG:busco.BuscoTools	Found contig 633619at33208a
DEBUG:busco.BuscoTools	Found contig 633619at33208a
DEBUG:busco.BuscoTools	Found contig 633619at33208a
DEBUG:busco.BuscoTools	Found contig 348449at33208a
DEBUG:busco.BuscoTools	Found contig 348449at33208a
DEBUG:busco.BuscoTools	Found contig 348449at33208a
DEBUG:busco.BuscoTools	Found contig 348449at33208a
DEBUG:busco.BuscoTools	Found contig 348449at33208a
DEBUG:busco.BuscoTools	Found contig 348449at33208a
DEBUG:busco.BuscoTools	Found contig 348449at33208a
DEBUG:busco.BuscoTools	Found contig 348449at33208a
DEBUG:busco.BuscoTools	Found contig 348449at33208a
DEBUG:busco.BuscoTools	Found contig 348449at33208a
DEBUG:busco.BuscoTools	Found contig 487987at33208a
DEBUG:busco.BuscoTools	Found contig 487987at33208a
DEBUG:busco.BuscoTools	Found contig 487987at33208a
DEBUG:busco.BuscoTools	Found contig 487987at33208a
DEBUG:busco.BuscoTools	Found contig 487987at33208a
DEBUG:busco.BuscoTools	Found contig 487987at33208a
DEBUG:busco.BuscoTools	Found contig 487987at33208a
DEBUG:busco.BuscoTools	Found contig 487987at33208a
DEBUG:busco.BuscoTools	Found contig 487987at33208a
DEBUG:busco.BuscoTools	Found contig 487987at33208a
DEBUG:busco.BuscoTools	Found contig 393291at33208a
DEBUG:busco.BuscoTools	Found contig 393291at33208a
DEBUG:busco.BuscoTools	Found contig 393291at33208a
DEBUG:busco.BuscoTools	Found contig 393291at33208a
DEBUG:busco.BuscoTools	Found contig 393291at33208a
DEBUG:busco.BuscoTools	Found contig 393291at33208a
DEBUG:busco.BuscoTools	Found contig 393291at33208a
DEBUG:busco.BuscoTools	Found contig 393291at33208a
DEBUG:busco.BuscoTools	Found contig 393291at33208a
DEBUG:busco.BuscoTools	Found contig 393291at33208a
DEBUG:busco.BuscoTools	Found contig 640349at33208a
DEBUG:busco.BuscoTools	Found contig 640349at33208a
DEBUG:busco.BuscoTools	Found contig 640349at33208a
DEBUG:busco.BuscoTools	Found contig 640349at33208a
DEBUG:busco.BuscoTools	Found contig 640349at33208a
DEBUG:busco.BuscoTools	Found contig 640349at33208a
DEBUG:busco.BuscoTools	Found contig 640349at33208a
DEBUG:busco.BuscoTools	Found contig 640349at33208a
DEBUG:busco.BuscoTools	Found contig 640349at33208a
DEBUG:busco.BuscoTools	Found contig 640349at33208a
DEBUG:busco.BuscoTools	Found contig 617020at33208a
DEBUG:busco.BuscoTools	Found contig 617020at33208a
DEBUG:busco.BuscoTools	Found contig 617020at33208a
DEBUG:busco.BuscoTools	Found contig 617020at33208a
DEBUG:busco.BuscoTools	Found contig 617020at33208a
DEBUG:busco.BuscoTools	Found contig 617020at33208a
DEBUG:busco.BuscoTools	Found contig 617020at33208a
DEBUG:busco.BuscoTools	Found contig 617020at33208a
DEBUG:busco.BuscoTools	Found contig 617020at33208a
DEBUG:busco.BuscoTools	Found contig 617020at33208a
DEBUG:busco.BuscoTools	Found contig 595858at33208a
DEBUG:busco.BuscoTools	Found contig 595858at33208a
DEBUG:busco.BuscoTools	Found contig 595858at33208a
DEBUG:busco.BuscoTools	Found contig 595858at33208a
DEBUG:busco.BuscoTools	Found contig 595858at33208a
DEBUG:busco.BuscoTools	Found contig 595858at33208a
DEBUG:busco.BuscoTools	Found contig 595858at33208a
DEBUG:busco.BuscoTools	Found contig 595858at33208a
DEBUG:busco.BuscoTools	Found contig 595858at33208a
DEBUG:busco.BuscoTools	Found contig 595858at33208a
DEBUG:busco.BuscoTools	Found contig 601967at33208a
DEBUG:busco.BuscoTools	Found contig 601967at33208a
DEBUG:busco.BuscoTools	Found contig 601967at33208a
DEBUG:busco.BuscoTools	Found contig 601967at33208a
DEBUG:busco.BuscoTools	Found contig 601967at33208a
DEBUG:busco.BuscoTools	Found contig 601967at33208a
DEBUG:busco.BuscoTools	Found contig 601967at33208a
DEBUG:busco.BuscoTools	Found contig 601967at33208a
DEBUG:busco.BuscoTools	Found contig 601967at33208a
DEBUG:busco.BuscoTools	Found contig 601967at33208a
DEBUG:busco.BuscoTools	Found contig 545744at33208a
DEBUG:busco.BuscoTools	Found contig 545744at33208a
DEBUG:busco.BuscoTools	Found contig 545744at33208a
DEBUG:busco.BuscoTools	Found contig 545744at33208a
DEBUG:busco.BuscoTools	Found contig 545744at33208a
DEBUG:busco.BuscoTools	Found contig 545744at33208a
DEBUG:busco.BuscoTools	Found contig 545744at33208a
DEBUG:busco.BuscoTools	Found contig 545744at33208a
DEBUG:busco.BuscoTools	Found contig 545744at33208a
DEBUG:busco.BuscoTools	Found contig 545744at33208a
DEBUG:busco.BuscoTools	Found contig 556039at33208a
DEBUG:busco.BuscoTools	Found contig 556039at33208a
DEBUG:busco.BuscoTools	Found contig 556039at33208a
DEBUG:busco.BuscoTools	Found contig 556039at33208a
DEBUG:busco.BuscoTools	Found contig 556039at33208a
DEBUG:busco.BuscoTools	Found contig 556039at33208a
DEBUG:busco.BuscoTools	Found contig 556039at33208a
DEBUG:busco.BuscoTools	Found contig 556039at33208a
DEBUG:busco.BuscoTools	Found contig 556039at33208a
DEBUG:busco.BuscoTools	Found contig 556039at33208a
DEBUG:busco.BuscoTools	Found contig 302921at33208a
DEBUG:busco.BuscoTools	Found contig 302921at33208a
DEBUG:busco.BuscoTools	Found contig 302921at33208a
DEBUG:busco.BuscoTools	Found contig 302921at33208a
DEBUG:busco.BuscoTools	Found contig 302921at33208a
DEBUG:busco.BuscoTools	Found contig 302921at33208a
DEBUG:busco.BuscoTools	Found contig 302921at33208a
DEBUG:busco.BuscoTools	Found contig 302921at33208a
DEBUG:busco.BuscoTools	Found contig 302921at33208a
DEBUG:busco.BuscoTools	Found contig 302921at33208a
DEBUG:busco.BuscoTools	Found contig 556445at33208a
DEBUG:busco.BuscoTools	Found contig 556445at33208a
DEBUG:busco.BuscoTools	Found contig 556445at33208a
DEBUG:busco.BuscoTools	Found contig 556445at33208a
DEBUG:busco.BuscoTools	Found contig 556445at33208a
DEBUG:busco.BuscoTools	Found contig 556445at33208a
DEBUG:busco.BuscoTools	Found contig 556445at33208a
DEBUG:busco.BuscoTools	Found contig 556445at33208a
DEBUG:busco.BuscoTools	Found contig 556445at33208a
DEBUG:busco.BuscoTools	Found contig 556445at33208a
DEBUG:busco.BuscoTools	Found contig 481557at33208a
DEBUG:busco.BuscoTools	Found contig 481557at33208a
DEBUG:busco.BuscoTools	Found contig 481557at33208a
DEBUG:busco.BuscoTools	Found contig 481557at33208a
DEBUG:busco.BuscoTools	Found contig 481557at33208a
DEBUG:busco.BuscoTools	Found contig 481557at33208a
DEBUG:busco.BuscoTools	Found contig 481557at33208a
DEBUG:busco.BuscoTools	Found contig 481557at33208a
DEBUG:busco.BuscoTools	Found contig 481557at33208a
DEBUG:busco.BuscoTools	Found contig 481557at33208a
DEBUG:busco.BuscoTools	Found contig 544546at33208a
DEBUG:busco.BuscoTools	Found contig 544546at33208a
DEBUG:busco.BuscoTools	Found contig 544546at33208a
DEBUG:busco.BuscoTools	Found contig 544546at33208a
DEBUG:busco.BuscoTools	Found contig 544546at33208a
DEBUG:busco.BuscoTools	Found contig 544546at33208a
DEBUG:busco.BuscoTools	Found contig 544546at33208a
DEBUG:busco.BuscoTools	Found contig 544546at33208a
DEBUG:busco.BuscoTools	Found contig 544546at33208a
DEBUG:busco.BuscoTools	Found contig 544546at33208a
DEBUG:busco.BuscoTools	Found contig 614305at33208a
DEBUG:busco.BuscoTools	Found contig 614305at33208a
DEBUG:busco.BuscoTools	Found contig 614305at33208a
DEBUG:busco.BuscoTools	Found contig 614305at33208a
DEBUG:busco.BuscoTools	Found contig 614305at33208a
DEBUG:busco.BuscoTools	Found contig 614305at33208a
DEBUG:busco.BuscoTools	Found contig 614305at33208a
DEBUG:busco.BuscoTools	Found contig 614305at33208a
DEBUG:busco.BuscoTools	Found contig 614305at33208a
DEBUG:busco.BuscoTools	Found contig 614305at33208a
DEBUG:busco.BuscoTools	Found contig 636070at33208a
DEBUG:busco.BuscoTools	Found contig 636070at33208a
DEBUG:busco.BuscoTools	Found contig 636070at33208a
DEBUG:busco.BuscoTools	Found contig 636070at33208a
DEBUG:busco.BuscoTools	Found contig 636070at33208a
DEBUG:busco.BuscoTools	Found contig 636070at33208a
DEBUG:busco.BuscoTools	Found contig 636070at33208a
DEBUG:busco.BuscoTools	Found contig 636070at33208a
DEBUG:busco.BuscoTools	Found contig 636070at33208a
DEBUG:busco.BuscoTools	Found contig 636070at33208a
DEBUG:busco.BuscoTools	Found contig 539043at33208a
DEBUG:busco.BuscoTools	Found contig 539043at33208a
DEBUG:busco.BuscoTools	Found contig 539043at33208a
DEBUG:busco.BuscoTools	Found contig 539043at33208a
DEBUG:busco.BuscoTools	Found contig 539043at33208a
DEBUG:busco.BuscoTools	Found contig 539043at33208a
DEBUG:busco.BuscoTools	Found contig 539043at33208a
DEBUG:busco.BuscoTools	Found contig 539043at33208a
DEBUG:busco.BuscoTools	Found contig 539043at33208a
DEBUG:busco.BuscoTools	Found contig 539043at33208a
DEBUG:busco.BuscoTools	Found contig 348761at33208a
DEBUG:busco.BuscoTools	Found contig 348761at33208a
DEBUG:busco.BuscoTools	Found contig 348761at33208a
DEBUG:busco.BuscoTools	Found contig 348761at33208a
DEBUG:busco.BuscoTools	Found contig 348761at33208a
DEBUG:busco.BuscoTools	Found contig 348761at33208a
DEBUG:busco.BuscoTools	Found contig 348761at33208a
DEBUG:busco.BuscoTools	Found contig 348761at33208a
DEBUG:busco.BuscoTools	Found contig 348761at33208a
DEBUG:busco.BuscoTools	Found contig 348761at33208a
DEBUG:busco.BuscoTools	Found contig 157138at33208a
DEBUG:busco.BuscoTools	Found contig 157138at33208a
DEBUG:busco.BuscoTools	Found contig 157138at33208a
DEBUG:busco.BuscoTools	Found contig 157138at33208a
DEBUG:busco.BuscoTools	Found contig 157138at33208a
DEBUG:busco.BuscoTools	Found contig 157138at33208a
DEBUG:busco.BuscoTools	Found contig 157138at33208a
DEBUG:busco.BuscoTools	Found contig 157138at33208a
DEBUG:busco.BuscoTools	Found contig 157138at33208a
DEBUG:busco.BuscoTools	Found contig 157138at33208a
DEBUG:busco.BuscoTools	Found contig 561417at33208a
DEBUG:busco.BuscoTools	Found contig 561417at33208a
DEBUG:busco.BuscoTools	Found contig 561417at33208a
DEBUG:busco.BuscoTools	Found contig 561417at33208a
DEBUG:busco.BuscoTools	Found contig 561417at33208a
DEBUG:busco.BuscoTools	Found contig 561417at33208a
DEBUG:busco.BuscoTools	Found contig 561417at33208a
DEBUG:busco.BuscoTools	Found contig 561417at33208a
DEBUG:busco.BuscoTools	Found contig 561417at33208a
DEBUG:busco.BuscoTools	Found contig 561417at33208a
DEBUG:busco.BuscoTools	Found contig 508379at33208a
DEBUG:busco.BuscoTools	Found contig 508379at33208a
DEBUG:busco.BuscoTools	Found contig 508379at33208a
DEBUG:busco.BuscoTools	Found contig 508379at33208a
DEBUG:busco.BuscoTools	Found contig 508379at33208a
DEBUG:busco.BuscoTools	Found contig 508379at33208a
DEBUG:busco.BuscoTools	Found contig 508379at33208a
DEBUG:busco.BuscoTools	Found contig 508379at33208a
DEBUG:busco.BuscoTools	Found contig 508379at33208a
DEBUG:busco.BuscoTools	Found contig 508379at33208a
DEBUG:busco.BuscoTools	Found contig 433606at33208a
DEBUG:busco.BuscoTools	Found contig 433606at33208a
DEBUG:busco.BuscoTools	Found contig 433606at33208a
DEBUG:busco.BuscoTools	Found contig 433606at33208a
DEBUG:busco.BuscoTools	Found contig 433606at33208a
DEBUG:busco.BuscoTools	Found contig 433606at33208a
DEBUG:busco.BuscoTools	Found contig 433606at33208a
DEBUG:busco.BuscoTools	Found contig 433606at33208a
DEBUG:busco.BuscoTools	Found contig 433606at33208a
DEBUG:busco.BuscoTools	Found contig 433606at33208a
DEBUG:busco.BuscoTools	Found contig 556461at33208a
DEBUG:busco.BuscoTools	Found contig 556461at33208a
DEBUG:busco.BuscoTools	Found contig 556461at33208a
DEBUG:busco.BuscoTools	Found contig 556461at33208a
DEBUG:busco.BuscoTools	Found contig 556461at33208a
DEBUG:busco.BuscoTools	Found contig 556461at33208a
DEBUG:busco.BuscoTools	Found contig 556461at33208a
DEBUG:busco.BuscoTools	Found contig 556461at33208a
DEBUG:busco.BuscoTools	Found contig 556461at33208a
DEBUG:busco.BuscoTools	Found contig 556461at33208a
DEBUG:busco.BuscoTools	Found contig 559732at33208a
DEBUG:busco.BuscoTools	Found contig 559732at33208a
DEBUG:busco.BuscoTools	Found contig 559732at33208a
DEBUG:busco.BuscoTools	Found contig 559732at33208a
DEBUG:busco.BuscoTools	Found contig 559732at33208a
DEBUG:busco.BuscoTools	Found contig 559732at33208a
DEBUG:busco.BuscoTools	Found contig 559732at33208a
DEBUG:busco.BuscoTools	Found contig 559732at33208a
DEBUG:busco.BuscoTools	Found contig 559732at33208a
DEBUG:busco.BuscoTools	Found contig 559732at33208a
DEBUG:busco.BuscoTools	Found contig 533666at33208a
DEBUG:busco.BuscoTools	Found contig 533666at33208a
DEBUG:busco.BuscoTools	Found contig 533666at33208a
DEBUG:busco.BuscoTools	Found contig 533666at33208a
DEBUG:busco.BuscoTools	Found contig 533666at33208a
DEBUG:busco.BuscoTools	Found contig 533666at33208a
DEBUG:busco.BuscoTools	Found contig 533666at33208a
DEBUG:busco.BuscoTools	Found contig 533666at33208a
DEBUG:busco.BuscoTools	Found contig 533666at33208a
DEBUG:busco.BuscoTools	Found contig 533666at33208a
DEBUG:busco.BuscoTools	Found contig 546305at33208a
DEBUG:busco.BuscoTools	Found contig 546305at33208a
DEBUG:busco.BuscoTools	Found contig 546305at33208a
DEBUG:busco.BuscoTools	Found contig 546305at33208a
DEBUG:busco.BuscoTools	Found contig 546305at33208a
DEBUG:busco.BuscoTools	Found contig 546305at33208a
DEBUG:busco.BuscoTools	Found contig 546305at33208a
DEBUG:busco.BuscoTools	Found contig 546305at33208a
DEBUG:busco.BuscoTools	Found contig 546305at33208a
DEBUG:busco.BuscoTools	Found contig 546305at33208a
DEBUG:busco.BuscoTools	Found contig 465933at33208a
DEBUG:busco.BuscoTools	Found contig 465933at33208a
DEBUG:busco.BuscoTools	Found contig 465933at33208a
DEBUG:busco.BuscoTools	Found contig 465933at33208a
DEBUG:busco.BuscoTools	Found contig 465933at33208a
DEBUG:busco.BuscoTools	Found contig 465933at33208a
DEBUG:busco.BuscoTools	Found contig 465933at33208a
DEBUG:busco.BuscoTools	Found contig 465933at33208a
DEBUG:busco.BuscoTools	Found contig 465933at33208a
DEBUG:busco.BuscoTools	Found contig 465933at33208a
DEBUG:busco.BuscoTools	Found contig 504912at33208a
DEBUG:busco.BuscoTools	Found contig 504912at33208a
DEBUG:busco.BuscoTools	Found contig 504912at33208a
DEBUG:busco.BuscoTools	Found contig 504912at33208a
DEBUG:busco.BuscoTools	Found contig 504912at33208a
DEBUG:busco.BuscoTools	Found contig 504912at33208a
DEBUG:busco.BuscoTools	Found contig 504912at33208a
DEBUG:busco.BuscoTools	Found contig 504912at33208a
DEBUG:busco.BuscoTools	Found contig 504912at33208a
DEBUG:busco.BuscoTools	Found contig 504912at33208a
DEBUG:busco.BuscoTools	Found contig 641257at33208a
DEBUG:busco.BuscoTools	Found contig 641257at33208a
DEBUG:busco.BuscoTools	Found contig 641257at33208a
DEBUG:busco.BuscoTools	Found contig 641257at33208a
DEBUG:busco.BuscoTools	Found contig 641257at33208a
DEBUG:busco.BuscoTools	Found contig 641257at33208a
DEBUG:busco.BuscoTools	Found contig 641257at33208a
DEBUG:busco.BuscoTools	Found contig 641257at33208a
DEBUG:busco.BuscoTools	Found contig 641257at33208a
DEBUG:busco.BuscoTools	Found contig 641257at33208a
DEBUG:busco.BuscoTools	Found contig 524165at33208a
DEBUG:busco.BuscoTools	Found contig 524165at33208a
DEBUG:busco.BuscoTools	Found contig 524165at33208a
DEBUG:busco.BuscoTools	Found contig 524165at33208a
DEBUG:busco.BuscoTools	Found contig 524165at33208a
DEBUG:busco.BuscoTools	Found contig 524165at33208a
DEBUG:busco.BuscoTools	Found contig 524165at33208a
DEBUG:busco.BuscoTools	Found contig 524165at33208a
DEBUG:busco.BuscoTools	Found contig 524165at33208a
DEBUG:busco.BuscoTools	Found contig 524165at33208a
DEBUG:busco.BuscoTools	Found contig 300303at33208a
DEBUG:busco.BuscoTools	Found contig 300303at33208a
DEBUG:busco.BuscoTools	Found contig 300303at33208a
DEBUG:busco.BuscoTools	Found contig 300303at33208a
DEBUG:busco.BuscoTools	Found contig 300303at33208a
DEBUG:busco.BuscoTools	Found contig 300303at33208a
DEBUG:busco.BuscoTools	Found contig 300303at33208a
DEBUG:busco.BuscoTools	Found contig 300303at33208a
DEBUG:busco.BuscoTools	Found contig 300303at33208a
DEBUG:busco.BuscoTools	Found contig 300303at33208a
DEBUG:busco.BuscoTools	Found contig 594937at33208a
DEBUG:busco.BuscoTools	Found contig 594937at33208a
DEBUG:busco.BuscoTools	Found contig 594937at33208a
DEBUG:busco.BuscoTools	Found contig 594937at33208a
DEBUG:busco.BuscoTools	Found contig 594937at33208a
DEBUG:busco.BuscoTools	Found contig 594937at33208a
DEBUG:busco.BuscoTools	Found contig 594937at33208a
DEBUG:busco.BuscoTools	Found contig 594937at33208a
DEBUG:busco.BuscoTools	Found contig 594937at33208a
DEBUG:busco.BuscoTools	Found contig 594937at33208a
DEBUG:busco.BuscoTools	Found contig 356503at33208a
DEBUG:busco.BuscoTools	Found contig 356503at33208a
DEBUG:busco.BuscoTools	Found contig 356503at33208a
DEBUG:busco.BuscoTools	Found contig 356503at33208a
DEBUG:busco.BuscoTools	Found contig 356503at33208a
DEBUG:busco.BuscoTools	Found contig 356503at33208a
DEBUG:busco.BuscoTools	Found contig 356503at33208a
DEBUG:busco.BuscoTools	Found contig 356503at33208a
DEBUG:busco.BuscoTools	Found contig 356503at33208a
DEBUG:busco.BuscoTools	Found contig 356503at33208a
DEBUG:busco.Toolset	cmd call: /kmk/scripts/ncbi-blast-2.3.0+/bin/tblastn -evalue 0.001 -num_threads 16 -query busco_out/BUSCO_metazoa.fasta/run_metazoa_odb10/blast_output/ancestral_variants_missing_and_frag_rerun -db busco_out/BUSCO_metazoa.fasta/blast_db/Discradisca_antillarum_haplotype1.fa -out busco_out/BUSCO_metazoa.fasta/run_metazoa_odb10/blast_output/tblastn_missing_and_frag_rerun.tsv -outfmt 7
