scaffold1	0	10000	0
scaffold1	10000	20000	1
scaffold1	20000	30000	0
scaffold1	30000	40000	0
scaffold1	40000	50000	1
scaffold1	50000	60000	1
scaffold1	60000	70000	1
scaffold1	70000	80000	0
scaffold1	80000	90000	1
scaffold1	90000	100000	2
scaffold1	100000	110000	0
scaffold1	110000	120000	0
scaffold1	120000	130000	0
scaffold1	130000	140000	0
scaffold1	140000	150000	0
scaffold1	150000	160000	0
scaffold1	160000	170000	0
scaffold1	170000	180000	1
scaffold1	180000	190000	0
scaffold1	190000	200000	0
scaffold1	200000	210000	0
scaffold1	210000	220000	0
scaffold1	220000	230000	2
scaffold1	230000	240000	1
scaffold1	240000	250000	0
scaffold1	250000	260000	0
scaffold1	260000	270000	0
scaffold1	270000	280000	0
scaffold1	280000	290000	0
scaffold1	290000	300000	0
scaffold1	300000	310000	0
scaffold1	310000	320000	0
scaffold1	320000	330000	1
scaffold1	330000	340000	2
scaffold1	340000	350000	2
scaffold1	350000	360000	1
scaffold1	360000	370000	1
scaffold1	370000	380000	1
scaffold1	380000	390000	0
scaffold1	390000	400000	0
scaffold1	400000	410000	1
scaffold1	410000	420000	1
scaffold1	420000	430000	2
scaffold1	430000	440000	1
scaffold1	440000	450000	1
scaffold1	450000	460000	1
scaffold1	460000	470000	2
scaffold1	470000	480000	3
scaffold1	480000	490000	2
scaffold1	490000	500000	1
scaffold1	500000	510000	0
scaffold1	510000	520000	0
scaffold1	520000	530000	1
scaffold1	530000	540000	0
scaffold1	540000	550000	1
scaffold1	550000	560000	2
scaffold1	560000	570000	2
scaffold1	570000	580000	2
scaffold1	580000	590000	2
scaffold1	590000	600000	1
scaffold1	600000	610000	2
scaffold1	610000	620000	2
scaffold1	620000	630000	3
scaffold1	630000	640000	2
scaffold1	640000	650000	1
scaffold1	650000	660000	4
scaffold1	660000	670000	3
scaffold1	670000	680000	1
scaffold1	680000	690000	1
scaffold1	690000	700000	2
scaffold1	700000	710000	2
scaffold1	710000	720000	0
scaffold1	720000	730000	1
scaffold1	730000	740000	3
scaffold1	740000	750000	1
scaffold1	750000	760000	3
scaffold1	760000	770000	2
scaffold1	770000	780000	2
scaffold1	780000	790000	2
scaffold1	790000	800000	2
scaffold1	800000	810000	1
scaffold1	810000	820000	2
scaffold1	820000	830000	2
scaffold1	830000	840000	1
scaffold1	840000	850000	2
scaffold1	850000	860000	1
scaffold1	860000	870000	1
scaffold1	870000	880000	1
scaffold1	880000	890000	1
scaffold1	890000	900000	1
scaffold1	900000	910000	1
scaffold1	910000	920000	0
scaffold1	920000	930000	2
scaffold1	930000	940000	1
scaffold1	940000	950000	1
scaffold1	950000	960000	1
scaffold1	960000	970000	1
scaffold1	970000	980000	0
scaffold1	980000	990000	0
scaffold1	990000	1000000	1
scaffold1	1000000	1010000	2
scaffold1	1010000	1020000	1
scaffold1	1020000	1030000	0
scaffold1	1030000	1040000	1
scaffold1	1040000	1050000	1
scaffold1	1050000	1060000	0
scaffold1	1060000	1070000	1
scaffold1	1070000	1080000	0
scaffold1	1080000	1090000	1
scaffold1	1090000	1100000	1
scaffold1	1100000	1110000	0
scaffold1	1110000	1120000	2
scaffold1	1120000	1130000	1
scaffold1	1130000	1140000	2
scaffold1	1140000	1150000	1
scaffold1	1150000	1160000	2
scaffold1	1160000	1170000	2
scaffold1	1170000	1180000	1
scaffold1	1180000	1190000	2
scaffold1	1190000	1200000	2
scaffold1	1200000	1210000	1
scaffold1	1210000	1220000	3
scaffold1	1220000	1230000	2
scaffold1	1230000	1240000	1
scaffold1	1240000	1250000	2
scaffold1	1250000	1260000	1
scaffold1	1260000	1270000	1
scaffold1	1270000	1280000	2
scaffold1	1280000	1290000	2
scaffold1	1290000	1300000	1
scaffold1	1300000	1310000	4
scaffold1	1310000	1320000	2
scaffold1	1320000	1330000	1
scaffold1	1330000	1340000	2
scaffold1	1340000	1350000	0
scaffold1	1350000	1360000	1
scaffold1	1360000	1370000	2
scaffold1	1370000	1380000	0
scaffold1	1380000	1390000	2
scaffold1	1390000	1400000	1
scaffold1	1400000	1410000	1
scaffold1	1410000	1420000	2
scaffold1	1420000	1430000	1
scaffold1	1430000	1440000	0
scaffold1	1440000	1450000	0
scaffold1	1450000	1460000	0
scaffold1	1460000	1470000	1
scaffold1	1470000	1480000	0
scaffold1	1480000	1490000	1
scaffold1	1490000	1500000	1
scaffold1	1500000	1510000	1
scaffold1	1510000	1520000	1
scaffold1	1520000	1530000	1
scaffold1	1530000	1540000	1
scaffold1	1540000	1550000	1
scaffold1	1550000	1560000	1
scaffold1	1560000	1570000	3
scaffold1	1570000	1580000	1
scaffold1	1580000	1590000	3
scaffold1	1590000	1600000	3
scaffold1	1600000	1610000	1
scaffold1	1610000	1620000	0
scaffold1	1620000	1630000	0
scaffold1	1630000	1640000	1
scaffold1	1640000	1650000	2
scaffold1	1650000	1660000	2
scaffold1	1660000	1670000	1
scaffold1	1670000	1680000	0
scaffold1	1680000	1690000	0
scaffold1	1690000	1700000	0
scaffold1	1700000	1710000	0
scaffold1	1710000	1720000	0
scaffold1	1720000	1730000	0
scaffold1	1730000	1740000	0
scaffold1	1740000	1750000	1
scaffold1	1750000	1760000	3
scaffold1	1760000	1770000	3
scaffold1	1770000	1780000	2
scaffold1	1780000	1790000	1
scaffold1	1790000	1800000	1
scaffold1	1800000	1810000	1
scaffold1	1810000	1820000	1
scaffold1	1820000	1830000	1
scaffold1	1830000	1840000	1
scaffold1	1840000	1850000	1
scaffold1	1850000	1860000	1
scaffold1	1860000	1870000	3
scaffold1	1870000	1880000	0
scaffold1	1880000	1890000	2
scaffold1	1890000	1900000	1
scaffold1	1900000	1910000	1
scaffold1	1910000	1920000	0
scaffold1	1920000	1930000	1
scaffold1	1930000	1940000	1
scaffold1	1940000	1950000	1
scaffold1	1950000	1960000	0
scaffold1	1960000	1970000	0
scaffold1	1970000	1980000	2
scaffold1	1980000	1990000	1
scaffold1	1990000	2000000	1
scaffold1	2000000	2010000	0
scaffold1	2010000	2020000	1
scaffold1	2020000	2030000	0
scaffold1	2030000	2040000	2
scaffold1	2040000	2050000	2
scaffold1	2050000	2060000	3
scaffold1	2060000	2070000	2
scaffold1	2070000	2080000	1
scaffold1	2080000	2090000	1
scaffold1	2090000	2100000	2
scaffold1	2100000	2110000	1
scaffold1	2110000	2120000	0
scaffold1	2120000	2130000	0
scaffold1	2130000	2140000	1
scaffold1	2140000	2150000	2
scaffold1	2150000	2160000	1
scaffold1	2160000	2170000	0
scaffold1	2170000	2180000	0
scaffold1	2180000	2190000	0
scaffold1	2190000	2200000	0
scaffold1	2200000	2210000	1
scaffold1	2210000	2220000	1
scaffold1	2220000	2230000	0
scaffold1	2230000	2240000	0
scaffold1	2240000	2250000	1
scaffold1	2250000	2260000	1
scaffold1	2260000	2270000	1
scaffold1	2270000	2280000	2
scaffold1	2280000	2290000	1
scaffold1	2290000	2300000	2
scaffold1	2300000	2310000	1
scaffold1	2310000	2320000	1
scaffold1	2320000	2330000	1
scaffold1	2330000	2340000	1
scaffold1	2340000	2350000	1
scaffold1	2350000	2360000	2
scaffold1	2360000	2370000	2
scaffold1	2370000	2380000	2
scaffold1	2380000	2390000	1
scaffold1	2390000	2400000	1
scaffold1	2400000	2410000	2
scaffold1	2410000	2420000	0
scaffold1	2420000	2430000	1
scaffold1	2430000	2440000	1
scaffold1	2440000	2450000	1
scaffold1	2450000	2460000	1
scaffold1	2460000	2470000	3
scaffold1	2470000	2480000	2
scaffold1	2480000	2490000	2
scaffold1	2490000	2500000	1
scaffold1	2500000	2510000	1
scaffold1	2510000	2520000	1
scaffold1	2520000	2530000	1
scaffold1	2530000	2540000	1
scaffold1	2540000	2550000	0
scaffold1	2550000	2560000	0
scaffold1	2560000	2570000	1
scaffold1	2570000	2580000	2
scaffold1	2580000	2590000	1
scaffold1	2590000	2600000	1
scaffold1	2600000	2610000	1
scaffold1	2610000	2620000	1
scaffold1	2620000	2630000	1
scaffold1	2630000	2640000	2
scaffold1	2640000	2650000	1
scaffold1	2650000	2660000	1
scaffold1	2660000	2670000	2
scaffold1	2670000	2680000	0
scaffold1	2680000	2690000	1
scaffold1	2690000	2700000	2
scaffold1	2700000	2710000	2
scaffold1	2710000	2720000	1
scaffold1	2720000	2730000	2
scaffold1	2730000	2740000	1
scaffold1	2740000	2750000	1
scaffold1	2750000	2760000	1
scaffold1	2760000	2770000	1
scaffold1	2770000	2780000	1
scaffold1	2780000	2790000	1
scaffold1	2790000	2800000	1
scaffold1	2800000	2810000	1
scaffold1	2810000	2820000	1
scaffold1	2820000	2830000	2
scaffold1	2830000	2840000	1
scaffold1	2840000	2850000	1
scaffold1	2850000	2860000	2
scaffold1	2860000	2870000	2
scaffold1	2870000	2880000	2
scaffold1	2880000	2890000	1
scaffold1	2890000	2900000	0
scaffold1	2900000	2910000	1
scaffold1	2910000	2920000	1
scaffold1	2920000	2930000	1
scaffold1	2930000	2940000	1
scaffold1	2940000	2950000	0
scaffold1	2950000	2960000	1
scaffold1	2960000	2970000	1
scaffold1	2970000	2980000	1
scaffold1	2980000	2990000	2
scaffold1	2990000	3000000	0
scaffold1	3000000	3010000	0
scaffold1	3010000	3020000	0
scaffold1	3020000	3030000	0
scaffold1	3030000	3040000	2
scaffold1	3040000	3050000	1
scaffold1	3050000	3060000	1
scaffold1	3060000	3070000	1
scaffold1	3070000	3080000	0
scaffold1	3080000	3090000	1
scaffold1	3090000	3100000	2
scaffold1	3100000	3110000	1
scaffold1	3110000	3120000	1
scaffold1	3120000	3130000	0
scaffold1	3130000	3140000	2
scaffold1	3140000	3150000	2
scaffold1	3150000	3160000	3
scaffold1	3160000	3170000	2
scaffold1	3170000	3180000	1
scaffold1	3180000	3190000	1
scaffold1	3190000	3200000	0
scaffold1	3200000	3210000	0
scaffold1	3210000	3220000	0
scaffold1	3220000	3230000	1
scaffold1	3230000	3240000	2
scaffold1	3240000	3250000	2
scaffold1	3250000	3260000	1
scaffold1	3260000	3270000	1
scaffold1	3270000	3280000	2
scaffold1	3280000	3290000	2
scaffold1	3290000	3300000	1
scaffold1	3300000	3310000	1
scaffold1	3310000	3320000	1
scaffold1	3320000	3330000	1
scaffold1	3330000	3340000	1
scaffold1	3340000	3350000	1
scaffold1	3350000	3360000	2
scaffold1	3360000	3370000	1
scaffold1	3370000	3380000	1
scaffold1	3380000	3390000	2
scaffold1	3390000	3400000	2
scaffold1	3400000	3410000	2
scaffold1	3410000	3420000	2
scaffold1	3420000	3430000	2
scaffold1	3430000	3440000	2
scaffold1	3440000	3450000	1
scaffold1	3450000	3460000	1
scaffold1	3460000	3470000	1
scaffold1	3470000	3480000	1
scaffold1	3480000	3490000	1
scaffold1	3490000	3500000	1
scaffold1	3500000	3510000	2
scaffold1	3510000	3520000	1
scaffold1	3520000	3530000	1
scaffold1	3530000	3540000	0
scaffold1	3540000	3550000	0
scaffold1	3550000	3560000	1
scaffold1	3560000	3570000	1
scaffold1	3570000	3580000	3
scaffold1	3580000	3590000	3
scaffold1	3590000	3600000	2
scaffold1	3600000	3610000	3
scaffold1	3610000	3620000	2
scaffold1	3620000	3630000	0
scaffold1	3630000	3640000	0
scaffold1	3640000	3650000	1
scaffold1	3650000	3660000	0
scaffold1	3660000	3670000	0
scaffold1	3670000	3680000	0
scaffold1	3680000	3690000	0
scaffold1	3690000	3700000	1
scaffold1	3700000	3710000	2
scaffold1	3710000	3720000	2
scaffold1	3720000	3730000	2
scaffold1	3730000	3740000	2
scaffold1	3740000	3750000	2
scaffold1	3750000	3760000	2
scaffold1	3760000	3770000	2
scaffold1	3770000	3780000	1
scaffold1	3780000	3790000	0
scaffold1	3790000	3800000	0
scaffold1	3800000	3810000	1
scaffold1	3810000	3820000	1
scaffold1	3820000	3830000	1
scaffold1	3830000	3840000	2
scaffold1	3840000	3850000	2
scaffold1	3850000	3860000	1
scaffold1	3860000	3870000	1
scaffold1	3870000	3880000	2
scaffold1	3880000	3890000	1
scaffold1	3890000	3900000	2
scaffold1	3900000	3910000	1
scaffold1	3910000	3920000	0
scaffold1	3920000	3930000	0
scaffold1	3930000	3940000	0
scaffold1	3940000	3950000	1
scaffold1	3950000	3960000	1
scaffold1	3960000	3970000	3
scaffold1	3970000	3980000	2
scaffold1	3980000	3990000	1
scaffold1	3990000	4000000	1
scaffold1	4000000	4010000	0
scaffold1	4010000	4020000	0
scaffold1	4020000	4030000	0
scaffold1	4030000	4040000	2
scaffold1	4040000	4050000	3
scaffold1	4050000	4060000	3
scaffold1	4060000	4070000	2
scaffold1	4070000	4080000	2
scaffold1	4080000	4090000	1
scaffold1	4090000	4100000	3
scaffold1	4100000	4110000	2
scaffold1	4110000	4120000	1
scaffold1	4120000	4130000	0
scaffold1	4130000	4140000	0
scaffold1	4140000	4150000	0
scaffold1	4150000	4160000	1
scaffold1	4160000	4170000	2
scaffold1	4170000	4180000	1
scaffold1	4180000	4190000	1
scaffold1	4190000	4200000	2
scaffold1	4200000	4210000	4
scaffold1	4210000	4220000	0
scaffold1	4220000	4230000	0
scaffold1	4230000	4240000	1
scaffold1	4240000	4250000	2
scaffold1	4250000	4260000	2
scaffold1	4260000	4270000	1
scaffold1	4270000	4280000	1
scaffold1	4280000	4290000	0
scaffold1	4290000	4300000	1
scaffold1	4300000	4310000	0
scaffold1	4310000	4320000	3
scaffold1	4320000	4330000	1
scaffold1	4330000	4340000	1
scaffold1	4340000	4350000	1
scaffold1	4350000	4360000	2
scaffold1	4360000	4370000	2
scaffold1	4370000	4380000	3
scaffold1	4380000	4390000	2
scaffold1	4390000	4400000	2
scaffold1	4400000	4410000	1
scaffold1	4410000	4420000	1
scaffold1	4420000	4430000	1
scaffold1	4430000	4440000	1
scaffold1	4440000	4450000	3
scaffold1	4450000	4460000	1
scaffold1	4460000	4470000	2
scaffold1	4470000	4480000	2
scaffold1	4480000	4490000	1
scaffold1	4490000	4500000	1
scaffold1	4500000	4510000	1
scaffold1	4510000	4520000	1
scaffold1	4520000	4530000	1
scaffold1	4530000	4540000	1
scaffold1	4540000	4550000	1
scaffold1	4550000	4560000	1
scaffold1	4560000	4570000	1
scaffold1	4570000	4580000	1
scaffold1	4580000	4590000	2
scaffold1	4590000	4600000	0
scaffold1	4600000	4610000	2
scaffold1	4610000	4620000	0
scaffold1	4620000	4630000	0
scaffold1	4630000	4640000	1
scaffold1	4640000	4650000	1
scaffold1	4650000	4660000	1
scaffold1	4660000	4670000	0
scaffold1	4670000	4680000	1
scaffold1	4680000	4690000	1
scaffold1	4690000	4700000	1
scaffold1	4700000	4710000	1
scaffold1	4710000	4720000	2
scaffold1	4720000	4730000	2
scaffold1	4730000	4740000	0
scaffold1	4740000	4750000	1
scaffold1	4750000	4760000	2
scaffold1	4760000	4770000	1
scaffold1	4770000	4780000	2
scaffold1	4780000	4790000	2
scaffold1	4790000	4800000	1
scaffold1	4800000	4810000	0
scaffold1	4810000	4820000	0
scaffold1	4820000	4830000	1
scaffold1	4830000	4840000	2
scaffold1	4840000	4850000	0
scaffold1	4850000	4860000	1
scaffold1	4860000	4870000	0
scaffold1	4870000	4880000	0
scaffold1	4880000	4890000	0
scaffold1	4890000	4900000	0
scaffold1	4900000	4910000	0
scaffold1	4910000	4920000	0
scaffold1	4920000	4930000	0
scaffold1	4930000	4940000	0
scaffold1	4940000	4950000	1
scaffold1	4950000	4960000	0
scaffold1	4960000	4970000	0
scaffold1	4970000	4980000	0
scaffold1	4980000	4990000	0
scaffold1	4990000	5000000	0
scaffold1	5000000	5010000	3
scaffold1	5010000	5020000	2
scaffold1	5020000	5030000	1
scaffold1	5030000	5040000	3
scaffold1	5040000	5050000	2
scaffold1	5050000	5060000	1
scaffold1	5060000	5070000	1
scaffold1	5070000	5080000	1
scaffold1	5080000	5090000	1
scaffold1	5090000	5100000	0
scaffold1	5100000	5110000	0
scaffold1	5110000	5120000	3
scaffold1	5120000	5130000	1
scaffold1	5130000	5140000	1
scaffold1	5140000	5150000	2
scaffold1	5150000	5160000	1
scaffold1	5160000	5170000	1
scaffold1	5170000	5180000	0
scaffold1	5180000	5190000	3
scaffold1	5190000	5200000	1
scaffold1	5200000	5210000	0
scaffold1	5210000	5220000	1
scaffold1	5220000	5230000	1
scaffold1	5230000	5240000	2
scaffold1	5240000	5250000	2
scaffold1	5250000	5260000	2
scaffold1	5260000	5270000	1
scaffold1	5270000	5280000	1
scaffold1	5280000	5290000	2
scaffold1	5290000	5300000	1
scaffold1	5300000	5310000	1
scaffold1	5310000	5320000	2
scaffold1	5320000	5330000	1
scaffold1	5330000	5340000	2
scaffold1	5340000	5350000	3
scaffold1	5350000	5360000	1
scaffold1	5360000	5370000	2
scaffold1	5370000	5380000	2
scaffold1	5380000	5390000	1
scaffold1	5390000	5400000	0
scaffold1	5400000	5410000	0
scaffold1	5410000	5420000	0
scaffold1	5420000	5430000	0
scaffold1	5430000	5440000	2
scaffold1	5440000	5450000	1
scaffold1	5450000	5460000	1
scaffold1	5460000	5470000	1
scaffold1	5470000	5480000	0
scaffold1	5480000	5490000	1
scaffold1	5490000	5500000	1
scaffold1	5500000	5510000	2
scaffold1	5510000	5520000	2
scaffold1	5520000	5530000	1
scaffold1	5530000	5540000	1
scaffold1	5540000	5550000	1
scaffold1	5550000	5560000	1
scaffold1	5560000	5570000	2
scaffold1	5570000	5580000	3
scaffold1	5580000	5590000	1
scaffold1	5590000	5600000	0
scaffold1	5600000	5610000	0
scaffold1	5610000	5620000	0
scaffold1	5620000	5630000	0
scaffold1	5630000	5640000	2
scaffold1	5640000	5650000	1
scaffold1	5650000	5660000	2
scaffold1	5660000	5670000	3
scaffold1	5670000	5680000	1
scaffold1	5680000	5690000	1
scaffold1	5690000	5700000	2
scaffold1	5700000	5710000	1
scaffold1	5710000	5720000	1
scaffold1	5720000	5730000	0
scaffold1	5730000	5740000	0
scaffold1	5740000	5750000	0
scaffold1	5750000	5760000	0
scaffold1	5760000	5770000	0
scaffold1	5770000	5780000	0
scaffold1	5780000	5790000	0
scaffold1	5790000	5800000	0
scaffold1	5800000	5810000	0
scaffold1	5810000	5820000	1
scaffold1	5820000	5830000	3
scaffold1	5830000	5840000	0
scaffold1	5840000	5850000	1
scaffold1	5850000	5860000	2
scaffold1	5860000	5870000	2
scaffold1	5870000	5880000	3
scaffold1	5880000	5890000	2
scaffold1	5890000	5900000	2
scaffold1	5900000	5910000	1
scaffold1	5910000	5920000	2
scaffold1	5920000	5930000	1
scaffold1	5930000	5940000	2
scaffold1	5940000	5950000	1
scaffold1	5950000	5960000	2
scaffold1	5960000	5970000	1
scaffold1	5970000	5980000	1
scaffold1	5980000	5990000	1
scaffold1	5990000	6000000	1
scaffold1	6000000	6010000	1
scaffold1	6010000	6020000	0
scaffold1	6020000	6030000	0
scaffold1	6030000	6040000	2
scaffold1	6040000	6050000	1
scaffold1	6050000	6060000	1
scaffold1	6060000	6070000	2
scaffold1	6070000	6080000	3
scaffold1	6080000	6090000	1
scaffold1	6090000	6100000	1
scaffold1	6100000	6110000	2
scaffold1	6110000	6120000	2
scaffold1	6120000	6130000	2
scaffold1	6130000	6140000	3
scaffold1	6140000	6150000	1
scaffold1	6150000	6160000	2
scaffold1	6160000	6170000	3
scaffold1	6170000	6180000	0
scaffold1	6180000	6190000	0
scaffold1	6190000	6200000	0
scaffold1	6200000	6210000	1
scaffold1	6210000	6220000	1
scaffold1	6220000	6230000	2
scaffold1	6230000	6240000	2
scaffold1	6240000	6250000	0
scaffold1	6250000	6260000	0
scaffold1	6260000	6270000	1
scaffold1	6270000	6280000	2
scaffold1	6280000	6290000	1
scaffold1	6290000	6300000	1
scaffold1	6300000	6310000	1
scaffold1	6310000	6320000	1
scaffold1	6320000	6330000	1
scaffold1	6330000	6340000	1
scaffold1	6340000	6350000	2
scaffold1	6350000	6360000	1
scaffold1	6360000	6370000	1
scaffold1	6370000	6380000	1
scaffold1	6380000	6390000	0
scaffold1	6390000	6400000	1
scaffold1	6400000	6410000	1
scaffold1	6410000	6420000	1
scaffold1	6420000	6430000	0
scaffold1	6430000	6440000	0
scaffold1	6440000	6450000	0
scaffold1	6450000	6460000	0
scaffold1	6460000	6470000	2
scaffold1	6470000	6480000	2
scaffold1	6480000	6490000	1
scaffold1	6490000	6500000	0
scaffold1	6500000	6510000	0
scaffold1	6510000	6520000	1
scaffold1	6520000	6530000	1
scaffold1	6530000	6540000	1
scaffold1	6540000	6550000	3
scaffold1	6550000	6560000	2
scaffold1	6560000	6570000	1
scaffold1	6570000	6580000	0
scaffold1	6580000	6590000	1
scaffold1	6590000	6600000	1
scaffold1	6600000	6610000	1
scaffold1	6610000	6620000	1
scaffold1	6620000	6630000	1
scaffold1	6630000	6640000	1
scaffold1	6640000	6650000	1
scaffold1	6650000	6660000	2
scaffold1	6660000	6670000	2
scaffold1	6670000	6680000	1
scaffold1	6680000	6690000	2
scaffold1	6690000	6700000	1
scaffold1	6700000	6710000	1
scaffold1	6710000	6720000	1
scaffold1	6720000	6730000	2
scaffold1	6730000	6740000	1
scaffold1	6740000	6750000	2
scaffold1	6750000	6760000	1
scaffold1	6760000	6770000	1
scaffold1	6770000	6780000	2
scaffold1	6780000	6790000	0
scaffold1	6790000	6800000	1
scaffold1	6800000	6810000	2
scaffold1	6810000	6820000	1
scaffold1	6820000	6830000	1
scaffold1	6830000	6840000	2
scaffold1	6840000	6850000	0
scaffold1	6850000	6860000	0
scaffold1	6860000	6870000	0
scaffold1	6870000	6880000	1
scaffold1	6880000	6890000	0
scaffold1	6890000	6900000	1
scaffold1	6900000	6910000	2
scaffold1	6910000	6920000	0
scaffold1	6920000	6930000	1
scaffold1	6930000	6940000	1
scaffold1	6940000	6950000	3
scaffold1	6950000	6960000	2
scaffold1	6960000	6970000	2
scaffold1	6970000	6980000	1
scaffold1	6980000	6990000	2
scaffold1	6990000	7000000	1
scaffold1	7000000	7010000	2
scaffold1	7010000	7020000	1
scaffold1	7020000	7030000	1
scaffold1	7030000	7040000	0
scaffold1	7040000	7050000	0
scaffold1	7050000	7060000	1
scaffold1	7060000	7070000	1
scaffold1	7070000	7080000	0
scaffold1	7080000	7090000	0
scaffold1	7090000	7100000	0
scaffold1	7100000	7110000	1
scaffold1	7110000	7120000	2
scaffold1	7120000	7130000	1
scaffold1	7130000	7140000	1
scaffold1	7140000	7150000	1
scaffold1	7150000	7160000	2
scaffold1	7160000	7170000	1
scaffold1	7170000	7180000	2
scaffold1	7180000	7190000	1
scaffold1	7190000	7200000	1
scaffold1	7200000	7210000	1
scaffold1	7210000	7220000	1
scaffold1	7220000	7230000	0
scaffold1	7230000	7240000	1
scaffold1	7240000	7250000	1
scaffold1	7250000	7260000	1
scaffold1	7260000	7270000	1
scaffold1	7270000	7280000	1
scaffold1	7280000	7290000	2
scaffold1	7290000	7300000	1
scaffold1	7300000	7310000	1
scaffold1	7310000	7320000	2
scaffold1	7320000	7330000	4
scaffold1	7330000	7340000	2
scaffold1	7340000	7350000	0
scaffold1	7350000	7360000	1
scaffold1	7360000	7370000	1
scaffold1	7370000	7380000	2
scaffold1	7380000	7390000	2
scaffold1	7390000	7400000	1
scaffold1	7400000	7410000	2
scaffold1	7410000	7420000	1
scaffold1	7420000	7430000	1
scaffold1	7430000	7440000	1
scaffold1	7440000	7450000	2
scaffold1	7450000	7460000	2
scaffold1	7460000	7470000	1
scaffold1	7470000	7480000	1
scaffold1	7480000	7490000	1
scaffold1	7490000	7500000	1
scaffold1	7500000	7510000	1
scaffold1	7510000	7520000	2
scaffold1	7520000	7530000	2
scaffold1	7530000	7540000	0
scaffold1	7540000	7550000	0
scaffold1	7550000	7560000	0
scaffold1	7560000	7570000	0
scaffold1	7570000	7580000	0
scaffold1	7580000	7590000	1
scaffold1	7590000	7600000	3
scaffold1	7600000	7610000	3
scaffold1	7610000	7620000	1
scaffold1	7620000	7630000	3
scaffold1	7630000	7640000	1
scaffold1	7640000	7650000	1
scaffold1	7650000	7660000	1
scaffold1	7660000	7670000	2
scaffold1	7670000	7680000	1
scaffold1	7680000	7690000	1
scaffold1	7690000	7700000	3
scaffold1	7700000	7710000	4
scaffold1	7710000	7720000	1
scaffold1	7720000	7730000	0
scaffold1	7730000	7740000	0
scaffold1	7740000	7750000	1
scaffold1	7750000	7760000	0
scaffold1	7760000	7770000	2
scaffold1	7770000	7780000	1
scaffold1	7780000	7790000	0
scaffold1	7790000	7800000	1
scaffold1	7800000	7810000	1
scaffold1	7810000	7820000	1
scaffold1	7820000	7830000	0
scaffold1	7830000	7840000	0
scaffold1	7840000	7850000	1
scaffold1	7850000	7860000	2
scaffold1	7860000	7870000	1
scaffold1	7870000	7880000	2
scaffold1	7880000	7890000	2
scaffold1	7890000	7900000	2
scaffold1	7900000	7910000	2
scaffold1	7910000	7920000	1
scaffold1	7920000	7930000	0
scaffold1	7930000	7940000	0
scaffold1	7940000	7950000	0
scaffold1	7950000	7960000	1
scaffold1	7960000	7970000	1
scaffold1	7970000	7980000	1
scaffold1	7980000	7990000	1
scaffold1	7990000	8000000	2
scaffold1	8000000	8010000	1
scaffold1	8010000	8020000	1
scaffold1	8020000	8030000	0
scaffold1	8030000	8040000	0
scaffold1	8040000	8050000	0
scaffold1	8050000	8060000	1
scaffold1	8060000	8070000	3
scaffold1	8070000	8080000	1
scaffold1	8080000	8090000	0
scaffold1	8090000	8100000	0
scaffold1	8100000	8110000	0
scaffold1	8110000	8120000	0
scaffold1	8120000	8130000	0
scaffold1	8130000	8140000	0
scaffold1	8140000	8150000	0
scaffold1	8150000	8160000	0
scaffold1	8160000	8170000	1
scaffold1	8170000	8180000	1
scaffold1	8180000	8190000	1
scaffold1	8190000	8200000	0
scaffold1	8200000	8210000	1
scaffold1	8210000	8220000	2
scaffold1	8220000	8230000	2
scaffold1	8230000	8240000	1
scaffold1	8240000	8250000	2
scaffold1	8250000	8260000	2
scaffold1	8260000	8270000	2
scaffold1	8270000	8280000	3
scaffold1	8280000	8290000	1
scaffold1	8290000	8300000	1
scaffold1	8300000	8310000	1
scaffold1	8310000	8320000	1
scaffold1	8320000	8330000	1
scaffold1	8330000	8340000	1
scaffold1	8340000	8350000	2
scaffold1	8350000	8360000	2
scaffold1	8360000	8370000	3
scaffold1	8370000	8380000	3
scaffold1	8380000	8390000	2
scaffold1	8390000	8400000	2
scaffold1	8400000	8410000	2
scaffold1	8410000	8420000	0
scaffold1	8420000	8430000	1
scaffold1	8430000	8440000	1
scaffold1	8440000	8450000	1
scaffold1	8450000	8460000	2
scaffold1	8460000	8470000	3
scaffold1	8470000	8480000	3
scaffold1	8480000	8490000	1
scaffold1	8490000	8500000	1
scaffold1	8500000	8510000	1
scaffold1	8510000	8520000	1
scaffold1	8520000	8530000	0
scaffold1	8530000	8540000	0
scaffold1	8540000	8550000	1
scaffold1	8550000	8560000	1
scaffold1	8560000	8570000	1
scaffold1	8570000	8580000	1
scaffold1	8580000	8590000	3
scaffold1	8590000	8600000	2
scaffold1	8600000	8610000	1
scaffold1	8610000	8620000	0
scaffold1	8620000	8630000	0
scaffold1	8630000	8640000	1
scaffold1	8640000	8650000	1
scaffold1	8650000	8660000	0
scaffold1	8660000	8670000	1
scaffold1	8670000	8680000	1
scaffold1	8680000	8690000	0
scaffold1	8690000	8700000	1
scaffold1	8700000	8710000	1
scaffold1	8710000	8720000	1
scaffold1	8720000	8730000	0
scaffold1	8730000	8740000	0
scaffold1	8740000	8750000	0
scaffold1	8750000	8760000	1
scaffold1	8760000	8770000	0
scaffold1	8770000	8780000	0
scaffold1	8780000	8790000	0
scaffold1	8790000	8800000	1
scaffold1	8800000	8810000	1
scaffold1	8810000	8820000	1
scaffold1	8820000	8830000	1
scaffold1	8830000	8840000	2
scaffold1	8840000	8850000	0
scaffold1	8850000	8860000	0
scaffold1	8860000	8870000	0
scaffold1	8870000	8880000	0
scaffold1	8880000	8890000	1
scaffold1	8890000	8900000	1
scaffold1	8900000	8910000	1
scaffold1	8910000	8920000	1
scaffold1	8920000	8930000	1
scaffold1	8930000	8940000	3
scaffold1	8940000	8950000	2
scaffold1	8950000	8960000	0
scaffold1	8960000	8970000	2
scaffold1	8970000	8980000	1
scaffold1	8980000	8990000	1
scaffold1	8990000	9000000	1
scaffold1	9000000	9010000	1
scaffold1	9010000	9020000	3
scaffold1	9020000	9030000	1
scaffold1	9030000	9040000	1
scaffold1	9040000	9050000	0
scaffold1	9050000	9060000	0
scaffold1	9060000	9070000	0
scaffold1	9070000	9080000	0
scaffold1	9080000	9090000	1
scaffold1	9090000	9100000	4
scaffold1	9100000	9110000	2
scaffold1	9110000	9120000	1
scaffold1	9120000	9130000	1
scaffold1	9130000	9140000	1
scaffold1	9140000	9150000	1
scaffold1	9150000	9160000	1
scaffold1	9160000	9170000	1
scaffold1	9170000	9180000	1
scaffold1	9180000	9190000	0
scaffold1	9190000	9200000	0
scaffold1	9200000	9210000	1
scaffold1	9210000	9220000	1
scaffold1	9220000	9230000	2
scaffold1	9230000	9240000	1
scaffold1	9240000	9250000	0
scaffold1	9250000	9260000	0
scaffold1	9260000	9270000	0
scaffold1	9270000	9280000	0
scaffold1	9280000	9290000	0
scaffold1	9290000	9300000	1
scaffold1	9300000	9310000	1
scaffold1	9310000	9320000	2
scaffold1	9320000	9330000	1
scaffold1	9330000	9340000	0
scaffold1	9340000	9350000	0
scaffold1	9350000	9360000	0
scaffold1	9360000	9370000	0
scaffold1	9370000	9380000	0
scaffold1	9380000	9390000	1
scaffold1	9390000	9400000	1
scaffold1	9400000	9410000	1
scaffold1	9410000	9420000	1
scaffold1	9420000	9430000	2
scaffold1	9430000	9440000	1
scaffold1	9440000	9450000	2
scaffold1	9450000	9460000	2
scaffold1	9460000	9470000	1
scaffold1	9470000	9480000	1
scaffold1	9480000	9490000	1
scaffold1	9490000	9500000	1
scaffold1	9500000	9510000	1
scaffold1	9510000	9520000	3
scaffold1	9520000	9530000	1
scaffold1	9530000	9540000	1
scaffold1	9540000	9550000	1
scaffold1	9550000	9560000	0
scaffold1	9560000	9570000	1
scaffold1	9570000	9580000	2
scaffold1	9580000	9590000	3
scaffold1	9590000	9600000	1
scaffold1	9600000	9610000	2
scaffold1	9610000	9620000	1
scaffold1	9620000	9630000	1
scaffold1	9630000	9640000	1
scaffold1	9640000	9650000	2
scaffold1	9650000	9660000	0
scaffold1	9660000	9670000	0
scaffold1	9670000	9680000	0
scaffold1	9680000	9690000	0
scaffold1	9690000	9700000	0
scaffold1	9700000	9710000	1
scaffold1	9710000	9720000	2
scaffold1	9720000	9730000	1
scaffold1	9730000	9740000	2
scaffold1	9740000	9750000	1
scaffold1	9750000	9760000	2
scaffold1	9760000	9770000	1
scaffold1	9770000	9780000	1
scaffold1	9780000	9790000	1
scaffold1	9790000	9800000	2
scaffold1	9800000	9810000	2
scaffold1	9810000	9820000	1
scaffold1	9820000	9830000	1
scaffold1	9830000	9840000	2
scaffold1	9840000	9850000	1
scaffold1	9850000	9860000	1
scaffold1	9860000	9870000	1
scaffold1	9870000	9880000	1
scaffold1	9880000	9890000	1
scaffold1	9890000	9900000	1
scaffold1	9900000	9910000	1
scaffold1	9910000	9920000	1
scaffold1	9920000	9930000	1
scaffold1	9930000	9940000	2
scaffold1	9940000	9950000	3
scaffold1	9950000	9960000	3
scaffold1	9960000	9970000	3
scaffold1	9970000	9980000	2
scaffold1	9980000	9990000	2
scaffold1	9990000	10000000	2
scaffold1	10000000	10010000	1
scaffold1	10010000	10020000	2
scaffold1	10020000	10030000	2
scaffold1	10030000	10040000	2
scaffold1	10040000	10050000	3
scaffold1	10050000	10060000	2
scaffold1	10060000	10070000	2
scaffold1	10070000	10080000	1
scaffold1	10080000	10090000	2
scaffold1	10090000	10100000	2
scaffold1	10100000	10110000	1
scaffold1	10110000	10120000	1
scaffold1	10120000	10130000	2
scaffold1	10130000	10140000	2
scaffold1	10140000	10150000	1
scaffold1	10150000	10160000	1
scaffold1	10160000	10170000	1
scaffold1	10170000	10180000	0
scaffold1	10180000	10190000	0
scaffold1	10190000	10200000	1
scaffold1	10200000	10210000	1
scaffold1	10210000	10220000	1
scaffold1	10220000	10230000	1
scaffold1	10230000	10240000	2
scaffold1	10240000	10250000	2
scaffold1	10250000	10260000	2
scaffold1	10260000	10270000	1
scaffold1	10270000	10280000	2
scaffold1	10280000	10290000	2
scaffold1	10290000	10300000	0
scaffold1	10300000	10310000	2
scaffold1	10310000	10320000	3
scaffold1	10320000	10330000	2
scaffold1	10330000	10340000	2
scaffold1	10340000	10350000	1
scaffold1	10350000	10360000	1
scaffold1	10360000	10370000	1
scaffold1	10370000	10380000	0
scaffold1	10380000	10390000	3
scaffold1	10390000	10400000	1
scaffold1	10400000	10410000	1
scaffold1	10410000	10420000	2
scaffold1	10420000	10430000	1
scaffold1	10430000	10440000	1
scaffold1	10440000	10450000	2
scaffold1	10450000	10460000	1
scaffold1	10460000	10470000	0
scaffold1	10470000	10480000	0
scaffold1	10480000	10490000	0
scaffold1	10490000	10500000	0
scaffold1	10500000	10510000	0
scaffold1	10510000	10520000	0
scaffold1	10520000	10530000	0
scaffold1	10530000	10540000	0
scaffold1	10540000	10550000	0
scaffold1	10550000	10560000	0
scaffold1	10560000	10570000	0
scaffold1	10570000	10580000	0
scaffold1	10580000	10590000	1
scaffold1	10590000	10600000	1
scaffold1	10600000	10610000	1
scaffold1	10610000	10620000	0
scaffold1	10620000	10630000	0
scaffold1	10630000	10640000	0
scaffold1	10640000	10650000	0
scaffold1	10650000	10660000	1
scaffold1	10660000	10670000	2
scaffold1	10670000	10680000	1
scaffold1	10680000	10690000	0
scaffold1	10690000	10700000	1
scaffold1	10700000	10710000	1
scaffold1	10710000	10720000	0
scaffold1	10720000	10730000	1
scaffold1	10730000	10740000	1
scaffold1	10740000	10750000	1
scaffold1	10750000	10760000	1
scaffold1	10760000	10770000	1
scaffold1	10770000	10780000	0
scaffold1	10780000	10790000	1
scaffold1	10790000	10800000	1
scaffold1	10800000	10810000	0
scaffold1	10810000	10820000	1
scaffold1	10820000	10830000	1
scaffold1	10830000	10840000	1
scaffold1	10840000	10850000	2
scaffold1	10850000	10860000	1
scaffold1	10860000	10870000	2
scaffold1	10870000	10880000	2
scaffold1	10880000	10890000	1
scaffold1	10890000	10900000	1
scaffold1	10900000	10910000	0
scaffold1	10910000	10920000	0
scaffold1	10920000	10930000	0
scaffold1	10930000	10940000	0
scaffold1	10940000	10950000	2
scaffold1	10950000	10960000	2
scaffold1	10960000	10970000	1
scaffold1	10970000	10980000	2
scaffold1	10980000	10990000	1
scaffold1	10990000	11000000	0
scaffold1	11000000	11010000	0
scaffold1	11010000	11020000	0
scaffold1	11020000	11030000	0
scaffold1	11030000	11040000	1
scaffold1	11040000	11050000	0
scaffold1	11050000	11060000	0
scaffold1	11060000	11070000	0
scaffold1	11070000	11080000	0
scaffold1	11080000	11090000	0
scaffold1	11090000	11100000	0
scaffold1	11100000	11110000	0
scaffold1	11110000	11120000	1
scaffold1	11120000	11130000	2
scaffold1	11130000	11140000	1
scaffold1	11140000	11150000	2
scaffold1	11150000	11160000	2
scaffold1	11160000	11170000	2
scaffold1	11170000	11180000	2
scaffold1	11180000	11190000	2
scaffold1	11190000	11200000	2
scaffold1	11200000	11210000	1
scaffold1	11210000	11220000	2
scaffold1	11220000	11230000	1
scaffold1	11230000	11240000	1
scaffold1	11240000	11250000	1
scaffold1	11250000	11260000	2
scaffold1	11260000	11270000	3
scaffold1	11270000	11280000	1
scaffold1	11280000	11290000	1
scaffold1	11290000	11300000	1
scaffold1	11300000	11310000	1
scaffold1	11310000	11320000	1
scaffold1	11320000	11330000	0
scaffold1	11330000	11340000	0
scaffold1	11340000	11350000	0
scaffold1	11350000	11360000	2
scaffold1	11360000	11370000	1
scaffold1	11370000	11380000	0
scaffold1	11380000	11390000	0
scaffold1	11390000	11400000	0
scaffold1	11400000	11410000	0
scaffold1	11410000	11420000	1
scaffold1	11420000	11430000	1
scaffold1	11430000	11440000	2
scaffold1	11440000	11450000	0
scaffold1	11450000	11460000	1
scaffold1	11460000	11470000	1
scaffold1	11470000	11480000	1
scaffold1	11480000	11490000	1
scaffold1	11490000	11500000	1
scaffold1	11500000	11510000	1
scaffold1	11510000	11520000	0
scaffold1	11520000	11530000	0
scaffold1	11530000	11540000	2
scaffold1	11540000	11550000	0
scaffold1	11550000	11560000	1
scaffold1	11560000	11570000	1
scaffold1	11570000	11580000	0
scaffold1	11580000	11590000	0
scaffold1	11590000	11600000	1
scaffold1	11600000	11610000	3
scaffold1	11610000	11620000	2
scaffold1	11620000	11630000	1
scaffold1	11630000	11640000	1
scaffold1	11640000	11650000	0
scaffold1	11650000	11660000	1
scaffold1	11660000	11670000	1
scaffold1	11670000	11680000	1
scaffold1	11680000	11690000	3
scaffold1	11690000	11700000	2
scaffold1	11700000	11710000	2
scaffold1	11710000	11720000	1
scaffold1	11720000	11730000	1
scaffold1	11730000	11740000	1
scaffold1	11740000	11750000	1
scaffold1	11750000	11760000	1
scaffold1	11760000	11770000	1
scaffold1	11770000	11780000	1
scaffold1	11780000	11790000	2
scaffold1	11790000	11800000	1
scaffold1	11800000	11810000	0
scaffold1	11810000	11820000	1
scaffold1	11820000	11830000	1
scaffold1	11830000	11840000	1
scaffold1	11840000	11850000	2
scaffold1	11850000	11860000	3
scaffold1	11860000	11870000	1
scaffold1	11870000	11880000	3
scaffold1	11880000	11890000	1
scaffold1	11890000	11900000	2
scaffold1	11900000	11910000	2
scaffold1	11910000	11920000	2
scaffold1	11920000	11930000	2
scaffold1	11930000	11940000	1
scaffold1	11940000	11950000	1
scaffold1	11950000	11960000	2
scaffold1	11960000	11970000	1
scaffold1	11970000	11980000	1
scaffold1	11980000	11990000	1
scaffold1	11990000	12000000	1
scaffold1	12000000	12010000	3
scaffold1	12010000	12020000	1
scaffold1	12020000	12030000	1
scaffold1	12030000	12040000	2
scaffold1	12040000	12050000	1
scaffold1	12050000	12060000	1
scaffold1	12060000	12070000	0
scaffold1	12070000	12080000	1
scaffold1	12080000	12090000	1
scaffold1	12090000	12100000	1
scaffold1	12100000	12110000	1
scaffold1	12110000	12120000	4
scaffold1	12120000	12130000	2
scaffold1	12130000	12140000	2
scaffold1	12140000	12150000	1
scaffold1	12150000	12160000	1
scaffold1	12160000	12170000	2
scaffold1	12170000	12180000	2
scaffold1	12180000	12190000	1
scaffold1	12190000	12200000	3
scaffold1	12200000	12210000	1
scaffold1	12210000	12220000	1
scaffold1	12220000	12230000	2
scaffold1	12230000	12240000	0
scaffold1	12240000	12250000	0
scaffold1	12250000	12260000	1
scaffold1	12260000	12270000	2
scaffold1	12270000	12280000	1
scaffold1	12280000	12290000	2
scaffold1	12290000	12300000	0
scaffold1	12300000	12310000	0
scaffold1	12310000	12320000	0
scaffold1	12320000	12330000	0
scaffold1	12330000	12340000	0
scaffold1	12340000	12350000	0
scaffold1	12350000	12360000	0
scaffold1	12360000	12370000	0
scaffold1	12370000	12380000	1
scaffold1	12380000	12390000	1
scaffold1	12390000	12400000	0
scaffold1	12400000	12410000	2
scaffold1	12410000	12420000	0
scaffold1	12420000	12430000	1
scaffold1	12430000	12440000	1
scaffold1	12440000	12450000	1
scaffold1	12450000	12460000	0
scaffold1	12460000	12470000	0
scaffold1	12470000	12480000	2
scaffold1	12480000	12490000	1
scaffold1	12490000	12500000	1
scaffold1	12500000	12510000	1
scaffold1	12510000	12520000	1
scaffold1	12520000	12530000	2
scaffold1	12530000	12540000	1
scaffold1	12540000	12550000	1
scaffold1	12550000	12560000	0
scaffold1	12560000	12570000	0
scaffold1	12570000	12580000	0
scaffold1	12580000	12590000	0
scaffold1	12590000	12600000	1
scaffold1	12600000	12610000	1
scaffold1	12610000	12620000	1
scaffold1	12620000	12630000	2
scaffold1	12630000	12640000	2
scaffold1	12640000	12650000	1
scaffold1	12650000	12660000	2
scaffold1	12660000	12670000	2
scaffold1	12670000	12680000	1
scaffold1	12680000	12690000	1
scaffold1	12690000	12700000	1
scaffold1	12700000	12710000	1
scaffold1	12710000	12720000	1
scaffold1	12720000	12730000	2
scaffold1	12730000	12740000	2
scaffold1	12740000	12750000	1
scaffold1	12750000	12760000	2
scaffold1	12760000	12770000	1
scaffold1	12770000	12780000	0
scaffold1	12780000	12790000	2
scaffold1	12790000	12800000	2
scaffold1	12800000	12810000	2
scaffold1	12810000	12820000	1
scaffold1	12820000	12830000	3
scaffold1	12830000	12840000	1
scaffold1	12840000	12850000	2
scaffold1	12850000	12860000	1
scaffold1	12860000	12870000	1
scaffold1	12870000	12880000	1
scaffold1	12880000	12890000	2
scaffold1	12890000	12900000	1
scaffold1	12900000	12910000	1
scaffold1	12910000	12920000	2
scaffold1	12920000	12930000	2
scaffold1	12930000	12940000	1
scaffold1	12940000	12950000	1
scaffold1	12950000	12960000	1
scaffold1	12960000	12970000	1
scaffold1	12970000	12980000	2
scaffold1	12980000	12990000	1
scaffold1	12990000	13000000	1
scaffold1	13000000	13010000	1
scaffold1	13010000	13020000	2
scaffold1	13020000	13030000	2
scaffold1	13030000	13040000	3
scaffold1	13040000	13050000	3
scaffold1	13050000	13060000	2
scaffold1	13060000	13070000	2
scaffold1	13070000	13080000	3
scaffold1	13080000	13090000	3
scaffold1	13090000	13100000	1
scaffold1	13100000	13110000	2
scaffold1	13110000	13120000	2
scaffold1	13120000	13130000	1
scaffold1	13130000	13140000	1
scaffold1	13140000	13150000	2
scaffold1	13150000	13160000	2
scaffold1	13160000	13170000	2
scaffold1	13170000	13180000	1
scaffold1	13180000	13190000	2
scaffold1	13190000	13200000	0
scaffold1	13200000	13210000	0
scaffold1	13210000	13220000	1
scaffold1	13220000	13230000	1
scaffold1	13230000	13240000	1
scaffold1	13240000	13250000	1
scaffold1	13250000	13260000	1
scaffold1	13260000	13270000	1
scaffold1	13270000	13280000	0
scaffold1	13280000	13290000	0
scaffold1	13290000	13300000	0
scaffold1	13300000	13310000	0
scaffold1	13310000	13320000	0
scaffold1	13320000	13330000	0
scaffold1	13330000	13340000	0
scaffold1	13340000	13350000	0
scaffold1	13350000	13360000	0
scaffold1	13360000	13370000	0
scaffold1	13370000	13380000	0
scaffold1	13380000	13390000	0
scaffold1	13390000	13400000	0
scaffold1	13400000	13410000	1
scaffold1	13410000	13420000	2
scaffold1	13420000	13430000	1
scaffold1	13430000	13440000	3
scaffold1	13440000	13450000	2
scaffold1	13450000	13460000	1
scaffold1	13460000	13470000	2
scaffold1	13470000	13480000	1
scaffold1	13480000	13490000	1
scaffold1	13490000	13500000	2
scaffold1	13500000	13510000	1
scaffold1	13510000	13520000	2
scaffold1	13520000	13530000	1
scaffold1	13530000	13540000	0
scaffold1	13540000	13550000	0
scaffold1	13550000	13560000	0
scaffold1	13560000	13570000	0
scaffold1	13570000	13580000	0
scaffold1	13580000	13590000	1
scaffold1	13590000	13600000	2
scaffold1	13600000	13610000	3
scaffold1	13610000	13620000	2
scaffold1	13620000	13630000	1
scaffold1	13630000	13640000	3
scaffold1	13640000	13650000	3
scaffold1	13650000	13660000	2
scaffold1	13660000	13670000	1
scaffold1	13670000	13680000	1
scaffold1	13680000	13690000	1
scaffold1	13690000	13700000	2
scaffold1	13700000	13710000	2
scaffold1	13710000	13720000	1
scaffold1	13720000	13730000	2
scaffold1	13730000	13740000	1
scaffold1	13740000	13750000	1
scaffold1	13750000	13760000	2
scaffold1	13760000	13770000	1
scaffold1	13770000	13780000	1
scaffold1	13780000	13790000	1
scaffold1	13790000	13800000	2
scaffold1	13800000	13810000	3
scaffold1	13810000	13820000	3
scaffold1	13820000	13830000	2
scaffold1	13830000	13840000	1
scaffold1	13840000	13850000	2
scaffold1	13850000	13860000	2
scaffold1	13860000	13870000	2
scaffold1	13870000	13880000	0
scaffold1	13880000	13890000	2
scaffold1	13890000	13900000	0
scaffold1	13900000	13910000	0
scaffold1	13910000	13920000	0
scaffold1	13920000	13930000	1
scaffold1	13930000	13940000	1
scaffold1	13940000	13950000	1
scaffold1	13950000	13960000	0
scaffold1	13960000	13970000	1
scaffold1	13970000	13980000	1
scaffold1	13980000	13990000	2
scaffold1	13990000	14000000	1
scaffold1	14000000	14010000	3
scaffold1	14010000	14020000	2
scaffold1	14020000	14030000	1
scaffold1	14030000	14040000	2
scaffold1	14040000	14050000	1
scaffold1	14050000	14060000	2
scaffold1	14060000	14070000	1
scaffold1	14070000	14080000	0
scaffold1	14080000	14090000	1
scaffold1	14090000	14100000	2
scaffold1	14100000	14110000	2
scaffold1	14110000	14120000	2
scaffold1	14120000	14130000	1
scaffold1	14130000	14140000	0
scaffold1	14140000	14150000	1
scaffold1	14150000	14160000	1
scaffold1	14160000	14170000	1
scaffold1	14170000	14180000	1
scaffold1	14180000	14190000	1
scaffold1	14190000	14200000	1
scaffold1	14200000	14210000	2
scaffold1	14210000	14220000	1
scaffold1	14220000	14230000	2
scaffold1	14230000	14240000	1
scaffold1	14240000	14250000	2
scaffold1	14250000	14260000	1
scaffold1	14260000	14270000	2
scaffold1	14270000	14280000	2
scaffold1	14280000	14290000	3
scaffold1	14290000	14300000	2
scaffold1	14300000	14310000	2
scaffold1	14310000	14320000	2
scaffold1	14320000	14330000	2
scaffold1	14330000	14340000	1
scaffold1	14340000	14350000	1
scaffold1	14350000	14360000	0
scaffold1	14360000	14370000	0
scaffold1	14370000	14380000	2
scaffold1	14380000	14390000	0
scaffold1	14390000	14400000	2
scaffold1	14400000	14410000	3
scaffold1	14410000	14420000	1
scaffold1	14420000	14430000	2
scaffold1	14430000	14440000	1
scaffold1	14440000	14450000	1
scaffold1	14450000	14460000	2
scaffold1	14460000	14470000	0
scaffold1	14470000	14480000	0
scaffold1	14480000	14490000	0
scaffold1	14490000	14500000	1
scaffold1	14500000	14510000	1
scaffold1	14510000	14520000	1
scaffold1	14520000	14530000	2
scaffold1	14530000	14540000	4
scaffold1	14540000	14550000	1
scaffold1	14550000	14560000	1
scaffold1	14560000	14570000	1
scaffold1	14570000	14580000	1
scaffold1	14580000	14590000	1
scaffold1	14590000	14600000	1
scaffold1	14600000	14610000	2
scaffold1	14610000	14620000	1
scaffold1	14620000	14630000	2
scaffold1	14630000	14640000	2
scaffold1	14640000	14650000	0
scaffold1	14650000	14660000	0
scaffold1	14660000	14670000	0
scaffold1	14670000	14680000	0
scaffold1	14680000	14690000	0
scaffold1	14690000	14700000	0
scaffold1	14700000	14710000	1
scaffold1	14710000	14720000	1
scaffold1	14720000	14730000	1
scaffold1	14730000	14740000	1
scaffold1	14740000	14750000	1
scaffold1	14750000	14760000	0
scaffold1	14760000	14770000	0
scaffold1	14770000	14780000	0
scaffold1	14780000	14790000	1
scaffold1	14790000	14800000	1
scaffold1	14800000	14810000	0
scaffold1	14810000	14820000	1
scaffold1	14820000	14830000	1
scaffold1	14830000	14840000	1
scaffold1	14840000	14850000	1
scaffold1	14850000	14860000	1
scaffold1	14860000	14870000	1
scaffold1	14870000	14880000	0
scaffold1	14880000	14890000	1
scaffold1	14890000	14900000	1
scaffold1	14900000	14910000	1
scaffold1	14910000	14920000	4
scaffold1	14920000	14930000	2
scaffold1	14930000	14940000	1
scaffold1	14940000	14950000	1
scaffold1	14950000	14960000	3
scaffold1	14960000	14970000	1
scaffold1	14970000	14980000	3
scaffold1	14980000	14990000	2
scaffold1	14990000	15000000	2
scaffold1	15000000	15010000	1
scaffold1	15010000	15020000	1
scaffold1	15020000	15030000	3
scaffold1	15030000	15040000	1
scaffold1	15040000	15050000	0
scaffold1	15050000	15060000	0
scaffold1	15060000	15070000	1
scaffold1	15070000	15080000	2
scaffold1	15080000	15090000	1
scaffold1	15090000	15100000	0
scaffold1	15100000	15110000	0
scaffold1	15110000	15120000	1
scaffold1	15120000	15130000	1
scaffold1	15130000	15140000	1
scaffold1	15140000	15150000	1
scaffold1	15150000	15160000	1
scaffold1	15160000	15170000	0
scaffold1	15170000	15180000	0
scaffold1	15180000	15190000	1
scaffold1	15190000	15200000	1
scaffold1	15200000	15210000	0
scaffold1	15210000	15220000	0
scaffold1	15220000	15230000	1
scaffold1	15230000	15240000	1
scaffold1	15240000	15250000	1
scaffold1	15250000	15260000	0
scaffold1	15260000	15270000	0
scaffold1	15270000	15280000	1
scaffold1	15280000	15290000	2
scaffold1	15290000	15300000	2
scaffold1	15300000	15310000	1
scaffold1	15310000	15320000	1
scaffold1	15320000	15330000	2
scaffold1	15330000	15340000	1
scaffold1	15340000	15350000	1
scaffold1	15350000	15360000	1
scaffold1	15360000	15370000	2
scaffold1	15370000	15380000	1
scaffold1	15380000	15390000	0
scaffold1	15390000	15400000	0
scaffold1	15400000	15410000	0
scaffold1	15410000	15420000	1
scaffold1	15420000	15430000	2
scaffold1	15430000	15440000	1
scaffold1	15440000	15450000	0
scaffold1	15450000	15460000	0
scaffold1	15460000	15470000	1
scaffold1	15470000	15480000	1
scaffold1	15480000	15490000	1
scaffold1	15490000	15500000	2
scaffold1	15500000	15510000	1
scaffold1	15510000	15520000	2
scaffold1	15520000	15530000	2
scaffold1	15530000	15540000	3
scaffold1	15540000	15550000	1
scaffold1	15550000	15560000	1
scaffold1	15560000	15570000	1
scaffold1	15570000	15580000	2
scaffold1	15580000	15590000	1
scaffold1	15590000	15600000	1
scaffold1	15600000	15610000	2
scaffold1	15610000	15620000	1
scaffold1	15620000	15630000	1
scaffold1	15630000	15640000	1
scaffold1	15640000	15650000	1
scaffold1	15650000	15660000	0
scaffold1	15660000	15670000	1
scaffold1	15670000	15680000	2
scaffold1	15680000	15690000	1
scaffold1	15690000	15700000	1
scaffold1	15700000	15710000	2
scaffold1	15710000	15720000	2
scaffold1	15720000	15730000	1
scaffold1	15730000	15740000	2
scaffold1	15740000	15750000	2
scaffold1	15750000	15760000	1
scaffold1	15760000	15770000	5
scaffold1	15770000	15780000	3
scaffold1	15780000	15790000	0
scaffold1	15790000	15800000	1
scaffold1	15800000	15810000	0
scaffold1	15810000	15820000	1
scaffold1	15820000	15830000	1
scaffold1	15830000	15840000	0
scaffold1	15840000	15850000	1
scaffold1	15850000	15860000	2
scaffold1	15860000	15870000	0
scaffold1	15870000	15880000	2
scaffold1	15880000	15890000	2
scaffold1	15890000	15900000	1
scaffold1	15900000	15910000	1
scaffold1	15910000	15920000	0
scaffold1	15920000	15930000	1
scaffold1	15930000	15940000	1
scaffold1	15940000	15950000	1
scaffold1	15950000	15960000	1
scaffold1	15960000	15970000	2
scaffold1	15970000	15980000	1
scaffold1	15980000	15990000	3
scaffold1	15990000	16000000	2
scaffold1	16000000	16010000	3
scaffold1	16010000	16020000	1
scaffold1	16020000	16030000	3
scaffold1	16030000	16040000	1
scaffold1	16040000	16050000	2
scaffold1	16050000	16060000	1
scaffold1	16060000	16070000	2
scaffold1	16070000	16080000	1
scaffold1	16080000	16090000	1
scaffold1	16090000	16100000	1
scaffold1	16100000	16110000	1
scaffold1	16110000	16120000	1
scaffold1	16120000	16130000	1
scaffold1	16130000	16140000	1
scaffold1	16140000	16150000	1
scaffold1	16150000	16160000	0
scaffold1	16160000	16170000	0
scaffold1	16170000	16180000	1
scaffold1	16180000	16190000	0
scaffold1	16190000	16200000	0
scaffold1	16200000	16210000	0
scaffold1	16210000	16220000	0
scaffold1	16220000	16230000	1
scaffold1	16230000	16240000	0
scaffold1	16240000	16250000	1
scaffold1	16250000	16260000	0
scaffold1	16260000	16270000	0
scaffold1	16270000	16280000	1
scaffold1	16280000	16290000	1
scaffold1	16290000	16300000	2
scaffold1	16300000	16310000	2
scaffold1	16310000	16320000	2
scaffold1	16320000	16330000	0
scaffold1	16330000	16340000	0
scaffold1	16340000	16350000	0
scaffold1	16350000	16360000	0
scaffold1	16360000	16370000	0
scaffold1	16370000	16380000	0
scaffold1	16380000	16390000	0
scaffold1	16390000	16400000	0
scaffold1	16400000	16410000	2
scaffold1	16410000	16420000	0
scaffold1	16420000	16430000	0
scaffold1	16430000	16440000	0
scaffold1	16440000	16450000	1
scaffold1	16450000	16460000	0
scaffold1	16460000	16470000	1
scaffold1	16470000	16480000	1
scaffold1	16480000	16490000	2
scaffold1	16490000	16500000	1
scaffold1	16500000	16510000	0
scaffold1	16510000	16520000	0
scaffold1	16520000	16530000	0
scaffold1	16530000	16540000	0
scaffold1	16540000	16550000	0
scaffold1	16550000	16560000	0
scaffold1	16560000	16570000	1
scaffold1	16570000	16580000	0
scaffold1	16580000	16590000	3
scaffold1	16590000	16600000	1
scaffold1	16600000	16610000	2
scaffold1	16610000	16620000	0
scaffold1	16620000	16630000	1
scaffold1	16630000	16640000	2
scaffold1	16640000	16650000	3
scaffold1	16650000	16660000	2
scaffold1	16660000	16670000	1
scaffold1	16670000	16680000	1
scaffold1	16680000	16690000	2
scaffold1	16690000	16700000	1
scaffold1	16700000	16710000	2
scaffold1	16710000	16720000	1
scaffold1	16720000	16730000	1
scaffold1	16730000	16740000	2
scaffold1	16740000	16750000	1
scaffold1	16750000	16760000	0
scaffold1	16760000	16770000	3
scaffold1	16770000	16780000	2
scaffold1	16780000	16790000	1
scaffold1	16790000	16800000	1
scaffold1	16800000	16810000	1
scaffold1	16810000	16820000	1
scaffold1	16820000	16830000	1
scaffold1	16830000	16840000	1
scaffold1	16840000	16850000	1
scaffold1	16850000	16860000	0
scaffold1	16860000	16870000	0
scaffold1	16870000	16880000	0
scaffold1	16880000	16890000	1
scaffold1	16890000	16900000	2
scaffold1	16900000	16910000	2
scaffold1	16910000	16920000	3
scaffold1	16920000	16930000	0
scaffold1	16930000	16940000	2
scaffold1	16940000	16950000	1
scaffold1	16950000	16960000	1
scaffold1	16960000	16970000	1
scaffold1	16970000	16980000	1
scaffold1	16980000	16990000	0
scaffold1	16990000	17000000	0
scaffold1	17000000	17010000	0
scaffold1	17010000	17020000	0
scaffold1	17020000	17030000	1
scaffold1	17030000	17040000	0
scaffold1	17040000	17050000	1
scaffold1	17050000	17060000	1
scaffold1	17060000	17070000	0
scaffold1	17070000	17080000	0
scaffold1	17080000	17090000	1
scaffold1	17090000	17100000	2
scaffold1	17100000	17110000	2
scaffold1	17110000	17120000	2
scaffold1	17120000	17130000	1
scaffold1	17130000	17140000	1
scaffold1	17140000	17150000	2
scaffold1	17150000	17160000	1
scaffold1	17160000	17170000	1
scaffold1	17170000	17180000	2
scaffold1	17180000	17190000	2
scaffold1	17190000	17200000	2
scaffold1	17200000	17210000	1
scaffold1	17210000	17220000	1
scaffold1	17220000	17230000	1
scaffold1	17230000	17240000	1
scaffold1	17240000	17250000	1
scaffold1	17250000	17260000	1
scaffold1	17260000	17270000	2
scaffold1	17270000	17280000	2
scaffold1	17280000	17290000	1
scaffold1	17290000	17300000	1
scaffold1	17300000	17310000	1
scaffold1	17310000	17320000	2
scaffold1	17320000	17330000	1
scaffold1	17330000	17340000	0
scaffold1	17340000	17350000	0
scaffold1	17350000	17360000	0
scaffold1	17360000	17370000	0
scaffold1	17370000	17380000	1
scaffold1	17380000	17390000	1
scaffold1	17390000	17400000	1
scaffold1	17400000	17410000	1
scaffold1	17410000	17420000	2
scaffold1	17420000	17430000	2
scaffold1	17430000	17440000	1
scaffold1	17440000	17450000	0
scaffold1	17450000	17460000	0
scaffold1	17460000	17470000	1
scaffold1	17470000	17480000	2
scaffold1	17480000	17490000	1
scaffold1	17490000	17500000	2
scaffold1	17500000	17510000	2
scaffold1	17510000	17520000	2
scaffold1	17520000	17530000	2
scaffold1	17530000	17540000	1
scaffold1	17540000	17550000	1
scaffold1	17550000	17560000	1
scaffold1	17560000	17570000	0
scaffold1	17570000	17580000	0
scaffold1	17580000	17590000	0
scaffold1	17590000	17600000	1
scaffold1	17600000	17610000	1
scaffold1	17610000	17620000	1
scaffold1	17620000	17630000	1
scaffold1	17630000	17640000	2
scaffold1	17640000	17650000	1
scaffold1	17650000	17660000	2
scaffold1	17660000	17670000	1
scaffold1	17670000	17680000	2
scaffold1	17680000	17690000	0
scaffold1	17690000	17700000	0
scaffold1	17700000	17710000	0
scaffold1	17710000	17720000	3
scaffold1	17720000	17730000	2
scaffold1	17730000	17740000	1
scaffold1	17740000	17750000	1
scaffold1	17750000	17760000	3
scaffold1	17760000	17770000	2
scaffold1	17770000	17780000	2
scaffold1	17780000	17790000	1
scaffold1	17790000	17800000	2
scaffold1	17800000	17810000	1
scaffold1	17810000	17820000	0
scaffold1	17820000	17830000	2
scaffold1	17830000	17840000	1
scaffold1	17840000	17850000	2
scaffold1	17850000	17860000	1
scaffold1	17860000	17870000	1
scaffold1	17870000	17880000	2
scaffold1	17880000	17890000	0
scaffold1	17890000	17900000	3
scaffold1	17900000	17910000	2
scaffold1	17910000	17920000	1
scaffold1	17920000	17930000	1
scaffold1	17930000	17940000	2
scaffold1	17940000	17950000	2
scaffold1	17950000	17960000	2
scaffold1	17960000	17970000	2
scaffold1	17970000	17980000	1
scaffold1	17980000	17990000	1
scaffold1	17990000	18000000	1
scaffold1	18000000	18010000	2
scaffold1	18010000	18020000	1
scaffold1	18020000	18030000	1
scaffold1	18030000	18040000	1
scaffold1	18040000	18050000	1
scaffold1	18050000	18060000	2
scaffold1	18060000	18070000	3
scaffold1	18070000	18080000	1
scaffold1	18080000	18090000	1
scaffold1	18090000	18100000	0
scaffold1	18100000	18110000	0
scaffold1	18110000	18120000	0
scaffold1	18120000	18130000	0
scaffold1	18130000	18140000	1
scaffold1	18140000	18150000	0
scaffold1	18150000	18160000	0
scaffold1	18160000	18170000	0
scaffold1	18170000	18180000	0
scaffold1	18180000	18190000	0
scaffold1	18190000	18200000	1
scaffold1	18200000	18210000	1
scaffold1	18210000	18220000	0
scaffold1	18220000	18230000	0
scaffold1	18230000	18240000	0
scaffold1	18240000	18250000	0
scaffold1	18250000	18260000	1
scaffold1	18260000	18270000	3
scaffold1	18270000	18280000	1
scaffold1	18280000	18290000	1
scaffold1	18290000	18300000	1
scaffold1	18300000	18310000	1
scaffold1	18310000	18320000	1
scaffold1	18320000	18330000	1
scaffold1	18330000	18340000	1
scaffold1	18340000	18350000	1
scaffold1	18350000	18360000	0
scaffold1	18360000	18370000	0
scaffold1	18370000	18380000	0
scaffold1	18380000	18390000	1
scaffold1	18390000	18400000	0
scaffold1	18400000	18410000	0
scaffold1	18410000	18420000	0
scaffold1	18420000	18430000	2
scaffold1	18430000	18440000	2
scaffold1	18440000	18450000	2
scaffold1	18450000	18460000	1
scaffold1	18460000	18470000	0
scaffold1	18470000	18480000	1
scaffold1	18480000	18490000	1
scaffold1	18490000	18500000	1
scaffold1	18500000	18510000	1
scaffold1	18510000	18520000	1
scaffold1	18520000	18530000	2
scaffold1	18530000	18540000	2
scaffold1	18540000	18550000	3
scaffold1	18550000	18560000	2
scaffold1	18560000	18570000	1
scaffold1	18570000	18580000	1
scaffold1	18580000	18590000	1
scaffold1	18590000	18600000	2
scaffold1	18600000	18610000	1
scaffold1	18610000	18620000	3
scaffold1	18620000	18630000	1
scaffold1	18630000	18640000	1
scaffold1	18640000	18650000	0
scaffold1	18650000	18660000	0
scaffold1	18660000	18670000	0
scaffold1	18670000	18680000	1
scaffold1	18680000	18690000	0
scaffold1	18690000	18700000	0
scaffold1	18700000	18710000	0
scaffold1	18710000	18720000	0
scaffold1	18720000	18730000	1
scaffold1	18730000	18740000	1
scaffold1	18740000	18750000	1
scaffold1	18750000	18760000	1
scaffold1	18760000	18770000	2
scaffold1	18770000	18780000	0
scaffold1	18780000	18790000	0
scaffold1	18790000	18800000	0
scaffold1	18800000	18810000	0
scaffold1	18810000	18820000	1
scaffold1	18820000	18830000	0
scaffold1	18830000	18840000	0
scaffold1	18840000	18850000	1
scaffold1	18850000	18860000	1
scaffold1	18860000	18870000	2
scaffold1	18870000	18880000	1
scaffold1	18880000	18890000	1
scaffold1	18890000	18900000	2
scaffold1	18900000	18910000	3
scaffold1	18910000	18920000	2
scaffold1	18920000	18930000	1
scaffold1	18930000	18940000	1
scaffold1	18940000	18950000	1
scaffold1	18950000	18960000	1
scaffold1	18960000	18970000	1
scaffold1	18970000	18980000	2
scaffold1	18980000	18990000	1
scaffold1	18990000	19000000	3
scaffold1	19000000	19010000	1
scaffold1	19010000	19020000	0
scaffold1	19020000	19030000	0
scaffold1	19030000	19040000	0
scaffold1	19040000	19050000	0
scaffold1	19050000	19060000	0
scaffold1	19060000	19070000	0
scaffold1	19070000	19080000	0
scaffold1	19080000	19090000	0
scaffold1	19090000	19100000	0
scaffold1	19100000	19110000	1
scaffold1	19110000	19120000	1
scaffold1	19120000	19130000	0
scaffold1	19130000	19140000	0
scaffold1	19140000	19150000	0
scaffold1	19150000	19160000	0
scaffold1	19160000	19170000	0
scaffold1	19170000	19180000	0
scaffold1	19180000	19190000	0
scaffold1	19190000	19200000	0
scaffold1	19200000	19210000	1
scaffold1	19210000	19220000	0
scaffold1	19220000	19230000	0
scaffold1	19230000	19240000	0
scaffold1	19240000	19250000	1
scaffold1	19250000	19260000	0
scaffold1	19260000	19270000	1
scaffold1	19270000	19280000	2
scaffold1	19280000	19290000	2
scaffold1	19290000	19300000	2
scaffold1	19300000	19310000	1
scaffold1	19310000	19320000	1
scaffold1	19320000	19330000	0
scaffold1	19330000	19340000	1
scaffold1	19340000	19350000	1
scaffold1	19350000	19360000	2
scaffold1	19360000	19370000	1
scaffold1	19370000	19380000	2
scaffold1	19380000	19390000	2
scaffold1	19390000	19400000	0
scaffold1	19400000	19410000	0
scaffold1	19410000	19420000	0
scaffold1	19420000	19430000	0
scaffold1	19430000	19440000	1
scaffold1	19440000	19450000	1
scaffold1	19450000	19460000	2
scaffold1	19460000	19470000	1
scaffold1	19470000	19480000	1
scaffold1	19480000	19490000	1
scaffold1	19490000	19500000	1
scaffold1	19500000	19510000	2
scaffold1	19510000	19520000	2
scaffold1	19520000	19530000	2
scaffold1	19530000	19540000	2
scaffold1	19540000	19550000	2
scaffold1	19550000	19560000	1
scaffold1	19560000	19570000	2
scaffold1	19570000	19580000	0
scaffold1	19580000	19590000	0
scaffold1	19590000	19600000	1
scaffold1	19600000	19610000	2
scaffold1	19610000	19620000	1
scaffold1	19620000	19630000	1
scaffold1	19630000	19640000	1
scaffold1	19640000	19650000	2
scaffold1	19650000	19660000	1
scaffold1	19660000	19670000	0
scaffold1	19670000	19680000	3
scaffold1	19680000	19690000	1
scaffold1	19690000	19700000	1
scaffold1	19700000	19710000	1
scaffold1	19710000	19720000	1
scaffold1	19720000	19730000	1
scaffold1	19730000	19740000	0
scaffold1	19740000	19750000	1
scaffold1	19750000	19760000	1
scaffold1	19760000	19770000	0
scaffold1	19770000	19780000	0
scaffold1	19780000	19790000	0
scaffold1	19790000	19800000	0
scaffold1	19800000	19810000	0
scaffold1	19810000	19820000	0
scaffold1	19820000	19830000	1
scaffold1	19830000	19840000	1
scaffold1	19840000	19850000	0
scaffold1	19850000	19860000	0
scaffold1	19860000	19870000	0
scaffold1	19870000	19880000	1
scaffold1	19880000	19890000	0
scaffold1	19890000	19900000	0
scaffold1	19900000	19910000	0
scaffold1	19910000	19920000	1
scaffold1	19920000	19930000	1
scaffold1	19930000	19940000	2
scaffold1	19940000	19950000	1
scaffold1	19950000	19960000	0
scaffold1	19960000	19970000	0
scaffold1	19970000	19980000	0
scaffold1	19980000	19990000	1
scaffold1	19990000	20000000	1
scaffold1	20000000	20010000	1
scaffold1	20010000	20020000	0
scaffold1	20020000	20030000	1
scaffold1	20030000	20040000	2
scaffold1	20040000	20050000	1
scaffold1	20050000	20060000	2
scaffold1	20060000	20070000	1
scaffold1	20070000	20080000	3
scaffold1	20080000	20090000	1
scaffold1	20090000	20100000	2
scaffold1	20100000	20110000	0
scaffold1	20110000	20120000	0
scaffold1	20120000	20130000	0
scaffold1	20130000	20140000	1
scaffold1	20140000	20150000	1
scaffold1	20150000	20160000	1
scaffold1	20160000	20170000	1
scaffold1	20170000	20180000	0
scaffold1	20180000	20190000	1
scaffold1	20190000	20200000	1
scaffold1	20200000	20210000	0
scaffold1	20210000	20220000	1
scaffold1	20220000	20230000	1
scaffold1	20230000	20240000	0
scaffold1	20240000	20250000	1
scaffold1	20250000	20260000	0
scaffold1	20260000	20270000	0
scaffold1	20270000	20280000	0
scaffold1	20280000	20290000	0
scaffold1	20290000	20300000	0
scaffold1	20300000	20310000	0
scaffold1	20310000	20320000	1
scaffold1	20320000	20330000	1
scaffold1	20330000	20340000	1
scaffold1	20340000	20350000	2
scaffold1	20350000	20360000	5
scaffold1	20360000	20370000	3
scaffold1	20370000	20380000	1
scaffold1	20380000	20390000	2
scaffold1	20390000	20400000	1
scaffold1	20400000	20410000	1
scaffold1	20410000	20420000	2
scaffold1	20420000	20430000	1
scaffold1	20430000	20440000	1
scaffold1	20440000	20450000	2
scaffold1	20450000	20460000	3
scaffold1	20460000	20470000	0
scaffold1	20470000	20480000	0
scaffold1	20480000	20490000	1
scaffold1	20490000	20500000	1
scaffold1	20500000	20510000	1
scaffold1	20510000	20520000	1
scaffold1	20520000	20530000	1
scaffold1	20530000	20540000	1
scaffold1	20540000	20550000	1
scaffold1	20550000	20560000	1
scaffold1	20560000	20570000	1
scaffold1	20570000	20580000	1
scaffold1	20580000	20590000	1
scaffold1	20590000	20600000	1
scaffold1	20600000	20610000	1
scaffold1	20610000	20620000	2
scaffold1	20620000	20630000	1
scaffold1	20630000	20640000	1
scaffold1	20640000	20650000	0
scaffold1	20650000	20660000	0
scaffold1	20660000	20670000	0
scaffold1	20670000	20680000	0
scaffold1	20680000	20690000	0
scaffold1	20690000	20700000	2
scaffold1	20700000	20710000	1
scaffold1	20710000	20720000	1
scaffold1	20720000	20730000	1
scaffold1	20730000	20740000	3
scaffold1	20740000	20750000	2
scaffold1	20750000	20760000	3
scaffold1	20760000	20770000	1
scaffold1	20770000	20780000	1
scaffold1	20780000	20790000	1
scaffold1	20790000	20800000	0
scaffold1	20800000	20810000	0
scaffold1	20810000	20820000	0
scaffold1	20820000	20830000	0
scaffold1	20830000	20840000	1
scaffold1	20840000	20850000	1
scaffold1	20850000	20860000	1
scaffold1	20860000	20870000	1
scaffold1	20870000	20880000	2
scaffold1	20880000	20890000	2
scaffold1	20890000	20900000	2
scaffold1	20900000	20910000	1
scaffold1	20910000	20920000	1
scaffold1	20920000	20930000	1
scaffold1	20930000	20940000	1
scaffold1	20940000	20950000	1
scaffold1	20950000	20960000	1
scaffold1	20960000	20970000	1
scaffold1	20970000	20980000	1
scaffold1	20980000	20990000	1
scaffold1	20990000	21000000	1
scaffold1	21000000	21010000	2
scaffold1	21010000	21020000	1
scaffold1	21020000	21030000	1
scaffold1	21030000	21040000	1
scaffold1	21040000	21050000	2
scaffold1	21050000	21060000	2
scaffold1	21060000	21070000	1
scaffold1	21070000	21080000	2
scaffold1	21080000	21090000	2
scaffold1	21090000	21100000	1
scaffold1	21100000	21110000	1
scaffold1	21110000	21120000	1
scaffold1	21120000	21130000	2
scaffold1	21130000	21140000	1
scaffold1	21140000	21150000	0
scaffold1	21150000	21160000	0
scaffold1	21160000	21170000	1
scaffold1	21170000	21180000	0
scaffold1	21180000	21190000	1
scaffold1	21190000	21200000	1
scaffold1	21200000	21210000	1
scaffold1	21210000	21220000	0
scaffold1	21220000	21230000	1
scaffold1	21230000	21240000	2
scaffold1	21240000	21250000	0
scaffold1	21250000	21260000	1
scaffold1	21260000	21270000	1
scaffold1	21270000	21280000	2
scaffold1	21280000	21290000	2
scaffold1	21290000	21300000	2
scaffold1	21300000	21310000	0
scaffold1	21310000	21320000	0
scaffold1	21320000	21330000	0
scaffold1	21330000	21340000	1
scaffold1	21340000	21350000	1
scaffold1	21350000	21360000	2
scaffold1	21360000	21370000	0
scaffold1	21370000	21380000	2
scaffold1	21380000	21390000	1
scaffold1	21390000	21400000	2
scaffold1	21400000	21410000	0
scaffold1	21410000	21420000	1
scaffold1	21420000	21430000	1
scaffold1	21430000	21440000	2
scaffold1	21440000	21450000	3
scaffold1	21450000	21460000	1
scaffold1	21460000	21470000	0
scaffold1	21470000	21480000	0
scaffold1	21480000	21490000	1
scaffold1	21490000	21500000	1
scaffold1	21500000	21510000	1
scaffold1	21510000	21520000	2
scaffold1	21520000	21530000	1
scaffold1	21530000	21540000	1
scaffold1	21540000	21550000	0
scaffold1	21550000	21560000	0
scaffold1	21560000	21570000	0
scaffold1	21570000	21580000	0
scaffold1	21580000	21590000	0
scaffold1	21590000	21600000	0
scaffold1	21600000	21610000	0
scaffold1	21610000	21620000	1
scaffold1	21620000	21630000	1
scaffold1	21630000	21640000	2
scaffold1	21640000	21650000	0
scaffold1	21650000	21660000	0
scaffold1	21660000	21670000	1
scaffold1	21670000	21680000	1
scaffold1	21680000	21690000	1
scaffold1	21690000	21700000	1
scaffold1	21700000	21710000	2
scaffold1	21710000	21720000	1
scaffold1	21720000	21730000	1
scaffold1	21730000	21740000	1
scaffold1	21740000	21750000	2
scaffold1	21750000	21760000	1
scaffold1	21760000	21770000	1
scaffold1	21770000	21780000	2
scaffold1	21780000	21790000	1
scaffold1	21790000	21800000	2
scaffold1	21800000	21810000	1
scaffold1	21810000	21820000	0
scaffold1	21820000	21830000	0
scaffold1	21830000	21840000	1
scaffold1	21840000	21850000	1
scaffold1	21850000	21860000	0
scaffold1	21860000	21870000	0
scaffold1	21870000	21880000	2
scaffold1	21880000	21890000	1
scaffold1	21890000	21900000	2
scaffold1	21900000	21910000	1
scaffold1	21910000	21920000	1
scaffold1	21920000	21930000	1
scaffold1	21930000	21940000	1
scaffold1	21940000	21950000	1
scaffold1	21950000	21960000	0
scaffold1	21960000	21970000	0
scaffold1	21970000	21980000	0
scaffold1	21980000	21990000	0
scaffold1	21990000	22000000	0
scaffold1	22000000	22010000	0
scaffold1	22010000	22020000	0
scaffold1	22020000	22030000	0
scaffold1	22030000	22040000	0
scaffold1	22040000	22050000	0
scaffold1	22050000	22060000	0
scaffold1	22060000	22070000	0
scaffold1	22070000	22080000	0
scaffold1	22080000	22090000	0
scaffold1	22090000	22100000	1
scaffold1	22100000	22110000	3
scaffold1	22110000	22120000	2
scaffold1	22120000	22130000	1
scaffold1	22130000	22140000	1
scaffold1	22140000	22150000	0
scaffold1	22150000	22160000	0
scaffold1	22160000	22170000	0
scaffold1	22170000	22180000	0
scaffold1	22180000	22190000	1
scaffold1	22190000	22200000	1
scaffold1	22200000	22210000	1
scaffold1	22210000	22220000	2
scaffold1	22220000	22230000	1
scaffold1	22230000	22240000	0
scaffold1	22240000	22250000	0
scaffold1	22250000	22260000	1
scaffold1	22260000	22270000	1
scaffold1	22270000	22280000	1
scaffold1	22280000	22290000	0
scaffold1	22290000	22300000	0
scaffold1	22300000	22310000	1
scaffold1	22310000	22320000	2
scaffold1	22320000	22330000	0
scaffold1	22330000	22340000	0
scaffold1	22340000	22350000	0
scaffold1	22350000	22360000	0
scaffold1	22360000	22370000	0
scaffold1	22370000	22380000	0
scaffold1	22380000	22390000	2
scaffold1	22390000	22400000	0
scaffold1	22400000	22410000	0
scaffold1	22410000	22420000	0
scaffold1	22420000	22430000	0
scaffold1	22430000	22440000	0
scaffold1	22440000	22450000	0
scaffold1	22450000	22460000	0
scaffold1	22460000	22470000	0
scaffold1	22470000	22480000	0
scaffold1	22480000	22490000	0
scaffold1	22490000	22500000	1
scaffold1	22500000	22510000	1
scaffold1	22510000	22520000	0
scaffold1	22520000	22530000	0
scaffold1	22530000	22540000	0
scaffold1	22540000	22550000	1
scaffold1	22550000	22560000	0
scaffold1	22560000	22570000	0
scaffold1	22570000	22580000	0
scaffold1	22580000	22590000	0
scaffold1	22590000	22600000	1
scaffold1	22600000	22610000	0
scaffold1	22610000	22620000	3
scaffold1	22620000	22630000	1
scaffold1	22630000	22640000	0
scaffold1	22640000	22650000	0
scaffold1	22650000	22660000	0
scaffold1	22660000	22670000	0
scaffold1	22670000	22680000	0
scaffold1	22680000	22690000	1
scaffold1	22690000	22700000	0
scaffold1	22700000	22710000	0
scaffold1	22710000	22720000	0
scaffold1	22720000	22730000	0
scaffold1	22730000	22740000	0
scaffold1	22740000	22750000	0
scaffold1	22750000	22760000	0
scaffold1	22760000	22770000	0
scaffold1	22770000	22780000	0
scaffold1	22780000	22790000	1
scaffold1	22790000	22800000	0
scaffold1	22800000	22810000	0
scaffold1	22810000	22820000	0
scaffold1	22820000	22830000	0
scaffold1	22830000	22840000	0
scaffold1	22840000	22850000	0
scaffold1	22850000	22860000	0
scaffold1	22860000	22870000	0
scaffold1	22870000	22880000	0
scaffold1	22880000	22890000	0
scaffold1	22890000	22900000	0
scaffold1	22900000	22910000	0
scaffold1	22910000	22920000	2
scaffold1	22920000	22930000	0
scaffold1	22930000	22940000	0
scaffold1	22940000	22950000	0
scaffold1	22950000	22960000	0
scaffold1	22960000	22970000	1
scaffold1	22970000	22980000	1
scaffold1	22980000	22990000	1
scaffold1	22990000	23000000	2
scaffold1	23000000	23010000	1
scaffold1	23010000	23020000	1
scaffold1	23020000	23030000	1
scaffold1	23030000	23040000	1
scaffold1	23040000	23050000	1
scaffold1	23050000	23060000	0
scaffold1	23060000	23070000	1
scaffold1	23070000	23080000	2
scaffold1	23080000	23090000	0
scaffold1	23090000	23100000	0
scaffold1	23100000	23110000	2
scaffold1	23110000	23120000	1
scaffold1	23120000	23130000	1
scaffold1	23130000	23140000	1
scaffold1	23140000	23150000	1
scaffold1	23150000	23160000	1
scaffold1	23160000	23170000	1
scaffold1	23170000	23180000	1
scaffold1	23180000	23190000	1
scaffold1	23190000	23200000	1
scaffold1	23200000	23210000	0
scaffold1	23210000	23220000	0
scaffold1	23220000	23230000	0
scaffold1	23230000	23240000	1
scaffold1	23240000	23250000	0
scaffold1	23250000	23260000	0
scaffold1	23260000	23270000	0
scaffold1	23270000	23280000	0
scaffold1	23280000	23290000	0
scaffold1	23290000	23300000	0
scaffold1	23300000	23310000	0
scaffold1	23310000	23320000	0
scaffold1	23320000	23330000	0
scaffold1	23330000	23340000	0
scaffold1	23340000	23350000	0
scaffold1	23350000	23360000	0
scaffold1	23360000	23370000	0
scaffold1	23370000	23380000	0
scaffold1	23380000	23390000	0
scaffold1	23390000	23400000	0
scaffold1	23400000	23410000	0
scaffold1	23410000	23420000	0
scaffold1	23420000	23430000	0
scaffold1	23430000	23440000	0
scaffold1	23440000	23450000	0
scaffold1	23450000	23460000	0
scaffold1	23460000	23470000	0
scaffold1	23470000	23480000	0
scaffold1	23480000	23490000	0
scaffold1	23490000	23500000	0
scaffold1	23500000	23510000	0
scaffold1	23510000	23520000	0
scaffold1	23520000	23530000	0
scaffold1	23530000	23540000	0
scaffold1	23540000	23550000	0
scaffold1	23550000	23560000	0
scaffold1	23560000	23570000	1
scaffold1	23570000	23580000	1
scaffold1	23580000	23590000	0
scaffold1	23590000	23600000	3
scaffold1	23600000	23610000	1
scaffold1	23610000	23620000	1
scaffold1	23620000	23630000	0
scaffold1	23630000	23640000	0
scaffold1	23640000	23650000	1
scaffold1	23650000	23660000	3
scaffold1	23660000	23670000	0
scaffold1	23670000	23680000	0
scaffold1	23680000	23690000	0
scaffold1	23690000	23700000	0
scaffold1	23700000	23710000	0
scaffold1	23710000	23720000	0
scaffold1	23720000	23730000	0
scaffold1	23730000	23740000	0
scaffold1	23740000	23750000	0
scaffold1	23750000	23760000	0
scaffold1	23760000	23770000	0
scaffold1	23770000	23780000	0
scaffold1	23780000	23790000	0
scaffold1	23790000	23800000	0
scaffold1	23800000	23810000	1
scaffold1	23810000	23820000	0
scaffold1	23820000	23830000	0
scaffold1	23830000	23840000	0
scaffold1	23840000	23850000	0
scaffold1	23850000	23860000	0
scaffold1	23860000	23870000	0
scaffold1	23870000	23880000	0
scaffold1	23880000	23890000	0
scaffold1	23890000	23900000	1
scaffold1	23900000	23910000	0
scaffold1	23910000	23920000	0
scaffold1	23920000	23930000	1
scaffold1	23930000	23940000	0
scaffold1	23940000	23950000	1
scaffold1	23950000	23960000	4
scaffold1	23960000	23970000	0
scaffold1	23970000	23980000	0
scaffold1	23980000	23990000	0
scaffold1	23990000	24000000	0
scaffold1	24000000	24010000	1
scaffold1	24010000	24020000	0
scaffold1	24020000	24030000	0
scaffold1	24030000	24040000	0
scaffold1	24040000	24050000	0
scaffold1	24050000	24060000	1
scaffold1	24060000	24070000	1
scaffold1	24070000	24080000	1
scaffold1	24080000	24090000	0
scaffold1	24090000	24100000	0
scaffold1	24100000	24110000	0
scaffold1	24110000	24120000	0
scaffold1	24120000	24130000	0
scaffold1	24130000	24140000	1
scaffold1	24140000	24150000	0
scaffold1	24150000	24160000	1
scaffold1	24160000	24170000	1
scaffold1	24170000	24180000	0
scaffold1	24180000	24190000	0
scaffold1	24190000	24200000	0
scaffold1	24200000	24210000	0
scaffold1	24210000	24220000	0
scaffold1	24220000	24230000	0
scaffold1	24230000	24240000	0
scaffold1	24240000	24250000	0
scaffold1	24250000	24260000	1
scaffold1	24260000	24270000	0
scaffold1	24270000	24280000	0
scaffold1	24280000	24290000	0
scaffold1	24290000	24300000	0
scaffold1	24300000	24310000	0
scaffold1	24310000	24320000	0
scaffold1	24320000	24330000	0
scaffold1	24330000	24340000	0
scaffold1	24340000	24350000	0
scaffold1	24350000	24360000	0
scaffold1	24360000	24370000	0
scaffold1	24370000	24380000	0
scaffold1	24380000	24390000	0
scaffold1	24390000	24400000	0
scaffold1	24400000	24410000	0
scaffold1	24410000	24420000	2
scaffold1	24420000	24430000	0
scaffold1	24430000	24440000	0
scaffold1	24440000	24450000	0
scaffold1	24450000	24460000	0
scaffold1	24460000	24470000	0
scaffold1	24470000	24480000	0
scaffold1	24480000	24490000	0
scaffold1	24490000	24500000	1
scaffold1	24500000	24510000	0
scaffold1	24510000	24520000	0
scaffold1	24520000	24530000	0
scaffold1	24530000	24540000	0
scaffold1	24540000	24550000	0
scaffold1	24550000	24560000	0
scaffold1	24560000	24570000	0
scaffold1	24570000	24580000	1
scaffold1	24580000	24590000	0
scaffold1	24590000	24600000	0
scaffold1	24600000	24610000	0
scaffold1	24610000	24620000	0
scaffold1	24620000	24630000	0
scaffold1	24630000	24640000	0
scaffold1	24640000	24650000	0
scaffold1	24650000	24660000	0
scaffold1	24660000	24670000	1
scaffold1	24670000	24680000	0
scaffold1	24680000	24690000	0
scaffold1	24690000	24700000	1
scaffold1	24700000	24710000	0
scaffold1	24710000	24720000	0
scaffold1	24720000	24730000	0
scaffold1	24730000	24740000	0
scaffold1	24740000	24750000	0
scaffold1	24750000	24760000	0
scaffold1	24760000	24770000	0
scaffold1	24770000	24780000	0
scaffold1	24780000	24790000	1
scaffold1	24790000	24800000	1
scaffold1	24800000	24810000	1
scaffold1	24810000	24820000	0
scaffold1	24820000	24830000	0
scaffold1	24830000	24840000	0
scaffold1	24840000	24850000	0
scaffold1	24850000	24860000	0
scaffold1	24860000	24870000	0
scaffold1	24870000	24880000	1
scaffold1	24880000	24890000	1
scaffold1	24890000	24900000	0
scaffold1	24900000	24910000	1
scaffold1	24910000	24920000	1
scaffold1	24920000	24930000	3
scaffold1	24930000	24940000	1
scaffold1	24940000	24950000	0
scaffold1	24950000	24960000	0
scaffold1	24960000	24970000	0
scaffold1	24970000	24980000	2
scaffold1	24980000	24990000	0
scaffold1	24990000	25000000	0
scaffold1	25000000	25010000	2
scaffold1	25010000	25020000	0
scaffold1	25020000	25030000	0
scaffold1	25030000	25040000	0
scaffold1	25040000	25050000	1
scaffold1	25050000	25060000	1
scaffold1	25060000	25070000	1
scaffold1	25070000	25080000	2
scaffold1	25080000	25090000	1
scaffold1	25090000	25100000	0
scaffold1	25100000	25110000	0
scaffold1	25110000	25120000	0
scaffold1	25120000	25130000	0
scaffold1	25130000	25140000	1
scaffold1	25140000	25150000	2
scaffold1	25150000	25160000	1
scaffold1	25160000	25170000	1
scaffold1	25170000	25180000	2
scaffold1	25180000	25190000	1
scaffold1	25190000	25200000	2
scaffold1	25200000	25210000	1
scaffold1	25210000	25220000	2
scaffold1	25220000	25230000	1
scaffold1	25230000	25240000	1
scaffold1	25240000	25250000	1
scaffold1	25250000	25260000	1
scaffold1	25260000	25270000	2
scaffold1	25270000	25280000	1
scaffold1	25280000	25290000	1
scaffold1	25290000	25300000	1
scaffold1	25300000	25310000	1
scaffold1	25310000	25320000	2
scaffold1	25320000	25330000	1
scaffold1	25330000	25340000	0
scaffold1	25340000	25350000	2
scaffold1	25350000	25360000	2
scaffold1	25360000	25370000	1
scaffold1	25370000	25380000	1
scaffold1	25380000	25390000	1
scaffold1	25390000	25400000	0
scaffold1	25400000	25410000	1
scaffold1	25410000	25420000	0
scaffold1	25420000	25430000	1
scaffold1	25430000	25440000	1
scaffold1	25440000	25450000	1
scaffold1	25450000	25460000	0
scaffold1	25460000	25470000	0
scaffold1	25470000	25480000	0
scaffold1	25480000	25490000	0
scaffold1	25490000	25500000	0
scaffold1	25500000	25510000	0
scaffold1	25510000	25520000	0
scaffold1	25520000	25530000	0
scaffold1	25530000	25540000	1
scaffold1	25540000	25550000	0
scaffold1	25550000	25560000	0
scaffold1	25560000	25570000	1
scaffold1	25570000	25580000	1
scaffold1	25580000	25590000	2
scaffold1	25590000	25600000	1
scaffold1	25600000	25610000	1
scaffold1	25610000	25620000	1
scaffold1	25620000	25630000	2
scaffold1	25630000	25640000	2
scaffold1	25640000	25650000	1
scaffold1	25650000	25660000	2
scaffold1	25660000	25670000	0
scaffold1	25670000	25680000	1
scaffold1	25680000	25690000	1
scaffold1	25690000	25700000	1
scaffold1	25700000	25710000	1
scaffold1	25710000	25720000	0
scaffold1	25720000	25730000	2
scaffold1	25730000	25740000	2
scaffold1	25740000	25750000	1
scaffold1	25750000	25760000	1
scaffold1	25760000	25770000	2
scaffold1	25770000	25780000	1
scaffold1	25780000	25790000	1
scaffold1	25790000	25800000	2
scaffold1	25800000	25810000	1
scaffold1	25810000	25820000	0
scaffold1	25820000	25830000	0
scaffold1	25830000	25840000	0
scaffold1	25840000	25850000	0
scaffold1	25850000	25860000	0
scaffold1	25860000	25870000	1
scaffold1	25870000	25880000	1
scaffold1	25880000	25890000	2
scaffold1	25890000	25900000	1
scaffold1	25900000	25910000	1
scaffold1	25910000	25920000	2
scaffold1	25920000	25930000	0
scaffold1	25930000	25940000	0
scaffold1	25940000	25950000	0
scaffold1	25950000	25960000	0
scaffold1	25960000	25970000	0
scaffold1	25970000	25980000	0
scaffold1	25980000	25990000	0
scaffold1	25990000	26000000	0
scaffold1	26000000	26010000	0
scaffold1	26010000	26020000	0
scaffold1	26020000	26030000	0
scaffold1	26030000	26040000	0
scaffold1	26040000	26050000	0
scaffold1	26050000	26060000	1
scaffold1	26060000	26070000	1
scaffold1	26070000	26080000	1
scaffold1	26080000	26090000	1
scaffold1	26090000	26100000	1
scaffold1	26100000	26110000	0
scaffold1	26110000	26120000	0
scaffold1	26120000	26130000	1
scaffold1	26130000	26140000	1
scaffold1	26140000	26150000	1
scaffold1	26150000	26160000	1
scaffold1	26160000	26170000	2
scaffold1	26170000	26180000	0
scaffold1	26180000	26190000	0
scaffold1	26190000	26200000	1
scaffold1	26200000	26210000	2
scaffold1	26210000	26220000	1
scaffold1	26220000	26230000	2
scaffold1	26230000	26240000	1
scaffold1	26240000	26250000	1
scaffold1	26250000	26260000	2
scaffold1	26260000	26270000	3
scaffold1	26270000	26280000	2
scaffold1	26280000	26290000	1
scaffold1	26290000	26300000	1
scaffold1	26300000	26310000	1
scaffold1	26310000	26320000	1
scaffold1	26320000	26330000	1
scaffold1	26330000	26340000	1
scaffold1	26340000	26350000	1
scaffold1	26350000	26360000	1
scaffold1	26360000	26370000	1
scaffold1	26370000	26380000	2
scaffold1	26380000	26390000	1
scaffold1	26390000	26400000	2
scaffold1	26400000	26410000	1
scaffold1	26410000	26420000	2
scaffold1	26420000	26430000	2
scaffold1	26430000	26440000	2
scaffold1	26440000	26450000	1
scaffold1	26450000	26460000	0
scaffold1	26460000	26470000	0
scaffold1	26470000	26480000	1
scaffold1	26480000	26490000	1
scaffold1	26490000	26500000	2
scaffold1	26500000	26510000	1
scaffold1	26510000	26520000	1
scaffold1	26520000	26530000	1
scaffold1	26530000	26540000	1
scaffold1	26540000	26550000	1
scaffold1	26550000	26560000	1
scaffold1	26560000	26570000	1
scaffold1	26570000	26580000	2
scaffold1	26580000	26590000	1
scaffold1	26590000	26600000	1
scaffold1	26600000	26610000	0
scaffold1	26610000	26620000	0
scaffold1	26620000	26630000	0
scaffold1	26630000	26640000	1
scaffold1	26640000	26650000	2
scaffold1	26650000	26660000	2
scaffold1	26660000	26670000	1
scaffold1	26670000	26680000	1
scaffold1	26680000	26690000	1
scaffold1	26690000	26700000	2
scaffold1	26700000	26710000	2
scaffold1	26710000	26720000	2
scaffold1	26720000	26730000	1
scaffold1	26730000	26740000	2
scaffold1	26740000	26750000	1
scaffold1	26750000	26760000	2
scaffold1	26760000	26770000	1
scaffold1	26770000	26780000	3
scaffold1	26780000	26790000	1
scaffold1	26790000	26800000	2
scaffold1	26800000	26810000	1
scaffold1	26810000	26820000	0
scaffold1	26820000	26830000	0
scaffold1	26830000	26840000	0
scaffold1	26840000	26850000	0
scaffold1	26850000	26860000	1
scaffold1	26860000	26870000	0
scaffold1	26870000	26880000	0
scaffold1	26880000	26890000	1
scaffold1	26890000	26900000	1
scaffold1	26900000	26910000	1
scaffold1	26910000	26920000	1
scaffold1	26920000	26930000	2
scaffold1	26930000	26940000	0
scaffold1	26940000	26950000	2
scaffold1	26950000	26960000	2
scaffold1	26960000	26970000	1
scaffold1	26970000	26980000	2
scaffold1	26980000	26990000	1
scaffold1	26990000	27000000	0
scaffold1	27000000	27010000	0
scaffold1	27010000	27020000	0
scaffold1	27020000	27030000	1
scaffold1	27030000	27040000	2
scaffold1	27040000	27050000	1
scaffold1	27050000	27060000	1
scaffold1	27060000	27070000	0
scaffold1	27070000	27080000	0
scaffold1	27080000	27090000	1
scaffold1	27090000	27100000	0
scaffold1	27100000	27110000	0
scaffold1	27110000	27120000	0
scaffold1	27120000	27130000	1
scaffold1	27130000	27140000	0
scaffold1	27140000	27150000	0
scaffold1	27150000	27160000	0
scaffold1	27160000	27170000	1
scaffold1	27170000	27180000	1
scaffold1	27180000	27190000	1
scaffold1	27190000	27200000	1
scaffold1	27200000	27210000	2
scaffold1	27210000	27220000	2
scaffold1	27220000	27230000	0
scaffold1	27230000	27240000	0
scaffold1	27240000	27250000	0
scaffold1	27250000	27260000	0
scaffold1	27260000	27270000	1
scaffold1	27270000	27280000	1
scaffold1	27280000	27290000	4
scaffold1	27290000	27300000	3
scaffold1	27300000	27310000	1
scaffold1	27310000	27320000	1
scaffold1	27320000	27330000	1
scaffold1	27330000	27340000	2
scaffold1	27340000	27350000	1
scaffold1	27350000	27360000	1
scaffold1	27360000	27370000	1
scaffold1	27370000	27380000	1
scaffold1	27380000	27390000	1
scaffold1	27390000	27400000	1
scaffold1	27400000	27410000	2
scaffold1	27410000	27420000	1
scaffold1	27420000	27430000	1
scaffold1	27430000	27440000	2
scaffold1	27440000	27450000	1
scaffold1	27450000	27460000	1
scaffold1	27460000	27470000	0
scaffold1	27470000	27480000	0
scaffold1	27480000	27490000	0
scaffold1	27490000	27500000	0
scaffold1	27500000	27510000	0
scaffold1	27510000	27520000	2
scaffold1	27520000	27530000	1
scaffold1	27530000	27540000	0
scaffold1	27540000	27550000	0
scaffold1	27550000	27560000	0
scaffold1	27560000	27570000	0
scaffold1	27570000	27580000	1
scaffold1	27580000	27590000	0
scaffold1	27590000	27600000	0
scaffold1	27600000	27610000	0
scaffold1	27610000	27620000	0
scaffold1	27620000	27630000	0
scaffold1	27630000	27640000	0
scaffold1	27640000	27650000	0
scaffold1	27650000	27660000	1
scaffold1	27660000	27670000	1
scaffold1	27670000	27680000	2
scaffold1	27680000	27690000	0
scaffold1	27690000	27700000	0
scaffold1	27700000	27710000	0
scaffold1	27710000	27720000	1
scaffold1	27720000	27730000	1
scaffold1	27730000	27740000	1
scaffold1	27740000	27750000	1
scaffold1	27750000	27760000	1
scaffold1	27760000	27770000	1
scaffold1	27770000	27780000	0
scaffold1	27780000	27790000	1
scaffold1	27790000	27800000	1
scaffold1	27800000	27810000	2
scaffold1	27810000	27820000	2
scaffold1	27820000	27830000	1
scaffold1	27830000	27840000	1
scaffold1	27840000	27850000	2
scaffold1	27850000	27860000	1
scaffold1	27860000	27870000	1
scaffold1	27870000	27880000	1
scaffold1	27880000	27890000	1
scaffold1	27890000	27900000	1
scaffold1	27900000	27910000	1
scaffold1	27910000	27920000	3
scaffold1	27920000	27930000	2
scaffold1	27930000	27940000	2
scaffold1	27940000	27950000	1
scaffold1	27950000	27960000	2
scaffold1	27960000	27970000	1
scaffold1	27970000	27980000	1
scaffold1	27980000	27990000	1
scaffold1	27990000	28000000	1
scaffold1	28000000	28010000	1
scaffold1	28010000	28020000	1
scaffold1	28020000	28030000	1
scaffold1	28030000	28040000	1
scaffold1	28040000	28050000	1
scaffold1	28050000	28060000	1
scaffold1	28060000	28070000	2
scaffold1	28070000	28080000	1
scaffold1	28080000	28090000	1
scaffold1	28090000	28100000	1
scaffold1	28100000	28110000	1
scaffold1	28110000	28120000	1
scaffold1	28120000	28130000	0
scaffold1	28130000	28140000	0
scaffold1	28140000	28150000	0
scaffold1	28150000	28160000	0
scaffold1	28160000	28170000	0
scaffold1	28170000	28180000	0
scaffold1	28180000	28190000	0
scaffold1	28190000	28200000	0
scaffold1	28200000	28210000	0
scaffold1	28210000	28220000	0
scaffold1	28220000	28230000	0
scaffold1	28230000	28240000	0
scaffold1	28240000	28250000	0
scaffold1	28250000	28260000	0
scaffold1	28260000	28270000	2
scaffold1	28270000	28280000	2
scaffold1	28280000	28290000	1
scaffold1	28290000	28300000	3
scaffold1	28300000	28310000	1
scaffold1	28310000	28320000	1
scaffold1	28320000	28330000	2
scaffold1	28330000	28340000	1
scaffold1	28340000	28350000	2
scaffold1	28350000	28360000	0
scaffold1	28360000	28370000	0
scaffold1	28370000	28380000	0
scaffold1	28380000	28390000	1
scaffold1	28390000	28400000	1
scaffold1	28400000	28410000	0
scaffold1	28410000	28420000	0
scaffold1	28420000	28430000	0
scaffold1	28430000	28440000	1
scaffold1	28440000	28450000	1
scaffold1	28450000	28460000	1
scaffold1	28460000	28470000	0
scaffold1	28470000	28480000	2
scaffold1	28480000	28490000	3
scaffold1	28490000	28500000	2
scaffold1	28500000	28510000	1
scaffold1	28510000	28520000	1
scaffold1	28520000	28530000	0
scaffold1	28530000	28540000	0
scaffold1	28540000	28550000	0
scaffold1	28550000	28560000	0
scaffold1	28560000	28570000	2
scaffold1	28570000	28580000	1
scaffold1	28580000	28590000	1
scaffold1	28590000	28600000	1
scaffold1	28600000	28610000	0
scaffold1	28610000	28620000	1
scaffold1	28620000	28630000	0
scaffold1	28630000	28640000	0
scaffold1	28640000	28650000	1
scaffold1	28650000	28660000	2
scaffold1	28660000	28670000	1
scaffold1	28670000	28680000	1
scaffold1	28680000	28690000	1
scaffold1	28690000	28700000	0
scaffold1	28700000	28710000	1
scaffold1	28710000	28720000	2
scaffold1	28720000	28730000	1
scaffold1	28730000	28740000	1
scaffold1	28740000	28750000	0
scaffold1	28750000	28760000	0
scaffold1	28760000	28770000	0
scaffold1	28770000	28780000	0
scaffold1	28780000	28790000	1
scaffold1	28790000	28800000	2
scaffold1	28800000	28810000	0
scaffold1	28810000	28820000	1
scaffold1	28820000	28830000	1
scaffold1	28830000	28840000	1
scaffold1	28840000	28850000	1
scaffold1	28850000	28860000	1
scaffold1	28860000	28870000	0
scaffold1	28870000	28880000	1
scaffold1	28880000	28890000	2
scaffold1	28890000	28900000	1
scaffold1	28900000	28910000	1
scaffold1	28910000	28920000	1
scaffold1	28920000	28930000	1
scaffold1	28930000	28940000	1
scaffold1	28940000	28950000	1
scaffold1	28950000	28960000	1
scaffold1	28960000	28970000	0
scaffold1	28970000	28980000	0
scaffold1	28980000	28990000	0
scaffold1	28990000	29000000	1
scaffold1	29000000	29010000	1
scaffold1	29010000	29020000	2
scaffold1	29020000	29030000	2
scaffold1	29030000	29040000	1
scaffold1	29040000	29050000	2
scaffold1	29050000	29060000	1
scaffold1	29060000	29070000	1
scaffold1	29070000	29080000	1
scaffold1	29080000	29090000	0
scaffold1	29090000	29100000	0
scaffold1	29100000	29110000	1
scaffold1	29110000	29120000	2
scaffold1	29120000	29130000	1
scaffold1	29130000	29140000	2
scaffold1	29140000	29150000	1
scaffold1	29150000	29160000	1
scaffold1	29160000	29170000	1
scaffold1	29170000	29180000	1
scaffold1	29180000	29190000	0
scaffold1	29190000	29200000	0
scaffold1	29200000	29210000	1
scaffold1	29210000	29220000	1
scaffold1	29220000	29230000	1
scaffold1	29230000	29240000	1
scaffold1	29240000	29250000	3
scaffold1	29250000	29260000	1
scaffold1	29260000	29270000	0
scaffold1	29270000	29280000	1
scaffold1	29280000	29290000	1
scaffold1	29290000	29300000	1
scaffold1	29300000	29310000	2
scaffold1	29310000	29320000	1
scaffold1	29320000	29330000	2
scaffold1	29330000	29340000	2
scaffold1	29340000	29350000	1
scaffold1	29350000	29360000	1
scaffold1	29360000	29370000	0
scaffold1	29370000	29380000	1
scaffold1	29380000	29390000	3
scaffold1	29390000	29400000	0
scaffold1	29400000	29410000	0
scaffold1	29410000	29420000	0
scaffold1	29420000	29430000	2
scaffold1	29430000	29440000	2
scaffold1	29440000	29450000	0
scaffold1	29450000	29460000	1
scaffold1	29460000	29470000	1
scaffold1	29470000	29480000	1
scaffold1	29480000	29490000	2
scaffold1	29490000	29500000	2
scaffold1	29500000	29510000	1
scaffold1	29510000	29520000	1
scaffold1	29520000	29530000	1
scaffold1	29530000	29540000	1
scaffold1	29540000	29550000	0
scaffold1	29550000	29560000	1
scaffold1	29560000	29570000	0
scaffold1	29570000	29580000	0
scaffold1	29580000	29590000	0
scaffold1	29590000	29600000	0
scaffold1	29600000	29610000	1
scaffold1	29610000	29620000	0
scaffold1	29620000	29630000	1
scaffold1	29630000	29640000	2
scaffold1	29640000	29650000	0
scaffold1	29650000	29660000	0
scaffold1	29660000	29670000	1
scaffold1	29670000	29680000	1
scaffold1	29680000	29690000	2
scaffold1	29690000	29700000	4
scaffold1	29700000	29710000	0
scaffold1	29710000	29720000	1
scaffold1	29720000	29730000	1
scaffold1	29730000	29740000	2
scaffold1	29740000	29750000	2
scaffold1	29750000	29760000	0
scaffold1	29760000	29770000	2
scaffold1	29770000	29780000	1
scaffold1	29780000	29790000	1
scaffold1	29790000	29800000	0
scaffold1	29800000	29810000	1
scaffold1	29810000	29820000	2
scaffold1	29820000	29830000	0
scaffold1	29830000	29840000	1
scaffold1	29840000	29850000	0
scaffold1	29850000	29860000	2
scaffold1	29860000	29870000	1
scaffold1	29870000	29880000	1
scaffold1	29880000	29890000	2
scaffold1	29890000	29900000	2
scaffold1	29900000	29910000	2
scaffold1	29910000	29920000	1
scaffold1	29920000	29930000	1
scaffold1	29930000	29940000	1
scaffold1	29940000	29950000	0
scaffold1	29950000	29960000	1
scaffold1	29960000	29970000	1
scaffold1	29970000	29980000	2
scaffold1	29980000	29990000	1
scaffold1	29990000	30000000	2
scaffold1	30000000	30010000	2
scaffold1	30010000	30020000	2
scaffold1	30020000	30030000	1
scaffold1	30030000	30040000	0
scaffold1	30040000	30050000	0
scaffold1	30050000	30060000	0
scaffold1	30060000	30070000	0
scaffold1	30070000	30080000	0
scaffold1	30080000	30090000	1
scaffold1	30090000	30100000	1
scaffold1	30100000	30110000	2
scaffold1	30110000	30120000	1
scaffold1	30120000	30130000	2
scaffold1	30130000	30140000	1
scaffold1	30140000	30150000	1
scaffold1	30150000	30160000	1
scaffold1	30160000	30170000	2
scaffold1	30170000	30180000	3
scaffold1	30180000	30190000	0
scaffold1	30190000	30200000	0
scaffold1	30200000	30210000	0
scaffold1	30210000	30220000	2
scaffold1	30220000	30230000	0
scaffold1	30230000	30240000	0
scaffold1	30240000	30250000	0
scaffold1	30250000	30260000	1
scaffold1	30260000	30270000	2
scaffold1	30270000	30280000	2
scaffold1	30280000	30290000	0
scaffold1	30290000	30300000	1
scaffold1	30300000	30310000	1
scaffold1	30310000	30320000	2
scaffold1	30320000	30330000	1
scaffold1	30330000	30340000	0
scaffold1	30340000	30350000	1
scaffold1	30350000	30360000	0
scaffold1	30360000	30370000	1
scaffold1	30370000	30380000	0
scaffold1	30380000	30390000	0
scaffold1	30390000	30400000	1
scaffold1	30400000	30410000	2
scaffold1	30410000	30420000	0
scaffold1	30420000	30430000	0
scaffold1	30430000	30440000	0
scaffold1	30440000	30450000	0
scaffold1	30450000	30460000	0
scaffold1	30460000	30470000	0
scaffold1	30470000	30480000	2
scaffold1	30480000	30490000	2
scaffold1	30490000	30500000	2
scaffold1	30500000	30510000	1
scaffold1	30510000	30520000	0
scaffold1	30520000	30530000	1
scaffold1	30530000	30540000	0
scaffold1	30540000	30550000	1
scaffold1	30550000	30560000	1
scaffold1	30560000	30570000	3
scaffold1	30570000	30580000	1
scaffold1	30580000	30590000	2
scaffold1	30590000	30600000	1
scaffold1	30600000	30610000	1
scaffold1	30610000	30620000	2
scaffold1	30620000	30630000	1
scaffold1	30630000	30640000	1
scaffold1	30640000	30650000	1
scaffold1	30650000	30660000	1
scaffold1	30660000	30670000	0
scaffold1	30670000	30680000	0
scaffold1	30680000	30690000	0
scaffold1	30690000	30700000	1
scaffold1	30700000	30710000	1
scaffold1	30710000	30720000	1
scaffold1	30720000	30730000	2
scaffold1	30730000	30740000	2
scaffold1	30740000	30750000	2
scaffold1	30750000	30760000	0
scaffold1	30760000	30770000	1
scaffold1	30770000	30780000	0
scaffold1	30780000	30790000	0
scaffold1	30790000	30800000	1
scaffold1	30800000	30810000	2
scaffold1	30810000	30820000	3
scaffold1	30820000	30830000	1
scaffold1	30830000	30840000	1
scaffold1	30840000	30850000	1
scaffold1	30850000	30860000	1
scaffold1	30860000	30870000	2
scaffold1	30870000	30880000	2
scaffold1	30880000	30890000	1
scaffold1	30890000	30900000	1
scaffold1	30900000	30910000	2
scaffold1	30910000	30920000	2
scaffold1	30920000	30930000	2
scaffold1	30930000	30940000	1
scaffold1	30940000	30950000	1
scaffold1	30950000	30960000	1
scaffold1	30960000	30970000	1
scaffold1	30970000	30980000	1
scaffold1	30980000	30990000	1
scaffold1	30990000	31000000	0
scaffold1	31000000	31010000	0
scaffold1	31010000	31020000	0
scaffold1	31020000	31030000	0
scaffold1	31030000	31040000	0
scaffold1	31040000	31050000	0
scaffold1	31050000	31060000	0
scaffold1	31060000	31070000	0
scaffold1	31070000	31080000	0
scaffold1	31080000	31090000	0
scaffold1	31090000	31100000	0
scaffold1	31100000	31110000	1
scaffold1	31110000	31120000	0
scaffold1	31120000	31130000	0
scaffold1	31130000	31140000	1
scaffold1	31140000	31150000	1
scaffold1	31150000	31160000	0
scaffold1	31160000	31170000	1
scaffold1	31170000	31180000	1
scaffold1	31180000	31190000	2
scaffold1	31190000	31200000	2
scaffold1	31200000	31210000	1
scaffold1	31210000	31220000	1
scaffold1	31220000	31230000	1
scaffold1	31230000	31240000	1
scaffold1	31240000	31250000	1
scaffold1	31250000	31260000	3
scaffold1	31260000	31270000	0
scaffold1	31270000	31280000	0
scaffold1	31280000	31290000	1
scaffold1	31290000	31300000	1
scaffold1	31300000	31310000	1
scaffold1	31310000	31320000	1
scaffold1	31320000	31330000	0
scaffold1	31330000	31340000	0
scaffold1	31340000	31350000	1
scaffold1	31350000	31360000	1
scaffold1	31360000	31370000	1
scaffold1	31370000	31380000	1
scaffold1	31380000	31390000	2
scaffold1	31390000	31400000	1
scaffold1	31400000	31410000	2
scaffold1	31410000	31420000	1
scaffold1	31420000	31430000	1
scaffold1	31430000	31440000	0
scaffold1	31440000	31450000	1
scaffold1	31450000	31460000	1
scaffold1	31460000	31470000	1
scaffold1	31470000	31480000	2
scaffold1	31480000	31490000	1
scaffold1	31490000	31500000	0
scaffold1	31500000	31510000	1
scaffold1	31510000	31520000	2
scaffold1	31520000	31530000	2
scaffold1	31530000	31540000	1
scaffold1	31540000	31550000	1
scaffold1	31550000	31560000	2
scaffold1	31560000	31570000	1
scaffold1	31570000	31580000	3
scaffold1	31580000	31590000	1
scaffold1	31590000	31600000	1
scaffold1	31600000	31610000	1
scaffold1	31610000	31620000	1
scaffold1	31620000	31630000	1
scaffold1	31630000	31640000	1
scaffold1	31640000	31650000	2
scaffold1	31650000	31660000	3
scaffold1	31660000	31670000	1
scaffold1	31670000	31680000	1
scaffold1	31680000	31690000	1
scaffold1	31690000	31700000	1
scaffold1	31700000	31710000	1
scaffold1	31710000	31720000	1
scaffold1	31720000	31730000	1
scaffold1	31730000	31740000	1
scaffold1	31740000	31750000	2
scaffold1	31750000	31760000	2
scaffold1	31760000	31770000	0
scaffold1	31770000	31780000	1
scaffold1	31780000	31790000	1
scaffold1	31790000	31800000	3
scaffold1	31800000	31810000	2
scaffold1	31810000	31820000	1
scaffold1	31820000	31830000	1
scaffold1	31830000	31840000	1
scaffold1	31840000	31850000	1
scaffold1	31850000	31860000	1
scaffold1	31860000	31870000	1
scaffold1	31870000	31880000	1
scaffold1	31880000	31890000	1
scaffold1	31890000	31900000	2
scaffold1	31900000	31910000	3
scaffold1	31910000	31920000	1
scaffold1	31920000	31930000	1
scaffold1	31930000	31940000	1
scaffold1	31940000	31950000	1
scaffold1	31950000	31960000	1
scaffold1	31960000	31970000	2
scaffold1	31970000	31980000	1
scaffold1	31980000	31990000	1
scaffold1	31990000	32000000	1
scaffold1	32000000	32010000	1
scaffold1	32010000	32020000	1
scaffold1	32020000	32030000	1
scaffold1	32030000	32040000	0
scaffold1	32040000	32050000	0
scaffold1	32050000	32060000	1
scaffold1	32060000	32070000	2
scaffold1	32070000	32080000	2
scaffold1	32080000	32090000	1
scaffold1	32090000	32100000	2
scaffold1	32100000	32110000	2
scaffold1	32110000	32120000	3
scaffold1	32120000	32130000	2
scaffold1	32130000	32140000	2
scaffold1	32140000	32150000	1
scaffold1	32150000	32160000	0
scaffold1	32160000	32170000	0
scaffold1	32170000	32180000	1
scaffold1	32180000	32190000	0
scaffold1	32190000	32200000	2
scaffold1	32200000	32210000	1
scaffold1	32210000	32220000	0
scaffold1	32220000	32230000	1
scaffold1	32230000	32240000	3
scaffold1	32240000	32250000	2
scaffold1	32250000	32260000	1
scaffold1	32260000	32270000	0
scaffold1	32270000	32280000	1
scaffold1	32280000	32290000	2
scaffold1	32290000	32300000	1
scaffold1	32300000	32310000	2
scaffold1	32310000	32320000	2
scaffold1	32320000	32330000	2
scaffold1	32330000	32340000	1
scaffold1	32340000	32350000	1
scaffold1	32350000	32360000	0
scaffold1	32360000	32370000	0
scaffold1	32370000	32380000	1
scaffold1	32380000	32390000	0
scaffold1	32390000	32400000	0
scaffold1	32400000	32410000	0
scaffold1	32410000	32420000	0
scaffold1	32420000	32430000	0
scaffold1	32430000	32440000	0
scaffold1	32440000	32450000	0
scaffold1	32450000	32460000	2
scaffold1	32460000	32470000	2
scaffold1	32470000	32480000	1
scaffold1	32480000	32490000	1
scaffold1	32490000	32500000	2
scaffold1	32500000	32510000	1
scaffold1	32510000	32520000	2
scaffold1	32520000	32530000	1
scaffold1	32530000	32540000	2
scaffold1	32540000	32550000	2
scaffold1	32550000	32560000	0
scaffold1	32560000	32570000	1
scaffold1	32570000	32580000	1
scaffold1	32580000	32590000	3
scaffold1	32590000	32600000	1
scaffold1	32600000	32610000	2
scaffold1	32610000	32620000	2
scaffold1	32620000	32630000	1
scaffold1	32630000	32640000	1
scaffold1	32640000	32650000	2
scaffold1	32650000	32660000	2
scaffold1	32660000	32670000	1
scaffold1	32670000	32680000	1
scaffold1	32680000	32690000	1
scaffold1	32690000	32700000	1
scaffold1	32700000	32710000	0
scaffold1	32710000	32720000	0
scaffold1	32720000	32730000	1
scaffold1	32730000	32740000	2
scaffold1	32740000	32750000	1
scaffold1	32750000	32760000	2
scaffold1	32760000	32770000	1
scaffold1	32770000	32780000	1
scaffold1	32780000	32790000	1
scaffold1	32790000	32800000	1
scaffold1	32800000	32810000	0
scaffold1	32810000	32820000	1
scaffold1	32820000	32830000	1
scaffold1	32830000	32840000	1
scaffold1	32840000	32850000	1
scaffold1	32850000	32860000	1
scaffold1	32860000	32870000	1
scaffold1	32870000	32880000	2
scaffold1	32880000	32890000	2
scaffold1	32890000	32900000	1
scaffold1	32900000	32910000	0
scaffold1	32910000	32920000	3
scaffold1	32920000	32930000	1
scaffold1	32930000	32940000	2
scaffold1	32940000	32950000	1
scaffold1	32950000	32960000	1
scaffold1	32960000	32970000	1
scaffold1	32970000	32980000	1
scaffold1	32980000	32990000	1
scaffold1	32990000	33000000	1
scaffold1	33000000	33010000	2
scaffold1	33010000	33020000	2
scaffold1	33020000	33030000	1
scaffold1	33030000	33040000	3
scaffold1	33040000	33050000	2
scaffold1	33050000	33060000	2
scaffold1	33060000	33070000	1
scaffold1	33070000	33080000	2
scaffold1	33080000	33090000	0
scaffold1	33090000	33100000	1
scaffold1	33100000	33110000	1
scaffold1	33110000	33120000	1
scaffold1	33120000	33130000	1
scaffold1	33130000	33140000	1
scaffold1	33140000	33150000	2
scaffold1	33150000	33160000	2
scaffold1	33160000	33170000	1
scaffold1	33170000	33180000	2
scaffold1	33180000	33190000	4
scaffold1	33190000	33200000	1
scaffold1	33200000	33210000	1
scaffold1	33210000	33220000	2
scaffold1	33220000	33230000	2
scaffold1	33230000	33240000	3
scaffold1	33240000	33250000	1
scaffold1	33250000	33260000	1
scaffold1	33260000	33270000	1
scaffold1	33270000	33280000	1
scaffold1	33280000	33290000	0
scaffold1	33290000	33300000	1
scaffold1	33300000	33310000	1
scaffold1	33310000	33320000	1
scaffold1	33320000	33330000	1
scaffold1	33330000	33340000	2
scaffold1	33340000	33350000	2
scaffold1	33350000	33360000	0
scaffold1	33360000	33370000	1
scaffold1	33370000	33380000	1
scaffold1	33380000	33390000	1
scaffold1	33390000	33400000	0
scaffold1	33400000	33410000	1
scaffold1	33410000	33420000	1
scaffold1	33420000	33430000	1
scaffold1	33430000	33440000	1
scaffold1	33440000	33450000	2
scaffold1	33450000	33460000	1
scaffold1	33460000	33470000	3
scaffold1	33470000	33480000	2
scaffold1	33480000	33490000	2
scaffold1	33490000	33500000	1
scaffold1	33500000	33510000	2
scaffold1	33510000	33520000	0
scaffold1	33520000	33530000	0
scaffold1	33530000	33540000	1
scaffold1	33540000	33550000	0
scaffold1	33550000	33560000	0
scaffold1	33560000	33570000	0
scaffold1	33570000	33580000	0
scaffold1	33580000	33590000	0
scaffold1	33590000	33600000	0
scaffold1	33600000	33610000	1
scaffold1	33610000	33620000	1
scaffold1	33620000	33630000	0
scaffold1	33630000	33640000	1
scaffold1	33640000	33650000	0
scaffold1	33650000	33660000	0
scaffold1	33660000	33670000	1
scaffold1	33670000	33680000	1
scaffold1	33680000	33690000	0
scaffold1	33690000	33700000	1
scaffold1	33700000	33710000	2
scaffold1	33710000	33720000	2
scaffold1	33720000	33730000	1
scaffold1	33730000	33740000	0
scaffold1	33740000	33750000	1
scaffold1	33750000	33760000	2
scaffold1	33760000	33770000	1
scaffold1	33770000	33780000	1
scaffold1	33780000	33790000	0
scaffold1	33790000	33800000	0
scaffold1	33800000	33810000	0
scaffold1	33810000	33820000	0
scaffold1	33820000	33830000	0
scaffold1	33830000	33840000	1
scaffold1	33840000	33850000	1
scaffold1	33850000	33860000	1
scaffold1	33860000	33870000	1
scaffold1	33870000	33880000	0
scaffold1	33880000	33890000	1
scaffold1	33890000	33900000	1
scaffold1	33900000	33910000	0
scaffold1	33910000	33920000	0
scaffold1	33920000	33930000	0
scaffold1	33930000	33940000	0
scaffold1	33940000	33950000	0
scaffold1	33950000	33960000	0
scaffold1	33960000	33970000	1
scaffold1	33970000	33980000	0
scaffold1	33980000	33990000	0
scaffold1	33990000	34000000	1
scaffold1	34000000	34010000	1
scaffold1	34010000	34020000	1
scaffold1	34020000	34030000	2
scaffold1	34030000	34040000	1
scaffold1	34040000	34050000	1
scaffold1	34050000	34060000	2
scaffold1	34060000	34070000	1
scaffold1	34070000	34080000	0
scaffold1	34080000	34090000	0
scaffold1	34090000	34100000	1
scaffold1	34100000	34110000	1
scaffold1	34110000	34120000	1
scaffold1	34120000	34130000	0
scaffold1	34130000	34140000	0
scaffold1	34140000	34150000	1
scaffold1	34150000	34160000	1
scaffold1	34160000	34170000	0
scaffold1	34170000	34180000	0
scaffold1	34180000	34190000	1
scaffold1	34190000	34200000	1
scaffold1	34200000	34210000	3
scaffold1	34210000	34220000	1
scaffold1	34220000	34230000	1
scaffold1	34230000	34240000	1
scaffold1	34240000	34250000	1
scaffold1	34250000	34260000	1
scaffold1	34260000	34270000	0
scaffold1	34270000	34280000	1
scaffold1	34280000	34290000	2
scaffold1	34290000	34300000	0
scaffold1	34300000	34310000	1
scaffold1	34310000	34320000	1
scaffold1	34320000	34330000	2
scaffold1	34330000	34340000	3
scaffold1	34340000	34350000	2
scaffold1	34350000	34360000	1
scaffold1	34360000	34370000	2
scaffold1	34370000	34380000	0
scaffold1	34380000	34390000	0
scaffold1	34390000	34400000	0
scaffold1	34400000	34410000	0
scaffold1	34410000	34420000	1
scaffold1	34420000	34430000	1
scaffold1	34430000	34440000	2
scaffold1	34440000	34450000	2
scaffold1	34450000	34460000	2
scaffold1	34460000	34470000	2
scaffold1	34470000	34480000	0
scaffold1	34480000	34490000	1
scaffold1	34490000	34500000	1
scaffold1	34500000	34510000	1
scaffold1	34510000	34520000	2
scaffold1	34520000	34530000	2
scaffold1	34530000	34540000	1
scaffold1	34540000	34550000	1
scaffold1	34550000	34560000	2
scaffold1	34560000	34570000	1
scaffold1	34570000	34580000	1
scaffold1	34580000	34590000	2
scaffold1	34590000	34600000	1
scaffold1	34600000	34610000	0
scaffold1	34610000	34620000	2
scaffold1	34620000	34630000	1
scaffold1	34630000	34640000	1
scaffold1	34640000	34650000	0
scaffold1	34650000	34660000	0
scaffold1	34660000	34670000	1
scaffold1	34670000	34680000	3
scaffold1	34680000	34690000	2
scaffold1	34690000	34700000	2
scaffold1	34700000	34710000	1
scaffold1	34710000	34720000	1
scaffold1	34720000	34730000	2
scaffold1	34730000	34740000	1
scaffold1	34740000	34750000	0
scaffold1	34750000	34760000	0
scaffold1	34760000	34770000	2
scaffold1	34770000	34780000	1
scaffold1	34780000	34790000	1
scaffold1	34790000	34800000	1
scaffold1	34800000	34810000	2
scaffold1	34810000	34820000	3
scaffold1	34820000	34830000	1
scaffold1	34830000	34840000	1
scaffold1	34840000	34850000	0
scaffold1	34850000	34860000	1
scaffold1	34860000	34870000	2
scaffold1	34870000	34880000	2
scaffold1	34880000	34890000	2
scaffold1	34890000	34900000	2
scaffold1	34900000	34910000	2
scaffold1	34910000	34920000	2
scaffold1	34920000	34930000	1
scaffold1	34930000	34940000	0
scaffold1	34940000	34950000	0
scaffold1	34950000	34960000	1
scaffold1	34960000	34970000	1
scaffold1	34970000	34980000	1
scaffold1	34980000	34990000	1
scaffold1	34990000	35000000	1
scaffold1	35000000	35010000	1
scaffold1	35010000	35020000	2
scaffold1	35020000	35030000	2
scaffold1	35030000	35040000	0
scaffold1	35040000	35050000	1
scaffold1	35050000	35060000	2
scaffold1	35060000	35070000	1
scaffold1	35070000	35080000	1
scaffold1	35080000	35090000	1
scaffold1	35090000	35100000	0
scaffold1	35100000	35110000	1
scaffold1	35110000	35120000	4
scaffold1	35120000	35130000	1
scaffold1	35130000	35140000	1
scaffold1	35140000	35150000	1
scaffold1	35150000	35160000	1
scaffold1	35160000	35170000	1
scaffold1	35170000	35180000	1
scaffold1	35180000	35190000	2
scaffold1	35190000	35200000	3
scaffold1	35200000	35210000	1
scaffold1	35210000	35220000	1
scaffold1	35220000	35230000	2
scaffold1	35230000	35240000	2
scaffold1	35240000	35250000	1
scaffold1	35250000	35260000	2
scaffold1	35260000	35270000	1
scaffold1	35270000	35280000	1
scaffold1	35280000	35290000	1
scaffold1	35290000	35300000	0
scaffold1	35300000	35310000	1
scaffold1	35310000	35320000	2
scaffold1	35320000	35330000	2
scaffold1	35330000	35340000	0
scaffold1	35340000	35350000	1
scaffold1	35350000	35360000	1
scaffold1	35360000	35370000	1
scaffold1	35370000	35380000	1
scaffold1	35380000	35390000	2
scaffold1	35390000	35400000	2
scaffold1	35400000	35410000	2
scaffold1	35410000	35420000	1
scaffold1	35420000	35430000	2
scaffold1	35430000	35440000	0
scaffold1	35440000	35450000	1
scaffold1	35450000	35460000	0
scaffold1	35460000	35470000	1
scaffold1	35470000	35480000	1
scaffold1	35480000	35490000	2
scaffold1	35490000	35500000	1
scaffold1	35500000	35510000	1
scaffold1	35510000	35520000	1
scaffold1	35520000	35530000	1
scaffold1	35530000	35540000	0
scaffold1	35540000	35550000	2
scaffold1	35550000	35560000	0
scaffold1	35560000	35570000	0
scaffold1	35570000	35580000	1
scaffold1	35580000	35590000	2
scaffold1	35590000	35600000	2
scaffold1	35600000	35610000	0
scaffold1	35610000	35620000	1
scaffold1	35620000	35630000	1
scaffold1	35630000	35640000	0
scaffold1	35640000	35650000	0
scaffold1	35650000	35660000	0
scaffold1	35660000	35670000	0
scaffold1	35670000	35680000	1
scaffold1	35680000	35690000	1
scaffold1	35690000	35700000	2
scaffold1	35700000	35710000	0
scaffold1	35710000	35720000	0
scaffold1	35720000	35730000	1
scaffold1	35730000	35740000	2
scaffold1	35740000	35750000	1
scaffold1	35750000	35760000	0
scaffold1	35760000	35770000	1
scaffold1	35770000	35780000	1
scaffold1	35780000	35790000	0
scaffold1	35790000	35800000	0
scaffold1	35800000	35810000	0
scaffold1	35810000	35820000	0
scaffold1	35820000	35830000	1
scaffold1	35830000	35840000	2
scaffold1	35840000	35850000	1
scaffold1	35850000	35860000	1
scaffold1	35860000	35870000	1
scaffold1	35870000	35880000	1
scaffold1	35880000	35890000	1
scaffold1	35890000	35900000	1
scaffold1	35900000	35910000	1
scaffold1	35910000	35920000	1
scaffold1	35920000	35930000	1
scaffold1	35930000	35940000	0
scaffold1	35940000	35950000	1
scaffold1	35950000	35960000	1
scaffold1	35960000	35970000	1
scaffold1	35970000	35980000	1
scaffold1	35980000	35990000	1
scaffold1	35990000	36000000	1
scaffold1	36000000	36010000	2
scaffold1	36010000	36020000	2
scaffold1	36020000	36030000	0
scaffold1	36030000	36040000	0
scaffold1	36040000	36050000	0
scaffold1	36050000	36060000	2
scaffold1	36060000	36070000	3
scaffold1	36070000	36080000	1
scaffold1	36080000	36090000	3
scaffold1	36090000	36100000	0
scaffold1	36100000	36110000	1
scaffold1	36110000	36120000	1
scaffold1	36120000	36130000	1
scaffold1	36130000	36140000	1
scaffold1	36140000	36150000	1
scaffold1	36150000	36160000	1
scaffold1	36160000	36170000	0
scaffold1	36170000	36180000	2
scaffold1	36180000	36190000	1
scaffold1	36190000	36200000	0
scaffold1	36200000	36210000	0
scaffold1	36210000	36220000	1
scaffold1	36220000	36230000	0
scaffold1	36230000	36240000	1
scaffold1	36240000	36250000	2
scaffold1	36250000	36260000	1
scaffold1	36260000	36270000	2
scaffold1	36270000	36280000	2
scaffold1	36280000	36290000	1
scaffold1	36290000	36300000	1
scaffold1	36300000	36310000	2
scaffold1	36310000	36320000	2
scaffold1	36320000	36330000	1
scaffold1	36330000	36340000	2
scaffold1	36340000	36350000	1
scaffold1	36350000	36360000	0
scaffold1	36360000	36370000	0
scaffold1	36370000	36380000	0
scaffold1	36380000	36390000	0
scaffold1	36390000	36400000	1
scaffold1	36400000	36410000	1
scaffold1	36410000	36420000	0
scaffold1	36420000	36430000	1
scaffold1	36430000	36440000	2
scaffold1	36440000	36450000	3
scaffold1	36450000	36460000	0
scaffold1	36460000	36470000	0
scaffold1	36470000	36480000	0
scaffold1	36480000	36490000	0
scaffold1	36490000	36500000	1
scaffold1	36500000	36510000	0
scaffold1	36510000	36520000	1
scaffold1	36520000	36530000	1
scaffold1	36530000	36540000	1
scaffold1	36540000	36550000	1
scaffold1	36550000	36560000	1
scaffold1	36560000	36570000	1
scaffold1	36570000	36580000	1
scaffold1	36580000	36590000	0
scaffold1	36590000	36600000	0
scaffold1	36600000	36610000	1
scaffold1	36610000	36620000	1
scaffold1	36620000	36630000	1
scaffold1	36630000	36640000	0
scaffold1	36640000	36650000	1
scaffold1	36650000	36660000	0
scaffold1	36660000	36670000	0
scaffold1	36670000	36680000	0
scaffold1	36680000	36690000	1
scaffold1	36690000	36700000	1
scaffold1	36700000	36710000	0
scaffold1	36710000	36720000	0
scaffold1	36720000	36730000	1
scaffold1	36730000	36740000	1
scaffold1	36740000	36750000	0
scaffold1	36750000	36760000	1
scaffold1	36760000	36770000	2
scaffold1	36770000	36780000	0
scaffold1	36780000	36790000	0
scaffold1	36790000	36800000	2
scaffold1	36800000	36810000	2
scaffold1	36810000	36820000	2
scaffold1	36820000	36830000	2
scaffold1	36830000	36840000	1
scaffold1	36840000	36850000	1
scaffold1	36850000	36860000	2
scaffold1	36860000	36870000	0
scaffold1	36870000	36880000	1
scaffold1	36880000	36890000	2
scaffold1	36890000	36900000	3
scaffold1	36900000	36910000	0
scaffold1	36910000	36920000	2
scaffold1	36920000	36930000	2
scaffold1	36930000	36940000	1
scaffold1	36940000	36950000	3
scaffold1	36950000	36960000	1
scaffold1	36960000	36970000	1
scaffold1	36970000	36980000	1
scaffold1	36980000	36990000	1
scaffold1	36990000	37000000	1
scaffold1	37000000	37010000	2
scaffold1	37010000	37020000	2
scaffold1	37020000	37030000	1
scaffold1	37030000	37040000	1
scaffold1	37040000	37050000	1
scaffold1	37050000	37060000	1
scaffold1	37060000	37070000	0
scaffold1	37070000	37080000	1
scaffold1	37080000	37090000	1
scaffold1	37090000	37100000	0
scaffold1	37100000	37110000	1
scaffold1	37110000	37120000	0
scaffold1	37120000	37130000	2
scaffold1	37130000	37140000	1
scaffold1	37140000	37150000	2
scaffold1	37150000	37160000	2
scaffold1	37160000	37170000	2
scaffold1	37170000	37180000	1
scaffold1	37180000	37190000	3
scaffold1	37190000	37200000	1
scaffold1	37200000	37210000	1
scaffold1	37210000	37220000	2
scaffold1	37220000	37230000	2
scaffold1	37230000	37240000	1
scaffold1	37240000	37250000	1
scaffold1	37250000	37260000	1
scaffold1	37260000	37270000	1
scaffold1	37270000	37280000	1
scaffold1	37280000	37290000	3
scaffold1	37290000	37300000	1
scaffold1	37300000	37310000	2
scaffold1	37310000	37320000	0
scaffold1	37320000	37330000	1
scaffold1	37330000	37340000	1
scaffold1	37340000	37350000	1
scaffold1	37350000	37360000	1
scaffold1	37360000	37370000	2
scaffold1	37370000	37380000	0
scaffold1	37380000	37390000	1
scaffold1	37390000	37400000	2
scaffold1	37400000	37410000	1
scaffold1	37410000	37420000	0
scaffold1	37420000	37430000	0
scaffold1	37430000	37440000	0
scaffold1	37440000	37450000	3
scaffold1	37450000	37460000	3
scaffold1	37460000	37470000	3
scaffold1	37470000	37480000	1
scaffold1	37480000	37490000	0
scaffold1	37490000	37500000	2
scaffold1	37500000	37510000	2
scaffold1	37510000	37520000	2
scaffold1	37520000	37530000	1
scaffold1	37530000	37540000	1
scaffold1	37540000	37550000	2
scaffold1	37550000	37560000	2
scaffold1	37560000	37570000	1
scaffold1	37570000	37580000	1
scaffold1	37580000	37590000	0
scaffold1	37590000	37600000	1
scaffold1	37600000	37610000	2
scaffold1	37610000	37620000	0
scaffold1	37620000	37630000	1
scaffold1	37630000	37640000	0
scaffold1	37640000	37650000	1
scaffold1	37650000	37660000	1
scaffold1	37660000	37670000	1
scaffold1	37670000	37680000	1
scaffold1	37680000	37690000	1
scaffold1	37690000	37700000	1
scaffold1	37700000	37710000	0
scaffold1	37710000	37720000	0
scaffold1	37720000	37730000	1
scaffold1	37730000	37740000	1
scaffold1	37740000	37750000	1
scaffold1	37750000	37760000	0
scaffold1	37760000	37770000	0
scaffold1	37770000	37780000	0
scaffold1	37780000	37790000	0
scaffold1	37790000	37800000	1
scaffold1	37800000	37810000	0
scaffold1	37810000	37820000	0
scaffold1	37820000	37830000	0
scaffold1	37830000	37840000	0
scaffold1	37840000	37850000	0
scaffold1	37850000	37860000	0
scaffold1	37860000	37870000	1
scaffold1	37870000	37880000	1
scaffold1	37880000	37890000	1
scaffold1	37890000	37900000	2
scaffold1	37900000	37910000	1
scaffold1	37910000	37920000	1
scaffold1	37920000	37930000	1
scaffold1	37930000	37940000	1
scaffold1	37940000	37950000	0
scaffold1	37950000	37960000	0
scaffold1	37960000	37970000	0
scaffold1	37970000	37980000	0
scaffold1	37980000	37990000	2
scaffold1	37990000	38000000	2
scaffold1	38000000	38010000	1
scaffold1	38010000	38020000	0
scaffold1	38020000	38030000	2
scaffold1	38030000	38040000	3
scaffold1	38040000	38050000	1
scaffold1	38050000	38060000	0
scaffold1	38060000	38070000	1
scaffold1	38070000	38080000	2
scaffold1	38080000	38090000	2
scaffold1	38090000	38100000	1
scaffold1	38100000	38110000	1
scaffold1	38110000	38120000	1
scaffold1	38120000	38130000	1
scaffold1	38130000	38140000	0
scaffold1	38140000	38150000	0
scaffold1	38150000	38160000	0
scaffold1	38160000	38170000	0
scaffold1	38170000	38180000	1
scaffold1	38180000	38190000	1
scaffold1	38190000	38200000	2
scaffold1	38200000	38210000	1
scaffold1	38210000	38220000	2
scaffold1	38220000	38230000	1
scaffold1	38230000	38240000	1
scaffold1	38240000	38250000	1
scaffold1	38250000	38260000	0
scaffold1	38260000	38270000	0
scaffold1	38270000	38280000	0
scaffold1	38280000	38290000	0
scaffold1	38290000	38300000	0
scaffold1	38300000	38310000	0
scaffold1	38310000	38320000	0
scaffold1	38320000	38330000	0
scaffold1	38330000	38340000	0
scaffold1	38340000	38350000	0
scaffold1	38350000	38360000	0
scaffold1	38360000	38370000	0
scaffold1	38370000	38380000	1
scaffold1	38380000	38390000	1
scaffold1	38390000	38400000	1
scaffold1	38400000	38410000	0
scaffold1	38410000	38420000	0
scaffold1	38420000	38430000	0
scaffold1	38430000	38440000	0
scaffold1	38440000	38450000	0
scaffold1	38450000	38460000	1
scaffold1	38460000	38470000	1
scaffold1	38470000	38480000	2
scaffold1	38480000	38490000	2
scaffold1	38490000	38500000	0
scaffold1	38500000	38510000	0
scaffold1	38510000	38520000	0
scaffold1	38520000	38530000	3
scaffold1	38530000	38540000	0
scaffold1	38540000	38550000	0
scaffold1	38550000	38560000	0
scaffold1	38560000	38570000	0
scaffold1	38570000	38580000	1
scaffold1	38580000	38590000	0
scaffold1	38590000	38600000	1
scaffold1	38600000	38610000	2
scaffold1	38610000	38620000	3
scaffold1	38620000	38630000	1
scaffold1	38630000	38640000	1
scaffold1	38640000	38650000	0
scaffold1	38650000	38660000	1
scaffold1	38660000	38670000	1
scaffold1	38670000	38680000	2
scaffold1	38680000	38690000	1
scaffold1	38690000	38700000	0
scaffold1	38700000	38710000	1
scaffold1	38710000	38720000	1
scaffold1	38720000	38730000	0
scaffold1	38730000	38740000	0
scaffold1	38740000	38750000	0
scaffold1	38750000	38760000	1
scaffold1	38760000	38770000	0
scaffold1	38770000	38780000	1
scaffold1	38780000	38790000	1
scaffold1	38790000	38800000	1
scaffold1	38800000	38810000	1
scaffold1	38810000	38820000	1
scaffold1	38820000	38830000	1
scaffold1	38830000	38840000	1
scaffold1	38840000	38850000	2
scaffold1	38850000	38860000	2
scaffold1	38860000	38870000	2
scaffold1	38870000	38880000	2
scaffold1	38880000	38890000	1
scaffold1	38890000	38900000	3
scaffold1	38900000	38910000	1
scaffold1	38910000	38920000	0
scaffold1	38920000	38930000	3
scaffold1	38930000	38940000	0
scaffold1	38940000	38950000	0
scaffold1	38950000	38960000	0
scaffold1	38960000	38970000	0
scaffold1	38970000	38980000	0
scaffold1	38980000	38990000	0
scaffold1	38990000	39000000	1
scaffold1	39000000	39010000	2
scaffold1	39010000	39020000	1
scaffold1	39020000	39030000	1
scaffold1	39030000	39040000	0
scaffold1	39040000	39050000	0
scaffold1	39050000	39060000	1
scaffold1	39060000	39070000	1
scaffold1	39070000	39080000	1
scaffold1	39080000	39090000	2
scaffold1	39090000	39100000	4
scaffold1	39100000	39110000	3
scaffold1	39110000	39120000	2
scaffold1	39120000	39130000	3
scaffold1	39130000	39140000	0
scaffold1	39140000	39150000	1
scaffold1	39150000	39160000	1
scaffold1	39160000	39170000	1
scaffold1	39170000	39180000	2
scaffold1	39180000	39190000	2
scaffold1	39190000	39200000	2
scaffold1	39200000	39210000	1
scaffold1	39210000	39220000	1
scaffold1	39220000	39230000	1
scaffold1	39230000	39240000	2
scaffold1	39240000	39250000	2
scaffold1	39250000	39260000	0
scaffold1	39260000	39270000	3
scaffold1	39270000	39280000	1
scaffold1	39280000	39290000	1
scaffold1	39290000	39300000	1
scaffold1	39300000	39310000	1
scaffold1	39310000	39320000	1
scaffold1	39320000	39330000	1
scaffold1	39330000	39340000	1
scaffold1	39340000	39350000	0
scaffold1	39350000	39360000	2
scaffold1	39360000	39370000	3
scaffold1	39370000	39380000	3
scaffold1	39380000	39390000	2
scaffold1	39390000	39400000	1
scaffold1	39400000	39410000	1
scaffold1	39410000	39420000	1
scaffold1	39420000	39430000	1
scaffold1	39430000	39440000	2
scaffold1	39440000	39450000	1
scaffold1	39450000	39460000	2
scaffold1	39460000	39470000	2
scaffold1	39470000	39480000	1
scaffold1	39480000	39490000	1
scaffold1	39490000	39500000	1
scaffold1	39500000	39510000	1
scaffold1	39510000	39520000	1
scaffold1	39520000	39530000	3
scaffold1	39530000	39540000	3
scaffold1	39540000	39550000	2
scaffold1	39550000	39560000	1
scaffold1	39560000	39570000	1
scaffold1	39570000	39580000	0
scaffold1	39580000	39590000	1
scaffold1	39590000	39600000	1
scaffold1	39600000	39610000	2
scaffold1	39610000	39620000	1
scaffold1	39620000	39630000	1
scaffold1	39630000	39640000	1
scaffold1	39640000	39650000	2
scaffold1	39650000	39660000	2
scaffold1	39660000	39670000	1
scaffold1	39670000	39680000	1
scaffold1	39680000	39690000	2
scaffold1	39690000	39700000	1
scaffold1	39700000	39710000	0
scaffold1	39710000	39720000	2
scaffold1	39720000	39730000	1
scaffold1	39730000	39740000	0
scaffold1	39740000	39750000	0
scaffold1	39750000	39760000	0
scaffold1	39760000	39770000	0
scaffold1	39770000	39780000	1
scaffold1	39780000	39790000	2
scaffold1	39790000	39800000	1
scaffold1	39800000	39810000	3
scaffold1	39810000	39820000	1
scaffold1	39820000	39830000	2
scaffold1	39830000	39840000	1
scaffold1	39840000	39850000	0
scaffold1	39850000	39860000	0
scaffold1	39860000	39870000	0
scaffold1	39870000	39880000	0
scaffold1	39880000	39890000	0
scaffold1	39890000	39900000	0
scaffold1	39900000	39910000	1
scaffold1	39910000	39920000	1
scaffold1	39920000	39930000	1
scaffold1	39930000	39940000	1
scaffold1	39940000	39950000	1
scaffold1	39950000	39960000	0
scaffold1	39960000	39970000	1
scaffold1	39970000	39980000	1
scaffold1	39980000	39990000	2
scaffold1	39990000	40000000	1
scaffold1	40000000	40010000	2
scaffold1	40010000	40020000	1
scaffold1	40020000	40030000	2
scaffold1	40030000	40040000	1
scaffold1	40040000	40050000	2
scaffold1	40050000	40060000	1
scaffold1	40060000	40070000	1
scaffold1	40070000	40080000	1
scaffold1	40080000	40090000	2
scaffold1	40090000	40100000	2
scaffold1	40100000	40110000	1
scaffold1	40110000	40120000	1
scaffold1	40120000	40130000	2
scaffold1	40130000	40140000	1
scaffold1	40140000	40150000	3
scaffold1	40150000	40160000	2
scaffold1	40160000	40170000	1
scaffold1	40170000	40180000	1
scaffold1	40180000	40190000	1
scaffold1	40190000	40200000	2
scaffold1	40200000	40210000	2
scaffold1	40210000	40220000	1
scaffold1	40220000	40230000	0
scaffold1	40230000	40240000	1
scaffold1	40240000	40250000	0
scaffold1	40250000	40260000	2
scaffold1	40260000	40270000	2
scaffold1	40270000	40280000	1
scaffold1	40280000	40290000	1
scaffold1	40290000	40300000	1
scaffold1	40300000	40310000	1
scaffold1	40310000	40320000	1
scaffold1	40320000	40330000	1
scaffold1	40330000	40340000	0
scaffold1	40340000	40350000	1
scaffold1	40350000	40360000	1
scaffold1	40360000	40370000	1
scaffold1	40370000	40380000	1
scaffold1	40380000	40390000	2
scaffold1	40390000	40400000	2
scaffold1	40400000	40410000	1
scaffold1	40410000	40420000	1
scaffold1	40420000	40430000	1
scaffold1	40430000	40440000	1
scaffold1	40440000	40450000	2
scaffold1	40450000	40460000	3
scaffold1	40460000	40470000	3
scaffold1	40470000	40480000	3
scaffold1	40480000	40490000	0
scaffold1	40490000	40500000	0
scaffold1	40500000	40510000	1
scaffold1	40510000	40520000	2
scaffold1	40520000	40530000	1
scaffold1	40530000	40540000	2
scaffold1	40540000	40550000	1
scaffold1	40550000	40560000	1
scaffold1	40560000	40570000	1
scaffold1	40570000	40580000	1
scaffold1	40580000	40590000	1
scaffold1	40590000	40600000	1
scaffold1	40600000	40610000	0
scaffold1	40610000	40620000	0
scaffold1	40620000	40630000	1
scaffold1	40630000	40640000	1
scaffold1	40640000	40650000	0
scaffold1	40650000	40660000	0
scaffold1	40660000	40670000	1
scaffold1	40670000	40680000	3
scaffold1	40680000	40690000	1
scaffold1	40690000	40700000	2
scaffold1	40700000	40710000	2
scaffold1	40710000	40720000	1
scaffold1	40720000	40730000	3
scaffold1	40730000	40740000	0
scaffold1	40740000	40750000	0
scaffold1	40750000	40760000	0
scaffold1	40760000	40770000	1
scaffold1	40770000	40780000	3
scaffold1	40780000	40790000	1
scaffold1	40790000	40800000	1
scaffold1	40800000	40810000	2
scaffold1	40810000	40820000	1
scaffold1	40820000	40830000	0
scaffold1	40830000	40840000	1
scaffold1	40840000	40850000	1
scaffold1	40850000	40860000	1
scaffold1	40860000	40870000	1
scaffold1	40870000	40880000	1
scaffold1	40880000	40890000	0
scaffold1	40890000	40900000	0
scaffold1	40900000	40910000	2
scaffold1	40910000	40920000	2
scaffold1	40920000	40930000	2
scaffold1	40930000	40940000	1
scaffold1	40940000	40950000	1
scaffold1	40950000	40960000	1
scaffold1	40960000	40970000	1
scaffold1	40970000	40980000	1
scaffold1	40980000	40990000	0
scaffold1	40990000	41000000	0
scaffold1	41000000	41010000	0
scaffold1	41010000	41020000	1
scaffold1	41020000	41030000	1
scaffold1	41030000	41040000	1
scaffold1	41040000	41050000	1
scaffold1	41050000	41060000	1
scaffold1	41060000	41070000	2
scaffold1	41070000	41080000	1
scaffold1	41080000	41090000	3
scaffold1	41090000	41100000	1
scaffold1	41100000	41110000	1
scaffold1	41110000	41120000	1
scaffold1	41120000	41130000	2
scaffold1	41130000	41140000	1
scaffold1	41140000	41150000	1
scaffold1	41150000	41160000	2
scaffold1	41160000	41170000	2
scaffold1	41170000	41180000	2
scaffold1	41180000	41190000	2
scaffold1	41190000	41200000	1
scaffold1	41200000	41210000	1
scaffold1	41210000	41220000	3
scaffold1	41220000	41230000	1
scaffold1	41230000	41240000	1
scaffold1	41240000	41250000	1
scaffold1	41250000	41260000	1
scaffold1	41260000	41270000	1
scaffold1	41270000	41280000	1
scaffold1	41280000	41290000	1
scaffold1	41290000	41300000	1
scaffold1	41300000	41310000	0
scaffold1	41310000	41320000	0
scaffold1	41320000	41330000	0
scaffold1	41330000	41340000	0
scaffold1	41340000	41350000	2
scaffold1	41350000	41360000	2
scaffold1	41360000	41370000	2
scaffold1	41370000	41380000	1
scaffold1	41380000	41390000	2
scaffold1	41390000	41400000	2
scaffold1	41400000	41410000	2
scaffold1	41410000	41420000	1
scaffold1	41420000	41430000	0
scaffold1	41430000	41440000	0
scaffold1	41440000	41450000	1
scaffold1	41450000	41460000	1
scaffold1	41460000	41470000	1
scaffold1	41470000	41480000	3
scaffold1	41480000	41490000	2
scaffold1	41490000	41500000	0
scaffold1	41500000	41510000	1
scaffold1	41510000	41520000	1
scaffold1	41520000	41530000	1
scaffold1	41530000	41540000	1
scaffold1	41540000	41550000	2
scaffold1	41550000	41560000	1
scaffold1	41560000	41570000	1
scaffold1	41570000	41580000	0
scaffold1	41580000	41590000	1
scaffold1	41590000	41600000	0
scaffold1	41600000	41610000	0
scaffold1	41610000	41620000	0
scaffold1	41620000	41630000	0
scaffold1	41630000	41640000	0
scaffold1	41640000	41650000	0
scaffold1	41650000	41660000	0
scaffold1	41660000	41670000	1
scaffold1	41670000	41680000	2
scaffold1	41680000	41690000	2
scaffold1	41690000	41700000	0
scaffold1	41700000	41710000	0
scaffold1	41710000	41720000	0
scaffold1	41720000	41730000	0
scaffold1	41730000	41740000	0
scaffold1	41740000	41750000	0
scaffold1	41750000	41760000	0
scaffold1	41760000	41770000	0
scaffold1	41770000	41780000	1
scaffold1	41780000	41790000	2
scaffold1	41790000	41800000	2
scaffold1	41800000	41810000	2
scaffold1	41810000	41820000	1
scaffold1	41820000	41830000	3
scaffold1	41830000	41840000	2
scaffold1	41840000	41850000	1
scaffold1	41850000	41860000	1
scaffold1	41860000	41870000	2
scaffold1	41870000	41880000	2
scaffold1	41880000	41890000	1
scaffold1	41890000	41900000	1
scaffold1	41900000	41910000	1
scaffold1	41910000	41920000	1
scaffold1	41920000	41930000	0
scaffold1	41930000	41940000	0
scaffold1	41940000	41950000	0
scaffold1	41950000	41960000	2
scaffold1	41960000	41970000	1
scaffold1	41970000	41980000	1
scaffold1	41980000	41990000	1
scaffold1	41990000	42000000	1
scaffold1	42000000	42010000	1
scaffold1	42010000	42020000	0
scaffold1	42020000	42030000	1
scaffold1	42030000	42040000	2
scaffold1	42040000	42050000	1
scaffold1	42050000	42060000	1
scaffold1	42060000	42070000	1
scaffold1	42070000	42080000	1
scaffold1	42080000	42090000	1
scaffold1	42090000	42100000	1
scaffold1	42100000	42110000	1
scaffold1	42110000	42120000	2
scaffold1	42120000	42130000	2
scaffold1	42130000	42140000	1
scaffold1	42140000	42150000	1
scaffold1	42150000	42160000	2
scaffold1	42160000	42170000	2
scaffold1	42170000	42180000	2
scaffold1	42180000	42190000	2
scaffold1	42190000	42200000	3
scaffold1	42200000	42210000	1
scaffold1	42210000	42220000	0
scaffold1	42220000	42230000	0
scaffold1	42230000	42240000	0
scaffold1	42240000	42250000	0
scaffold1	42250000	42260000	0
scaffold1	42260000	42270000	0
scaffold1	42270000	42280000	0
scaffold1	42280000	42290000	0
scaffold1	42290000	42300000	0
scaffold1	42300000	42310000	2
scaffold1	42310000	42320000	1
scaffold1	42320000	42330000	1
scaffold1	42330000	42340000	1
scaffold1	42340000	42350000	1
scaffold1	42350000	42360000	1
scaffold1	42360000	42370000	1
scaffold1	42370000	42380000	2
scaffold1	42380000	42390000	1
scaffold1	42390000	42400000	1
scaffold1	42400000	42410000	2
scaffold1	42410000	42420000	2
scaffold1	42420000	42430000	4
scaffold1	42430000	42440000	3
scaffold1	42440000	42450000	1
scaffold1	42450000	42460000	1
scaffold1	42460000	42470000	1
scaffold1	42470000	42480000	2
scaffold1	42480000	42490000	1
scaffold1	42490000	42500000	0
scaffold1	42500000	42510000	0
scaffold1	42510000	42520000	1
scaffold1	42520000	42530000	1
scaffold1	42530000	42540000	2
scaffold1	42540000	42550000	2
scaffold1	42550000	42560000	1
scaffold1	42560000	42570000	1
scaffold1	42570000	42580000	1
scaffold1	42580000	42590000	2
scaffold1	42590000	42600000	1
scaffold1	42600000	42610000	1
scaffold1	42610000	42620000	3
scaffold1	42620000	42630000	2
scaffold1	42630000	42640000	2
scaffold1	42640000	42650000	1
scaffold1	42650000	42660000	1
scaffold1	42660000	42670000	1
scaffold1	42670000	42680000	1
scaffold1	42680000	42690000	1
scaffold1	42690000	42700000	0
scaffold1	42700000	42710000	1
scaffold1	42710000	42720000	2
scaffold1	42720000	42730000	2
scaffold1	42730000	42740000	1
scaffold1	42740000	42750000	1
scaffold1	42750000	42760000	2
scaffold1	42760000	42770000	0
scaffold1	42770000	42780000	1
scaffold1	42780000	42790000	1
scaffold1	42790000	42800000	1
scaffold1	42800000	42810000	1
scaffold1	42810000	42820000	2
scaffold1	42820000	42830000	2
scaffold1	42830000	42840000	0
scaffold1	42840000	42850000	0
scaffold1	42850000	42860000	1
scaffold1	42860000	42870000	2
scaffold1	42870000	42880000	0
scaffold1	42880000	42890000	2
scaffold1	42890000	42900000	2
scaffold1	42900000	42910000	1
scaffold1	42910000	42920000	1
scaffold1	42920000	42930000	1
scaffold1	42930000	42940000	1
scaffold1	42940000	42950000	0
scaffold1	42950000	42960000	1
scaffold1	42960000	42970000	2
scaffold1	42970000	42980000	1
scaffold1	42980000	42990000	0
scaffold1	42990000	43000000	0
scaffold1	43000000	43010000	0
scaffold1	43010000	43020000	0
scaffold1	43020000	43030000	0
scaffold1	43030000	43040000	1
scaffold1	43040000	43050000	0
scaffold1	43050000	43060000	1
scaffold1	43060000	43070000	1
scaffold1	43070000	43080000	4
scaffold1	43080000	43090000	1
scaffold1	43090000	43100000	1
scaffold1	43100000	43110000	1
scaffold1	43110000	43120000	0
scaffold1	43120000	43130000	5
scaffold1	43130000	43140000	2
scaffold1	43140000	43150000	1
scaffold1	43150000	43160000	0
scaffold1	43160000	43170000	1
scaffold1	43170000	43180000	2
scaffold1	43180000	43190000	1
scaffold1	43190000	43200000	1
scaffold1	43200000	43210000	0
scaffold1	43210000	43220000	1
scaffold1	43220000	43230000	1
scaffold1	43230000	43240000	1
scaffold1	43240000	43250000	2
scaffold1	43250000	43260000	2
scaffold1	43260000	43270000	2
scaffold1	43270000	43280000	1
scaffold1	43280000	43290000	1
scaffold1	43290000	43300000	1
scaffold1	43300000	43310000	2
scaffold1	43310000	43320000	3
scaffold1	43320000	43330000	3
scaffold1	43330000	43340000	1
scaffold1	43340000	43350000	1
scaffold1	43350000	43360000	0
scaffold1	43360000	43370000	0
scaffold1	43370000	43380000	1
scaffold1	43380000	43390000	0
scaffold1	43390000	43400000	0
scaffold1	43400000	43410000	0
scaffold1	43410000	43420000	1
scaffold1	43420000	43430000	1
scaffold1	43430000	43440000	1
scaffold1	43440000	43450000	1
scaffold1	43450000	43460000	1
scaffold1	43460000	43470000	1
scaffold1	43470000	43480000	2
scaffold1	43480000	43490000	1
scaffold1	43490000	43500000	1
scaffold1	43500000	43510000	1
scaffold1	43510000	43520000	1
scaffold1	43520000	43530000	1
scaffold1	43530000	43540000	2
scaffold1	43540000	43550000	1
scaffold1	43550000	43560000	2
scaffold1	43560000	43570000	1
scaffold1	43570000	43580000	2
scaffold1	43580000	43590000	2
scaffold1	43590000	43600000	1
scaffold1	43600000	43610000	1
scaffold1	43610000	43620000	0
scaffold1	43620000	43630000	0
scaffold1	43630000	43640000	0
scaffold1	43640000	43650000	0
scaffold1	43650000	43660000	0
scaffold1	43660000	43670000	1
scaffold1	43670000	43680000	2
scaffold1	43680000	43690000	1
scaffold1	43690000	43700000	1
scaffold1	43700000	43710000	0
scaffold1	43710000	43720000	0
scaffold1	43720000	43730000	0
scaffold1	43730000	43740000	1
scaffold1	43740000	43750000	1
scaffold1	43750000	43760000	3
scaffold1	43760000	43770000	4
scaffold1	43770000	43780000	1
scaffold1	43780000	43790000	3
scaffold1	43790000	43800000	2
scaffold1	43800000	43810000	1
scaffold1	43810000	43820000	1
scaffold1	43820000	43830000	2
scaffold1	43830000	43840000	1
scaffold1	43840000	43850000	1
scaffold1	43850000	43860000	1
scaffold1	43860000	43870000	1
scaffold1	43870000	43880000	0
scaffold1	43880000	43890000	0
scaffold1	43890000	43900000	0
scaffold1	43900000	43910000	1
scaffold1	43910000	43920000	1
scaffold1	43920000	43930000	2
scaffold1	43930000	43940000	1
scaffold1	43940000	43950000	1
scaffold1	43950000	43960000	0
scaffold1	43960000	43970000	1
scaffold1	43970000	43980000	1
scaffold1	43980000	43990000	1
scaffold1	43990000	44000000	2
scaffold1	44000000	44010000	1
scaffold1	44010000	44020000	0
scaffold1	44020000	44030000	0
scaffold1	44030000	44040000	0
scaffold1	44040000	44050000	0
scaffold1	44050000	44060000	1
scaffold1	44060000	44070000	2
scaffold1	44070000	44080000	2
scaffold1	44080000	44090000	1
scaffold1	44090000	44100000	1
scaffold1	44100000	44110000	1
scaffold1	44110000	44120000	0
scaffold1	44120000	44130000	1
scaffold1	44130000	44140000	2
scaffold1	44140000	44150000	2
scaffold1	44150000	44160000	1
scaffold1	44160000	44170000	1
scaffold1	44170000	44180000	1
scaffold1	44180000	44190000	1
scaffold1	44190000	44200000	1
scaffold1	44200000	44210000	3
scaffold1	44210000	44220000	2
scaffold1	44220000	44230000	2
scaffold1	44230000	44240000	1
scaffold1	44240000	44250000	1
scaffold1	44250000	44260000	0
scaffold1	44260000	44270000	2
scaffold1	44270000	44280000	1
scaffold1	44280000	44290000	2
scaffold1	44290000	44300000	1
scaffold1	44300000	44310000	1
scaffold1	44310000	44320000	2
scaffold1	44320000	44330000	0
scaffold1	44330000	44340000	1
scaffold1	44340000	44350000	0
scaffold1	44350000	44360000	0
scaffold1	44360000	44370000	0
scaffold1	44370000	44380000	1
scaffold1	44380000	44390000	1
scaffold1	44390000	44400000	0
scaffold1	44400000	44410000	0
scaffold1	44410000	44420000	0
scaffold1	44420000	44430000	0
scaffold1	44430000	44440000	0
scaffold1	44440000	44450000	0
scaffold1	44450000	44460000	0
scaffold1	44460000	44470000	0
scaffold1	44470000	44480000	0
scaffold1	44480000	44490000	0
scaffold1	44490000	44500000	0
scaffold1	44500000	44510000	0
scaffold1	44510000	44520000	1
scaffold1	44520000	44530000	0
scaffold1	44530000	44540000	0
scaffold1	44540000	44550000	0
scaffold1	44550000	44560000	0
scaffold1	44560000	44570000	0
scaffold1	44570000	44580000	1
scaffold1	44580000	44590000	1
scaffold1	44590000	44600000	1
scaffold1	44600000	44610000	0
scaffold1	44610000	44620000	2
scaffold1	44620000	44630000	1
scaffold1	44630000	44640000	1
scaffold1	44640000	44650000	0
scaffold1	44650000	44660000	1
scaffold1	44660000	44670000	2
scaffold1	44670000	44680000	0
scaffold1	44680000	44690000	0
scaffold1	44690000	44700000	0
scaffold1	44700000	44710000	0
scaffold1	44710000	44720000	1
scaffold1	44720000	44730000	1
scaffold1	44730000	44740000	1
scaffold1	44740000	44750000	1
scaffold1	44750000	44760000	0
scaffold1	44760000	44770000	1
scaffold1	44770000	44780000	0
scaffold1	44780000	44790000	2
scaffold1	44790000	44800000	1
scaffold1	44800000	44810000	2
scaffold1	44810000	44820000	2
scaffold1	44820000	44830000	3
scaffold1	44830000	44840000	1
scaffold1	44840000	44850000	1
scaffold1	44850000	44860000	1
scaffold1	44860000	44870000	0
scaffold1	44870000	44880000	1
scaffold1	44880000	44890000	1
scaffold1	44890000	44900000	1
scaffold1	44900000	44910000	2
scaffold1	44910000	44920000	2
scaffold1	44920000	44930000	0
scaffold1	44930000	44940000	1
scaffold1	44940000	44950000	0
scaffold1	44950000	44960000	3
scaffold1	44960000	44970000	2
scaffold1	44970000	44980000	2
scaffold1	44980000	44990000	2
scaffold1	44990000	45000000	1
scaffold1	45000000	45010000	1
scaffold1	45010000	45020000	1
scaffold1	45020000	45030000	0
scaffold1	45030000	45040000	2
scaffold1	45040000	45050000	1
scaffold1	45050000	45060000	1
scaffold1	45060000	45070000	1
scaffold1	45070000	45080000	1
scaffold1	45080000	45090000	0
scaffold1	45090000	45100000	1
scaffold1	45100000	45110000	2
scaffold1	45110000	45120000	1
scaffold1	45120000	45130000	1
scaffold1	45130000	45140000	2
scaffold1	45140000	45150000	1
scaffold1	45150000	45160000	0
scaffold1	45160000	45170000	1
scaffold1	45170000	45180000	2
scaffold1	45180000	45190000	2
scaffold1	45190000	45200000	1
scaffold1	45200000	45210000	2
scaffold1	45210000	45220000	0
scaffold1	45220000	45230000	0
scaffold1	45230000	45240000	0
scaffold1	45240000	45250000	1
scaffold1	45250000	45260000	2
scaffold1	45260000	45270000	3
scaffold1	45270000	45280000	3
scaffold1	45280000	45290000	1
scaffold1	45290000	45300000	0
scaffold1	45300000	45310000	0
scaffold1	45310000	45320000	1
scaffold1	45320000	45330000	1
scaffold1	45330000	45340000	3
scaffold1	45340000	45350000	2
scaffold1	45350000	45360000	1
scaffold1	45360000	45370000	1
scaffold1	45370000	45380000	3
scaffold1	45380000	45390000	3
scaffold1	45390000	45400000	0
scaffold1	45400000	45410000	3
scaffold1	45410000	45420000	2
scaffold1	45420000	45430000	1
scaffold1	45430000	45440000	2
scaffold1	45440000	45450000	2
scaffold1	45450000	45460000	1
scaffold1	45460000	45470000	1
scaffold1	45470000	45480000	1
scaffold1	45480000	45490000	1
scaffold1	45490000	45500000	1
scaffold1	45500000	45510000	0
scaffold1	45510000	45520000	1
scaffold1	45520000	45530000	1
scaffold1	45530000	45540000	1
scaffold1	45540000	45550000	0
scaffold1	45550000	45560000	0
scaffold1	45560000	45570000	0
scaffold1	45570000	45580000	1
scaffold1	45580000	45590000	1
scaffold1	45590000	45600000	0
scaffold1	45600000	45610000	1
scaffold1	45610000	45620000	1
scaffold1	45620000	45630000	1
scaffold1	45630000	45640000	1
scaffold1	45640000	45650000	1
scaffold1	45650000	45660000	0
scaffold1	45660000	45670000	1
scaffold1	45670000	45680000	2
scaffold1	45680000	45690000	1
scaffold1	45690000	45700000	1
scaffold1	45700000	45710000	2
scaffold1	45710000	45720000	3
scaffold1	45720000	45730000	2
scaffold1	45730000	45740000	1
scaffold1	45740000	45750000	1
scaffold1	45750000	45760000	2
scaffold1	45760000	45770000	2
scaffold1	45770000	45780000	1
scaffold1	45780000	45790000	0
scaffold1	45790000	45800000	1
scaffold1	45800000	45810000	1
scaffold1	45810000	45820000	2
scaffold1	45820000	45830000	1
scaffold1	45830000	45840000	1
scaffold1	45840000	45850000	1
scaffold1	45850000	45860000	0
scaffold1	45860000	45870000	0
scaffold1	45870000	45880000	1
scaffold1	45880000	45890000	2
scaffold1	45890000	45900000	3
scaffold1	45900000	45910000	3
scaffold1	45910000	45920000	2
scaffold1	45920000	45930000	0
scaffold1	45930000	45940000	0
scaffold1	45940000	45950000	0
scaffold1	45950000	45960000	1
scaffold1	45960000	45970000	1
scaffold1	45970000	45980000	0
scaffold1	45980000	45990000	0
scaffold1	45990000	46000000	1
scaffold1	46000000	46010000	0
scaffold1	46010000	46020000	1
scaffold1	46020000	46030000	1
scaffold1	46030000	46040000	1
scaffold1	46040000	46050000	2
scaffold1	46050000	46060000	2
scaffold1	46060000	46070000	2
scaffold1	46070000	46080000	1
scaffold1	46080000	46090000	0
scaffold1	46090000	46100000	1
scaffold1	46100000	46110000	1
scaffold1	46110000	46120000	1
scaffold1	46120000	46130000	1
scaffold1	46130000	46140000	1
scaffold1	46140000	46150000	3
scaffold1	46150000	46160000	1
scaffold1	46160000	46170000	2
scaffold1	46170000	46180000	2
scaffold1	46180000	46190000	2
scaffold1	46190000	46200000	1
scaffold1	46200000	46210000	1
scaffold1	46210000	46220000	1
scaffold1	46220000	46230000	0
scaffold1	46230000	46240000	0
scaffold1	46240000	46250000	1
scaffold1	46250000	46260000	3
scaffold1	46260000	46270000	2
scaffold1	46270000	46280000	3
scaffold1	46280000	46290000	1
scaffold1	46290000	46300000	1
scaffold1	46300000	46310000	1
scaffold1	46310000	46320000	1
scaffold1	46320000	46330000	0
scaffold1	46330000	46340000	0
scaffold1	46340000	46350000	0
scaffold1	46350000	46360000	3
scaffold1	46360000	46370000	1
scaffold1	46370000	46380000	1
scaffold1	46380000	46390000	0
scaffold1	46390000	46400000	0
scaffold1	46400000	46410000	0
scaffold1	46410000	46420000	1
scaffold1	46420000	46430000	0
scaffold1	46430000	46440000	1
scaffold1	46440000	46450000	3
scaffold1	46450000	46460000	4
scaffold1	46460000	46470000	0
scaffold1	46470000	46480000	0
scaffold1	46480000	46490000	0
scaffold1	46490000	46500000	1
scaffold1	46500000	46510000	2
scaffold1	46510000	46520000	2
scaffold1	46520000	46530000	2
scaffold1	46530000	46540000	0
scaffold1	46540000	46550000	0
scaffold1	46550000	46560000	0
scaffold1	46560000	46570000	1
scaffold1	46570000	46580000	1
scaffold1	46580000	46590000	1
scaffold1	46590000	46600000	0
scaffold1	46600000	46610000	0
scaffold1	46610000	46620000	0
scaffold1	46620000	46630000	1
scaffold1	46630000	46640000	2
scaffold1	46640000	46650000	2
scaffold1	46650000	46660000	1
scaffold1	46660000	46670000	0
scaffold1	46670000	46680000	1
scaffold1	46680000	46690000	1
scaffold1	46690000	46700000	1
scaffold1	46700000	46710000	0
scaffold1	46710000	46720000	1
scaffold1	46720000	46730000	1
scaffold1	46730000	46740000	2
scaffold1	46740000	46750000	0
scaffold1	46750000	46760000	1
scaffold1	46760000	46770000	2
scaffold1	46770000	46780000	1
scaffold1	46780000	46790000	1
scaffold1	46790000	46800000	1
scaffold1	46800000	46810000	1
scaffold1	46810000	46820000	2
scaffold1	46820000	46830000	2
scaffold1	46830000	46840000	1
scaffold1	46840000	46850000	0
scaffold1	46850000	46860000	1
scaffold1	46860000	46870000	1
scaffold1	46870000	46880000	1
scaffold1	46880000	46890000	0
scaffold1	46890000	46900000	1
scaffold1	46900000	46910000	2
scaffold1	46910000	46920000	1
scaffold1	46920000	46930000	1
scaffold1	46930000	46940000	1
scaffold1	46940000	46950000	0
scaffold1	46950000	46960000	1
scaffold1	46960000	46970000	0
scaffold1	46970000	46980000	2
scaffold1	46980000	46990000	2
scaffold1	46990000	47000000	1
scaffold1	47000000	47010000	2
scaffold1	47010000	47020000	1
scaffold1	47020000	47030000	1
scaffold1	47030000	47040000	1
scaffold1	47040000	47050000	1
scaffold1	47050000	47060000	0
scaffold1	47060000	47070000	0
scaffold1	47070000	47080000	0
scaffold1	47080000	47090000	1
scaffold1	47090000	47100000	1
scaffold1	47100000	47110000	1
scaffold1	47110000	47120000	2
scaffold1	47120000	47130000	2
scaffold1	47130000	47140000	1
scaffold1	47140000	47150000	1
scaffold1	47150000	47160000	2
scaffold1	47160000	47170000	1
scaffold1	47170000	47180000	1
scaffold1	47180000	47190000	1
scaffold1	47190000	47200000	0
scaffold1	47200000	47210000	0
scaffold1	47210000	47220000	0
scaffold1	47220000	47230000	0
scaffold1	47230000	47240000	0
scaffold1	47240000	47250000	0
scaffold1	47250000	47260000	0
scaffold1	47260000	47270000	0
scaffold1	47270000	47280000	0
scaffold1	47280000	47290000	0
scaffold1	47290000	47300000	1
scaffold1	47300000	47310000	1
scaffold1	47310000	47320000	0
scaffold1	47320000	47330000	0
scaffold1	47330000	47340000	0
scaffold1	47340000	47350000	1
scaffold1	47350000	47360000	0
scaffold1	47360000	47370000	0
scaffold1	47370000	47380000	0
scaffold1	47380000	47390000	0
scaffold1	47390000	47400000	0
scaffold1	47400000	47410000	0
scaffold1	47410000	47420000	0
scaffold1	47420000	47430000	1
scaffold1	47430000	47440000	1
scaffold1	47440000	47450000	1
scaffold1	47450000	47460000	1
scaffold1	47460000	47470000	1
scaffold1	47470000	47480000	1
scaffold1	47480000	47490000	0
scaffold1	47490000	47500000	0
scaffold1	47500000	47510000	1
scaffold1	47510000	47520000	1
scaffold1	47520000	47530000	1
scaffold1	47530000	47540000	1
scaffold1	47540000	47550000	1
scaffold1	47550000	47560000	2
scaffold1	47560000	47570000	2
scaffold1	47570000	47580000	3
scaffold1	47580000	47590000	0
scaffold1	47590000	47600000	0
scaffold1	47600000	47610000	0
scaffold1	47610000	47620000	0
scaffold1	47620000	47630000	0
scaffold1	47630000	47640000	0
scaffold1	47640000	47650000	0
scaffold1	47650000	47660000	1
scaffold1	47660000	47670000	1
scaffold1	47670000	47680000	3
scaffold1	47680000	47690000	1
scaffold1	47690000	47700000	0
scaffold1	47700000	47710000	1
scaffold1	47710000	47720000	1
scaffold1	47720000	47730000	1
scaffold1	47730000	47740000	1
scaffold1	47740000	47750000	2
scaffold1	47750000	47760000	1
scaffold1	47760000	47770000	1
scaffold1	47770000	47780000	1
scaffold1	47780000	47790000	0
scaffold1	47790000	47800000	0
scaffold1	47800000	47810000	0
scaffold1	47810000	47820000	0
scaffold1	47820000	47830000	0
scaffold1	47830000	47840000	0
scaffold1	47840000	47850000	0
scaffold1	47850000	47860000	0
scaffold1	47860000	47870000	0
scaffold1	47870000	47880000	0
scaffold1	47880000	47890000	1
scaffold1	47890000	47900000	1
scaffold1	47900000	47910000	1
scaffold1	47910000	47920000	1
scaffold1	47920000	47930000	1
scaffold1	47930000	47940000	1
scaffold1	47940000	47950000	0
scaffold1	47950000	47960000	0
scaffold1	47960000	47970000	0
scaffold1	47970000	47980000	0
scaffold1	47980000	47990000	0
scaffold1	47990000	48000000	0
scaffold1	48000000	48010000	0
scaffold1	48010000	48020000	0
scaffold1	48020000	48030000	0
scaffold1	48030000	48040000	2
scaffold1	48040000	48050000	2
scaffold1	48050000	48060000	2
scaffold1	48060000	48070000	2
scaffold1	48070000	48080000	0
scaffold1	48080000	48090000	1
scaffold1	48090000	48100000	1
scaffold1	48100000	48110000	1
scaffold1	48110000	48120000	3
scaffold1	48120000	48130000	2
scaffold1	48130000	48140000	1
scaffold1	48140000	48150000	1
scaffold1	48150000	48160000	2
scaffold1	48160000	48170000	2
scaffold1	48170000	48180000	1
scaffold1	48180000	48190000	0
scaffold1	48190000	48200000	1
scaffold1	48200000	48210000	2
scaffold1	48210000	48220000	3
scaffold1	48220000	48230000	3
scaffold1	48230000	48240000	1
scaffold1	48240000	48250000	1
scaffold1	48250000	48260000	0
scaffold1	48260000	48270000	0
scaffold1	48270000	48280000	2
scaffold1	48280000	48290000	3
scaffold1	48290000	48300000	3
scaffold1	48300000	48310000	1
scaffold1	48310000	48320000	2
scaffold1	48320000	48330000	1
scaffold1	48330000	48340000	1
scaffold1	48340000	48350000	0
scaffold1	48350000	48360000	0
scaffold1	48360000	48370000	1
scaffold1	48370000	48380000	1
scaffold1	48380000	48390000	1
scaffold1	48390000	48400000	1
scaffold1	48400000	48410000	2
scaffold1	48410000	48420000	1
scaffold1	48420000	48430000	1
scaffold1	48430000	48440000	1
scaffold1	48440000	48450000	0
scaffold1	48450000	48460000	1
scaffold1	48460000	48470000	0
scaffold1	48470000	48480000	2
scaffold1	48480000	48490000	2
scaffold1	48490000	48500000	0
scaffold1	48500000	48510000	0
scaffold1	48510000	48520000	1
scaffold1	48520000	48530000	3
scaffold1	48530000	48540000	2
scaffold1	48540000	48550000	2
scaffold1	48550000	48560000	1
scaffold1	48560000	48570000	1
scaffold1	48570000	48580000	1
scaffold1	48580000	48590000	2
scaffold1	48590000	48600000	1
scaffold1	48600000	48610000	1
scaffold1	48610000	48620000	2
scaffold1	48620000	48630000	1
scaffold1	48630000	48640000	1
scaffold1	48640000	48650000	2
scaffold1	48650000	48660000	1
scaffold1	48660000	48670000	1
scaffold1	48670000	48680000	3
scaffold1	48680000	48690000	1
scaffold1	48690000	48700000	1
scaffold1	48700000	48710000	0
scaffold1	48710000	48720000	1
scaffold1	48720000	48730000	1
scaffold1	48730000	48740000	1
scaffold1	48740000	48750000	1
scaffold1	48750000	48760000	2
scaffold1	48760000	48770000	1
scaffold1	48770000	48780000	1
scaffold1	48780000	48790000	1
scaffold1	48790000	48800000	1
scaffold1	48800000	48810000	1
scaffold1	48810000	48820000	0
scaffold1	48820000	48830000	2
scaffold1	48830000	48840000	1
scaffold1	48840000	48850000	2
scaffold1	48850000	48860000	0
scaffold1	48860000	48870000	1
scaffold1	48870000	48880000	0
scaffold1	48880000	48890000	1
scaffold1	48890000	48900000	1
scaffold1	48900000	48910000	1
scaffold1	48910000	48920000	2
scaffold1	48920000	48930000	2
scaffold1	48930000	48940000	2
scaffold1	48940000	48950000	2
scaffold1	48950000	48960000	1
scaffold1	48960000	48970000	3
scaffold1	48970000	48980000	1
scaffold1	48980000	48990000	0
scaffold1	48990000	49000000	1
scaffold1	49000000	49010000	1
scaffold1	49010000	49020000	1
scaffold1	49020000	49030000	1
scaffold1	49030000	49040000	1
scaffold1	49040000	49050000	1
scaffold1	49050000	49060000	1
scaffold1	49060000	49070000	1
scaffold1	49070000	49080000	1
scaffold1	49080000	49090000	1
scaffold1	49090000	49100000	1
scaffold1	49100000	49110000	1
scaffold1	49110000	49120000	1
scaffold1	49120000	49130000	1
scaffold1	49130000	49140000	2
scaffold1	49140000	49150000	1
scaffold1	49150000	49160000	0
scaffold1	49160000	49170000	0
scaffold1	49170000	49180000	1
scaffold1	49180000	49190000	2
scaffold1	49190000	49200000	3
scaffold1	49200000	49210000	2
scaffold1	49210000	49220000	2
scaffold1	49220000	49230000	1
scaffold1	49230000	49240000	2
scaffold1	49240000	49250000	2
scaffold1	49250000	49260000	1
scaffold1	49260000	49270000	1
scaffold1	49270000	49280000	0
scaffold1	49280000	49290000	0
scaffold1	49290000	49300000	3
scaffold1	49300000	49310000	1
scaffold1	49310000	49320000	2
scaffold1	49320000	49330000	1
scaffold1	49330000	49340000	1
scaffold1	49340000	49350000	1
scaffold1	49350000	49360000	3
scaffold1	49360000	49370000	1
scaffold1	49370000	49380000	1
scaffold1	49380000	49390000	2
scaffold1	49390000	49400000	1
scaffold1	49400000	49410000	1
scaffold1	49410000	49420000	1
scaffold1	49420000	49430000	2
scaffold1	49430000	49440000	2
scaffold1	49440000	49450000	1
scaffold1	49450000	49460000	2
scaffold1	49460000	49470000	3
scaffold1	49470000	49480000	1
scaffold1	49480000	49490000	1
scaffold1	49490000	49500000	3
scaffold1	49500000	49510000	1
scaffold1	49510000	49520000	1
scaffold1	49520000	49530000	1
scaffold1	49530000	49540000	1
scaffold1	49540000	49550000	1
scaffold1	49550000	49560000	2
scaffold1	49560000	49570000	2
scaffold1	49570000	49580000	1
scaffold1	49580000	49590000	1
scaffold1	49590000	49600000	1
scaffold1	49600000	49610000	1
scaffold1	49610000	49620000	1
scaffold1	49620000	49630000	1
scaffold1	49630000	49640000	1
scaffold1	49640000	49650000	1
scaffold1	49650000	49660000	1
scaffold1	49660000	49670000	0
scaffold1	49670000	49680000	0
scaffold1	49680000	49690000	0
scaffold1	49690000	49700000	1
scaffold1	49700000	49710000	1
scaffold1	49710000	49720000	2
scaffold1	49720000	49730000	3
scaffold1	49730000	49740000	1
scaffold1	49740000	49750000	2
scaffold1	49750000	49760000	1
scaffold1	49760000	49770000	1
scaffold1	49770000	49780000	0
scaffold1	49780000	49790000	0
scaffold1	49790000	49800000	0
scaffold1	49800000	49810000	0
scaffold1	49810000	49820000	0
scaffold1	49820000	49830000	0
scaffold1	49830000	49840000	0
scaffold1	49840000	49850000	0
scaffold1	49850000	49860000	0
scaffold1	49860000	49870000	0
scaffold1	49870000	49880000	0
scaffold1	49880000	49890000	0
scaffold1	49890000	49900000	1
scaffold1	49900000	49910000	0
scaffold1	49910000	49920000	0
scaffold1	49920000	49930000	0
scaffold1	49930000	49940000	2
scaffold1	49940000	49950000	2
scaffold1	49950000	49960000	1
scaffold1	49960000	49970000	2
scaffold1	49970000	49980000	2
scaffold1	49980000	49990000	2
scaffold1	49990000	50000000	1
scaffold1	50000000	50010000	1
scaffold1	50010000	50020000	1
scaffold1	50020000	50030000	1
scaffold1	50030000	50040000	2
scaffold1	50040000	50050000	3
scaffold1	50050000	50060000	2
scaffold1	50060000	50070000	1
scaffold1	50070000	50080000	1
scaffold1	50080000	50090000	1
scaffold1	50090000	50100000	0
scaffold1	50100000	50110000	0
scaffold1	50110000	50120000	0
scaffold1	50120000	50130000	0
scaffold1	50130000	50140000	0
scaffold1	50140000	50150000	0
scaffold1	50150000	50160000	1
scaffold1	50160000	50170000	0
scaffold1	50170000	50180000	0
scaffold1	50180000	50190000	2
scaffold1	50190000	50200000	2
scaffold1	50200000	50210000	1
scaffold1	50210000	50220000	1
scaffold1	50220000	50230000	1
scaffold1	50230000	50240000	1
scaffold1	50240000	50250000	3
scaffold1	50250000	50260000	2
scaffold1	50260000	50270000	1
scaffold1	50270000	50280000	2
scaffold1	50280000	50290000	1
scaffold1	50290000	50300000	2
scaffold1	50300000	50310000	0
scaffold1	50310000	50320000	0
scaffold1	50320000	50330000	0
scaffold1	50330000	50340000	2
scaffold1	50340000	50350000	2
scaffold1	50350000	50360000	2
scaffold1	50360000	50370000	2
scaffold1	50370000	50380000	2
scaffold1	50380000	50390000	1
scaffold1	50390000	50400000	0
scaffold1	50400000	50410000	1
scaffold1	50410000	50420000	2
scaffold1	50420000	50430000	1
scaffold1	50430000	50440000	1
scaffold1	50440000	50450000	1
scaffold1	50450000	50460000	0
scaffold1	50460000	50470000	0
scaffold1	50470000	50480000	0
scaffold1	50480000	50490000	0
scaffold1	50490000	50500000	1
scaffold1	50500000	50510000	1
scaffold1	50510000	50520000	1
scaffold1	50520000	50530000	1
scaffold1	50530000	50540000	1
scaffold1	50540000	50550000	1
scaffold1	50550000	50560000	1
scaffold1	50560000	50570000	0
scaffold1	50570000	50580000	2
scaffold1	50580000	50590000	1
scaffold1	50590000	50600000	2
scaffold1	50600000	50610000	3
scaffold1	50610000	50620000	3
scaffold1	50620000	50630000	2
scaffold1	50630000	50640000	1
scaffold1	50640000	50650000	2
scaffold1	50650000	50660000	1
scaffold1	50660000	50670000	0
scaffold1	50670000	50680000	1
scaffold1	50680000	50690000	0
scaffold1	50690000	50700000	1
scaffold1	50700000	50710000	1
scaffold1	50710000	50720000	1
scaffold1	50720000	50730000	0
scaffold1	50730000	50740000	0
scaffold1	50740000	50750000	1
scaffold1	50750000	50760000	1
scaffold1	50760000	50770000	1
scaffold1	50770000	50780000	1
scaffold1	50780000	50790000	2
scaffold1	50790000	50800000	1
scaffold1	50800000	50810000	1
scaffold1	50810000	50820000	1
scaffold1	50820000	50830000	2
scaffold1	50830000	50840000	2
scaffold1	50840000	50850000	1
scaffold1	50850000	50860000	2
scaffold1	50860000	50870000	2
scaffold1	50870000	50880000	1
scaffold1	50880000	50890000	1
scaffold1	50890000	50900000	1
scaffold1	50900000	50910000	1
scaffold1	50910000	50920000	1
scaffold1	50920000	50930000	1
scaffold1	50930000	50940000	1
scaffold1	50940000	50950000	2
scaffold1	50950000	50960000	2
scaffold1	50960000	50970000	1
scaffold1	50970000	50980000	1
scaffold1	50980000	50990000	1
scaffold1	50990000	51000000	1
scaffold1	51000000	51010000	1
scaffold1	51010000	51020000	3
scaffold1	51020000	51030000	2
scaffold1	51030000	51040000	0
scaffold1	51040000	51050000	0
scaffold1	51050000	51060000	0
scaffold1	51060000	51070000	0
scaffold1	51070000	51080000	0
scaffold1	51080000	51090000	1
scaffold1	51090000	51100000	1
scaffold1	51100000	51110000	1
scaffold1	51110000	51120000	1
scaffold1	51120000	51130000	1
scaffold1	51130000	51140000	1
scaffold1	51140000	51150000	1
scaffold1	51150000	51160000	2
scaffold1	51160000	51170000	1
scaffold1	51170000	51180000	2
scaffold1	51180000	51190000	1
scaffold1	51190000	51200000	2
scaffold1	51200000	51210000	1
scaffold1	51210000	51220000	0
scaffold1	51220000	51230000	3
scaffold1	51230000	51240000	0
scaffold1	51240000	51250000	1
scaffold1	51250000	51260000	1
scaffold1	51260000	51270000	1
scaffold1	51270000	51280000	1
scaffold1	51280000	51290000	1
scaffold1	51290000	51300000	1
scaffold1	51300000	51310000	2
scaffold1	51310000	51320000	3
scaffold1	51320000	51330000	1
scaffold1	51330000	51340000	1
scaffold1	51340000	51350000	1
scaffold1	51350000	51360000	0
scaffold1	51360000	51370000	1
scaffold1	51370000	51380000	1
scaffold1	51380000	51390000	1
scaffold1	51390000	51400000	1
scaffold1	51400000	51410000	0
scaffold1	51410000	51420000	0
scaffold1	51420000	51430000	1
scaffold1	51430000	51440000	1
scaffold1	51440000	51450000	1
scaffold1	51450000	51460000	1
scaffold1	51460000	51470000	1
scaffold1	51470000	51480000	0
scaffold1	51480000	51490000	1
scaffold1	51490000	51500000	1
scaffold1	51500000	51510000	1
scaffold1	51510000	51520000	1
scaffold1	51520000	51530000	1
scaffold1	51530000	51540000	1
scaffold1	51540000	51550000	0
scaffold1	51550000	51560000	3
scaffold1	51560000	51570000	2
scaffold1	51570000	51580000	1
scaffold1	51580000	51590000	3
scaffold1	51590000	51600000	1
scaffold1	51600000	51610000	1
scaffold1	51610000	51620000	1
scaffold1	51620000	51630000	0
scaffold1	51630000	51640000	0
scaffold1	51640000	51650000	0
scaffold1	51650000	51660000	1
scaffold1	51660000	51670000	3
scaffold1	51670000	51680000	3
scaffold1	51680000	51690000	2
scaffold1	51690000	51700000	2
scaffold1	51700000	51710000	1
scaffold1	51710000	51720000	1
scaffold1	51720000	51730000	0
scaffold1	51730000	51740000	0
scaffold1	51740000	51750000	1
scaffold1	51750000	51760000	1
scaffold1	51760000	51770000	1
scaffold1	51770000	51780000	1
scaffold1	51780000	51790000	0
scaffold1	51790000	51800000	1
scaffold1	51800000	51810000	0
scaffold1	51810000	51820000	0
scaffold1	51820000	51830000	1
scaffold1	51830000	51840000	3
scaffold1	51840000	51850000	0
scaffold1	51850000	51860000	0
scaffold1	51860000	51870000	0
scaffold1	51870000	51880000	1
scaffold1	51880000	51890000	1
scaffold1	51890000	51900000	0
scaffold1	51900000	51910000	1
scaffold1	51910000	51920000	1
scaffold1	51920000	51930000	2
scaffold1	51930000	51940000	1
scaffold1	51940000	51950000	0
scaffold1	51950000	51960000	2
scaffold1	51960000	51970000	1
scaffold1	51970000	51980000	1
scaffold1	51980000	51990000	1
scaffold1	51990000	52000000	1
scaffold1	52000000	52010000	2
scaffold1	52010000	52020000	1
scaffold1	52020000	52030000	1
scaffold1	52030000	52040000	1
scaffold1	52040000	52050000	3
scaffold1	52050000	52060000	0
scaffold1	52060000	52070000	0
scaffold1	52070000	52080000	0
scaffold1	52080000	52090000	0
scaffold1	52090000	52100000	0
scaffold1	52100000	52110000	1
scaffold1	52110000	52120000	1
scaffold1	52120000	52130000	1
scaffold1	52130000	52140000	1
scaffold1	52140000	52150000	1
scaffold1	52150000	52160000	1
scaffold1	52160000	52170000	2
scaffold1	52170000	52180000	1
scaffold1	52180000	52190000	2
scaffold1	52190000	52200000	1
scaffold1	52200000	52210000	3
scaffold1	52210000	52220000	4
scaffold1	52220000	52230000	1
scaffold1	52230000	52240000	2
scaffold1	52240000	52250000	1
scaffold1	52250000	52260000	2
scaffold1	52260000	52270000	0
scaffold1	52270000	52280000	0
scaffold1	52280000	52290000	1
scaffold1	52290000	52300000	0
scaffold1	52300000	52310000	0
scaffold1	52310000	52320000	2
scaffold1	52320000	52330000	2
scaffold1	52330000	52340000	0
scaffold1	52340000	52350000	1
scaffold1	52350000	52360000	1
scaffold1	52360000	52370000	1
scaffold1	52370000	52380000	0
scaffold1	52380000	52390000	0
scaffold1	52390000	52400000	0
scaffold1	52400000	52410000	0
scaffold1	52410000	52420000	0
scaffold1	52420000	52430000	0
scaffold1	52430000	52440000	0
scaffold1	52440000	52450000	0
scaffold1	52450000	52460000	1
scaffold1	52460000	52470000	2
scaffold1	52470000	52480000	2
scaffold1	52480000	52490000	1
scaffold1	52490000	52500000	1
scaffold1	52500000	52510000	1
scaffold1	52510000	52520000	2
scaffold1	52520000	52530000	2
scaffold1	52530000	52540000	2
scaffold1	52540000	52550000	2
scaffold1	52550000	52560000	1
scaffold1	52560000	52570000	2
scaffold1	52570000	52580000	2
scaffold1	52580000	52590000	3
scaffold1	52590000	52600000	1
scaffold1	52600000	52610000	2
scaffold1	52610000	52620000	2
scaffold1	52620000	52630000	1
scaffold1	52630000	52640000	1
scaffold1	52640000	52650000	4
scaffold1	52650000	52660000	2
scaffold1	52660000	52670000	2
scaffold1	52670000	52680000	2
scaffold1	52680000	52690000	1
scaffold1	52690000	52700000	1
scaffold1	52700000	52710000	1
scaffold1	52710000	52720000	1
scaffold1	52720000	52730000	0
scaffold1	52730000	52740000	0
scaffold1	52740000	52750000	0
scaffold1	52750000	52760000	0
scaffold1	52760000	52770000	1
scaffold1	52770000	52780000	1
scaffold1	52780000	52790000	1
scaffold1	52790000	52800000	1
scaffold1	52800000	52810000	2
scaffold1	52810000	52820000	1
scaffold1	52820000	52830000	3
scaffold1	52830000	52840000	0
scaffold1	52840000	52850000	1
scaffold1	52850000	52860000	1
scaffold1	52860000	52870000	1
scaffold1	52870000	52880000	2
scaffold1	52880000	52890000	1
scaffold1	52890000	52900000	1
scaffold1	52900000	52910000	1
scaffold1	52910000	52920000	0
scaffold1	52920000	52930000	0
scaffold1	52930000	52940000	0
scaffold1	52940000	52950000	2
scaffold1	52950000	52960000	3
scaffold1	52960000	52970000	1
scaffold1	52970000	52980000	0
scaffold1	52980000	52990000	1
scaffold1	52990000	53000000	1
scaffold1	53000000	53010000	1
scaffold1	53010000	53020000	1
scaffold1	53020000	53030000	1
scaffold1	53030000	53040000	2
scaffold1	53040000	53050000	2
scaffold1	53050000	53060000	1
scaffold1	53060000	53070000	0
scaffold1	53070000	53080000	1
scaffold1	53080000	53090000	0
scaffold1	53090000	53100000	0
scaffold1	53100000	53110000	2
scaffold1	53110000	53120000	0
scaffold1	53120000	53130000	0
scaffold1	53130000	53140000	0
scaffold1	53140000	53150000	0
scaffold1	53150000	53160000	1
scaffold1	53160000	53170000	1
scaffold1	53170000	53180000	0
scaffold1	53180000	53190000	1
scaffold1	53190000	53200000	1
scaffold1	53200000	53210000	1
scaffold1	53210000	53220000	1
scaffold1	53220000	53230000	0
scaffold1	53230000	53240000	1
scaffold1	53240000	53250000	1
scaffold1	53250000	53260000	2
scaffold1	53260000	53270000	1
scaffold1	53270000	53280000	0
scaffold1	53280000	53290000	0
scaffold1	53290000	53300000	0
scaffold1	53300000	53310000	0
scaffold1	53310000	53320000	1
scaffold1	53320000	53330000	0
scaffold1	53330000	53340000	0
scaffold1	53340000	53350000	0
scaffold1	53350000	53360000	0
scaffold1	53360000	53370000	0
scaffold1	53370000	53380000	0
scaffold1	53380000	53390000	0
scaffold1	53390000	53400000	0
scaffold1	53400000	53410000	1
scaffold1	53410000	53420000	1
scaffold1	53420000	53430000	4
scaffold1	53430000	53440000	1
scaffold1	53440000	53450000	0
scaffold1	53450000	53460000	2
scaffold1	53460000	53470000	1
scaffold1	53470000	53480000	1
scaffold1	53480000	53490000	1
scaffold1	53490000	53500000	1
scaffold1	53500000	53510000	1
scaffold1	53510000	53520000	1
scaffold1	53520000	53530000	1
scaffold1	53530000	53540000	1
scaffold1	53540000	53550000	1
scaffold1	53550000	53560000	2
scaffold1	53560000	53570000	2
scaffold1	53570000	53580000	2
scaffold1	53580000	53590000	3
scaffold1	53590000	53600000	2
scaffold1	53600000	53610000	2
scaffold1	53610000	53620000	3
scaffold1	53620000	53630000	1
scaffold1	53630000	53640000	2
scaffold1	53640000	53650000	2
scaffold1	53650000	53660000	2
scaffold1	53660000	53670000	0
scaffold1	53670000	53680000	2
scaffold1	53680000	53690000	1
scaffold1	53690000	53700000	1
scaffold1	53700000	53710000	1
scaffold1	53710000	53720000	2
scaffold1	53720000	53730000	1
scaffold1	53730000	53740000	2
scaffold1	53740000	53750000	1
scaffold1	53750000	53760000	0
scaffold1	53760000	53770000	2
scaffold1	53770000	53780000	1
scaffold1	53780000	53790000	0
scaffold1	53790000	53800000	0
scaffold1	53800000	53810000	1
scaffold1	53810000	53820000	2
scaffold1	53820000	53830000	1
scaffold1	53830000	53840000	1
scaffold1	53840000	53850000	1
scaffold1	53850000	53860000	1
scaffold1	53860000	53870000	0
scaffold1	53870000	53880000	0
scaffold1	53880000	53890000	1
scaffold1	53890000	53900000	1
scaffold1	53900000	53910000	1
scaffold1	53910000	53920000	2
scaffold1	53920000	53930000	1
scaffold1	53930000	53940000	3
scaffold1	53940000	53950000	3
scaffold1	53950000	53960000	4
scaffold1	53960000	53970000	1
scaffold1	53970000	53980000	1
scaffold1	53980000	53990000	1
scaffold1	53990000	54000000	0
scaffold1	54000000	54010000	0
scaffold1	54010000	54020000	1
scaffold1	54020000	54030000	1
scaffold1	54030000	54040000	0
scaffold1	54040000	54050000	1
scaffold1	54050000	54060000	2
scaffold1	54060000	54070000	2
scaffold1	54070000	54080000	1
scaffold1	54080000	54090000	0
scaffold1	54090000	54100000	0
scaffold1	54100000	54110000	1
scaffold1	54110000	54120000	2
scaffold1	54120000	54130000	2
scaffold1	54130000	54140000	0
scaffold1	54140000	54150000	2
scaffold1	54150000	54160000	2
scaffold1	54160000	54170000	1
scaffold1	54170000	54180000	0
scaffold1	54180000	54190000	1
scaffold1	54190000	54200000	2
scaffold1	54200000	54210000	2
scaffold1	54210000	54220000	3
scaffold1	54220000	54230000	2
scaffold1	54230000	54240000	1
scaffold1	54240000	54250000	2
scaffold1	54250000	54260000	1
scaffold1	54260000	54270000	2
scaffold1	54270000	54280000	1
scaffold1	54280000	54290000	2
scaffold1	54290000	54300000	1
scaffold1	54300000	54310000	1
scaffold1	54310000	54320000	1
scaffold1	54320000	54330000	1
scaffold1	54330000	54340000	0
scaffold1	54340000	54350000	1
scaffold1	54350000	54360000	0
scaffold1	54360000	54370000	0
scaffold1	54370000	54380000	0
scaffold1	54380000	54390000	0
scaffold1	54390000	54400000	0
scaffold1	54400000	54410000	0
scaffold1	54410000	54420000	0
scaffold1	54420000	54430000	0
scaffold1	54430000	54440000	1
scaffold1	54440000	54450000	1
scaffold1	54450000	54460000	1
scaffold1	54460000	54470000	2
scaffold1	54470000	54480000	1
scaffold1	54480000	54490000	2
scaffold1	54490000	54500000	1
scaffold1	54500000	54510000	1
scaffold1	54510000	54520000	0
scaffold1	54520000	54530000	0
scaffold1	54530000	54540000	0
scaffold1	54540000	54550000	1
scaffold1	54550000	54560000	1
scaffold1	54560000	54570000	1
scaffold1	54570000	54580000	1
scaffold1	54580000	54590000	1
scaffold1	54590000	54600000	2
scaffold1	54600000	54610000	1
scaffold1	54610000	54620000	1
scaffold1	54620000	54630000	1
scaffold1	54630000	54640000	2
scaffold1	54640000	54650000	1
scaffold1	54650000	54660000	1
scaffold1	54660000	54670000	0
scaffold1	54670000	54680000	0
scaffold1	54680000	54690000	0
scaffold1	54690000	54700000	0
scaffold1	54700000	54710000	1
scaffold1	54710000	54720000	1
scaffold1	54720000	54730000	0
scaffold1	54730000	54740000	0
scaffold1	54740000	54750000	0
scaffold1	54750000	54760000	0
scaffold1	54760000	54770000	1
scaffold1	54770000	54780000	2
scaffold1	54780000	54790000	3
scaffold1	54790000	54800000	1
scaffold1	54800000	54810000	1
scaffold1	54810000	54820000	2
scaffold1	54820000	54830000	2
scaffold1	54830000	54840000	1
scaffold1	54840000	54850000	2
scaffold1	54850000	54860000	4
scaffold1	54860000	54870000	3
scaffold1	54870000	54880000	2
scaffold1	54880000	54890000	1
scaffold1	54890000	54900000	1
scaffold1	54900000	54910000	1
scaffold1	54910000	54920000	1
scaffold1	54920000	54930000	1
scaffold1	54930000	54940000	0
scaffold1	54940000	54950000	1
scaffold1	54950000	54960000	2
scaffold1	54960000	54970000	1
scaffold1	54970000	54980000	1
scaffold1	54980000	54990000	0
scaffold1	54990000	55000000	0
scaffold1	55000000	55010000	1
scaffold1	55010000	55020000	3
scaffold1	55020000	55030000	2
scaffold1	55030000	55040000	0
scaffold1	55040000	55050000	2
scaffold1	55050000	55060000	1
scaffold1	55060000	55070000	1
scaffold1	55070000	55080000	1
scaffold1	55080000	55090000	0
scaffold1	55090000	55100000	0
scaffold1	55100000	55110000	0
scaffold1	55110000	55120000	0
scaffold1	55120000	55130000	1
scaffold1	55130000	55140000	1
scaffold1	55140000	55150000	1
scaffold1	55150000	55160000	0
scaffold1	55160000	55170000	1
scaffold1	55170000	55180000	3
scaffold1	55180000	55190000	1
scaffold1	55190000	55200000	1
scaffold1	55200000	55210000	1
scaffold1	55210000	55220000	0
scaffold1	55220000	55230000	0
scaffold1	55230000	55240000	0
scaffold1	55240000	55250000	0
scaffold1	55250000	55260000	0
scaffold1	55260000	55270000	0
scaffold1	55270000	55280000	0
scaffold1	55280000	55290000	0
scaffold1	55290000	55300000	0
scaffold1	55300000	55310000	2
scaffold1	55310000	55320000	1
scaffold1	55320000	55330000	1
scaffold1	55330000	55340000	0
scaffold1	55340000	55350000	0
scaffold1	55350000	55360000	0
scaffold1	55360000	55370000	1
scaffold1	55370000	55380000	1
scaffold1	55380000	55390000	1
scaffold1	55390000	55400000	0
scaffold1	55400000	55410000	1
scaffold1	55410000	55420000	1
scaffold1	55420000	55430000	1
scaffold1	55430000	55440000	1
scaffold1	55440000	55450000	1
scaffold1	55450000	55460000	0
scaffold1	55460000	55470000	1
scaffold1	55470000	55480000	1
scaffold1	55480000	55490000	0
scaffold1	55490000	55500000	1
scaffold1	55500000	55510000	1
scaffold1	55510000	55520000	1
scaffold1	55520000	55530000	1
scaffold1	55530000	55540000	1
scaffold1	55540000	55550000	2
scaffold1	55550000	55560000	1
scaffold1	55560000	55570000	1
scaffold1	55570000	55580000	1
scaffold1	55580000	55590000	1
scaffold1	55590000	55600000	2
scaffold1	55600000	55610000	0
scaffold1	55610000	55620000	2
scaffold1	55620000	55630000	1
scaffold1	55630000	55640000	0
scaffold1	55640000	55650000	0
scaffold1	55650000	55660000	0
scaffold1	55660000	55670000	0
scaffold1	55670000	55680000	0
scaffold1	55680000	55690000	2
scaffold1	55690000	55700000	2
scaffold1	55700000	55710000	2
scaffold1	55710000	55720000	2
scaffold1	55720000	55730000	2
scaffold1	55730000	55740000	0
scaffold1	55740000	55750000	0
scaffold1	55750000	55760000	0
scaffold1	55760000	55770000	0
scaffold1	55770000	55780000	0
scaffold1	55780000	55790000	0
scaffold1	55790000	55800000	1
scaffold1	55800000	55810000	1
scaffold1	55810000	55820000	2
scaffold1	55820000	55830000	2
scaffold1	55830000	55840000	1
scaffold1	55840000	55850000	2
scaffold1	55850000	55860000	0
scaffold1	55860000	55870000	1
scaffold1	55870000	55880000	1
scaffold1	55880000	55890000	1
scaffold1	55890000	55900000	2
scaffold1	55900000	55910000	1
scaffold1	55910000	55920000	1
scaffold1	55920000	55930000	1
scaffold1	55930000	55940000	3
scaffold1	55940000	55950000	1
scaffold1	55950000	55960000	1
scaffold1	55960000	55970000	1
scaffold1	55970000	55980000	1
scaffold1	55980000	55990000	1
scaffold1	55990000	56000000	1
scaffold1	56000000	56010000	1
scaffold1	56010000	56020000	1
scaffold1	56020000	56030000	1
scaffold1	56030000	56040000	1
scaffold1	56040000	56050000	0
scaffold1	56050000	56060000	0
scaffold1	56060000	56070000	1
scaffold1	56070000	56080000	1
scaffold1	56080000	56090000	1
scaffold1	56090000	56100000	0
scaffold1	56100000	56110000	1
scaffold1	56110000	56120000	1
scaffold1	56120000	56130000	2
scaffold1	56130000	56140000	2
scaffold1	56140000	56150000	2
scaffold1	56150000	56160000	1
scaffold1	56160000	56170000	1
scaffold1	56170000	56180000	2
scaffold1	56180000	56190000	1
scaffold1	56190000	56200000	2
scaffold1	56200000	56210000	1
scaffold1	56210000	56220000	2
scaffold1	56220000	56230000	0
scaffold1	56230000	56240000	2
scaffold1	56240000	56250000	1
scaffold1	56250000	56260000	1
scaffold1	56260000	56270000	1
scaffold1	56270000	56280000	1
scaffold1	56280000	56290000	1
scaffold1	56290000	56300000	1
scaffold1	56300000	56310000	0
scaffold1	56310000	56320000	0
scaffold1	56320000	56330000	0
scaffold1	56330000	56340000	1
scaffold1	56340000	56350000	0
scaffold1	56350000	56360000	0
scaffold1	56360000	56370000	0
scaffold1	56370000	56380000	0
scaffold1	56380000	56390000	0
scaffold1	56390000	56400000	0
scaffold1	56400000	56410000	0
scaffold1	56410000	56420000	0
scaffold1	56420000	56430000	0
scaffold1	56430000	56440000	0
scaffold1	56440000	56450000	0
scaffold1	56450000	56460000	0
scaffold1	56460000	56470000	0
scaffold1	56470000	56480000	3
scaffold1	56480000	56490000	2
scaffold1	56490000	56500000	1
scaffold1	56500000	56510000	2
scaffold1	56510000	56520000	2
scaffold1	56520000	56530000	3
scaffold1	56530000	56540000	1
scaffold1	56540000	56550000	0
scaffold1	56550000	56560000	0
scaffold1	56560000	56570000	1
scaffold1	56570000	56580000	2
scaffold1	56580000	56590000	1
scaffold1	56590000	56600000	1
scaffold1	56600000	56610000	2
scaffold1	56610000	56620000	1
scaffold1	56620000	56630000	1
scaffold1	56630000	56640000	1
scaffold1	56640000	56650000	1
scaffold1	56650000	56660000	1
scaffold1	56660000	56670000	1
scaffold1	56670000	56680000	1
scaffold1	56680000	56690000	1
scaffold1	56690000	56700000	1
scaffold1	56700000	56710000	1
scaffold1	56710000	56720000	1
scaffold1	56720000	56730000	1
scaffold1	56730000	56740000	3
scaffold1	56740000	56750000	1
scaffold1	56750000	56760000	0
scaffold1	56760000	56770000	0
scaffold1	56770000	56780000	1
scaffold1	56780000	56790000	0
scaffold1	56790000	56800000	3
scaffold1	56800000	56810000	1
scaffold1	56810000	56820000	1
scaffold1	56820000	56830000	0
scaffold1	56830000	56840000	0
scaffold1	56840000	56850000	1
scaffold1	56850000	56860000	2
scaffold1	56860000	56870000	1
scaffold1	56870000	56880000	1
scaffold1	56880000	56890000	3
scaffold1	56890000	56900000	2
scaffold1	56900000	56910000	1
scaffold1	56910000	56920000	1
scaffold1	56920000	56930000	0
scaffold1	56930000	56940000	0
scaffold1	56940000	56950000	0
scaffold1	56950000	56960000	0
scaffold1	56960000	56970000	0
scaffold1	56970000	56980000	1
scaffold1	56980000	56990000	3
scaffold1	56990000	57000000	1
scaffold1	57000000	57010000	2
scaffold1	57010000	57020000	0
scaffold1	57020000	57030000	1
scaffold1	57030000	57040000	2
scaffold1	57040000	57050000	2
scaffold1	57050000	57060000	4
scaffold1	57060000	57070000	1
scaffold1	57070000	57080000	1
scaffold1	57080000	57090000	3
scaffold1	57090000	57100000	2
scaffold1	57100000	57110000	3
scaffold1	57110000	57120000	1
scaffold1	57120000	57130000	2
scaffold1	57130000	57140000	1
scaffold1	57140000	57150000	1
scaffold1	57150000	57160000	2
scaffold1	57160000	57170000	1
scaffold1	57170000	57180000	1
scaffold1	57180000	57190000	1
scaffold1	57190000	57200000	2
scaffold1	57200000	57210000	1
scaffold1	57210000	57220000	3
scaffold1	57220000	57230000	2
scaffold1	57230000	57240000	1
scaffold1	57240000	57250000	2
scaffold1	57250000	57260000	2
scaffold1	57260000	57270000	3
scaffold1	57270000	57280000	2
scaffold1	57280000	57290000	3
scaffold1	57290000	57300000	2
scaffold1	57300000	57310000	1
scaffold1	57310000	57320000	1
scaffold1	57320000	57330000	1
scaffold1	57330000	57340000	2
scaffold1	57340000	57350000	1
scaffold1	57350000	57360000	2
scaffold1	57360000	57370000	1
scaffold1	57370000	57380000	1
scaffold1	57380000	57390000	1
scaffold1	57390000	57400000	1
scaffold1	57400000	57410000	0
scaffold1	57410000	57420000	0
scaffold1	57420000	57430000	1
scaffold1	57430000	57440000	1
scaffold1	57440000	57450000	0
scaffold1	57450000	57460000	1
scaffold1	57460000	57470000	1
scaffold1	57470000	57480000	0
scaffold1	57480000	57490000	0
scaffold1	57490000	57500000	0
scaffold1	57500000	57510000	0
scaffold1	57510000	57520000	0
scaffold1	57520000	57530000	0
scaffold1	57530000	57540000	0
scaffold1	57540000	57550000	0
scaffold1	57550000	57560000	0
scaffold1	57560000	57570000	0
scaffold1	57570000	57580000	0
scaffold1	57580000	57590000	0
scaffold1	57590000	57600000	0
scaffold1	57600000	57610000	0
scaffold1	57610000	57620000	0
scaffold1	57620000	57630000	2
scaffold1	57630000	57640000	1
scaffold1	57640000	57650000	2
scaffold1	57650000	57660000	0
scaffold1	57660000	57670000	0
scaffold1	57670000	57680000	3
scaffold1	57680000	57690000	1
scaffold1	57690000	57700000	0
scaffold1	57700000	57710000	0
scaffold1	57710000	57720000	1
scaffold1	57720000	57730000	0
scaffold1	57730000	57740000	1
scaffold1	57740000	57750000	0
scaffold1	57750000	57760000	0
scaffold1	57760000	57770000	0
scaffold1	57770000	57780000	1
scaffold1	57780000	57790000	1
scaffold1	57790000	57800000	0
scaffold1	57800000	57810000	2
scaffold1	57810000	57820000	1
scaffold1	57820000	57830000	1
scaffold1	57830000	57840000	0
scaffold1	57840000	57850000	2
scaffold1	57850000	57860000	0
scaffold1	57860000	57870000	0
scaffold1	57870000	57880000	1
scaffold1	57880000	57890000	0
scaffold1	57890000	57892280	0
scaffold2	0	10000	0
scaffold2	10000	20000	0
scaffold2	20000	30000	0
scaffold2	30000	40000	0
scaffold2	40000	50000	0
scaffold2	50000	60000	2
scaffold2	60000	70000	1
scaffold2	70000	80000	0
scaffold2	80000	90000	0
scaffold2	90000	100000	0
scaffold2	100000	110000	0
scaffold2	110000	120000	0
scaffold2	120000	130000	0
scaffold2	130000	140000	0
scaffold2	140000	150000	0
scaffold2	150000	160000	1
scaffold2	160000	170000	1
scaffold2	170000	180000	1
scaffold2	180000	190000	1
scaffold2	190000	200000	1
scaffold2	200000	210000	1
scaffold2	210000	220000	1
scaffold2	220000	230000	2
scaffold2	230000	240000	2
scaffold2	240000	250000	1
scaffold2	250000	260000	1
scaffold2	260000	270000	1
scaffold2	270000	280000	2
scaffold2	280000	290000	1
scaffold2	290000	300000	1
scaffold2	300000	310000	3
scaffold2	310000	320000	1
scaffold2	320000	330000	1
scaffold2	330000	340000	1
scaffold2	340000	350000	2
scaffold2	350000	360000	0
scaffold2	360000	370000	0
scaffold2	370000	380000	0
scaffold2	380000	390000	1
scaffold2	390000	400000	1
scaffold2	400000	410000	2
scaffold2	410000	420000	1
scaffold2	420000	430000	0
scaffold2	430000	440000	0
scaffold2	440000	450000	0
scaffold2	450000	460000	0
scaffold2	460000	470000	0
scaffold2	470000	480000	0
scaffold2	480000	490000	0
scaffold2	490000	500000	0
scaffold2	500000	510000	0
scaffold2	510000	520000	0
scaffold2	520000	530000	0
scaffold2	530000	540000	1
scaffold2	540000	550000	2
scaffold2	550000	560000	1
scaffold2	560000	570000	0
scaffold2	570000	580000	0
scaffold2	580000	590000	1
scaffold2	590000	600000	1
scaffold2	600000	610000	0
scaffold2	610000	620000	0
scaffold2	620000	630000	1
scaffold2	630000	640000	1
scaffold2	640000	650000	2
scaffold2	650000	660000	1
scaffold2	660000	670000	1
scaffold2	670000	680000	1
scaffold2	680000	690000	1
scaffold2	690000	700000	1
scaffold2	700000	710000	1
scaffold2	710000	720000	1
scaffold2	720000	730000	1
scaffold2	730000	740000	1
scaffold2	740000	750000	1
scaffold2	750000	760000	2
scaffold2	760000	770000	2
scaffold2	770000	780000	1
scaffold2	780000	790000	1
scaffold2	790000	800000	0
scaffold2	800000	810000	1
scaffold2	810000	820000	0
scaffold2	820000	830000	4
scaffold2	830000	840000	1
scaffold2	840000	850000	0
scaffold2	850000	860000	1
scaffold2	860000	870000	1
scaffold2	870000	880000	1
scaffold2	880000	890000	2
scaffold2	890000	900000	1
scaffold2	900000	910000	1
scaffold2	910000	920000	1
scaffold2	920000	930000	1
scaffold2	930000	940000	0
scaffold2	940000	950000	1
scaffold2	950000	960000	1
scaffold2	960000	970000	1
scaffold2	970000	980000	1
scaffold2	980000	990000	0
scaffold2	990000	1000000	0
scaffold2	1000000	1010000	0
scaffold2	1010000	1020000	0
scaffold2	1020000	1030000	0
scaffold2	1030000	1040000	0
scaffold2	1040000	1050000	0
scaffold2	1050000	1060000	0
scaffold2	1060000	1070000	0
scaffold2	1070000	1080000	0
scaffold2	1080000	1090000	0
scaffold2	1090000	1100000	0
scaffold2	1100000	1110000	1
scaffold2	1110000	1120000	2
scaffold2	1120000	1130000	1
scaffold2	1130000	1140000	2
scaffold2	1140000	1150000	2
scaffold2	1150000	1160000	1
scaffold2	1160000	1170000	2
scaffold2	1170000	1180000	2
scaffold2	1180000	1190000	0
scaffold2	1190000	1200000	1
scaffold2	1200000	1210000	1
scaffold2	1210000	1220000	2
scaffold2	1220000	1230000	1
scaffold2	1230000	1240000	1
scaffold2	1240000	1250000	1
scaffold2	1250000	1260000	1
scaffold2	1260000	1270000	0
scaffold2	1270000	1280000	1
scaffold2	1280000	1290000	2
scaffold2	1290000	1300000	1
scaffold2	1300000	1310000	3
scaffold2	1310000	1320000	3
scaffold2	1320000	1330000	1
scaffold2	1330000	1340000	2
scaffold2	1340000	1350000	0
scaffold2	1350000	1360000	2
scaffold2	1360000	1370000	2
scaffold2	1370000	1380000	1
scaffold2	1380000	1390000	1
scaffold2	1390000	1400000	2
scaffold2	1400000	1410000	2
scaffold2	1410000	1420000	1
scaffold2	1420000	1430000	2
scaffold2	1430000	1440000	1
scaffold2	1440000	1450000	2
scaffold2	1450000	1460000	1
scaffold2	1460000	1470000	2
scaffold2	1470000	1480000	1
scaffold2	1480000	1490000	0
scaffold2	1490000	1500000	1
scaffold2	1500000	1510000	0
scaffold2	1510000	1520000	2
scaffold2	1520000	1530000	1
scaffold2	1530000	1540000	1
scaffold2	1540000	1550000	1
scaffold2	1550000	1560000	1
scaffold2	1560000	1570000	2
scaffold2	1570000	1580000	1
scaffold2	1580000	1590000	2
scaffold2	1590000	1600000	1
scaffold2	1600000	1610000	1
scaffold2	1610000	1620000	2
scaffold2	1620000	1630000	2
scaffold2	1630000	1640000	2
scaffold2	1640000	1650000	1
scaffold2	1650000	1660000	1
scaffold2	1660000	1670000	1
scaffold2	1670000	1680000	1
scaffold2	1680000	1690000	2
scaffold2	1690000	1700000	1
scaffold2	1700000	1710000	2
scaffold2	1710000	1720000	1
scaffold2	1720000	1730000	1
scaffold2	1730000	1740000	2
scaffold2	1740000	1750000	0
scaffold2	1750000	1760000	0
scaffold2	1760000	1770000	0
scaffold2	1770000	1780000	0
scaffold2	1780000	1790000	1
scaffold2	1790000	1800000	0
scaffold2	1800000	1810000	0
scaffold2	1810000	1820000	0
scaffold2	1820000	1830000	1
scaffold2	1830000	1840000	2
scaffold2	1840000	1850000	3
scaffold2	1850000	1860000	2
scaffold2	1860000	1870000	1
scaffold2	1870000	1880000	1
scaffold2	1880000	1890000	1
scaffold2	1890000	1900000	1
scaffold2	1900000	1910000	0
scaffold2	1910000	1920000	0
scaffold2	1920000	1930000	1
scaffold2	1930000	1940000	0
scaffold2	1940000	1950000	0
scaffold2	1950000	1960000	0
scaffold2	1960000	1970000	1
scaffold2	1970000	1980000	2
scaffold2	1980000	1990000	3
scaffold2	1990000	2000000	2
scaffold2	2000000	2010000	1
scaffold2	2010000	2020000	1
scaffold2	2020000	2030000	1
scaffold2	2030000	2040000	0
scaffold2	2040000	2050000	2
scaffold2	2050000	2060000	1
scaffold2	2060000	2070000	1
scaffold2	2070000	2080000	1
scaffold2	2080000	2090000	1
scaffold2	2090000	2100000	2
scaffold2	2100000	2110000	2
scaffold2	2110000	2120000	1
scaffold2	2120000	2130000	1
scaffold2	2130000	2140000	2
scaffold2	2140000	2150000	2
scaffold2	2150000	2160000	1
scaffold2	2160000	2170000	2
scaffold2	2170000	2180000	1
scaffold2	2180000	2190000	1
scaffold2	2190000	2200000	1
scaffold2	2200000	2210000	1
scaffold2	2210000	2220000	0
scaffold2	2220000	2230000	0
scaffold2	2230000	2240000	0
scaffold2	2240000	2250000	0
scaffold2	2250000	2260000	0
scaffold2	2260000	2270000	0
scaffold2	2270000	2280000	0
scaffold2	2280000	2290000	0
scaffold2	2290000	2300000	0
scaffold2	2300000	2310000	0
scaffold2	2310000	2320000	0
scaffold2	2320000	2330000	0
scaffold2	2330000	2340000	0
scaffold2	2340000	2350000	0
scaffold2	2350000	2360000	0
scaffold2	2360000	2370000	1
scaffold2	2370000	2380000	1
scaffold2	2380000	2390000	0
scaffold2	2390000	2400000	1
scaffold2	2400000	2410000	1
scaffold2	2410000	2420000	0
scaffold2	2420000	2430000	0
scaffold2	2430000	2440000	2
scaffold2	2440000	2450000	1
scaffold2	2450000	2460000	2
scaffold2	2460000	2470000	1
scaffold2	2470000	2480000	0
scaffold2	2480000	2490000	0
scaffold2	2490000	2500000	0
scaffold2	2500000	2510000	0
scaffold2	2510000	2520000	0
scaffold2	2520000	2530000	0
scaffold2	2530000	2540000	0
scaffold2	2540000	2550000	1
scaffold2	2550000	2560000	0
scaffold2	2560000	2570000	0
scaffold2	2570000	2580000	0
scaffold2	2580000	2590000	1
scaffold2	2590000	2600000	1
scaffold2	2600000	2610000	0
scaffold2	2610000	2620000	1
scaffold2	2620000	2630000	2
scaffold2	2630000	2640000	3
scaffold2	2640000	2650000	1
scaffold2	2650000	2660000	2
scaffold2	2660000	2670000	1
scaffold2	2670000	2680000	1
scaffold2	2680000	2690000	1
scaffold2	2690000	2700000	0
scaffold2	2700000	2710000	5
scaffold2	2710000	2720000	2
scaffold2	2720000	2730000	1
scaffold2	2730000	2740000	1
scaffold2	2740000	2750000	1
scaffold2	2750000	2760000	1
scaffold2	2760000	2770000	1
scaffold2	2770000	2780000	1
scaffold2	2780000	2790000	1
scaffold2	2790000	2800000	1
scaffold2	2800000	2810000	1
scaffold2	2810000	2820000	2
scaffold2	2820000	2830000	3
scaffold2	2830000	2840000	2
scaffold2	2840000	2850000	3
scaffold2	2850000	2860000	1
scaffold2	2860000	2870000	0
scaffold2	2870000	2880000	0
scaffold2	2880000	2890000	0
scaffold2	2890000	2900000	0
scaffold2	2900000	2910000	0
scaffold2	2910000	2920000	0
scaffold2	2920000	2930000	0
scaffold2	2930000	2940000	0
scaffold2	2940000	2950000	0
scaffold2	2950000	2960000	0
scaffold2	2960000	2970000	0
scaffold2	2970000	2980000	1
scaffold2	2980000	2990000	2
scaffold2	2990000	3000000	1
scaffold2	3000000	3010000	1
scaffold2	3010000	3020000	1
scaffold2	3020000	3030000	1
scaffold2	3030000	3040000	0
scaffold2	3040000	3050000	2
scaffold2	3050000	3060000	3
scaffold2	3060000	3070000	1
scaffold2	3070000	3080000	1
scaffold2	3080000	3090000	1
scaffold2	3090000	3100000	2
scaffold2	3100000	3110000	1
scaffold2	3110000	3120000	1
scaffold2	3120000	3130000	2
scaffold2	3130000	3140000	1
scaffold2	3140000	3150000	2
scaffold2	3150000	3160000	1
scaffold2	3160000	3170000	1
scaffold2	3170000	3180000	1
scaffold2	3180000	3190000	0
scaffold2	3190000	3200000	0
scaffold2	3200000	3210000	0
scaffold2	3210000	3220000	2
scaffold2	3220000	3230000	1
scaffold2	3230000	3240000	0
scaffold2	3240000	3250000	1
scaffold2	3250000	3260000	1
scaffold2	3260000	3270000	0
scaffold2	3270000	3280000	1
scaffold2	3280000	3290000	1
scaffold2	3290000	3300000	1
scaffold2	3300000	3310000	1
scaffold2	3310000	3320000	2
scaffold2	3320000	3330000	2
scaffold2	3330000	3340000	2
scaffold2	3340000	3350000	2
scaffold2	3350000	3360000	3
scaffold2	3360000	3370000	0
scaffold2	3370000	3380000	0
scaffold2	3380000	3390000	0
scaffold2	3390000	3400000	0
scaffold2	3400000	3410000	0
scaffold2	3410000	3420000	2
scaffold2	3420000	3430000	2
scaffold2	3430000	3440000	1
scaffold2	3440000	3450000	2
scaffold2	3450000	3460000	2
scaffold2	3460000	3470000	0
scaffold2	3470000	3480000	2
scaffold2	3480000	3490000	0
scaffold2	3490000	3500000	0
scaffold2	3500000	3510000	2
scaffold2	3510000	3520000	2
scaffold2	3520000	3530000	1
scaffold2	3530000	3540000	1
scaffold2	3540000	3550000	1
scaffold2	3550000	3560000	1
scaffold2	3560000	3570000	0
scaffold2	3570000	3580000	0
scaffold2	3580000	3590000	1
scaffold2	3590000	3600000	1
scaffold2	3600000	3610000	2
scaffold2	3610000	3620000	2
scaffold2	3620000	3630000	1
scaffold2	3630000	3640000	2
scaffold2	3640000	3650000	2
scaffold2	3650000	3660000	1
scaffold2	3660000	3670000	0
scaffold2	3670000	3680000	0
scaffold2	3680000	3690000	2
scaffold2	3690000	3700000	1
scaffold2	3700000	3710000	0
scaffold2	3710000	3720000	2
scaffold2	3720000	3730000	1
scaffold2	3730000	3740000	1
scaffold2	3740000	3750000	1
scaffold2	3750000	3760000	1
scaffold2	3760000	3770000	1
scaffold2	3770000	3780000	1
scaffold2	3780000	3790000	1
scaffold2	3790000	3800000	1
scaffold2	3800000	3810000	3
scaffold2	3810000	3820000	1
scaffold2	3820000	3830000	1
scaffold2	3830000	3840000	2
scaffold2	3840000	3850000	1
scaffold2	3850000	3860000	1
scaffold2	3860000	3870000	1
scaffold2	3870000	3880000	1
scaffold2	3880000	3890000	1
scaffold2	3890000	3900000	0
scaffold2	3900000	3910000	0
scaffold2	3910000	3920000	0
scaffold2	3920000	3930000	2
scaffold2	3930000	3940000	3
scaffold2	3940000	3950000	2
scaffold2	3950000	3960000	1
scaffold2	3960000	3970000	1
scaffold2	3970000	3980000	0
scaffold2	3980000	3990000	1
scaffold2	3990000	4000000	1
scaffold2	4000000	4010000	1
scaffold2	4010000	4020000	0
scaffold2	4020000	4030000	0
scaffold2	4030000	4040000	0
scaffold2	4040000	4050000	0
scaffold2	4050000	4060000	1
scaffold2	4060000	4070000	1
scaffold2	4070000	4080000	1
scaffold2	4080000	4090000	1
scaffold2	4090000	4100000	2
scaffold2	4100000	4110000	1
scaffold2	4110000	4120000	1
scaffold2	4120000	4130000	2
scaffold2	4130000	4140000	1
scaffold2	4140000	4150000	0
scaffold2	4150000	4160000	0
scaffold2	4160000	4170000	1
scaffold2	4170000	4180000	1
scaffold2	4180000	4190000	0
scaffold2	4190000	4200000	1
scaffold2	4200000	4210000	0
scaffold2	4210000	4220000	1
scaffold2	4220000	4230000	1
scaffold2	4230000	4240000	2
scaffold2	4240000	4250000	0
scaffold2	4250000	4260000	2
scaffold2	4260000	4270000	2
scaffold2	4270000	4280000	1
scaffold2	4280000	4290000	2
scaffold2	4290000	4300000	1
scaffold2	4300000	4310000	1
scaffold2	4310000	4320000	1
scaffold2	4320000	4330000	1
scaffold2	4330000	4340000	1
scaffold2	4340000	4350000	2
scaffold2	4350000	4360000	1
scaffold2	4360000	4370000	1
scaffold2	4370000	4380000	2
scaffold2	4380000	4390000	2
scaffold2	4390000	4400000	1
scaffold2	4400000	4410000	3
scaffold2	4410000	4420000	1
scaffold2	4420000	4430000	1
scaffold2	4430000	4440000	4
scaffold2	4440000	4450000	1
scaffold2	4450000	4460000	1
scaffold2	4460000	4470000	1
scaffold2	4470000	4480000	3
scaffold2	4480000	4490000	1
scaffold2	4490000	4500000	3
scaffold2	4500000	4510000	2
scaffold2	4510000	4520000	1
scaffold2	4520000	4530000	1
scaffold2	4530000	4540000	0
scaffold2	4540000	4550000	0
scaffold2	4550000	4560000	0
scaffold2	4560000	4570000	0
scaffold2	4570000	4580000	0
scaffold2	4580000	4590000	0
scaffold2	4590000	4600000	0
scaffold2	4600000	4610000	0
scaffold2	4610000	4620000	2
scaffold2	4620000	4630000	2
scaffold2	4630000	4640000	1
scaffold2	4640000	4650000	1
scaffold2	4650000	4660000	0
scaffold2	4660000	4670000	1
scaffold2	4670000	4680000	1
scaffold2	4680000	4690000	2
scaffold2	4690000	4700000	1
scaffold2	4700000	4710000	2
scaffold2	4710000	4720000	1
scaffold2	4720000	4730000	2
scaffold2	4730000	4740000	0
scaffold2	4740000	4750000	2
scaffold2	4750000	4760000	2
scaffold2	4760000	4770000	1
scaffold2	4770000	4780000	1
scaffold2	4780000	4790000	1
scaffold2	4790000	4800000	0
scaffold2	4800000	4810000	0
scaffold2	4810000	4820000	1
scaffold2	4820000	4830000	0
scaffold2	4830000	4840000	0
scaffold2	4840000	4850000	2
scaffold2	4850000	4860000	2
scaffold2	4860000	4870000	2
scaffold2	4870000	4880000	1
scaffold2	4880000	4890000	1
scaffold2	4890000	4900000	3
scaffold2	4900000	4910000	2
scaffold2	4910000	4920000	1
scaffold2	4920000	4930000	2
scaffold2	4930000	4940000	1
scaffold2	4940000	4950000	2
scaffold2	4950000	4960000	2
scaffold2	4960000	4970000	2
scaffold2	4970000	4980000	0
scaffold2	4980000	4990000	0
scaffold2	4990000	5000000	0
scaffold2	5000000	5010000	0
scaffold2	5010000	5020000	1
scaffold2	5020000	5030000	0
scaffold2	5030000	5040000	1
scaffold2	5040000	5050000	1
scaffold2	5050000	5060000	2
scaffold2	5060000	5070000	0
scaffold2	5070000	5080000	0
scaffold2	5080000	5090000	0
scaffold2	5090000	5100000	1
scaffold2	5100000	5110000	0
scaffold2	5110000	5120000	0
scaffold2	5120000	5130000	1
scaffold2	5130000	5140000	2
scaffold2	5140000	5150000	1
scaffold2	5150000	5160000	1
scaffold2	5160000	5170000	1
scaffold2	5170000	5180000	3
scaffold2	5180000	5190000	2
scaffold2	5190000	5200000	1
scaffold2	5200000	5210000	2
scaffold2	5210000	5220000	2
scaffold2	5220000	5230000	1
scaffold2	5230000	5240000	2
scaffold2	5240000	5250000	2
scaffold2	5250000	5260000	1
scaffold2	5260000	5270000	2
scaffold2	5270000	5280000	3
scaffold2	5280000	5290000	1
scaffold2	5290000	5300000	2
scaffold2	5300000	5310000	1
scaffold2	5310000	5320000	1
scaffold2	5320000	5330000	1
scaffold2	5330000	5340000	1
scaffold2	5340000	5350000	1
scaffold2	5350000	5360000	1
scaffold2	5360000	5370000	1
scaffold2	5370000	5380000	3
scaffold2	5380000	5390000	1
scaffold2	5390000	5400000	0
scaffold2	5400000	5410000	1
scaffold2	5410000	5420000	0
scaffold2	5420000	5430000	2
scaffold2	5430000	5440000	2
scaffold2	5440000	5450000	1
scaffold2	5450000	5460000	0
scaffold2	5460000	5470000	1
scaffold2	5470000	5480000	1
scaffold2	5480000	5490000	1
scaffold2	5490000	5500000	2
scaffold2	5500000	5510000	1
scaffold2	5510000	5520000	2
scaffold2	5520000	5530000	0
scaffold2	5530000	5540000	1
scaffold2	5540000	5550000	2
scaffold2	5550000	5560000	2
scaffold2	5560000	5570000	0
scaffold2	5570000	5580000	0
scaffold2	5580000	5590000	1
scaffold2	5590000	5600000	2
scaffold2	5600000	5610000	1
scaffold2	5610000	5620000	1
scaffold2	5620000	5630000	1
scaffold2	5630000	5640000	0
scaffold2	5640000	5650000	0
scaffold2	5650000	5660000	0
scaffold2	5660000	5670000	0
scaffold2	5670000	5680000	0
scaffold2	5680000	5690000	1
scaffold2	5690000	5700000	2
scaffold2	5700000	5710000	4
scaffold2	5710000	5720000	2
scaffold2	5720000	5730000	2
scaffold2	5730000	5740000	3
scaffold2	5740000	5750000	1
scaffold2	5750000	5760000	1
scaffold2	5760000	5770000	1
scaffold2	5770000	5780000	1
scaffold2	5780000	5790000	1
scaffold2	5790000	5800000	1
scaffold2	5800000	5810000	1
scaffold2	5810000	5820000	1
scaffold2	5820000	5830000	1
scaffold2	5830000	5840000	1
scaffold2	5840000	5850000	4
scaffold2	5850000	5860000	2
scaffold2	5860000	5870000	1
scaffold2	5870000	5880000	2
scaffold2	5880000	5890000	1
scaffold2	5890000	5900000	1
scaffold2	5900000	5910000	1
scaffold2	5910000	5920000	1
scaffold2	5920000	5930000	1
scaffold2	5930000	5940000	1
scaffold2	5940000	5950000	1
scaffold2	5950000	5960000	0
scaffold2	5960000	5970000	0
scaffold2	5970000	5980000	0
scaffold2	5980000	5990000	0
scaffold2	5990000	6000000	0
scaffold2	6000000	6010000	1
scaffold2	6010000	6020000	1
scaffold2	6020000	6030000	1
scaffold2	6030000	6040000	1
scaffold2	6040000	6050000	1
scaffold2	6050000	6060000	0
scaffold2	6060000	6070000	1
scaffold2	6070000	6080000	0
scaffold2	6080000	6090000	0
scaffold2	6090000	6100000	0
scaffold2	6100000	6110000	0
scaffold2	6110000	6120000	2
scaffold2	6120000	6130000	2
scaffold2	6130000	6140000	4
scaffold2	6140000	6150000	3
scaffold2	6150000	6160000	2
scaffold2	6160000	6170000	1
scaffold2	6170000	6180000	1
scaffold2	6180000	6190000	2
scaffold2	6190000	6200000	0
scaffold2	6200000	6210000	1
scaffold2	6210000	6220000	1
scaffold2	6220000	6230000	0
scaffold2	6230000	6240000	0
scaffold2	6240000	6250000	1
scaffold2	6250000	6260000	1
scaffold2	6260000	6270000	0
scaffold2	6270000	6280000	1
scaffold2	6280000	6290000	2
scaffold2	6290000	6300000	1
scaffold2	6300000	6310000	2
scaffold2	6310000	6320000	3
scaffold2	6320000	6330000	2
scaffold2	6330000	6340000	2
scaffold2	6340000	6350000	1
scaffold2	6350000	6360000	2
scaffold2	6360000	6370000	1
scaffold2	6370000	6380000	2
scaffold2	6380000	6390000	0
scaffold2	6390000	6400000	0
scaffold2	6400000	6410000	0
scaffold2	6410000	6420000	0
scaffold2	6420000	6430000	1
scaffold2	6430000	6440000	2
scaffold2	6440000	6450000	1
scaffold2	6450000	6460000	0
scaffold2	6460000	6470000	0
scaffold2	6470000	6480000	0
scaffold2	6480000	6490000	1
scaffold2	6490000	6500000	1
scaffold2	6500000	6510000	2
scaffold2	6510000	6520000	2
scaffold2	6520000	6530000	2
scaffold2	6530000	6540000	2
scaffold2	6540000	6550000	0
scaffold2	6550000	6560000	1
scaffold2	6560000	6570000	1
scaffold2	6570000	6580000	0
scaffold2	6580000	6590000	0
scaffold2	6590000	6600000	0
scaffold2	6600000	6610000	2
scaffold2	6610000	6620000	0
scaffold2	6620000	6630000	2
scaffold2	6630000	6640000	2
scaffold2	6640000	6650000	2
scaffold2	6650000	6660000	2
scaffold2	6660000	6670000	0
scaffold2	6670000	6680000	0
scaffold2	6680000	6690000	1
scaffold2	6690000	6700000	0
scaffold2	6700000	6710000	0
scaffold2	6710000	6720000	0
scaffold2	6720000	6730000	1
scaffold2	6730000	6740000	2
scaffold2	6740000	6750000	1
scaffold2	6750000	6760000	2
scaffold2	6760000	6770000	1
scaffold2	6770000	6780000	2
scaffold2	6780000	6790000	1
scaffold2	6790000	6800000	2
scaffold2	6800000	6810000	0
scaffold2	6810000	6820000	0
scaffold2	6820000	6830000	1
scaffold2	6830000	6840000	1
scaffold2	6840000	6850000	3
scaffold2	6850000	6860000	2
scaffold2	6860000	6870000	4
scaffold2	6870000	6880000	2
scaffold2	6880000	6890000	1
scaffold2	6890000	6900000	1
scaffold2	6900000	6910000	1
scaffold2	6910000	6920000	2
scaffold2	6920000	6930000	1
scaffold2	6930000	6940000	1
scaffold2	6940000	6950000	0
scaffold2	6950000	6960000	0
scaffold2	6960000	6970000	1
scaffold2	6970000	6980000	1
scaffold2	6980000	6990000	2
scaffold2	6990000	7000000	0
scaffold2	7000000	7010000	1
scaffold2	7010000	7020000	3
scaffold2	7020000	7030000	1
scaffold2	7030000	7040000	0
scaffold2	7040000	7050000	0
scaffold2	7050000	7060000	1
scaffold2	7060000	7070000	0
scaffold2	7070000	7080000	0
scaffold2	7080000	7090000	0
scaffold2	7090000	7100000	1
scaffold2	7100000	7110000	1
scaffold2	7110000	7120000	1
scaffold2	7120000	7130000	1
scaffold2	7130000	7140000	1
scaffold2	7140000	7150000	0
scaffold2	7150000	7160000	1
scaffold2	7160000	7170000	1
scaffold2	7170000	7180000	0
scaffold2	7180000	7190000	0
scaffold2	7190000	7200000	0
scaffold2	7200000	7210000	0
scaffold2	7210000	7220000	0
scaffold2	7220000	7230000	0
scaffold2	7230000	7240000	0
scaffold2	7240000	7250000	0
scaffold2	7250000	7260000	0
scaffold2	7260000	7270000	1
scaffold2	7270000	7280000	0
scaffold2	7280000	7290000	0
scaffold2	7290000	7300000	0
scaffold2	7300000	7310000	0
scaffold2	7310000	7320000	0
scaffold2	7320000	7330000	0
scaffold2	7330000	7340000	0
scaffold2	7340000	7350000	1
scaffold2	7350000	7360000	1
scaffold2	7360000	7370000	1
scaffold2	7370000	7380000	2
scaffold2	7380000	7390000	1
scaffold2	7390000	7400000	1
scaffold2	7400000	7410000	2
scaffold2	7410000	7420000	2
scaffold2	7420000	7430000	1
scaffold2	7430000	7440000	1
scaffold2	7440000	7450000	1
scaffold2	7450000	7460000	2
scaffold2	7460000	7470000	1
scaffold2	7470000	7480000	2
scaffold2	7480000	7490000	2
scaffold2	7490000	7500000	2
scaffold2	7500000	7510000	1
scaffold2	7510000	7520000	2
scaffold2	7520000	7530000	0
scaffold2	7530000	7540000	1
scaffold2	7540000	7550000	1
scaffold2	7550000	7560000	2
scaffold2	7560000	7570000	1
scaffold2	7570000	7580000	1
scaffold2	7580000	7590000	1
scaffold2	7590000	7600000	0
scaffold2	7600000	7610000	0
scaffold2	7610000	7620000	1
scaffold2	7620000	7630000	1
scaffold2	7630000	7640000	3
scaffold2	7640000	7650000	1
scaffold2	7650000	7660000	1
scaffold2	7660000	7670000	1
scaffold2	7670000	7680000	1
scaffold2	7680000	7690000	1
scaffold2	7690000	7700000	1
scaffold2	7700000	7710000	1
scaffold2	7710000	7720000	1
scaffold2	7720000	7730000	1
scaffold2	7730000	7740000	1
scaffold2	7740000	7750000	1
scaffold2	7750000	7760000	1
scaffold2	7760000	7770000	2
scaffold2	7770000	7780000	2
scaffold2	7780000	7790000	0
scaffold2	7790000	7800000	1
scaffold2	7800000	7810000	1
scaffold2	7810000	7820000	1
scaffold2	7820000	7830000	1
scaffold2	7830000	7840000	1
scaffold2	7840000	7850000	0
scaffold2	7850000	7860000	2
scaffold2	7860000	7870000	1
scaffold2	7870000	7880000	1
scaffold2	7880000	7890000	1
scaffold2	7890000	7900000	2
scaffold2	7900000	7910000	1
scaffold2	7910000	7920000	2
scaffold2	7920000	7930000	2
scaffold2	7930000	7940000	1
scaffold2	7940000	7950000	2
scaffold2	7950000	7960000	1
scaffold2	7960000	7970000	1
scaffold2	7970000	7980000	1
scaffold2	7980000	7990000	1
scaffold2	7990000	8000000	0
scaffold2	8000000	8010000	0
scaffold2	8010000	8020000	0
scaffold2	8020000	8030000	0
scaffold2	8030000	8040000	0
scaffold2	8040000	8050000	3
scaffold2	8050000	8060000	1
scaffold2	8060000	8070000	2
scaffold2	8070000	8080000	2
scaffold2	8080000	8090000	2
scaffold2	8090000	8100000	1
scaffold2	8100000	8110000	1
scaffold2	8110000	8120000	1
scaffold2	8120000	8130000	3
scaffold2	8130000	8140000	2
scaffold2	8140000	8150000	2
scaffold2	8150000	8160000	1
scaffold2	8160000	8170000	4
scaffold2	8170000	8180000	1
scaffold2	8180000	8190000	2
scaffold2	8190000	8200000	2
scaffold2	8200000	8210000	1
scaffold2	8210000	8220000	2
scaffold2	8220000	8230000	2
scaffold2	8230000	8240000	0
scaffold2	8240000	8250000	0
scaffold2	8250000	8260000	0
scaffold2	8260000	8270000	0
scaffold2	8270000	8280000	0
scaffold2	8280000	8290000	0
scaffold2	8290000	8300000	0
scaffold2	8300000	8310000	0
scaffold2	8310000	8320000	0
scaffold2	8320000	8330000	1
scaffold2	8330000	8340000	2
scaffold2	8340000	8350000	2
scaffold2	8350000	8360000	2
scaffold2	8360000	8370000	1
scaffold2	8370000	8380000	1
scaffold2	8380000	8390000	1
scaffold2	8390000	8400000	0
scaffold2	8400000	8410000	1
scaffold2	8410000	8420000	0
scaffold2	8420000	8430000	0
scaffold2	8430000	8440000	1
scaffold2	8440000	8450000	1
scaffold2	8450000	8460000	1
scaffold2	8460000	8470000	1
scaffold2	8470000	8480000	1
scaffold2	8480000	8490000	1
scaffold2	8490000	8500000	2
scaffold2	8500000	8510000	2
scaffold2	8510000	8520000	1
scaffold2	8520000	8530000	1
scaffold2	8530000	8540000	2
scaffold2	8540000	8550000	2
scaffold2	8550000	8560000	1
scaffold2	8560000	8570000	2
scaffold2	8570000	8580000	1
scaffold2	8580000	8590000	1
scaffold2	8590000	8600000	1
scaffold2	8600000	8610000	2
scaffold2	8610000	8620000	1
scaffold2	8620000	8630000	1
scaffold2	8630000	8640000	1
scaffold2	8640000	8650000	2
scaffold2	8650000	8660000	1
scaffold2	8660000	8670000	1
scaffold2	8670000	8680000	1
scaffold2	8680000	8690000	1
scaffold2	8690000	8700000	1
scaffold2	8700000	8710000	2
scaffold2	8710000	8720000	1
scaffold2	8720000	8730000	1
scaffold2	8730000	8740000	2
scaffold2	8740000	8750000	1
scaffold2	8750000	8760000	0
scaffold2	8760000	8770000	0
scaffold2	8770000	8780000	1
scaffold2	8780000	8790000	2
scaffold2	8790000	8800000	1
scaffold2	8800000	8810000	2
scaffold2	8810000	8820000	2
scaffold2	8820000	8830000	1
scaffold2	8830000	8840000	0
scaffold2	8840000	8850000	2
scaffold2	8850000	8860000	1
scaffold2	8860000	8870000	1
scaffold2	8870000	8880000	4
scaffold2	8880000	8890000	0
scaffold2	8890000	8900000	1
scaffold2	8900000	8910000	1
scaffold2	8910000	8920000	1
scaffold2	8920000	8930000	1
scaffold2	8930000	8940000	1
scaffold2	8940000	8950000	2
scaffold2	8950000	8960000	0
scaffold2	8960000	8970000	3
scaffold2	8970000	8980000	1
scaffold2	8980000	8990000	2
scaffold2	8990000	9000000	1
scaffold2	9000000	9010000	1
scaffold2	9010000	9020000	1
scaffold2	9020000	9030000	1
scaffold2	9030000	9040000	1
scaffold2	9040000	9050000	2
scaffold2	9050000	9060000	1
scaffold2	9060000	9070000	2
scaffold2	9070000	9080000	1
scaffold2	9080000	9090000	1
scaffold2	9090000	9100000	2
scaffold2	9100000	9110000	1
scaffold2	9110000	9120000	1
scaffold2	9120000	9130000	1
scaffold2	9130000	9140000	0
scaffold2	9140000	9150000	0
scaffold2	9150000	9160000	0
scaffold2	9160000	9170000	0
scaffold2	9170000	9180000	0
scaffold2	9180000	9190000	1
scaffold2	9190000	9200000	1
scaffold2	9200000	9210000	1
scaffold2	9210000	9220000	0
scaffold2	9220000	9230000	0
scaffold2	9230000	9240000	0
scaffold2	9240000	9250000	0
scaffold2	9250000	9260000	1
scaffold2	9260000	9270000	2
scaffold2	9270000	9280000	1
scaffold2	9280000	9290000	0
scaffold2	9290000	9300000	0
scaffold2	9300000	9310000	0
scaffold2	9310000	9320000	0
scaffold2	9320000	9330000	0
scaffold2	9330000	9340000	1
scaffold2	9340000	9350000	3
scaffold2	9350000	9360000	3
scaffold2	9360000	9370000	1
scaffold2	9370000	9380000	1
scaffold2	9380000	9390000	0
scaffold2	9390000	9400000	1
scaffold2	9400000	9410000	0
scaffold2	9410000	9420000	2
scaffold2	9420000	9430000	2
scaffold2	9430000	9440000	0
scaffold2	9440000	9450000	1
scaffold2	9450000	9460000	1
scaffold2	9460000	9470000	1
scaffold2	9470000	9480000	1
scaffold2	9480000	9490000	0
scaffold2	9490000	9500000	0
scaffold2	9500000	9510000	2
scaffold2	9510000	9520000	2
scaffold2	9520000	9530000	2
scaffold2	9530000	9540000	1
scaffold2	9540000	9550000	0
scaffold2	9550000	9560000	2
scaffold2	9560000	9570000	2
scaffold2	9570000	9580000	1
scaffold2	9580000	9590000	1
scaffold2	9590000	9600000	1
scaffold2	9600000	9610000	3
scaffold2	9610000	9620000	3
scaffold2	9620000	9630000	1
scaffold2	9630000	9640000	1
scaffold2	9640000	9650000	1
scaffold2	9650000	9660000	0
scaffold2	9660000	9670000	1
scaffold2	9670000	9680000	1
scaffold2	9680000	9690000	2
scaffold2	9690000	9700000	2
scaffold2	9700000	9710000	1
scaffold2	9710000	9720000	2
scaffold2	9720000	9730000	2
scaffold2	9730000	9740000	1
scaffold2	9740000	9750000	0
scaffold2	9750000	9760000	1
scaffold2	9760000	9770000	2
scaffold2	9770000	9780000	2
scaffold2	9780000	9790000	1
scaffold2	9790000	9800000	1
scaffold2	9800000	9810000	0
scaffold2	9810000	9820000	2
scaffold2	9820000	9830000	1
scaffold2	9830000	9840000	1
scaffold2	9840000	9850000	2
scaffold2	9850000	9860000	2
scaffold2	9860000	9870000	1
scaffold2	9870000	9880000	1
scaffold2	9880000	9890000	2
scaffold2	9890000	9900000	1
scaffold2	9900000	9910000	1
scaffold2	9910000	9920000	0
scaffold2	9920000	9930000	0
scaffold2	9930000	9940000	1
scaffold2	9940000	9950000	0
scaffold2	9950000	9960000	0
scaffold2	9960000	9970000	0
scaffold2	9970000	9980000	0
scaffold2	9980000	9990000	0
scaffold2	9990000	10000000	2
scaffold2	10000000	10010000	0
scaffold2	10010000	10020000	2
scaffold2	10020000	10030000	1
scaffold2	10030000	10040000	1
scaffold2	10040000	10050000	0
scaffold2	10050000	10060000	1
scaffold2	10060000	10070000	1
scaffold2	10070000	10080000	0
scaffold2	10080000	10090000	0
scaffold2	10090000	10100000	1
scaffold2	10100000	10110000	1
scaffold2	10110000	10120000	1
scaffold2	10120000	10130000	0
scaffold2	10130000	10140000	2
scaffold2	10140000	10150000	1
scaffold2	10150000	10160000	2
scaffold2	10160000	10170000	1
scaffold2	10170000	10180000	1
scaffold2	10180000	10190000	1
scaffold2	10190000	10200000	1
scaffold2	10200000	10210000	3
scaffold2	10210000	10220000	3
scaffold2	10220000	10230000	1
scaffold2	10230000	10240000	2
scaffold2	10240000	10250000	2
scaffold2	10250000	10260000	2
scaffold2	10260000	10270000	2
scaffold2	10270000	10280000	1
scaffold2	10280000	10290000	2
scaffold2	10290000	10300000	1
scaffold2	10300000	10310000	1
scaffold2	10310000	10320000	1
scaffold2	10320000	10330000	2
scaffold2	10330000	10340000	2
scaffold2	10340000	10350000	2
scaffold2	10350000	10360000	1
scaffold2	10360000	10370000	0
scaffold2	10370000	10380000	0
scaffold2	10380000	10390000	0
scaffold2	10390000	10400000	1
scaffold2	10400000	10410000	3
scaffold2	10410000	10420000	1
scaffold2	10420000	10430000	2
scaffold2	10430000	10440000	1
scaffold2	10440000	10450000	1
scaffold2	10450000	10460000	2
scaffold2	10460000	10470000	2
scaffold2	10470000	10480000	0
scaffold2	10480000	10490000	0
scaffold2	10490000	10500000	1
scaffold2	10500000	10510000	1
scaffold2	10510000	10520000	1
scaffold2	10520000	10530000	1
scaffold2	10530000	10540000	1
scaffold2	10540000	10550000	1
scaffold2	10550000	10560000	1
scaffold2	10560000	10570000	1
scaffold2	10570000	10580000	1
scaffold2	10580000	10590000	0
scaffold2	10590000	10600000	0
scaffold2	10600000	10610000	0
scaffold2	10610000	10620000	0
scaffold2	10620000	10630000	0
scaffold2	10630000	10640000	0
scaffold2	10640000	10650000	1
scaffold2	10650000	10660000	0
scaffold2	10660000	10670000	0
scaffold2	10670000	10680000	1
scaffold2	10680000	10690000	2
scaffold2	10690000	10700000	0
scaffold2	10700000	10710000	0
scaffold2	10710000	10720000	0
scaffold2	10720000	10730000	0
scaffold2	10730000	10740000	0
scaffold2	10740000	10750000	0
scaffold2	10750000	10760000	0
scaffold2	10760000	10770000	0
scaffold2	10770000	10780000	1
scaffold2	10780000	10790000	1
scaffold2	10790000	10800000	0
scaffold2	10800000	10810000	1
scaffold2	10810000	10820000	2
scaffold2	10820000	10830000	1
scaffold2	10830000	10840000	1
scaffold2	10840000	10850000	1
scaffold2	10850000	10860000	1
scaffold2	10860000	10870000	0
scaffold2	10870000	10880000	1
scaffold2	10880000	10890000	1
scaffold2	10890000	10900000	1
scaffold2	10900000	10910000	3
scaffold2	10910000	10920000	2
scaffold2	10920000	10930000	0
scaffold2	10930000	10940000	1
scaffold2	10940000	10950000	1
scaffold2	10950000	10960000	2
scaffold2	10960000	10970000	1
scaffold2	10970000	10980000	1
scaffold2	10980000	10990000	2
scaffold2	10990000	11000000	1
scaffold2	11000000	11010000	1
scaffold2	11010000	11020000	1
scaffold2	11020000	11030000	1
scaffold2	11030000	11040000	1
scaffold2	11040000	11050000	2
scaffold2	11050000	11060000	2
scaffold2	11060000	11070000	2
scaffold2	11070000	11080000	3
scaffold2	11080000	11090000	1
scaffold2	11090000	11100000	0
scaffold2	11100000	11110000	1
scaffold2	11110000	11120000	3
scaffold2	11120000	11130000	2
scaffold2	11130000	11140000	3
scaffold2	11140000	11150000	1
scaffold2	11150000	11160000	2
scaffold2	11160000	11170000	1
scaffold2	11170000	11180000	1
scaffold2	11180000	11190000	1
scaffold2	11190000	11200000	1
scaffold2	11200000	11210000	2
scaffold2	11210000	11220000	2
scaffold2	11220000	11230000	2
scaffold2	11230000	11240000	2
scaffold2	11240000	11250000	1
scaffold2	11250000	11260000	4
scaffold2	11260000	11270000	1
scaffold2	11270000	11280000	0
scaffold2	11280000	11290000	1
scaffold2	11290000	11300000	2
scaffold2	11300000	11310000	0
scaffold2	11310000	11320000	0
scaffold2	11320000	11330000	1
scaffold2	11330000	11340000	0
scaffold2	11340000	11350000	0
scaffold2	11350000	11360000	0
scaffold2	11360000	11370000	0
scaffold2	11370000	11380000	0
scaffold2	11380000	11390000	2
scaffold2	11390000	11400000	0
scaffold2	11400000	11410000	0
scaffold2	11410000	11420000	0
scaffold2	11420000	11430000	0
scaffold2	11430000	11440000	1
scaffold2	11440000	11450000	1
scaffold2	11450000	11460000	1
scaffold2	11460000	11470000	1
scaffold2	11470000	11480000	0
scaffold2	11480000	11490000	1
scaffold2	11490000	11500000	0
scaffold2	11500000	11510000	0
scaffold2	11510000	11520000	0
scaffold2	11520000	11530000	0
scaffold2	11530000	11540000	0
scaffold2	11540000	11550000	1
scaffold2	11550000	11560000	1
scaffold2	11560000	11570000	0
scaffold2	11570000	11580000	1
scaffold2	11580000	11590000	2
scaffold2	11590000	11600000	0
scaffold2	11600000	11610000	1
scaffold2	11610000	11620000	1
scaffold2	11620000	11630000	0
scaffold2	11630000	11640000	1
scaffold2	11640000	11650000	2
scaffold2	11650000	11660000	1
scaffold2	11660000	11670000	2
scaffold2	11670000	11680000	0
scaffold2	11680000	11690000	2
scaffold2	11690000	11700000	1
scaffold2	11700000	11710000	1
scaffold2	11710000	11720000	1
scaffold2	11720000	11730000	3
scaffold2	11730000	11740000	1
scaffold2	11740000	11750000	1
scaffold2	11750000	11760000	2
scaffold2	11760000	11770000	1
scaffold2	11770000	11780000	1
scaffold2	11780000	11790000	0
scaffold2	11790000	11800000	0
scaffold2	11800000	11810000	1
scaffold2	11810000	11820000	2
scaffold2	11820000	11830000	2
scaffold2	11830000	11840000	2
scaffold2	11840000	11850000	1
scaffold2	11850000	11860000	2
scaffold2	11860000	11870000	1
scaffold2	11870000	11880000	4
scaffold2	11880000	11890000	2
scaffold2	11890000	11900000	1
scaffold2	11900000	11910000	2
scaffold2	11910000	11920000	1
scaffold2	11920000	11930000	2
scaffold2	11930000	11940000	1
scaffold2	11940000	11950000	0
scaffold2	11950000	11960000	1
scaffold2	11960000	11970000	1
scaffold2	11970000	11980000	2
scaffold2	11980000	11990000	1
scaffold2	11990000	12000000	0
scaffold2	12000000	12010000	0
scaffold2	12010000	12020000	2
scaffold2	12020000	12030000	2
scaffold2	12030000	12040000	2
scaffold2	12040000	12050000	2
scaffold2	12050000	12060000	1
scaffold2	12060000	12070000	0
scaffold2	12070000	12080000	0
scaffold2	12080000	12090000	0
scaffold2	12090000	12100000	0
scaffold2	12100000	12110000	0
scaffold2	12110000	12120000	0
scaffold2	12120000	12130000	0
scaffold2	12130000	12140000	0
scaffold2	12140000	12150000	0
scaffold2	12150000	12160000	0
scaffold2	12160000	12170000	1
scaffold2	12170000	12180000	1
scaffold2	12180000	12190000	1
scaffold2	12190000	12200000	2
scaffold2	12200000	12210000	3
scaffold2	12210000	12220000	3
scaffold2	12220000	12230000	1
scaffold2	12230000	12240000	3
scaffold2	12240000	12250000	1
scaffold2	12250000	12260000	0
scaffold2	12260000	12270000	0
scaffold2	12270000	12280000	1
scaffold2	12280000	12290000	2
scaffold2	12290000	12300000	1
scaffold2	12300000	12310000	0
scaffold2	12310000	12320000	0
scaffold2	12320000	12330000	1
scaffold2	12330000	12340000	1
scaffold2	12340000	12350000	1
scaffold2	12350000	12360000	1
scaffold2	12360000	12370000	3
scaffold2	12370000	12380000	2
scaffold2	12380000	12390000	0
scaffold2	12390000	12400000	2
scaffold2	12400000	12410000	2
scaffold2	12410000	12420000	1
scaffold2	12420000	12430000	1
scaffold2	12430000	12440000	1
scaffold2	12440000	12450000	1
scaffold2	12450000	12460000	1
scaffold2	12460000	12470000	2
scaffold2	12470000	12480000	2
scaffold2	12480000	12490000	3
scaffold2	12490000	12500000	1
scaffold2	12500000	12510000	2
scaffold2	12510000	12520000	0
scaffold2	12520000	12530000	0
scaffold2	12530000	12540000	1
scaffold2	12540000	12550000	1
scaffold2	12550000	12560000	1
scaffold2	12560000	12570000	1
scaffold2	12570000	12580000	1
scaffold2	12580000	12590000	1
scaffold2	12590000	12600000	3
scaffold2	12600000	12610000	1
scaffold2	12610000	12620000	2
scaffold2	12620000	12630000	1
scaffold2	12630000	12640000	0
scaffold2	12640000	12650000	1
scaffold2	12650000	12660000	0
scaffold2	12660000	12670000	0
scaffold2	12670000	12680000	0
scaffold2	12680000	12690000	1
scaffold2	12690000	12700000	0
scaffold2	12700000	12710000	0
scaffold2	12710000	12720000	1
scaffold2	12720000	12730000	0
scaffold2	12730000	12740000	0
scaffold2	12740000	12750000	0
scaffold2	12750000	12760000	0
scaffold2	12760000	12770000	1
scaffold2	12770000	12780000	2
scaffold2	12780000	12790000	1
scaffold2	12790000	12800000	2
scaffold2	12800000	12810000	1
scaffold2	12810000	12820000	1
scaffold2	12820000	12830000	1
scaffold2	12830000	12840000	1
scaffold2	12840000	12850000	1
scaffold2	12850000	12860000	1
scaffold2	12860000	12870000	2
scaffold2	12870000	12880000	2
scaffold2	12880000	12890000	1
scaffold2	12890000	12900000	1
scaffold2	12900000	12910000	1
scaffold2	12910000	12920000	0
scaffold2	12920000	12930000	0
scaffold2	12930000	12940000	1
scaffold2	12940000	12950000	0
scaffold2	12950000	12960000	1
scaffold2	12960000	12970000	2
scaffold2	12970000	12980000	1
scaffold2	12980000	12990000	0
scaffold2	12990000	13000000	0
scaffold2	13000000	13010000	0
scaffold2	13010000	13020000	0
scaffold2	13020000	13030000	1
scaffold2	13030000	13040000	3
scaffold2	13040000	13050000	3
scaffold2	13050000	13060000	1
scaffold2	13060000	13070000	2
scaffold2	13070000	13080000	2
scaffold2	13080000	13090000	2
scaffold2	13090000	13100000	1
scaffold2	13100000	13110000	1
scaffold2	13110000	13120000	1
scaffold2	13120000	13130000	1
scaffold2	13130000	13140000	2
scaffold2	13140000	13150000	0
scaffold2	13150000	13160000	1
scaffold2	13160000	13170000	1
scaffold2	13170000	13180000	3
scaffold2	13180000	13190000	3
scaffold2	13190000	13200000	1
scaffold2	13200000	13210000	3
scaffold2	13210000	13220000	2
scaffold2	13220000	13230000	2
scaffold2	13230000	13240000	1
scaffold2	13240000	13250000	0
scaffold2	13250000	13260000	0
scaffold2	13260000	13270000	1
scaffold2	13270000	13280000	1
scaffold2	13280000	13290000	1
scaffold2	13290000	13300000	2
scaffold2	13300000	13310000	2
scaffold2	13310000	13320000	2
scaffold2	13320000	13330000	1
scaffold2	13330000	13340000	0
scaffold2	13340000	13350000	0
scaffold2	13350000	13360000	0
scaffold2	13360000	13370000	0
scaffold2	13370000	13380000	1
scaffold2	13380000	13390000	2
scaffold2	13390000	13400000	0
scaffold2	13400000	13410000	0
scaffold2	13410000	13420000	1
scaffold2	13420000	13430000	1
scaffold2	13430000	13440000	1
scaffold2	13440000	13450000	2
scaffold2	13450000	13460000	1
scaffold2	13460000	13470000	1
scaffold2	13470000	13480000	0
scaffold2	13480000	13490000	2
scaffold2	13490000	13500000	1
scaffold2	13500000	13510000	0
scaffold2	13510000	13520000	0
scaffold2	13520000	13530000	3
scaffold2	13530000	13540000	2
scaffold2	13540000	13550000	1
scaffold2	13550000	13560000	1
scaffold2	13560000	13570000	1
scaffold2	13570000	13580000	1
scaffold2	13580000	13590000	2
scaffold2	13590000	13600000	0
scaffold2	13600000	13610000	0
scaffold2	13610000	13620000	0
scaffold2	13620000	13630000	1
scaffold2	13630000	13640000	2
scaffold2	13640000	13650000	1
scaffold2	13650000	13660000	1
scaffold2	13660000	13670000	1
scaffold2	13670000	13680000	0
scaffold2	13680000	13690000	0
scaffold2	13690000	13700000	0
scaffold2	13700000	13710000	1
scaffold2	13710000	13720000	1
scaffold2	13720000	13730000	1
scaffold2	13730000	13740000	2
scaffold2	13740000	13750000	1
scaffold2	13750000	13760000	1
scaffold2	13760000	13770000	1
scaffold2	13770000	13780000	1
scaffold2	13780000	13790000	1
scaffold2	13790000	13800000	1
scaffold2	13800000	13810000	0
scaffold2	13810000	13820000	0
scaffold2	13820000	13830000	1
scaffold2	13830000	13840000	1
scaffold2	13840000	13850000	0
scaffold2	13850000	13860000	1
scaffold2	13860000	13870000	0
scaffold2	13870000	13880000	1
scaffold2	13880000	13890000	2
scaffold2	13890000	13900000	1
scaffold2	13900000	13910000	3
scaffold2	13910000	13920000	2
scaffold2	13920000	13930000	1
scaffold2	13930000	13940000	0
scaffold2	13940000	13950000	1
scaffold2	13950000	13960000	1
scaffold2	13960000	13970000	1
scaffold2	13970000	13980000	1
scaffold2	13980000	13990000	1
scaffold2	13990000	14000000	3
scaffold2	14000000	14010000	2
scaffold2	14010000	14020000	1
scaffold2	14020000	14030000	1
scaffold2	14030000	14040000	1
scaffold2	14040000	14050000	1
scaffold2	14050000	14060000	2
scaffold2	14060000	14070000	1
scaffold2	14070000	14080000	2
scaffold2	14080000	14090000	2
scaffold2	14090000	14100000	2
scaffold2	14100000	14110000	3
scaffold2	14110000	14120000	2
scaffold2	14120000	14130000	2
scaffold2	14130000	14140000	2
scaffold2	14140000	14150000	1
scaffold2	14150000	14160000	1
scaffold2	14160000	14170000	0
scaffold2	14170000	14180000	0
scaffold2	14180000	14190000	0
scaffold2	14190000	14200000	2
scaffold2	14200000	14210000	1
scaffold2	14210000	14220000	1
scaffold2	14220000	14230000	2
scaffold2	14230000	14240000	2
scaffold2	14240000	14250000	2
scaffold2	14250000	14260000	1
scaffold2	14260000	14270000	1
scaffold2	14270000	14280000	2
scaffold2	14280000	14290000	1
scaffold2	14290000	14300000	1
scaffold2	14300000	14310000	1
scaffold2	14310000	14320000	3
scaffold2	14320000	14330000	0
scaffold2	14330000	14340000	2
scaffold2	14340000	14350000	1
scaffold2	14350000	14360000	1
scaffold2	14360000	14370000	1
scaffold2	14370000	14380000	1
scaffold2	14380000	14390000	1
scaffold2	14390000	14400000	1
scaffold2	14400000	14410000	2
scaffold2	14410000	14420000	2
scaffold2	14420000	14430000	1
scaffold2	14430000	14440000	0
scaffold2	14440000	14450000	0
scaffold2	14450000	14460000	1
scaffold2	14460000	14470000	1
scaffold2	14470000	14480000	0
scaffold2	14480000	14490000	1
scaffold2	14490000	14500000	1
scaffold2	14500000	14510000	0
scaffold2	14510000	14520000	0
scaffold2	14520000	14530000	0
scaffold2	14530000	14540000	0
scaffold2	14540000	14550000	0
scaffold2	14550000	14560000	0
scaffold2	14560000	14570000	0
scaffold2	14570000	14580000	0
scaffold2	14580000	14590000	1
scaffold2	14590000	14600000	1
scaffold2	14600000	14610000	2
scaffold2	14610000	14620000	1
scaffold2	14620000	14630000	1
scaffold2	14630000	14640000	2
scaffold2	14640000	14650000	2
scaffold2	14650000	14660000	3
scaffold2	14660000	14670000	2
scaffold2	14670000	14680000	1
scaffold2	14680000	14690000	1
scaffold2	14690000	14700000	1
scaffold2	14700000	14710000	1
scaffold2	14710000	14720000	2
scaffold2	14720000	14730000	2
scaffold2	14730000	14740000	1
scaffold2	14740000	14750000	1
scaffold2	14750000	14760000	1
scaffold2	14760000	14770000	1
scaffold2	14770000	14780000	1
scaffold2	14780000	14790000	2
scaffold2	14790000	14800000	0
scaffold2	14800000	14810000	2
scaffold2	14810000	14820000	2
scaffold2	14820000	14830000	1
scaffold2	14830000	14840000	2
scaffold2	14840000	14850000	2
scaffold2	14850000	14860000	1
scaffold2	14860000	14870000	1
scaffold2	14870000	14880000	1
scaffold2	14880000	14890000	2
scaffold2	14890000	14900000	1
scaffold2	14900000	14910000	1
scaffold2	14910000	14920000	2
scaffold2	14920000	14930000	2
scaffold2	14930000	14940000	2
scaffold2	14940000	14950000	2
scaffold2	14950000	14960000	2
scaffold2	14960000	14970000	2
scaffold2	14970000	14980000	3
scaffold2	14980000	14990000	1
scaffold2	14990000	15000000	1
scaffold2	15000000	15010000	2
scaffold2	15010000	15020000	2
scaffold2	15020000	15030000	1
scaffold2	15030000	15040000	1
scaffold2	15040000	15050000	1
scaffold2	15050000	15060000	3
scaffold2	15060000	15070000	3
scaffold2	15070000	15080000	3
scaffold2	15080000	15090000	1
scaffold2	15090000	15100000	0
scaffold2	15100000	15110000	0
scaffold2	15110000	15120000	0
scaffold2	15120000	15130000	1
scaffold2	15130000	15140000	0
scaffold2	15140000	15150000	1
scaffold2	15150000	15160000	1
scaffold2	15160000	15170000	0
scaffold2	15170000	15180000	1
scaffold2	15180000	15190000	2
scaffold2	15190000	15200000	1
scaffold2	15200000	15210000	1
scaffold2	15210000	15220000	0
scaffold2	15220000	15230000	0
scaffold2	15230000	15240000	1
scaffold2	15240000	15250000	1
scaffold2	15250000	15260000	2
scaffold2	15260000	15270000	0
scaffold2	15270000	15280000	0
scaffold2	15280000	15290000	0
scaffold2	15290000	15300000	0
scaffold2	15300000	15310000	0
scaffold2	15310000	15320000	0
scaffold2	15320000	15330000	0
scaffold2	15330000	15340000	0
scaffold2	15340000	15350000	0
scaffold2	15350000	15360000	0
scaffold2	15360000	15370000	0
scaffold2	15370000	15380000	0
scaffold2	15380000	15390000	0
scaffold2	15390000	15400000	0
scaffold2	15400000	15410000	0
scaffold2	15410000	15420000	0
scaffold2	15420000	15430000	1
scaffold2	15430000	15440000	1
scaffold2	15440000	15450000	0
scaffold2	15450000	15460000	2
scaffold2	15460000	15470000	0
scaffold2	15470000	15480000	1
scaffold2	15480000	15490000	0
scaffold2	15490000	15500000	2
scaffold2	15500000	15510000	0
scaffold2	15510000	15520000	0
scaffold2	15520000	15530000	2
scaffold2	15530000	15540000	1
scaffold2	15540000	15550000	1
scaffold2	15550000	15560000	2
scaffold2	15560000	15570000	1
scaffold2	15570000	15580000	0
scaffold2	15580000	15590000	0
scaffold2	15590000	15600000	0
scaffold2	15600000	15610000	1
scaffold2	15610000	15620000	0
scaffold2	15620000	15630000	1
scaffold2	15630000	15640000	2
scaffold2	15640000	15650000	2
scaffold2	15650000	15660000	1
scaffold2	15660000	15670000	1
scaffold2	15670000	15680000	0
scaffold2	15680000	15690000	2
scaffold2	15690000	15700000	1
scaffold2	15700000	15710000	0
scaffold2	15710000	15720000	0
scaffold2	15720000	15730000	0
scaffold2	15730000	15740000	0
scaffold2	15740000	15750000	0
scaffold2	15750000	15760000	1
scaffold2	15760000	15770000	0
scaffold2	15770000	15780000	1
scaffold2	15780000	15790000	0
scaffold2	15790000	15800000	0
scaffold2	15800000	15810000	0
scaffold2	15810000	15820000	0
scaffold2	15820000	15830000	0
scaffold2	15830000	15840000	0
scaffold2	15840000	15850000	0
scaffold2	15850000	15860000	0
scaffold2	15860000	15870000	0
scaffold2	15870000	15880000	0
scaffold2	15880000	15890000	0
scaffold2	15890000	15900000	0
scaffold2	15900000	15910000	0
scaffold2	15910000	15920000	1
scaffold2	15920000	15930000	2
scaffold2	15930000	15940000	1
scaffold2	15940000	15950000	2
scaffold2	15950000	15960000	3
scaffold2	15960000	15970000	1
scaffold2	15970000	15980000	1
scaffold2	15980000	15990000	1
scaffold2	15990000	16000000	1
scaffold2	16000000	16010000	1
scaffold2	16010000	16020000	1
scaffold2	16020000	16030000	1
scaffold2	16030000	16040000	1
scaffold2	16040000	16050000	1
scaffold2	16050000	16060000	1
scaffold2	16060000	16070000	2
scaffold2	16070000	16080000	2
scaffold2	16080000	16090000	1
scaffold2	16090000	16100000	0
scaffold2	16100000	16110000	1
scaffold2	16110000	16120000	1
scaffold2	16120000	16130000	1
scaffold2	16130000	16140000	1
scaffold2	16140000	16150000	1
scaffold2	16150000	16160000	2
scaffold2	16160000	16170000	1
scaffold2	16170000	16180000	1
scaffold2	16180000	16190000	0
scaffold2	16190000	16200000	0
scaffold2	16200000	16210000	0
scaffold2	16210000	16220000	0
scaffold2	16220000	16230000	1
scaffold2	16230000	16240000	1
scaffold2	16240000	16250000	1
scaffold2	16250000	16260000	2
scaffold2	16260000	16270000	1
scaffold2	16270000	16280000	1
scaffold2	16280000	16290000	1
scaffold2	16290000	16300000	2
scaffold2	16300000	16310000	1
scaffold2	16310000	16320000	2
scaffold2	16320000	16330000	2
scaffold2	16330000	16340000	1
scaffold2	16340000	16350000	2
scaffold2	16350000	16360000	2
scaffold2	16360000	16370000	2
scaffold2	16370000	16380000	3
scaffold2	16380000	16390000	1
scaffold2	16390000	16400000	2
scaffold2	16400000	16410000	2
scaffold2	16410000	16420000	1
scaffold2	16420000	16430000	2
scaffold2	16430000	16440000	1
scaffold2	16440000	16450000	1
scaffold2	16450000	16460000	1
scaffold2	16460000	16470000	2
scaffold2	16470000	16480000	2
scaffold2	16480000	16490000	2
scaffold2	16490000	16500000	2
scaffold2	16500000	16510000	2
scaffold2	16510000	16520000	1
scaffold2	16520000	16530000	1
scaffold2	16530000	16540000	2
scaffold2	16540000	16550000	1
scaffold2	16550000	16560000	1
scaffold2	16560000	16570000	2
scaffold2	16570000	16580000	1
scaffold2	16580000	16590000	2
scaffold2	16590000	16600000	2
scaffold2	16600000	16610000	1
scaffold2	16610000	16620000	0
scaffold2	16620000	16630000	0
scaffold2	16630000	16640000	1
scaffold2	16640000	16650000	1
scaffold2	16650000	16660000	1
scaffold2	16660000	16670000	1
scaffold2	16670000	16680000	1
scaffold2	16680000	16690000	1
scaffold2	16690000	16700000	0
scaffold2	16700000	16710000	0
scaffold2	16710000	16720000	0
scaffold2	16720000	16730000	0
scaffold2	16730000	16740000	0
scaffold2	16740000	16750000	0
scaffold2	16750000	16760000	0
scaffold2	16760000	16770000	1
scaffold2	16770000	16780000	0
scaffold2	16780000	16790000	0
scaffold2	16790000	16800000	0
scaffold2	16800000	16810000	1
scaffold2	16810000	16820000	2
scaffold2	16820000	16830000	2
scaffold2	16830000	16840000	1
scaffold2	16840000	16850000	3
scaffold2	16850000	16860000	2
scaffold2	16860000	16870000	2
scaffold2	16870000	16880000	1
scaffold2	16880000	16890000	3
scaffold2	16890000	16900000	1
scaffold2	16900000	16910000	0
scaffold2	16910000	16920000	1
scaffold2	16920000	16930000	1
scaffold2	16930000	16940000	0
scaffold2	16940000	16950000	0
scaffold2	16950000	16960000	0
scaffold2	16960000	16970000	2
scaffold2	16970000	16980000	1
scaffold2	16980000	16990000	1
scaffold2	16990000	17000000	3
scaffold2	17000000	17010000	1
scaffold2	17010000	17020000	1
scaffold2	17020000	17030000	1
scaffold2	17030000	17040000	2
scaffold2	17040000	17050000	3
scaffold2	17050000	17060000	1
scaffold2	17060000	17070000	2
scaffold2	17070000	17080000	2
scaffold2	17080000	17090000	0
scaffold2	17090000	17100000	1
scaffold2	17100000	17110000	1
scaffold2	17110000	17120000	1
scaffold2	17120000	17130000	2
scaffold2	17130000	17140000	1
scaffold2	17140000	17150000	1
scaffold2	17150000	17160000	1
scaffold2	17160000	17170000	1
scaffold2	17170000	17180000	1
scaffold2	17180000	17190000	1
scaffold2	17190000	17200000	0
scaffold2	17200000	17210000	1
scaffold2	17210000	17220000	1
scaffold2	17220000	17230000	0
scaffold2	17230000	17240000	0
scaffold2	17240000	17250000	0
scaffold2	17250000	17260000	0
scaffold2	17260000	17270000	1
scaffold2	17270000	17280000	1
scaffold2	17280000	17290000	0
scaffold2	17290000	17300000	0
scaffold2	17300000	17310000	0
scaffold2	17310000	17320000	0
scaffold2	17320000	17330000	0
scaffold2	17330000	17340000	0
scaffold2	17340000	17350000	0
scaffold2	17350000	17360000	0
scaffold2	17360000	17370000	0
scaffold2	17370000	17380000	1
scaffold2	17380000	17390000	1
scaffold2	17390000	17400000	1
scaffold2	17400000	17410000	0
scaffold2	17410000	17420000	1
scaffold2	17420000	17430000	1
scaffold2	17430000	17440000	1
scaffold2	17440000	17450000	0
scaffold2	17450000	17460000	0
scaffold2	17460000	17470000	0
scaffold2	17470000	17480000	1
scaffold2	17480000	17490000	1
scaffold2	17490000	17500000	1
scaffold2	17500000	17510000	0
scaffold2	17510000	17520000	1
scaffold2	17520000	17530000	1
scaffold2	17530000	17540000	3
scaffold2	17540000	17550000	1
scaffold2	17550000	17560000	0
scaffold2	17560000	17570000	1
scaffold2	17570000	17580000	1
scaffold2	17580000	17590000	1
scaffold2	17590000	17600000	2
scaffold2	17600000	17610000	2
scaffold2	17610000	17620000	1
scaffold2	17620000	17630000	1
scaffold2	17630000	17640000	1
scaffold2	17640000	17650000	1
scaffold2	17650000	17660000	0
scaffold2	17660000	17670000	0
scaffold2	17670000	17680000	0
scaffold2	17680000	17690000	0
scaffold2	17690000	17700000	0
scaffold2	17700000	17710000	0
scaffold2	17710000	17720000	2
scaffold2	17720000	17730000	1
scaffold2	17730000	17740000	2
scaffold2	17740000	17750000	3
scaffold2	17750000	17760000	0
scaffold2	17760000	17770000	0
scaffold2	17770000	17780000	1
scaffold2	17780000	17790000	1
scaffold2	17790000	17800000	1
scaffold2	17800000	17810000	1
scaffold2	17810000	17820000	0
scaffold2	17820000	17830000	1
scaffold2	17830000	17840000	0
scaffold2	17840000	17850000	0
scaffold2	17850000	17860000	1
scaffold2	17860000	17870000	2
scaffold2	17870000	17880000	1
scaffold2	17880000	17890000	0
scaffold2	17890000	17900000	0
scaffold2	17900000	17910000	0
scaffold2	17910000	17920000	0
scaffold2	17920000	17930000	2
scaffold2	17930000	17940000	1
scaffold2	17940000	17950000	0
scaffold2	17950000	17960000	0
scaffold2	17960000	17970000	0
scaffold2	17970000	17980000	0
scaffold2	17980000	17990000	0
scaffold2	17990000	18000000	0
scaffold2	18000000	18010000	0
scaffold2	18010000	18020000	1
scaffold2	18020000	18030000	0
scaffold2	18030000	18040000	0
scaffold2	18040000	18050000	0
scaffold2	18050000	18060000	1
scaffold2	18060000	18070000	2
scaffold2	18070000	18080000	2
scaffold2	18080000	18090000	1
scaffold2	18090000	18100000	0
scaffold2	18100000	18110000	0
scaffold2	18110000	18120000	1
scaffold2	18120000	18130000	1
scaffold2	18130000	18140000	1
scaffold2	18140000	18150000	1
scaffold2	18150000	18160000	1
scaffold2	18160000	18170000	1
scaffold2	18170000	18180000	1
scaffold2	18180000	18190000	1
scaffold2	18190000	18200000	1
scaffold2	18200000	18210000	1
scaffold2	18210000	18220000	1
scaffold2	18220000	18230000	1
scaffold2	18230000	18240000	0
scaffold2	18240000	18250000	0
scaffold2	18250000	18260000	1
scaffold2	18260000	18270000	1
scaffold2	18270000	18280000	0
scaffold2	18280000	18290000	2
scaffold2	18290000	18300000	2
scaffold2	18300000	18310000	1
scaffold2	18310000	18320000	1
scaffold2	18320000	18330000	2
scaffold2	18330000	18340000	1
scaffold2	18340000	18350000	0
scaffold2	18350000	18360000	0
scaffold2	18360000	18370000	0
scaffold2	18370000	18380000	0
scaffold2	18380000	18390000	0
scaffold2	18390000	18400000	2
scaffold2	18400000	18410000	1
scaffold2	18410000	18420000	1
scaffold2	18420000	18430000	1
scaffold2	18430000	18440000	1
scaffold2	18440000	18450000	2
scaffold2	18450000	18460000	1
scaffold2	18460000	18470000	3
scaffold2	18470000	18480000	4
scaffold2	18480000	18490000	2
scaffold2	18490000	18500000	1
scaffold2	18500000	18510000	0
scaffold2	18510000	18520000	0
scaffold2	18520000	18530000	2
scaffold2	18530000	18540000	1
scaffold2	18540000	18550000	0
scaffold2	18550000	18560000	1
scaffold2	18560000	18570000	1
scaffold2	18570000	18580000	1
scaffold2	18580000	18590000	1
scaffold2	18590000	18600000	1
scaffold2	18600000	18610000	1
scaffold2	18610000	18620000	1
scaffold2	18620000	18630000	2
scaffold2	18630000	18640000	1
scaffold2	18640000	18650000	1
scaffold2	18650000	18660000	1
scaffold2	18660000	18670000	1
scaffold2	18670000	18680000	1
scaffold2	18680000	18690000	1
scaffold2	18690000	18700000	1
scaffold2	18700000	18710000	1
scaffold2	18710000	18720000	1
scaffold2	18720000	18730000	1
scaffold2	18730000	18740000	1
scaffold2	18740000	18750000	1
scaffold2	18750000	18760000	2
scaffold2	18760000	18770000	2
scaffold2	18770000	18780000	1
scaffold2	18780000	18790000	3
scaffold2	18790000	18800000	2
scaffold2	18800000	18810000	2
scaffold2	18810000	18820000	1
scaffold2	18820000	18830000	2
scaffold2	18830000	18840000	1
scaffold2	18840000	18850000	1
scaffold2	18850000	18860000	1
scaffold2	18860000	18870000	2
scaffold2	18870000	18880000	2
scaffold2	18880000	18890000	1
scaffold2	18890000	18900000	1
scaffold2	18900000	18910000	1
scaffold2	18910000	18920000	2
scaffold2	18920000	18930000	1
scaffold2	18930000	18940000	1
scaffold2	18940000	18950000	0
scaffold2	18950000	18960000	0
scaffold2	18960000	18970000	0
scaffold2	18970000	18980000	1
scaffold2	18980000	18990000	2
scaffold2	18990000	19000000	1
scaffold2	19000000	19010000	1
scaffold2	19010000	19020000	0
scaffold2	19020000	19030000	0
scaffold2	19030000	19040000	0
scaffold2	19040000	19050000	0
scaffold2	19050000	19060000	0
scaffold2	19060000	19070000	1
scaffold2	19070000	19080000	1
scaffold2	19080000	19090000	2
scaffold2	19090000	19100000	2
scaffold2	19100000	19110000	2
scaffold2	19110000	19120000	1
scaffold2	19120000	19130000	0
scaffold2	19130000	19140000	0
scaffold2	19140000	19150000	1
scaffold2	19150000	19160000	2
scaffold2	19160000	19170000	1
scaffold2	19170000	19180000	1
scaffold2	19180000	19190000	0
scaffold2	19190000	19200000	0
scaffold2	19200000	19210000	0
scaffold2	19210000	19220000	0
scaffold2	19220000	19230000	1
scaffold2	19230000	19240000	1
scaffold2	19240000	19250000	1
scaffold2	19250000	19260000	2
scaffold2	19260000	19270000	2
scaffold2	19270000	19280000	2
scaffold2	19280000	19290000	0
scaffold2	19290000	19300000	0
scaffold2	19300000	19310000	0
scaffold2	19310000	19320000	0
scaffold2	19320000	19330000	2
scaffold2	19330000	19340000	1
scaffold2	19340000	19350000	1
scaffold2	19350000	19360000	2
scaffold2	19360000	19370000	1
scaffold2	19370000	19380000	0
scaffold2	19380000	19390000	3
scaffold2	19390000	19400000	1
scaffold2	19400000	19410000	0
scaffold2	19410000	19420000	1
scaffold2	19420000	19430000	2
scaffold2	19430000	19440000	0
scaffold2	19440000	19450000	2
scaffold2	19450000	19460000	1
scaffold2	19460000	19470000	1
scaffold2	19470000	19480000	4
scaffold2	19480000	19490000	2
scaffold2	19490000	19500000	2
scaffold2	19500000	19510000	3
scaffold2	19510000	19520000	1
scaffold2	19520000	19530000	0
scaffold2	19530000	19540000	0
scaffold2	19540000	19550000	1
scaffold2	19550000	19560000	0
scaffold2	19560000	19570000	0
scaffold2	19570000	19580000	0
scaffold2	19580000	19590000	1
scaffold2	19590000	19600000	2
scaffold2	19600000	19610000	1
scaffold2	19610000	19620000	2
scaffold2	19620000	19630000	3
scaffold2	19630000	19640000	3
scaffold2	19640000	19650000	1
scaffold2	19650000	19660000	1
scaffold2	19660000	19670000	1
scaffold2	19670000	19680000	1
scaffold2	19680000	19690000	1
scaffold2	19690000	19700000	1
scaffold2	19700000	19710000	2
scaffold2	19710000	19720000	3
scaffold2	19720000	19730000	2
scaffold2	19730000	19740000	2
scaffold2	19740000	19750000	1
scaffold2	19750000	19760000	1
scaffold2	19760000	19770000	1
scaffold2	19770000	19780000	1
scaffold2	19780000	19790000	1
scaffold2	19790000	19800000	1
scaffold2	19800000	19810000	1
scaffold2	19810000	19820000	2
scaffold2	19820000	19830000	1
scaffold2	19830000	19840000	1
scaffold2	19840000	19850000	0
scaffold2	19850000	19860000	0
scaffold2	19860000	19870000	1
scaffold2	19870000	19880000	3
scaffold2	19880000	19890000	1
scaffold2	19890000	19900000	1
scaffold2	19900000	19910000	0
scaffold2	19910000	19920000	1
scaffold2	19920000	19930000	2
scaffold2	19930000	19940000	1
scaffold2	19940000	19950000	3
scaffold2	19950000	19960000	1
scaffold2	19960000	19970000	2
scaffold2	19970000	19980000	0
scaffold2	19980000	19990000	0
scaffold2	19990000	20000000	1
scaffold2	20000000	20010000	1
scaffold2	20010000	20020000	1
scaffold2	20020000	20030000	0
scaffold2	20030000	20040000	0
scaffold2	20040000	20050000	1
scaffold2	20050000	20060000	1
scaffold2	20060000	20070000	2
scaffold2	20070000	20080000	1
scaffold2	20080000	20090000	1
scaffold2	20090000	20100000	2
scaffold2	20100000	20110000	1
scaffold2	20110000	20120000	2
scaffold2	20120000	20130000	1
scaffold2	20130000	20140000	1
scaffold2	20140000	20150000	4
scaffold2	20150000	20160000	3
scaffold2	20160000	20170000	2
scaffold2	20170000	20180000	0
scaffold2	20180000	20190000	1
scaffold2	20190000	20200000	2
scaffold2	20200000	20210000	2
scaffold2	20210000	20220000	1
scaffold2	20220000	20230000	2
scaffold2	20230000	20240000	1
scaffold2	20240000	20250000	1
scaffold2	20250000	20260000	1
scaffold2	20260000	20270000	1
scaffold2	20270000	20280000	2
scaffold2	20280000	20290000	2
scaffold2	20290000	20300000	1
scaffold2	20300000	20310000	0
scaffold2	20310000	20320000	1
scaffold2	20320000	20330000	2
scaffold2	20330000	20340000	2
scaffold2	20340000	20350000	2
scaffold2	20350000	20360000	1
scaffold2	20360000	20370000	2
scaffold2	20370000	20380000	1
scaffold2	20380000	20390000	1
scaffold2	20390000	20400000	1
scaffold2	20400000	20410000	1
scaffold2	20410000	20420000	0
scaffold2	20420000	20430000	0
scaffold2	20430000	20440000	2
scaffold2	20440000	20450000	1
scaffold2	20450000	20460000	0
scaffold2	20460000	20470000	0
scaffold2	20470000	20480000	1
scaffold2	20480000	20490000	1
scaffold2	20490000	20500000	1
scaffold2	20500000	20510000	1
scaffold2	20510000	20520000	0
scaffold2	20520000	20530000	0
scaffold2	20530000	20540000	0
scaffold2	20540000	20550000	1
scaffold2	20550000	20560000	1
scaffold2	20560000	20570000	2
scaffold2	20570000	20580000	2
scaffold2	20580000	20590000	3
scaffold2	20590000	20600000	2
scaffold2	20600000	20610000	1
scaffold2	20610000	20620000	2
scaffold2	20620000	20630000	1
scaffold2	20630000	20640000	2
scaffold2	20640000	20650000	3
scaffold2	20650000	20660000	3
scaffold2	20660000	20670000	2
scaffold2	20670000	20680000	1
scaffold2	20680000	20690000	0
scaffold2	20690000	20700000	1
scaffold2	20700000	20710000	1
scaffold2	20710000	20720000	3
scaffold2	20720000	20730000	3
scaffold2	20730000	20740000	1
scaffold2	20740000	20750000	1
scaffold2	20750000	20760000	1
scaffold2	20760000	20770000	2
scaffold2	20770000	20780000	1
scaffold2	20780000	20790000	2
scaffold2	20790000	20800000	1
scaffold2	20800000	20810000	1
scaffold2	20810000	20820000	3
scaffold2	20820000	20830000	1
scaffold2	20830000	20840000	2
scaffold2	20840000	20850000	1
scaffold2	20850000	20860000	0
scaffold2	20860000	20870000	0
scaffold2	20870000	20880000	0
scaffold2	20880000	20890000	0
scaffold2	20890000	20900000	2
scaffold2	20900000	20910000	1
scaffold2	20910000	20920000	2
scaffold2	20920000	20930000	2
scaffold2	20930000	20940000	2
scaffold2	20940000	20950000	1
scaffold2	20950000	20960000	2
scaffold2	20960000	20970000	2
scaffold2	20970000	20980000	1
scaffold2	20980000	20990000	1
scaffold2	20990000	21000000	2
scaffold2	21000000	21010000	2
scaffold2	21010000	21020000	1
scaffold2	21020000	21030000	1
scaffold2	21030000	21040000	1
scaffold2	21040000	21050000	1
scaffold2	21050000	21060000	2
scaffold2	21060000	21070000	3
scaffold2	21070000	21080000	1
scaffold2	21080000	21090000	1
scaffold2	21090000	21100000	1
scaffold2	21100000	21110000	1
scaffold2	21110000	21120000	1
scaffold2	21120000	21130000	1
scaffold2	21130000	21140000	1
scaffold2	21140000	21150000	2
scaffold2	21150000	21160000	2
scaffold2	21160000	21170000	0
scaffold2	21170000	21180000	1
scaffold2	21180000	21190000	1
scaffold2	21190000	21200000	1
scaffold2	21200000	21210000	1
scaffold2	21210000	21220000	1
scaffold2	21220000	21230000	0
scaffold2	21230000	21240000	1
scaffold2	21240000	21250000	1
scaffold2	21250000	21260000	0
scaffold2	21260000	21270000	1
scaffold2	21270000	21280000	0
scaffold2	21280000	21290000	0
scaffold2	21290000	21300000	0
scaffold2	21300000	21310000	0
scaffold2	21310000	21320000	0
scaffold2	21320000	21330000	0
scaffold2	21330000	21340000	0
scaffold2	21340000	21350000	0
scaffold2	21350000	21360000	0
scaffold2	21360000	21370000	1
scaffold2	21370000	21380000	0
scaffold2	21380000	21390000	1
scaffold2	21390000	21400000	1
scaffold2	21400000	21410000	1
scaffold2	21410000	21420000	1
scaffold2	21420000	21430000	0
scaffold2	21430000	21440000	1
scaffold2	21440000	21450000	0
scaffold2	21450000	21460000	0
scaffold2	21460000	21470000	0
scaffold2	21470000	21480000	0
scaffold2	21480000	21490000	0
scaffold2	21490000	21500000	1
scaffold2	21500000	21510000	1
scaffold2	21510000	21520000	3
scaffold2	21520000	21530000	1
scaffold2	21530000	21540000	1
scaffold2	21540000	21550000	1
scaffold2	21550000	21560000	1
scaffold2	21560000	21570000	1
scaffold2	21570000	21580000	2
scaffold2	21580000	21590000	0
scaffold2	21590000	21600000	0
scaffold2	21600000	21610000	0
scaffold2	21610000	21620000	1
scaffold2	21620000	21630000	1
scaffold2	21630000	21640000	0
scaffold2	21640000	21650000	1
scaffold2	21650000	21660000	1
scaffold2	21660000	21670000	1
scaffold2	21670000	21680000	2
scaffold2	21680000	21690000	1
scaffold2	21690000	21700000	1
scaffold2	21700000	21710000	2
scaffold2	21710000	21720000	1
scaffold2	21720000	21730000	2
scaffold2	21730000	21740000	0
scaffold2	21740000	21750000	1
scaffold2	21750000	21760000	1
scaffold2	21760000	21770000	1
scaffold2	21770000	21780000	1
scaffold2	21780000	21790000	1
scaffold2	21790000	21800000	2
scaffold2	21800000	21810000	1
scaffold2	21810000	21820000	1
scaffold2	21820000	21830000	2
scaffold2	21830000	21840000	2
scaffold2	21840000	21850000	2
scaffold2	21850000	21860000	2
scaffold2	21860000	21870000	2
scaffold2	21870000	21880000	0
scaffold2	21880000	21890000	1
scaffold2	21890000	21900000	1
scaffold2	21900000	21910000	1
scaffold2	21910000	21920000	1
scaffold2	21920000	21930000	0
scaffold2	21930000	21940000	1
scaffold2	21940000	21950000	1
scaffold2	21950000	21960000	2
scaffold2	21960000	21970000	1
scaffold2	21970000	21980000	0
scaffold2	21980000	21990000	0
scaffold2	21990000	22000000	0
scaffold2	22000000	22010000	0
scaffold2	22010000	22020000	1
scaffold2	22020000	22030000	1
scaffold2	22030000	22040000	0
scaffold2	22040000	22050000	0
scaffold2	22050000	22060000	0
scaffold2	22060000	22070000	0
scaffold2	22070000	22080000	3
scaffold2	22080000	22090000	1
scaffold2	22090000	22100000	1
scaffold2	22100000	22110000	1
scaffold2	22110000	22120000	1
scaffold2	22120000	22130000	0
scaffold2	22130000	22140000	0
scaffold2	22140000	22150000	2
scaffold2	22150000	22160000	1
scaffold2	22160000	22170000	0
scaffold2	22170000	22180000	1
scaffold2	22180000	22190000	2
scaffold2	22190000	22200000	1
scaffold2	22200000	22210000	2
scaffold2	22210000	22220000	0
scaffold2	22220000	22230000	0
scaffold2	22230000	22240000	1
scaffold2	22240000	22250000	2
scaffold2	22250000	22260000	2
scaffold2	22260000	22270000	1
scaffold2	22270000	22280000	0
scaffold2	22280000	22290000	2
scaffold2	22290000	22300000	2
scaffold2	22300000	22310000	1
scaffold2	22310000	22320000	1
scaffold2	22320000	22330000	2
scaffold2	22330000	22340000	0
scaffold2	22340000	22350000	1
scaffold2	22350000	22360000	1
scaffold2	22360000	22370000	0
scaffold2	22370000	22380000	0
scaffold2	22380000	22390000	0
scaffold2	22390000	22400000	0
scaffold2	22400000	22410000	1
scaffold2	22410000	22420000	1
scaffold2	22420000	22430000	2
scaffold2	22430000	22440000	1
scaffold2	22440000	22450000	1
scaffold2	22450000	22460000	1
scaffold2	22460000	22470000	2
scaffold2	22470000	22480000	1
scaffold2	22480000	22490000	0
scaffold2	22490000	22500000	0
scaffold2	22500000	22510000	0
scaffold2	22510000	22520000	2
scaffold2	22520000	22530000	1
scaffold2	22530000	22540000	0
scaffold2	22540000	22550000	1
scaffold2	22550000	22560000	3
scaffold2	22560000	22570000	1
scaffold2	22570000	22580000	2
scaffold2	22580000	22590000	1
scaffold2	22590000	22600000	2
scaffold2	22600000	22610000	2
scaffold2	22610000	22620000	1
scaffold2	22620000	22630000	3
scaffold2	22630000	22640000	1
scaffold2	22640000	22650000	2
scaffold2	22650000	22660000	1
scaffold2	22660000	22670000	2
scaffold2	22670000	22680000	2
scaffold2	22680000	22690000	3
scaffold2	22690000	22700000	2
scaffold2	22700000	22710000	2
scaffold2	22710000	22720000	1
scaffold2	22720000	22730000	2
scaffold2	22730000	22740000	2
scaffold2	22740000	22750000	1
scaffold2	22750000	22760000	1
scaffold2	22760000	22770000	1
scaffold2	22770000	22780000	1
scaffold2	22780000	22790000	0
scaffold2	22790000	22800000	0
scaffold2	22800000	22810000	0
scaffold2	22810000	22820000	0
scaffold2	22820000	22830000	1
scaffold2	22830000	22840000	2
scaffold2	22840000	22850000	1
scaffold2	22850000	22860000	1
scaffold2	22860000	22870000	1
scaffold2	22870000	22880000	0
scaffold2	22880000	22890000	0
scaffold2	22890000	22900000	1
scaffold2	22900000	22910000	1
scaffold2	22910000	22920000	2
scaffold2	22920000	22930000	2
scaffold2	22930000	22940000	2
scaffold2	22940000	22950000	1
scaffold2	22950000	22960000	1
scaffold2	22960000	22970000	1
scaffold2	22970000	22980000	1
scaffold2	22980000	22990000	1
scaffold2	22990000	23000000	1
scaffold2	23000000	23010000	2
scaffold2	23010000	23020000	1
scaffold2	23020000	23030000	0
scaffold2	23030000	23040000	2
scaffold2	23040000	23050000	2
scaffold2	23050000	23060000	3
scaffold2	23060000	23070000	1
scaffold2	23070000	23080000	1
scaffold2	23080000	23090000	2
scaffold2	23090000	23100000	1
scaffold2	23100000	23110000	0
scaffold2	23110000	23120000	2
scaffold2	23120000	23130000	1
scaffold2	23130000	23140000	2
scaffold2	23140000	23150000	2
scaffold2	23150000	23160000	2
scaffold2	23160000	23170000	2
scaffold2	23170000	23180000	1
scaffold2	23180000	23190000	1
scaffold2	23190000	23200000	1
scaffold2	23200000	23210000	1
scaffold2	23210000	23220000	2
scaffold2	23220000	23230000	1
scaffold2	23230000	23240000	3
scaffold2	23240000	23250000	1
scaffold2	23250000	23260000	1
scaffold2	23260000	23270000	1
scaffold2	23270000	23280000	1
scaffold2	23280000	23290000	2
scaffold2	23290000	23300000	1
scaffold2	23300000	23310000	2
scaffold2	23310000	23320000	2
scaffold2	23320000	23330000	1
scaffold2	23330000	23340000	3
scaffold2	23340000	23350000	1
scaffold2	23350000	23360000	1
scaffold2	23360000	23370000	1
scaffold2	23370000	23380000	1
scaffold2	23380000	23390000	2
scaffold2	23390000	23400000	2
scaffold2	23400000	23410000	2
scaffold2	23410000	23420000	0
scaffold2	23420000	23430000	0
scaffold2	23430000	23440000	1
scaffold2	23440000	23450000	4
scaffold2	23450000	23460000	2
scaffold2	23460000	23470000	1
scaffold2	23470000	23480000	1
scaffold2	23480000	23490000	1
scaffold2	23490000	23500000	1
scaffold2	23500000	23510000	0
scaffold2	23510000	23520000	0
scaffold2	23520000	23530000	3
scaffold2	23530000	23540000	3
scaffold2	23540000	23550000	1
scaffold2	23550000	23560000	2
scaffold2	23560000	23570000	1
scaffold2	23570000	23580000	0
scaffold2	23580000	23590000	0
scaffold2	23590000	23600000	0
scaffold2	23600000	23610000	1
scaffold2	23610000	23620000	1
scaffold2	23620000	23630000	1
scaffold2	23630000	23640000	1
scaffold2	23640000	23650000	1
scaffold2	23650000	23660000	0
scaffold2	23660000	23670000	0
scaffold2	23670000	23680000	0
scaffold2	23680000	23690000	1
scaffold2	23690000	23700000	1
scaffold2	23700000	23710000	1
scaffold2	23710000	23720000	1
scaffold2	23720000	23730000	1
scaffold2	23730000	23740000	1
scaffold2	23740000	23750000	1
scaffold2	23750000	23760000	2
scaffold2	23760000	23770000	1
scaffold2	23770000	23780000	0
scaffold2	23780000	23790000	1
scaffold2	23790000	23800000	3
scaffold2	23800000	23810000	2
scaffold2	23810000	23820000	2
scaffold2	23820000	23830000	2
scaffold2	23830000	23840000	3
scaffold2	23840000	23850000	1
scaffold2	23850000	23860000	1
scaffold2	23860000	23870000	2
scaffold2	23870000	23880000	1
scaffold2	23880000	23890000	0
scaffold2	23890000	23900000	1
scaffold2	23900000	23910000	1
scaffold2	23910000	23920000	2
scaffold2	23920000	23930000	2
scaffold2	23930000	23940000	1
scaffold2	23940000	23950000	1
scaffold2	23950000	23960000	0
scaffold2	23960000	23970000	0
scaffold2	23970000	23980000	0
scaffold2	23980000	23990000	1
scaffold2	23990000	24000000	1
scaffold2	24000000	24010000	1
scaffold2	24010000	24020000	0
scaffold2	24020000	24030000	1
scaffold2	24030000	24040000	1
scaffold2	24040000	24050000	2
scaffold2	24050000	24060000	1
scaffold2	24060000	24070000	1
scaffold2	24070000	24080000	1
scaffold2	24080000	24090000	2
scaffold2	24090000	24100000	1
scaffold2	24100000	24110000	1
scaffold2	24110000	24120000	2
scaffold2	24120000	24130000	1
scaffold2	24130000	24140000	1
scaffold2	24140000	24150000	1
scaffold2	24150000	24160000	0
scaffold2	24160000	24170000	1
scaffold2	24170000	24180000	1
scaffold2	24180000	24190000	2
scaffold2	24190000	24200000	1
scaffold2	24200000	24210000	1
scaffold2	24210000	24220000	0
scaffold2	24220000	24230000	0
scaffold2	24230000	24240000	1
scaffold2	24240000	24250000	1
scaffold2	24250000	24260000	0
scaffold2	24260000	24270000	0
scaffold2	24270000	24280000	0
scaffold2	24280000	24290000	1
scaffold2	24290000	24300000	1
scaffold2	24300000	24310000	1
scaffold2	24310000	24320000	0
scaffold2	24320000	24330000	1
scaffold2	24330000	24340000	1
scaffold2	24340000	24350000	3
scaffold2	24350000	24360000	2
scaffold2	24360000	24370000	1
scaffold2	24370000	24380000	1
scaffold2	24380000	24390000	1
scaffold2	24390000	24400000	1
scaffold2	24400000	24410000	2
scaffold2	24410000	24420000	1
scaffold2	24420000	24430000	0
scaffold2	24430000	24440000	0
scaffold2	24440000	24450000	0
scaffold2	24450000	24460000	0
scaffold2	24460000	24470000	0
scaffold2	24470000	24480000	1
scaffold2	24480000	24490000	0
scaffold2	24490000	24500000	0
scaffold2	24500000	24510000	1
scaffold2	24510000	24520000	1
scaffold2	24520000	24530000	2
scaffold2	24530000	24540000	2
scaffold2	24540000	24550000	0
scaffold2	24550000	24560000	0
scaffold2	24560000	24570000	1
scaffold2	24570000	24580000	2
scaffold2	24580000	24590000	0
scaffold2	24590000	24600000	1
scaffold2	24600000	24610000	2
scaffold2	24610000	24620000	2
scaffold2	24620000	24630000	1
scaffold2	24630000	24640000	1
scaffold2	24640000	24650000	1
scaffold2	24650000	24660000	0
scaffold2	24660000	24670000	0
scaffold2	24670000	24680000	1
scaffold2	24680000	24690000	2
scaffold2	24690000	24700000	1
scaffold2	24700000	24710000	1
scaffold2	24710000	24720000	0
scaffold2	24720000	24730000	0
scaffold2	24730000	24740000	0
scaffold2	24740000	24750000	0
scaffold2	24750000	24760000	0
scaffold2	24760000	24770000	0
scaffold2	24770000	24780000	1
scaffold2	24780000	24790000	0
scaffold2	24790000	24800000	0
scaffold2	24800000	24810000	0
scaffold2	24810000	24820000	0
scaffold2	24820000	24830000	1
scaffold2	24830000	24840000	0
scaffold2	24840000	24850000	0
scaffold2	24850000	24860000	2
scaffold2	24860000	24870000	1
scaffold2	24870000	24880000	2
scaffold2	24880000	24890000	1
scaffold2	24890000	24900000	1
scaffold2	24900000	24910000	2
scaffold2	24910000	24920000	1
scaffold2	24920000	24930000	2
scaffold2	24930000	24940000	0
scaffold2	24940000	24950000	0
scaffold2	24950000	24960000	0
scaffold2	24960000	24970000	1
scaffold2	24970000	24980000	1
scaffold2	24980000	24990000	1
scaffold2	24990000	25000000	1
scaffold2	25000000	25010000	1
scaffold2	25010000	25020000	1
scaffold2	25020000	25030000	1
scaffold2	25030000	25040000	1
scaffold2	25040000	25050000	0
scaffold2	25050000	25060000	0
scaffold2	25060000	25070000	0
scaffold2	25070000	25080000	1
scaffold2	25080000	25090000	1
scaffold2	25090000	25100000	1
scaffold2	25100000	25110000	1
scaffold2	25110000	25120000	2
scaffold2	25120000	25130000	3
scaffold2	25130000	25140000	1
scaffold2	25140000	25150000	1
scaffold2	25150000	25160000	1
scaffold2	25160000	25170000	1
scaffold2	25170000	25180000	1
scaffold2	25180000	25190000	1
scaffold2	25190000	25200000	1
scaffold2	25200000	25210000	1
scaffold2	25210000	25220000	1
scaffold2	25220000	25230000	1
scaffold2	25230000	25240000	2
scaffold2	25240000	25250000	2
scaffold2	25250000	25260000	1
scaffold2	25260000	25270000	2
scaffold2	25270000	25280000	1
scaffold2	25280000	25290000	1
scaffold2	25290000	25300000	1
scaffold2	25300000	25310000	2
scaffold2	25310000	25320000	2
scaffold2	25320000	25330000	2
scaffold2	25330000	25340000	1
scaffold2	25340000	25350000	1
scaffold2	25350000	25360000	1
scaffold2	25360000	25370000	1
scaffold2	25370000	25380000	3
scaffold2	25380000	25390000	2
scaffold2	25390000	25400000	1
scaffold2	25400000	25410000	0
scaffold2	25410000	25420000	1
scaffold2	25420000	25430000	3
scaffold2	25430000	25440000	1
scaffold2	25440000	25450000	0
scaffold2	25450000	25460000	0
scaffold2	25460000	25470000	0
scaffold2	25470000	25480000	0
scaffold2	25480000	25490000	1
scaffold2	25490000	25500000	1
scaffold2	25500000	25510000	0
scaffold2	25510000	25520000	0
scaffold2	25520000	25530000	1
scaffold2	25530000	25540000	1
scaffold2	25540000	25550000	4
scaffold2	25550000	25560000	2
scaffold2	25560000	25570000	2
scaffold2	25570000	25580000	2
scaffold2	25580000	25590000	2
scaffold2	25590000	25600000	1
scaffold2	25600000	25610000	1
scaffold2	25610000	25620000	0
scaffold2	25620000	25630000	1
scaffold2	25630000	25640000	1
scaffold2	25640000	25650000	2
scaffold2	25650000	25660000	1
scaffold2	25660000	25670000	1
scaffold2	25670000	25680000	0
scaffold2	25680000	25690000	0
scaffold2	25690000	25700000	0
scaffold2	25700000	25710000	0
scaffold2	25710000	25720000	0
scaffold2	25720000	25730000	0
scaffold2	25730000	25740000	1
scaffold2	25740000	25750000	2
scaffold2	25750000	25760000	2
scaffold2	25760000	25770000	1
scaffold2	25770000	25780000	1
scaffold2	25780000	25790000	1
scaffold2	25790000	25800000	1
scaffold2	25800000	25810000	1
scaffold2	25810000	25820000	1
scaffold2	25820000	25830000	0
scaffold2	25830000	25840000	0
scaffold2	25840000	25850000	1
scaffold2	25850000	25860000	2
scaffold2	25860000	25870000	1
scaffold2	25870000	25880000	1
scaffold2	25880000	25890000	1
scaffold2	25890000	25900000	2
scaffold2	25900000	25910000	1
scaffold2	25910000	25920000	1
scaffold2	25920000	25930000	0
scaffold2	25930000	25940000	1
scaffold2	25940000	25950000	1
scaffold2	25950000	25960000	2
scaffold2	25960000	25970000	1
scaffold2	25970000	25980000	0
scaffold2	25980000	25990000	0
scaffold2	25990000	26000000	0
scaffold2	26000000	26010000	0
scaffold2	26010000	26020000	0
scaffold2	26020000	26030000	0
scaffold2	26030000	26040000	0
scaffold2	26040000	26050000	1
scaffold2	26050000	26060000	0
scaffold2	26060000	26070000	1
scaffold2	26070000	26080000	2
scaffold2	26080000	26090000	1
scaffold2	26090000	26100000	2
scaffold2	26100000	26110000	1
scaffold2	26110000	26120000	0
scaffold2	26120000	26130000	1
scaffold2	26130000	26140000	1
scaffold2	26140000	26150000	2
scaffold2	26150000	26160000	3
scaffold2	26160000	26170000	2
scaffold2	26170000	26180000	2
scaffold2	26180000	26190000	1
scaffold2	26190000	26200000	0
scaffold2	26200000	26210000	0
scaffold2	26210000	26220000	0
scaffold2	26220000	26230000	0
scaffold2	26230000	26240000	0
scaffold2	26240000	26250000	0
scaffold2	26250000	26260000	0
scaffold2	26260000	26270000	1
scaffold2	26270000	26280000	0
scaffold2	26280000	26290000	0
scaffold2	26290000	26300000	0
scaffold2	26300000	26310000	1
scaffold2	26310000	26320000	1
scaffold2	26320000	26330000	1
scaffold2	26330000	26340000	1
scaffold2	26340000	26350000	1
scaffold2	26350000	26360000	2
scaffold2	26360000	26370000	1
scaffold2	26370000	26380000	2
scaffold2	26380000	26390000	1
scaffold2	26390000	26400000	1
scaffold2	26400000	26410000	2
scaffold2	26410000	26420000	2
scaffold2	26420000	26430000	0
scaffold2	26430000	26440000	0
scaffold2	26440000	26450000	0
scaffold2	26450000	26460000	0
scaffold2	26460000	26470000	0
scaffold2	26470000	26480000	0
scaffold2	26480000	26490000	0
scaffold2	26490000	26500000	1
scaffold2	26500000	26510000	1
scaffold2	26510000	26520000	2
scaffold2	26520000	26530000	1
scaffold2	26530000	26540000	1
scaffold2	26540000	26550000	0
scaffold2	26550000	26560000	0
scaffold2	26560000	26570000	0
scaffold2	26570000	26580000	0
scaffold2	26580000	26590000	0
scaffold2	26590000	26600000	0
scaffold2	26600000	26610000	0
scaffold2	26610000	26620000	0
scaffold2	26620000	26630000	1
scaffold2	26630000	26640000	1
scaffold2	26640000	26650000	1
scaffold2	26650000	26660000	1
scaffold2	26660000	26670000	2
scaffold2	26670000	26680000	1
scaffold2	26680000	26690000	0
scaffold2	26690000	26700000	1
scaffold2	26700000	26710000	2
scaffold2	26710000	26720000	2
scaffold2	26720000	26730000	1
scaffold2	26730000	26740000	3
scaffold2	26740000	26750000	2
scaffold2	26750000	26760000	0
scaffold2	26760000	26770000	2
scaffold2	26770000	26780000	2
scaffold2	26780000	26790000	2
scaffold2	26790000	26800000	2
scaffold2	26800000	26810000	1
scaffold2	26810000	26820000	1
scaffold2	26820000	26830000	2
scaffold2	26830000	26840000	3
scaffold2	26840000	26850000	1
scaffold2	26850000	26860000	0
scaffold2	26860000	26870000	0
scaffold2	26870000	26880000	1
scaffold2	26880000	26890000	2
scaffold2	26890000	26900000	2
scaffold2	26900000	26910000	2
scaffold2	26910000	26920000	2
scaffold2	26920000	26930000	3
scaffold2	26930000	26940000	0
scaffold2	26940000	26950000	0
scaffold2	26950000	26960000	1
scaffold2	26960000	26970000	1
scaffold2	26970000	26980000	1
scaffold2	26980000	26990000	2
scaffold2	26990000	27000000	2
scaffold2	27000000	27010000	1
scaffold2	27010000	27020000	2
scaffold2	27020000	27030000	1
scaffold2	27030000	27040000	3
scaffold2	27040000	27050000	1
scaffold2	27050000	27060000	1
scaffold2	27060000	27070000	1
scaffold2	27070000	27080000	1
scaffold2	27080000	27090000	1
scaffold2	27090000	27100000	1
scaffold2	27100000	27110000	1
scaffold2	27110000	27120000	1
scaffold2	27120000	27130000	1
scaffold2	27130000	27140000	1
scaffold2	27140000	27150000	2
scaffold2	27150000	27160000	1
scaffold2	27160000	27170000	2
scaffold2	27170000	27180000	1
scaffold2	27180000	27190000	1
scaffold2	27190000	27200000	1
scaffold2	27200000	27210000	1
scaffold2	27210000	27220000	3
scaffold2	27220000	27230000	2
scaffold2	27230000	27240000	1
scaffold2	27240000	27250000	2
scaffold2	27250000	27260000	2
scaffold2	27260000	27270000	1
scaffold2	27270000	27280000	3
scaffold2	27280000	27290000	2
scaffold2	27290000	27300000	2
scaffold2	27300000	27310000	1
scaffold2	27310000	27320000	0
scaffold2	27320000	27330000	2
scaffold2	27330000	27340000	2
scaffold2	27340000	27350000	2
scaffold2	27350000	27360000	0
scaffold2	27360000	27370000	0
scaffold2	27370000	27380000	0
scaffold2	27380000	27390000	0
scaffold2	27390000	27400000	0
scaffold2	27400000	27410000	0
scaffold2	27410000	27420000	0
scaffold2	27420000	27430000	0
scaffold2	27430000	27440000	0
scaffold2	27440000	27450000	0
scaffold2	27450000	27460000	0
scaffold2	27460000	27470000	0
scaffold2	27470000	27480000	0
scaffold2	27480000	27490000	0
scaffold2	27490000	27500000	0
scaffold2	27500000	27510000	0
scaffold2	27510000	27520000	0
scaffold2	27520000	27530000	0
scaffold2	27530000	27540000	0
scaffold2	27540000	27550000	0
scaffold2	27550000	27560000	0
scaffold2	27560000	27570000	2
scaffold2	27570000	27580000	0
scaffold2	27580000	27590000	1
scaffold2	27590000	27600000	0
scaffold2	27600000	27610000	0
scaffold2	27610000	27620000	0
scaffold2	27620000	27630000	0
scaffold2	27630000	27640000	1
scaffold2	27640000	27650000	2
scaffold2	27650000	27660000	1
scaffold2	27660000	27670000	1
scaffold2	27670000	27680000	1
scaffold2	27680000	27690000	1
scaffold2	27690000	27700000	2
scaffold2	27700000	27710000	1
scaffold2	27710000	27720000	1
scaffold2	27720000	27730000	2
scaffold2	27730000	27740000	2
scaffold2	27740000	27750000	1
scaffold2	27750000	27760000	2
scaffold2	27760000	27770000	1
scaffold2	27770000	27780000	2
scaffold2	27780000	27790000	0
scaffold2	27790000	27800000	0
scaffold2	27800000	27810000	2
scaffold2	27810000	27820000	2
scaffold2	27820000	27830000	1
scaffold2	27830000	27840000	1
scaffold2	27840000	27850000	1
scaffold2	27850000	27860000	1
scaffold2	27860000	27870000	1
scaffold2	27870000	27880000	1
scaffold2	27880000	27890000	1
scaffold2	27890000	27900000	2
scaffold2	27900000	27910000	1
scaffold2	27910000	27920000	0
scaffold2	27920000	27930000	0
scaffold2	27930000	27940000	2
scaffold2	27940000	27950000	2
scaffold2	27950000	27960000	1
scaffold2	27960000	27970000	1
scaffold2	27970000	27980000	2
scaffold2	27980000	27990000	1
scaffold2	27990000	28000000	1
scaffold2	28000000	28010000	1
scaffold2	28010000	28020000	1
scaffold2	28020000	28030000	1
scaffold2	28030000	28040000	1
scaffold2	28040000	28050000	2
scaffold2	28050000	28060000	1
scaffold2	28060000	28070000	2
scaffold2	28070000	28080000	0
scaffold2	28080000	28090000	1
scaffold2	28090000	28100000	1
scaffold2	28100000	28110000	1
scaffold2	28110000	28120000	1
scaffold2	28120000	28130000	1
scaffold2	28130000	28140000	1
scaffold2	28140000	28150000	1
scaffold2	28150000	28160000	1
scaffold2	28160000	28170000	1
scaffold2	28170000	28180000	1
scaffold2	28180000	28190000	2
scaffold2	28190000	28200000	2
scaffold2	28200000	28210000	1
scaffold2	28210000	28220000	1
scaffold2	28220000	28230000	1
scaffold2	28230000	28240000	1
scaffold2	28240000	28250000	1
scaffold2	28250000	28260000	1
scaffold2	28260000	28270000	1
scaffold2	28270000	28280000	1
scaffold2	28280000	28290000	3
scaffold2	28290000	28300000	1
scaffold2	28300000	28310000	1
scaffold2	28310000	28320000	2
scaffold2	28320000	28330000	3
scaffold2	28330000	28340000	1
scaffold2	28340000	28350000	0
scaffold2	28350000	28360000	2
scaffold2	28360000	28370000	1
scaffold2	28370000	28380000	1
scaffold2	28380000	28390000	0
scaffold2	28390000	28400000	1
scaffold2	28400000	28410000	1
scaffold2	28410000	28420000	1
scaffold2	28420000	28430000	1
scaffold2	28430000	28440000	1
scaffold2	28440000	28450000	1
scaffold2	28450000	28460000	0
scaffold2	28460000	28470000	1
scaffold2	28470000	28480000	2
scaffold2	28480000	28490000	1
scaffold2	28490000	28500000	0
scaffold2	28500000	28510000	0
scaffold2	28510000	28520000	2
scaffold2	28520000	28530000	2
scaffold2	28530000	28540000	2
scaffold2	28540000	28550000	1
scaffold2	28550000	28560000	0
scaffold2	28560000	28570000	0
scaffold2	28570000	28580000	1
scaffold2	28580000	28590000	2
scaffold2	28590000	28600000	1
scaffold2	28600000	28610000	2
scaffold2	28610000	28620000	1
scaffold2	28620000	28630000	1
scaffold2	28630000	28640000	1
scaffold2	28640000	28650000	2
scaffold2	28650000	28660000	2
scaffold2	28660000	28670000	2
scaffold2	28670000	28680000	1
scaffold2	28680000	28690000	0
scaffold2	28690000	28700000	1
scaffold2	28700000	28710000	1
scaffold2	28710000	28720000	1
scaffold2	28720000	28730000	1
scaffold2	28730000	28740000	0
scaffold2	28740000	28750000	2
scaffold2	28750000	28760000	1
scaffold2	28760000	28770000	2
scaffold2	28770000	28780000	2
scaffold2	28780000	28790000	2
scaffold2	28790000	28800000	1
scaffold2	28800000	28810000	0
scaffold2	28810000	28820000	2
scaffold2	28820000	28830000	3
scaffold2	28830000	28840000	0
scaffold2	28840000	28850000	0
scaffold2	28850000	28860000	0
scaffold2	28860000	28870000	0
scaffold2	28870000	28880000	0
scaffold2	28880000	28890000	1
scaffold2	28890000	28900000	2
scaffold2	28900000	28910000	1
scaffold2	28910000	28920000	0
scaffold2	28920000	28930000	2
scaffold2	28930000	28940000	2
scaffold2	28940000	28950000	1
scaffold2	28950000	28960000	0
scaffold2	28960000	28970000	0
scaffold2	28970000	28980000	0
scaffold2	28980000	28990000	0
scaffold2	28990000	29000000	0
scaffold2	29000000	29010000	1
scaffold2	29010000	29020000	0
scaffold2	29020000	29030000	0
scaffold2	29030000	29040000	1
scaffold2	29040000	29050000	1
scaffold2	29050000	29060000	2
scaffold2	29060000	29070000	1
scaffold2	29070000	29080000	1
scaffold2	29080000	29090000	1
scaffold2	29090000	29100000	0
scaffold2	29100000	29110000	0
scaffold2	29110000	29120000	0
scaffold2	29120000	29130000	0
scaffold2	29130000	29140000	1
scaffold2	29140000	29150000	1
scaffold2	29150000	29160000	1
scaffold2	29160000	29170000	1
scaffold2	29170000	29180000	0
scaffold2	29180000	29190000	0
scaffold2	29190000	29200000	0
scaffold2	29200000	29210000	1
scaffold2	29210000	29220000	1
scaffold2	29220000	29230000	0
scaffold2	29230000	29240000	1
scaffold2	29240000	29250000	3
scaffold2	29250000	29260000	1
scaffold2	29260000	29270000	2
scaffold2	29270000	29280000	1
scaffold2	29280000	29290000	1
scaffold2	29290000	29300000	0
scaffold2	29300000	29310000	0
scaffold2	29310000	29320000	0
scaffold2	29320000	29330000	1
scaffold2	29330000	29340000	1
scaffold2	29340000	29350000	2
scaffold2	29350000	29360000	1
scaffold2	29360000	29370000	1
scaffold2	29370000	29380000	2
scaffold2	29380000	29390000	2
scaffold2	29390000	29400000	0
scaffold2	29400000	29410000	2
scaffold2	29410000	29420000	1
scaffold2	29420000	29430000	1
scaffold2	29430000	29440000	1
scaffold2	29440000	29450000	1
scaffold2	29450000	29460000	1
scaffold2	29460000	29470000	0
scaffold2	29470000	29480000	0
scaffold2	29480000	29490000	0
scaffold2	29490000	29500000	0
scaffold2	29500000	29510000	0
scaffold2	29510000	29520000	0
scaffold2	29520000	29530000	0
scaffold2	29530000	29540000	2
scaffold2	29540000	29550000	1
scaffold2	29550000	29560000	3
scaffold2	29560000	29570000	0
scaffold2	29570000	29580000	0
scaffold2	29580000	29590000	4
scaffold2	29590000	29600000	1
scaffold2	29600000	29610000	0
scaffold2	29610000	29620000	0
scaffold2	29620000	29630000	1
scaffold2	29630000	29640000	0
scaffold2	29640000	29650000	0
scaffold2	29650000	29660000	0
scaffold2	29660000	29670000	0
scaffold2	29670000	29680000	1
scaffold2	29680000	29690000	0
scaffold2	29690000	29700000	0
scaffold2	29700000	29710000	0
scaffold2	29710000	29720000	0
scaffold2	29720000	29730000	1
scaffold2	29730000	29740000	2
scaffold2	29740000	29750000	1
scaffold2	29750000	29760000	0
scaffold2	29760000	29770000	1
scaffold2	29770000	29780000	1
scaffold2	29780000	29790000	1
scaffold2	29790000	29800000	1
scaffold2	29800000	29810000	1
scaffold2	29810000	29820000	1
scaffold2	29820000	29830000	2
scaffold2	29830000	29840000	1
scaffold2	29840000	29850000	1
scaffold2	29850000	29860000	0
scaffold2	29860000	29870000	3
scaffold2	29870000	29880000	1
scaffold2	29880000	29890000	0
scaffold2	29890000	29900000	0
scaffold2	29900000	29910000	0
scaffold2	29910000	29920000	1
scaffold2	29920000	29930000	1
scaffold2	29930000	29940000	2
scaffold2	29940000	29950000	1
scaffold2	29950000	29960000	0
scaffold2	29960000	29970000	2
scaffold2	29970000	29980000	1
scaffold2	29980000	29990000	0
scaffold2	29990000	30000000	1
scaffold2	30000000	30010000	2
scaffold2	30010000	30020000	2
scaffold2	30020000	30030000	1
scaffold2	30030000	30040000	1
scaffold2	30040000	30050000	2
scaffold2	30050000	30060000	2
scaffold2	30060000	30070000	1
scaffold2	30070000	30080000	2
scaffold2	30080000	30090000	1
scaffold2	30090000	30100000	2
scaffold2	30100000	30110000	1
scaffold2	30110000	30120000	2
scaffold2	30120000	30130000	0
scaffold2	30130000	30140000	2
scaffold2	30140000	30150000	0
scaffold2	30150000	30160000	0
scaffold2	30160000	30170000	0
scaffold2	30170000	30180000	1
scaffold2	30180000	30190000	2
scaffold2	30190000	30200000	1
scaffold2	30200000	30210000	2
scaffold2	30210000	30220000	1
scaffold2	30220000	30230000	3
scaffold2	30230000	30240000	2
scaffold2	30240000	30250000	1
scaffold2	30250000	30260000	0
scaffold2	30260000	30270000	1
scaffold2	30270000	30280000	1
scaffold2	30280000	30290000	1
scaffold2	30290000	30300000	2
scaffold2	30300000	30310000	0
scaffold2	30310000	30320000	0
scaffold2	30320000	30330000	0
scaffold2	30330000	30340000	1
scaffold2	30340000	30350000	0
scaffold2	30350000	30360000	1
scaffold2	30360000	30370000	1
scaffold2	30370000	30380000	1
scaffold2	30380000	30390000	1
scaffold2	30390000	30400000	2
scaffold2	30400000	30410000	1
scaffold2	30410000	30420000	1
scaffold2	30420000	30430000	1
scaffold2	30430000	30440000	0
scaffold2	30440000	30450000	0
scaffold2	30450000	30460000	0
scaffold2	30460000	30470000	0
scaffold2	30470000	30480000	0
scaffold2	30480000	30490000	1
scaffold2	30490000	30500000	1
scaffold2	30500000	30510000	1
scaffold2	30510000	30520000	0
scaffold2	30520000	30530000	0
scaffold2	30530000	30540000	1
scaffold2	30540000	30550000	3
scaffold2	30550000	30560000	1
scaffold2	30560000	30570000	2
scaffold2	30570000	30580000	1
scaffold2	30580000	30590000	0
scaffold2	30590000	30600000	0
scaffold2	30600000	30610000	1
scaffold2	30610000	30620000	0
scaffold2	30620000	30630000	0
scaffold2	30630000	30640000	0
scaffold2	30640000	30650000	1
scaffold2	30650000	30660000	0
scaffold2	30660000	30670000	0
scaffold2	30670000	30680000	0
scaffold2	30680000	30690000	0
scaffold2	30690000	30700000	0
scaffold2	30700000	30710000	1
scaffold2	30710000	30720000	1
scaffold2	30720000	30730000	1
scaffold2	30730000	30740000	1
scaffold2	30740000	30750000	0
scaffold2	30750000	30760000	0
scaffold2	30760000	30770000	0
scaffold2	30770000	30780000	0
scaffold2	30780000	30790000	0
scaffold2	30790000	30800000	0
scaffold2	30800000	30810000	0
scaffold2	30810000	30820000	0
scaffold2	30820000	30830000	0
scaffold2	30830000	30840000	0
scaffold2	30840000	30850000	0
scaffold2	30850000	30860000	0
scaffold2	30860000	30870000	2
scaffold2	30870000	30880000	1
scaffold2	30880000	30890000	0
scaffold2	30890000	30900000	0
scaffold2	30900000	30910000	0
scaffold2	30910000	30920000	2
scaffold2	30920000	30930000	2
scaffold2	30930000	30940000	1
scaffold2	30940000	30950000	2
scaffold2	30950000	30960000	1
scaffold2	30960000	30970000	1
scaffold2	30970000	30980000	1
scaffold2	30980000	30990000	1
scaffold2	30990000	31000000	0
scaffold2	31000000	31010000	0
scaffold2	31010000	31020000	0
scaffold2	31020000	31030000	0
scaffold2	31030000	31040000	0
scaffold2	31040000	31050000	0
scaffold2	31050000	31060000	1
scaffold2	31060000	31070000	2
scaffold2	31070000	31080000	1
scaffold2	31080000	31090000	2
scaffold2	31090000	31100000	3
scaffold2	31100000	31110000	1
scaffold2	31110000	31120000	1
scaffold2	31120000	31130000	0
scaffold2	31130000	31140000	1
scaffold2	31140000	31150000	2
scaffold2	31150000	31160000	1
scaffold2	31160000	31170000	1
scaffold2	31170000	31180000	1
scaffold2	31180000	31190000	3
scaffold2	31190000	31200000	1
scaffold2	31200000	31210000	2
scaffold2	31210000	31220000	1
scaffold2	31220000	31230000	2
scaffold2	31230000	31240000	1
scaffold2	31240000	31250000	2
scaffold2	31250000	31260000	1
scaffold2	31260000	31270000	1
scaffold2	31270000	31280000	2
scaffold2	31280000	31290000	1
scaffold2	31290000	31300000	1
scaffold2	31300000	31310000	0
scaffold2	31310000	31320000	0
scaffold2	31320000	31330000	1
scaffold2	31330000	31340000	1
scaffold2	31340000	31350000	1
scaffold2	31350000	31360000	1
scaffold2	31360000	31370000	0
scaffold2	31370000	31380000	0
scaffold2	31380000	31390000	2
scaffold2	31390000	31400000	1
scaffold2	31400000	31410000	1
scaffold2	31410000	31420000	2
scaffold2	31420000	31430000	3
scaffold2	31430000	31440000	1
scaffold2	31440000	31450000	0
scaffold2	31450000	31460000	0
scaffold2	31460000	31470000	1
scaffold2	31470000	31480000	2
scaffold2	31480000	31490000	1
scaffold2	31490000	31500000	1
scaffold2	31500000	31510000	1
scaffold2	31510000	31520000	1
scaffold2	31520000	31530000	1
scaffold2	31530000	31540000	1
scaffold2	31540000	31550000	1
scaffold2	31550000	31560000	3
scaffold2	31560000	31570000	1
scaffold2	31570000	31580000	2
scaffold2	31580000	31590000	2
scaffold2	31590000	31600000	1
scaffold2	31600000	31610000	0
scaffold2	31610000	31620000	0
scaffold2	31620000	31630000	0
scaffold2	31630000	31640000	2
scaffold2	31640000	31650000	0
scaffold2	31650000	31660000	2
scaffold2	31660000	31670000	1
scaffold2	31670000	31680000	1
scaffold2	31680000	31690000	1
scaffold2	31690000	31700000	1
scaffold2	31700000	31710000	2
scaffold2	31710000	31720000	2
scaffold2	31720000	31730000	1
scaffold2	31730000	31740000	1
scaffold2	31740000	31750000	0
scaffold2	31750000	31760000	1
scaffold2	31760000	31770000	1
scaffold2	31770000	31780000	0
scaffold2	31780000	31790000	0
scaffold2	31790000	31800000	0
scaffold2	31800000	31810000	0
scaffold2	31810000	31820000	1
scaffold2	31820000	31830000	0
scaffold2	31830000	31840000	0
scaffold2	31840000	31850000	2
scaffold2	31850000	31860000	1
scaffold2	31860000	31870000	1
scaffold2	31870000	31880000	0
scaffold2	31880000	31890000	1
scaffold2	31890000	31900000	1
scaffold2	31900000	31910000	1
scaffold2	31910000	31920000	3
scaffold2	31920000	31930000	1
scaffold2	31930000	31940000	1
scaffold2	31940000	31950000	2
scaffold2	31950000	31960000	2
scaffold2	31960000	31970000	2
scaffold2	31970000	31980000	1
scaffold2	31980000	31990000	1
scaffold2	31990000	32000000	1
scaffold2	32000000	32010000	2
scaffold2	32010000	32020000	2
scaffold2	32020000	32030000	1
scaffold2	32030000	32040000	1
scaffold2	32040000	32050000	1
scaffold2	32050000	32060000	1
scaffold2	32060000	32070000	0
scaffold2	32070000	32080000	0
scaffold2	32080000	32090000	2
scaffold2	32090000	32100000	1
scaffold2	32100000	32110000	1
scaffold2	32110000	32120000	1
scaffold2	32120000	32130000	0
scaffold2	32130000	32140000	1
scaffold2	32140000	32150000	1
scaffold2	32150000	32160000	1
scaffold2	32160000	32170000	1
scaffold2	32170000	32180000	1
scaffold2	32180000	32190000	1
scaffold2	32190000	32200000	2
scaffold2	32200000	32210000	0
scaffold2	32210000	32220000	1
scaffold2	32220000	32230000	0
scaffold2	32230000	32240000	2
scaffold2	32240000	32250000	1
scaffold2	32250000	32260000	1
scaffold2	32260000	32270000	1
scaffold2	32270000	32280000	2
scaffold2	32280000	32290000	1
scaffold2	32290000	32300000	0
scaffold2	32300000	32310000	2
scaffold2	32310000	32320000	2
scaffold2	32320000	32330000	1
scaffold2	32330000	32340000	0
scaffold2	32340000	32350000	0
scaffold2	32350000	32360000	1
scaffold2	32360000	32370000	1
scaffold2	32370000	32380000	1
scaffold2	32380000	32390000	2
scaffold2	32390000	32400000	1
scaffold2	32400000	32410000	1
scaffold2	32410000	32420000	0
scaffold2	32420000	32430000	2
scaffold2	32430000	32440000	1
scaffold2	32440000	32450000	1
scaffold2	32450000	32460000	1
scaffold2	32460000	32470000	1
scaffold2	32470000	32480000	1
scaffold2	32480000	32490000	1
scaffold2	32490000	32500000	1
scaffold2	32500000	32510000	3
scaffold2	32510000	32520000	0
scaffold2	32520000	32530000	0
scaffold2	32530000	32540000	1
scaffold2	32540000	32550000	1
scaffold2	32550000	32560000	1
scaffold2	32560000	32570000	1
scaffold2	32570000	32580000	1
scaffold2	32580000	32590000	2
scaffold2	32590000	32600000	2
scaffold2	32600000	32610000	1
scaffold2	32610000	32620000	2
scaffold2	32620000	32630000	0
scaffold2	32630000	32640000	0
scaffold2	32640000	32650000	0
scaffold2	32650000	32660000	0
scaffold2	32660000	32670000	0
scaffold2	32670000	32680000	0
scaffold2	32680000	32690000	0
scaffold2	32690000	32700000	0
scaffold2	32700000	32710000	0
scaffold2	32710000	32720000	0
scaffold2	32720000	32730000	0
scaffold2	32730000	32740000	0
scaffold2	32740000	32750000	2
scaffold2	32750000	32760000	4
scaffold2	32760000	32770000	4
scaffold2	32770000	32780000	1
scaffold2	32780000	32790000	1
scaffold2	32790000	32800000	1
scaffold2	32800000	32810000	1
scaffold2	32810000	32820000	1
scaffold2	32820000	32830000	1
scaffold2	32830000	32840000	1
scaffold2	32840000	32850000	1
scaffold2	32850000	32860000	0
scaffold2	32860000	32870000	0
scaffold2	32870000	32880000	1
scaffold2	32880000	32890000	0
scaffold2	32890000	32900000	1
scaffold2	32900000	32910000	0
scaffold2	32910000	32920000	0
scaffold2	32920000	32930000	0
scaffold2	32930000	32940000	0
scaffold2	32940000	32950000	1
scaffold2	32950000	32960000	1
scaffold2	32960000	32970000	0
scaffold2	32970000	32980000	1
scaffold2	32980000	32990000	1
scaffold2	32990000	33000000	1
scaffold2	33000000	33010000	2
scaffold2	33010000	33020000	1
scaffold2	33020000	33030000	3
scaffold2	33030000	33040000	1
scaffold2	33040000	33050000	1
scaffold2	33050000	33060000	1
scaffold2	33060000	33070000	1
scaffold2	33070000	33080000	0
scaffold2	33080000	33090000	0
scaffold2	33090000	33100000	0
scaffold2	33100000	33110000	0
scaffold2	33110000	33120000	0
scaffold2	33120000	33130000	1
scaffold2	33130000	33140000	1
scaffold2	33140000	33150000	0
scaffold2	33150000	33160000	0
scaffold2	33160000	33170000	0
scaffold2	33170000	33180000	1
scaffold2	33180000	33190000	2
scaffold2	33190000	33200000	0
scaffold2	33200000	33210000	0
scaffold2	33210000	33220000	1
scaffold2	33220000	33230000	1
scaffold2	33230000	33240000	1
scaffold2	33240000	33250000	1
scaffold2	33250000	33260000	1
scaffold2	33260000	33270000	1
scaffold2	33270000	33280000	0
scaffold2	33280000	33290000	0
scaffold2	33290000	33300000	0
scaffold2	33300000	33310000	0
scaffold2	33310000	33320000	1
scaffold2	33320000	33330000	2
scaffold2	33330000	33340000	2
scaffold2	33340000	33350000	0
scaffold2	33350000	33360000	2
scaffold2	33360000	33370000	1
scaffold2	33370000	33380000	1
scaffold2	33380000	33390000	1
scaffold2	33390000	33400000	1
scaffold2	33400000	33410000	0
scaffold2	33410000	33420000	0
scaffold2	33420000	33430000	0
scaffold2	33430000	33440000	0
scaffold2	33440000	33450000	1
scaffold2	33450000	33460000	2
scaffold2	33460000	33470000	1
scaffold2	33470000	33480000	2
scaffold2	33480000	33490000	1
scaffold2	33490000	33500000	1
scaffold2	33500000	33510000	1
scaffold2	33510000	33520000	2
scaffold2	33520000	33530000	2
scaffold2	33530000	33540000	3
scaffold2	33540000	33550000	4
scaffold2	33550000	33560000	1
scaffold2	33560000	33570000	1
scaffold2	33570000	33580000	0
scaffold2	33580000	33590000	0
scaffold2	33590000	33600000	1
scaffold2	33600000	33610000	0
scaffold2	33610000	33620000	1
scaffold2	33620000	33630000	0
scaffold2	33630000	33640000	0
scaffold2	33640000	33650000	0
scaffold2	33650000	33660000	2
scaffold2	33660000	33670000	2
scaffold2	33670000	33680000	2
scaffold2	33680000	33690000	2
scaffold2	33690000	33700000	1
scaffold2	33700000	33710000	1
scaffold2	33710000	33720000	3
scaffold2	33720000	33730000	1
scaffold2	33730000	33740000	1
scaffold2	33740000	33750000	1
scaffold2	33750000	33760000	1
scaffold2	33760000	33770000	1
scaffold2	33770000	33780000	1
scaffold2	33780000	33790000	1
scaffold2	33790000	33800000	0
scaffold2	33800000	33810000	0
scaffold2	33810000	33820000	1
scaffold2	33820000	33830000	0
scaffold2	33830000	33840000	1
scaffold2	33840000	33850000	1
scaffold2	33850000	33860000	2
scaffold2	33860000	33870000	1
scaffold2	33870000	33880000	2
scaffold2	33880000	33890000	1
scaffold2	33890000	33900000	2
scaffold2	33900000	33910000	1
scaffold2	33910000	33920000	1
scaffold2	33920000	33930000	1
scaffold2	33930000	33940000	0
scaffold2	33940000	33950000	2
scaffold2	33950000	33960000	1
scaffold2	33960000	33970000	1
scaffold2	33970000	33980000	2
scaffold2	33980000	33990000	0
scaffold2	33990000	34000000	1
scaffold2	34000000	34010000	1
scaffold2	34010000	34020000	0
scaffold2	34020000	34030000	1
scaffold2	34030000	34040000	0
scaffold2	34040000	34050000	0
scaffold2	34050000	34060000	0
scaffold2	34060000	34070000	0
scaffold2	34070000	34080000	0
scaffold2	34080000	34090000	1
scaffold2	34090000	34100000	1
scaffold2	34100000	34110000	1
scaffold2	34110000	34120000	0
scaffold2	34120000	34130000	1
scaffold2	34130000	34140000	1
scaffold2	34140000	34150000	1
scaffold2	34150000	34160000	2
scaffold2	34160000	34170000	1
scaffold2	34170000	34180000	1
scaffold2	34180000	34190000	1
scaffold2	34190000	34200000	1
scaffold2	34200000	34210000	0
scaffold2	34210000	34220000	0
scaffold2	34220000	34230000	1
scaffold2	34230000	34240000	1
scaffold2	34240000	34250000	1
scaffold2	34250000	34260000	2
scaffold2	34260000	34270000	1
scaffold2	34270000	34280000	1
scaffold2	34280000	34290000	1
scaffold2	34290000	34300000	1
scaffold2	34300000	34310000	2
scaffold2	34310000	34320000	1
scaffold2	34320000	34330000	2
scaffold2	34330000	34340000	1
scaffold2	34340000	34350000	1
scaffold2	34350000	34360000	0
scaffold2	34360000	34370000	1
scaffold2	34370000	34380000	2
scaffold2	34380000	34390000	3
scaffold2	34390000	34400000	2
scaffold2	34400000	34410000	0
scaffold2	34410000	34420000	0
scaffold2	34420000	34430000	1
scaffold2	34430000	34440000	1
scaffold2	34440000	34450000	1
scaffold2	34450000	34460000	1
scaffold2	34460000	34470000	1
scaffold2	34470000	34480000	1
scaffold2	34480000	34490000	1
scaffold2	34490000	34500000	1
scaffold2	34500000	34510000	1
scaffold2	34510000	34520000	1
scaffold2	34520000	34530000	1
scaffold2	34530000	34540000	1
scaffold2	34540000	34550000	2
scaffold2	34550000	34560000	1
scaffold2	34560000	34570000	1
scaffold2	34570000	34580000	1
scaffold2	34580000	34590000	0
scaffold2	34590000	34600000	0
scaffold2	34600000	34610000	1
scaffold2	34610000	34620000	2
scaffold2	34620000	34630000	2
scaffold2	34630000	34640000	2
scaffold2	34640000	34650000	1
scaffold2	34650000	34660000	0
scaffold2	34660000	34670000	1
scaffold2	34670000	34680000	1
scaffold2	34680000	34690000	1
scaffold2	34690000	34700000	2
scaffold2	34700000	34710000	2
scaffold2	34710000	34720000	2
scaffold2	34720000	34730000	1
scaffold2	34730000	34740000	2
scaffold2	34740000	34750000	1
scaffold2	34750000	34760000	2
scaffold2	34760000	34770000	1
scaffold2	34770000	34780000	0
scaffold2	34780000	34790000	0
scaffold2	34790000	34800000	0
scaffold2	34800000	34810000	0
scaffold2	34810000	34820000	1
scaffold2	34820000	34830000	0
scaffold2	34830000	34840000	0
scaffold2	34840000	34850000	0
scaffold2	34850000	34860000	0
scaffold2	34860000	34870000	1
scaffold2	34870000	34880000	1
scaffold2	34880000	34890000	1
scaffold2	34890000	34900000	1
scaffold2	34900000	34910000	2
scaffold2	34910000	34920000	1
scaffold2	34920000	34930000	0
scaffold2	34930000	34940000	0
scaffold2	34940000	34950000	0
scaffold2	34950000	34960000	0
scaffold2	34960000	34970000	1
scaffold2	34970000	34980000	1
scaffold2	34980000	34990000	1
scaffold2	34990000	35000000	1
scaffold2	35000000	35010000	1
scaffold2	35010000	35020000	0
scaffold2	35020000	35030000	0
scaffold2	35030000	35040000	1
scaffold2	35040000	35050000	1
scaffold2	35050000	35060000	1
scaffold2	35060000	35070000	1
scaffold2	35070000	35080000	1
scaffold2	35080000	35090000	1
scaffold2	35090000	35100000	1
scaffold2	35100000	35110000	1
scaffold2	35110000	35120000	1
scaffold2	35120000	35130000	1
scaffold2	35130000	35140000	1
scaffold2	35140000	35150000	1
scaffold2	35150000	35160000	1
scaffold2	35160000	35170000	0
scaffold2	35170000	35180000	0
scaffold2	35180000	35190000	1
scaffold2	35190000	35200000	1
scaffold2	35200000	35210000	1
scaffold2	35210000	35220000	0
scaffold2	35220000	35230000	0
scaffold2	35230000	35240000	1
scaffold2	35240000	35250000	3
scaffold2	35250000	35260000	1
scaffold2	35260000	35270000	1
scaffold2	35270000	35280000	1
scaffold2	35280000	35290000	1
scaffold2	35290000	35300000	1
scaffold2	35300000	35310000	0
scaffold2	35310000	35320000	0
scaffold2	35320000	35330000	0
scaffold2	35330000	35340000	0
scaffold2	35340000	35350000	1
scaffold2	35350000	35360000	1
scaffold2	35360000	35370000	1
scaffold2	35370000	35380000	1
scaffold2	35380000	35390000	1
scaffold2	35390000	35400000	1
scaffold2	35400000	35410000	1
scaffold2	35410000	35420000	1
scaffold2	35420000	35430000	1
scaffold2	35430000	35440000	2
scaffold2	35440000	35450000	0
scaffold2	35450000	35460000	1
scaffold2	35460000	35470000	1
scaffold2	35470000	35480000	2
scaffold2	35480000	35490000	1
scaffold2	35490000	35500000	1
scaffold2	35500000	35510000	1
scaffold2	35510000	35520000	1
scaffold2	35520000	35530000	1
scaffold2	35530000	35540000	1
scaffold2	35540000	35550000	1
scaffold2	35550000	35560000	1
scaffold2	35560000	35570000	1
scaffold2	35570000	35580000	0
scaffold2	35580000	35590000	1
scaffold2	35590000	35600000	1
scaffold2	35600000	35610000	1
scaffold2	35610000	35620000	0
scaffold2	35620000	35630000	1
scaffold2	35630000	35640000	1
scaffold2	35640000	35650000	1
scaffold2	35650000	35660000	2
scaffold2	35660000	35670000	1
scaffold2	35670000	35680000	1
scaffold2	35680000	35690000	1
scaffold2	35690000	35700000	1
scaffold2	35700000	35710000	2
scaffold2	35710000	35720000	2
scaffold2	35720000	35730000	1
scaffold2	35730000	35740000	1
scaffold2	35740000	35750000	1
scaffold2	35750000	35760000	1
scaffold2	35760000	35770000	0
scaffold2	35770000	35780000	0
scaffold2	35780000	35790000	0
scaffold2	35790000	35800000	0
scaffold2	35800000	35810000	0
scaffold2	35810000	35820000	0
scaffold2	35820000	35830000	0
scaffold2	35830000	35840000	0
scaffold2	35840000	35850000	0
scaffold2	35850000	35860000	0
scaffold2	35860000	35870000	1
scaffold2	35870000	35880000	0
scaffold2	35880000	35890000	1
scaffold2	35890000	35900000	1
scaffold2	35900000	35910000	1
scaffold2	35910000	35920000	0
scaffold2	35920000	35930000	1
scaffold2	35930000	35940000	1
scaffold2	35940000	35950000	0
scaffold2	35950000	35960000	1
scaffold2	35960000	35970000	1
scaffold2	35970000	35980000	1
scaffold2	35980000	35990000	1
scaffold2	35990000	36000000	1
scaffold2	36000000	36010000	0
scaffold2	36010000	36020000	0
scaffold2	36020000	36030000	0
scaffold2	36030000	36040000	0
scaffold2	36040000	36050000	0
scaffold2	36050000	36060000	1
scaffold2	36060000	36070000	2
scaffold2	36070000	36080000	1
scaffold2	36080000	36090000	0
scaffold2	36090000	36100000	0
scaffold2	36100000	36110000	0
scaffold2	36110000	36120000	0
scaffold2	36120000	36130000	0
scaffold2	36130000	36140000	0
scaffold2	36140000	36150000	0
scaffold2	36150000	36160000	1
scaffold2	36160000	36170000	0
scaffold2	36170000	36180000	1
scaffold2	36180000	36190000	1
scaffold2	36190000	36200000	1
scaffold2	36200000	36210000	1
scaffold2	36210000	36220000	1
scaffold2	36220000	36230000	1
scaffold2	36230000	36240000	1
scaffold2	36240000	36250000	1
scaffold2	36250000	36260000	1
scaffold2	36260000	36270000	1
scaffold2	36270000	36280000	1
scaffold2	36280000	36290000	1
scaffold2	36290000	36300000	1
scaffold2	36300000	36310000	1
scaffold2	36310000	36320000	1
scaffold2	36320000	36330000	1
scaffold2	36330000	36340000	2
scaffold2	36340000	36350000	2
scaffold2	36350000	36360000	1
scaffold2	36360000	36370000	0
scaffold2	36370000	36380000	0
scaffold2	36380000	36390000	0
scaffold2	36390000	36400000	0
scaffold2	36400000	36410000	1
scaffold2	36410000	36420000	1
scaffold2	36420000	36430000	1
scaffold2	36430000	36440000	1
scaffold2	36440000	36450000	1
scaffold2	36450000	36460000	2
scaffold2	36460000	36470000	0
scaffold2	36470000	36480000	1
scaffold2	36480000	36490000	1
scaffold2	36490000	36500000	0
scaffold2	36500000	36510000	0
scaffold2	36510000	36520000	1
scaffold2	36520000	36530000	1
scaffold2	36530000	36540000	1
scaffold2	36540000	36550000	1
scaffold2	36550000	36560000	1
scaffold2	36560000	36570000	1
scaffold2	36570000	36580000	0
scaffold2	36580000	36590000	0
scaffold2	36590000	36600000	0
scaffold2	36600000	36610000	0
scaffold2	36610000	36620000	1
scaffold2	36620000	36630000	2
scaffold2	36630000	36640000	1
scaffold2	36640000	36650000	1
scaffold2	36650000	36660000	1
scaffold2	36660000	36670000	1
scaffold2	36670000	36680000	1
scaffold2	36680000	36690000	0
scaffold2	36690000	36700000	1
scaffold2	36700000	36710000	1
scaffold2	36710000	36720000	1
scaffold2	36720000	36730000	0
scaffold2	36730000	36740000	1
scaffold2	36740000	36750000	1
scaffold2	36750000	36760000	1
scaffold2	36760000	36770000	1
scaffold2	36770000	36780000	1
scaffold2	36780000	36790000	1
scaffold2	36790000	36800000	3
scaffold2	36800000	36810000	2
scaffold2	36810000	36820000	2
scaffold2	36820000	36830000	1
scaffold2	36830000	36840000	1
scaffold2	36840000	36850000	1
scaffold2	36850000	36860000	1
scaffold2	36860000	36870000	1
scaffold2	36870000	36880000	1
scaffold2	36880000	36890000	1
scaffold2	36890000	36900000	0
scaffold2	36900000	36910000	1
scaffold2	36910000	36920000	1
scaffold2	36920000	36930000	0
scaffold2	36930000	36940000	0
scaffold2	36940000	36950000	2
scaffold2	36950000	36960000	2
scaffold2	36960000	36970000	1
scaffold2	36970000	36980000	1
scaffold2	36980000	36990000	1
scaffold2	36990000	37000000	0
scaffold2	37000000	37010000	0
scaffold2	37010000	37020000	0
scaffold2	37020000	37030000	0
scaffold2	37030000	37040000	0
scaffold2	37040000	37050000	0
scaffold2	37050000	37060000	0
scaffold2	37060000	37070000	0
scaffold2	37070000	37080000	0
scaffold2	37080000	37090000	0
scaffold2	37090000	37100000	0
scaffold2	37100000	37110000	0
scaffold2	37110000	37120000	0
scaffold2	37120000	37130000	0
scaffold2	37130000	37140000	1
scaffold2	37140000	37150000	2
scaffold2	37150000	37160000	2
scaffold2	37160000	37170000	1
scaffold2	37170000	37180000	0
scaffold2	37180000	37190000	2
scaffold2	37190000	37200000	1
scaffold2	37200000	37210000	1
scaffold2	37210000	37220000	1
scaffold2	37220000	37230000	0
scaffold2	37230000	37240000	0
scaffold2	37240000	37250000	0
scaffold2	37250000	37260000	0
scaffold2	37260000	37270000	1
scaffold2	37270000	37280000	0
scaffold2	37280000	37290000	1
scaffold2	37290000	37300000	1
scaffold2	37300000	37310000	1
scaffold2	37310000	37320000	1
scaffold2	37320000	37330000	1
scaffold2	37330000	37340000	1
scaffold2	37340000	37350000	1
scaffold2	37350000	37360000	1
scaffold2	37360000	37370000	3
scaffold2	37370000	37380000	2
scaffold2	37380000	37390000	1
scaffold2	37390000	37400000	0
scaffold2	37400000	37410000	0
scaffold2	37410000	37420000	0
scaffold2	37420000	37430000	0
scaffold2	37430000	37440000	0
scaffold2	37440000	37450000	0
scaffold2	37450000	37460000	0
scaffold2	37460000	37470000	0
scaffold2	37470000	37480000	2
scaffold2	37480000	37490000	1
scaffold2	37490000	37500000	1
scaffold2	37500000	37510000	1
scaffold2	37510000	37520000	1
scaffold2	37520000	37530000	1
scaffold2	37530000	37540000	2
scaffold2	37540000	37550000	2
scaffold2	37550000	37560000	3
scaffold2	37560000	37570000	3
scaffold2	37570000	37580000	1
scaffold2	37580000	37590000	1
scaffold2	37590000	37600000	1
scaffold2	37600000	37610000	0
scaffold2	37610000	37620000	0
scaffold2	37620000	37630000	0
scaffold2	37630000	37640000	2
scaffold2	37640000	37650000	1
scaffold2	37650000	37660000	1
scaffold2	37660000	37670000	1
scaffold2	37670000	37680000	1
scaffold2	37680000	37690000	1
scaffold2	37690000	37700000	0
scaffold2	37700000	37710000	0
scaffold2	37710000	37720000	1
scaffold2	37720000	37730000	2
scaffold2	37730000	37740000	2
scaffold2	37740000	37750000	1
scaffold2	37750000	37760000	1
scaffold2	37760000	37770000	1
scaffold2	37770000	37780000	3
scaffold2	37780000	37790000	1
scaffold2	37790000	37800000	1
scaffold2	37800000	37810000	2
scaffold2	37810000	37820000	0
scaffold2	37820000	37830000	1
scaffold2	37830000	37840000	1
scaffold2	37840000	37850000	1
scaffold2	37850000	37860000	0
scaffold2	37860000	37870000	0
scaffold2	37870000	37880000	0
scaffold2	37880000	37890000	0
scaffold2	37890000	37900000	2
scaffold2	37900000	37910000	1
scaffold2	37910000	37920000	2
scaffold2	37920000	37930000	2
scaffold2	37930000	37940000	2
scaffold2	37940000	37950000	0
scaffold2	37950000	37960000	1
scaffold2	37960000	37970000	0
scaffold2	37970000	37980000	1
scaffold2	37980000	37990000	1
scaffold2	37990000	38000000	3
scaffold2	38000000	38010000	2
scaffold2	38010000	38020000	1
scaffold2	38020000	38030000	3
scaffold2	38030000	38040000	3
scaffold2	38040000	38050000	1
scaffold2	38050000	38060000	1
scaffold2	38060000	38070000	1
scaffold2	38070000	38080000	1
scaffold2	38080000	38090000	1
scaffold2	38090000	38100000	1
scaffold2	38100000	38110000	0
scaffold2	38110000	38120000	0
scaffold2	38120000	38130000	0
scaffold2	38130000	38140000	0
scaffold2	38140000	38150000	0
scaffold2	38150000	38160000	4
scaffold2	38160000	38170000	2
scaffold2	38170000	38180000	1
scaffold2	38180000	38190000	1
scaffold2	38190000	38200000	1
scaffold2	38200000	38210000	0
scaffold2	38210000	38220000	0
scaffold2	38220000	38230000	0
scaffold2	38230000	38240000	0
scaffold2	38240000	38250000	0
scaffold2	38250000	38260000	1
scaffold2	38260000	38270000	0
scaffold2	38270000	38280000	1
scaffold2	38280000	38290000	1
scaffold2	38290000	38300000	1
scaffold2	38300000	38310000	2
scaffold2	38310000	38320000	1
scaffold2	38320000	38330000	1
scaffold2	38330000	38340000	2
scaffold2	38340000	38350000	1
scaffold2	38350000	38360000	1
scaffold2	38360000	38370000	1
scaffold2	38370000	38380000	1
scaffold2	38380000	38390000	2
scaffold2	38390000	38400000	2
scaffold2	38400000	38410000	1
scaffold2	38410000	38420000	1
scaffold2	38420000	38430000	2
scaffold2	38430000	38440000	1
scaffold2	38440000	38450000	1
scaffold2	38450000	38460000	1
scaffold2	38460000	38470000	1
scaffold2	38470000	38480000	2
scaffold2	38480000	38490000	1
scaffold2	38490000	38500000	1
scaffold2	38500000	38510000	1
scaffold2	38510000	38520000	1
scaffold2	38520000	38530000	0
scaffold2	38530000	38540000	1
scaffold2	38540000	38550000	1
scaffold2	38550000	38560000	0
scaffold2	38560000	38570000	0
scaffold2	38570000	38580000	0
scaffold2	38580000	38590000	0
scaffold2	38590000	38600000	0
scaffold2	38600000	38610000	0
scaffold2	38610000	38620000	0
scaffold2	38620000	38630000	0
scaffold2	38630000	38640000	0
scaffold2	38640000	38650000	1
scaffold2	38650000	38660000	2
scaffold2	38660000	38670000	2
scaffold2	38670000	38680000	2
scaffold2	38680000	38690000	0
scaffold2	38690000	38700000	0
scaffold2	38700000	38710000	0
scaffold2	38710000	38720000	0
scaffold2	38720000	38730000	1
scaffold2	38730000	38740000	1
scaffold2	38740000	38750000	0
scaffold2	38750000	38760000	2
scaffold2	38760000	38770000	1
scaffold2	38770000	38780000	0
scaffold2	38780000	38790000	0
scaffold2	38790000	38800000	0
scaffold2	38800000	38810000	0
scaffold2	38810000	38820000	0
scaffold2	38820000	38830000	0
scaffold2	38830000	38840000	1
scaffold2	38840000	38850000	0
scaffold2	38850000	38860000	2
scaffold2	38860000	38870000	1
scaffold2	38870000	38880000	1
scaffold2	38880000	38890000	1
scaffold2	38890000	38900000	1
scaffold2	38900000	38910000	1
scaffold2	38910000	38920000	1
scaffold2	38920000	38930000	1
scaffold2	38930000	38940000	2
scaffold2	38940000	38950000	1
scaffold2	38950000	38960000	1
scaffold2	38960000	38970000	1
scaffold2	38970000	38980000	1
scaffold2	38980000	38990000	1
scaffold2	38990000	39000000	1
scaffold2	39000000	39010000	2
scaffold2	39010000	39020000	2
scaffold2	39020000	39030000	1
scaffold2	39030000	39040000	1
scaffold2	39040000	39050000	0
scaffold2	39050000	39060000	1
scaffold2	39060000	39070000	1
scaffold2	39070000	39080000	1
scaffold2	39080000	39090000	1
scaffold2	39090000	39100000	0
scaffold2	39100000	39110000	1
scaffold2	39110000	39120000	0
scaffold2	39120000	39130000	0
scaffold2	39130000	39140000	0
scaffold2	39140000	39150000	0
scaffold2	39150000	39160000	1
scaffold2	39160000	39170000	1
scaffold2	39170000	39180000	1
scaffold2	39180000	39190000	3
scaffold2	39190000	39200000	1
scaffold2	39200000	39210000	1
scaffold2	39210000	39220000	0
scaffold2	39220000	39230000	0
scaffold2	39230000	39240000	1
scaffold2	39240000	39250000	1
scaffold2	39250000	39260000	1
scaffold2	39260000	39270000	0
scaffold2	39270000	39280000	1
scaffold2	39280000	39290000	1
scaffold2	39290000	39300000	1
scaffold2	39300000	39310000	1
scaffold2	39310000	39320000	0
scaffold2	39320000	39330000	2
scaffold2	39330000	39340000	1
scaffold2	39340000	39350000	1
scaffold2	39350000	39360000	2
scaffold2	39360000	39370000	3
scaffold2	39370000	39380000	2
scaffold2	39380000	39390000	3
scaffold2	39390000	39400000	2
scaffold2	39400000	39410000	2
scaffold2	39410000	39420000	1
scaffold2	39420000	39430000	1
scaffold2	39430000	39440000	1
scaffold2	39440000	39450000	0
scaffold2	39450000	39460000	0
scaffold2	39460000	39470000	0
scaffold2	39470000	39480000	0
scaffold2	39480000	39490000	0
scaffold2	39490000	39500000	0
scaffold2	39500000	39510000	1
scaffold2	39510000	39520000	1
scaffold2	39520000	39530000	1
scaffold2	39530000	39540000	1
scaffold2	39540000	39550000	4
scaffold2	39550000	39560000	4
scaffold2	39560000	39570000	1
scaffold2	39570000	39580000	2
scaffold2	39580000	39590000	1
scaffold2	39590000	39600000	1
scaffold2	39600000	39610000	2
scaffold2	39610000	39620000	2
scaffold2	39620000	39630000	1
scaffold2	39630000	39640000	1
scaffold2	39640000	39650000	1
scaffold2	39650000	39660000	1
scaffold2	39660000	39670000	1
scaffold2	39670000	39680000	0
scaffold2	39680000	39690000	0
scaffold2	39690000	39700000	0
scaffold2	39700000	39710000	0
scaffold2	39710000	39720000	0
scaffold2	39720000	39730000	0
scaffold2	39730000	39740000	0
scaffold2	39740000	39750000	0
scaffold2	39750000	39760000	1
scaffold2	39760000	39770000	1
scaffold2	39770000	39780000	2
scaffold2	39780000	39790000	0
scaffold2	39790000	39800000	0
scaffold2	39800000	39810000	0
scaffold2	39810000	39820000	0
scaffold2	39820000	39830000	1
scaffold2	39830000	39840000	1
scaffold2	39840000	39850000	1
scaffold2	39850000	39860000	2
scaffold2	39860000	39870000	2
scaffold2	39870000	39880000	1
scaffold2	39880000	39890000	1
scaffold2	39890000	39900000	1
scaffold2	39900000	39910000	2
scaffold2	39910000	39920000	1
scaffold2	39920000	39930000	1
scaffold2	39930000	39940000	2
scaffold2	39940000	39950000	2
scaffold2	39950000	39960000	1
scaffold2	39960000	39970000	3
scaffold2	39970000	39980000	1
scaffold2	39980000	39990000	1
scaffold2	39990000	40000000	2
scaffold2	40000000	40010000	0
scaffold2	40010000	40020000	0
scaffold2	40020000	40030000	0
scaffold2	40030000	40040000	1
scaffold2	40040000	40050000	0
scaffold2	40050000	40060000	2
scaffold2	40060000	40070000	2
scaffold2	40070000	40080000	2
scaffold2	40080000	40090000	1
scaffold2	40090000	40100000	0
scaffold2	40100000	40110000	1
scaffold2	40110000	40120000	1
scaffold2	40120000	40130000	1
scaffold2	40130000	40140000	1
scaffold2	40140000	40150000	1
scaffold2	40150000	40160000	1
scaffold2	40160000	40170000	2
scaffold2	40170000	40180000	2
scaffold2	40180000	40190000	2
scaffold2	40190000	40200000	1
scaffold2	40200000	40210000	1
scaffold2	40210000	40220000	1
scaffold2	40220000	40230000	2
scaffold2	40230000	40240000	3
scaffold2	40240000	40250000	2
scaffold2	40250000	40260000	0
scaffold2	40260000	40270000	0
scaffold2	40270000	40280000	1
scaffold2	40280000	40290000	3
scaffold2	40290000	40300000	1
scaffold2	40300000	40310000	0
scaffold2	40310000	40320000	0
scaffold2	40320000	40330000	0
scaffold2	40330000	40340000	1
scaffold2	40340000	40350000	1
scaffold2	40350000	40360000	0
scaffold2	40360000	40370000	1
scaffold2	40370000	40380000	1
scaffold2	40380000	40390000	0
scaffold2	40390000	40400000	2
scaffold2	40400000	40410000	3
scaffold2	40410000	40420000	1
scaffold2	40420000	40430000	2
scaffold2	40430000	40440000	0
scaffold2	40440000	40450000	0
scaffold2	40450000	40460000	0
scaffold2	40460000	40470000	2
scaffold2	40470000	40480000	2
scaffold2	40480000	40490000	1
scaffold2	40490000	40500000	4
scaffold2	40500000	40510000	2
scaffold2	40510000	40520000	1
scaffold2	40520000	40530000	0
scaffold2	40530000	40540000	0
scaffold2	40540000	40550000	1
scaffold2	40550000	40560000	2
scaffold2	40560000	40570000	2
scaffold2	40570000	40580000	3
scaffold2	40580000	40590000	2
scaffold2	40590000	40600000	2
scaffold2	40600000	40610000	1
scaffold2	40610000	40620000	2
scaffold2	40620000	40630000	2
scaffold2	40630000	40640000	2
scaffold2	40640000	40650000	1
scaffold2	40650000	40660000	1
scaffold2	40660000	40670000	1
scaffold2	40670000	40680000	0
scaffold2	40680000	40690000	0
scaffold2	40690000	40700000	2
scaffold2	40700000	40710000	2
scaffold2	40710000	40720000	0
scaffold2	40720000	40730000	1
scaffold2	40730000	40740000	2
scaffold2	40740000	40750000	2
scaffold2	40750000	40760000	1
scaffold2	40760000	40770000	1
scaffold2	40770000	40780000	0
scaffold2	40780000	40790000	1
scaffold2	40790000	40800000	1
scaffold2	40800000	40810000	1
scaffold2	40810000	40820000	2
scaffold2	40820000	40830000	2
scaffold2	40830000	40840000	1
scaffold2	40840000	40850000	1
scaffold2	40850000	40860000	3
scaffold2	40860000	40870000	1
scaffold2	40870000	40880000	1
scaffold2	40880000	40890000	2
scaffold2	40890000	40900000	1
scaffold2	40900000	40910000	1
scaffold2	40910000	40920000	1
scaffold2	40920000	40930000	1
scaffold2	40930000	40940000	1
scaffold2	40940000	40950000	1
scaffold2	40950000	40960000	0
scaffold2	40960000	40970000	3
scaffold2	40970000	40980000	0
scaffold2	40980000	40990000	2
scaffold2	40990000	41000000	1
scaffold2	41000000	41010000	0
scaffold2	41010000	41020000	0
scaffold2	41020000	41030000	0
scaffold2	41030000	41040000	2
scaffold2	41040000	41050000	1
scaffold2	41050000	41060000	0
scaffold2	41060000	41070000	0
scaffold2	41070000	41080000	0
scaffold2	41080000	41090000	3
scaffold2	41090000	41100000	2
scaffold2	41100000	41110000	1
scaffold2	41110000	41120000	1
scaffold2	41120000	41130000	1
scaffold2	41130000	41140000	1
scaffold2	41140000	41150000	1
scaffold2	41150000	41160000	2
scaffold2	41160000	41170000	2
scaffold2	41170000	41180000	2
scaffold2	41180000	41190000	0
scaffold2	41190000	41200000	0
scaffold2	41200000	41210000	0
scaffold2	41210000	41220000	0
scaffold2	41220000	41230000	0
scaffold2	41230000	41240000	1
scaffold2	41240000	41250000	2
scaffold2	41250000	41260000	2
scaffold2	41260000	41270000	2
scaffold2	41270000	41280000	0
scaffold2	41280000	41290000	0
scaffold2	41290000	41300000	0
scaffold2	41300000	41310000	1
scaffold2	41310000	41320000	1
scaffold2	41320000	41330000	1
scaffold2	41330000	41340000	0
scaffold2	41340000	41350000	1
scaffold2	41350000	41360000	0
scaffold2	41360000	41370000	0
scaffold2	41370000	41380000	0
scaffold2	41380000	41390000	1
scaffold2	41390000	41400000	1
scaffold2	41400000	41410000	1
scaffold2	41410000	41420000	2
scaffold2	41420000	41430000	1
scaffold2	41430000	41440000	1
scaffold2	41440000	41450000	1
scaffold2	41450000	41460000	1
scaffold2	41460000	41470000	3
scaffold2	41470000	41480000	1
scaffold2	41480000	41490000	0
scaffold2	41490000	41500000	0
scaffold2	41500000	41510000	0
scaffold2	41510000	41520000	0
scaffold2	41520000	41530000	0
scaffold2	41530000	41540000	0
scaffold2	41540000	41550000	0
scaffold2	41550000	41560000	0
scaffold2	41560000	41570000	1
scaffold2	41570000	41580000	1
scaffold2	41580000	41590000	1
scaffold2	41590000	41600000	1
scaffold2	41600000	41610000	2
scaffold2	41610000	41620000	1
scaffold2	41620000	41630000	1
scaffold2	41630000	41640000	1
scaffold2	41640000	41650000	2
scaffold2	41650000	41660000	2
scaffold2	41660000	41670000	1
scaffold2	41670000	41680000	2
scaffold2	41680000	41690000	1
scaffold2	41690000	41700000	1
scaffold2	41700000	41710000	0
scaffold2	41710000	41720000	0
scaffold2	41720000	41730000	0
scaffold2	41730000	41740000	0
scaffold2	41740000	41750000	0
scaffold2	41750000	41760000	0
scaffold2	41760000	41770000	0
scaffold2	41770000	41780000	1
scaffold2	41780000	41790000	0
scaffold2	41790000	41800000	0
scaffold2	41800000	41810000	0
scaffold2	41810000	41820000	1
scaffold2	41820000	41830000	1
scaffold2	41830000	41840000	1
scaffold2	41840000	41850000	2
scaffold2	41850000	41860000	1
scaffold2	41860000	41870000	1
scaffold2	41870000	41880000	1
scaffold2	41880000	41890000	1
scaffold2	41890000	41900000	2
scaffold2	41900000	41910000	1
scaffold2	41910000	41920000	1
scaffold2	41920000	41930000	1
scaffold2	41930000	41940000	1
scaffold2	41940000	41950000	2
scaffold2	41950000	41960000	1
scaffold2	41960000	41970000	1
scaffold2	41970000	41980000	1
scaffold2	41980000	41990000	1
scaffold2	41990000	42000000	0
scaffold2	42000000	42010000	0
scaffold2	42010000	42020000	0
scaffold2	42020000	42030000	1
scaffold2	42030000	42040000	1
scaffold2	42040000	42050000	1
scaffold2	42050000	42060000	1
scaffold2	42060000	42070000	0
scaffold2	42070000	42080000	0
scaffold2	42080000	42090000	1
scaffold2	42090000	42100000	1
scaffold2	42100000	42110000	1
scaffold2	42110000	42120000	1
scaffold2	42120000	42130000	1
scaffold2	42130000	42140000	1
scaffold2	42140000	42150000	1
scaffold2	42150000	42160000	1
scaffold2	42160000	42170000	2
scaffold2	42170000	42180000	1
scaffold2	42180000	42190000	2
scaffold2	42190000	42200000	0
scaffold2	42200000	42210000	0
scaffold2	42210000	42220000	1
scaffold2	42220000	42230000	1
scaffold2	42230000	42240000	0
scaffold2	42240000	42250000	0
scaffold2	42250000	42260000	0
scaffold2	42260000	42270000	0
scaffold2	42270000	42280000	0
scaffold2	42280000	42290000	1
scaffold2	42290000	42300000	1
scaffold2	42300000	42310000	0
scaffold2	42310000	42320000	1
scaffold2	42320000	42330000	0
scaffold2	42330000	42340000	2
scaffold2	42340000	42350000	2
scaffold2	42350000	42360000	1
scaffold2	42360000	42370000	2
scaffold2	42370000	42380000	1
scaffold2	42380000	42390000	1
scaffold2	42390000	42400000	2
scaffold2	42400000	42410000	0
scaffold2	42410000	42420000	0
scaffold2	42420000	42430000	1
scaffold2	42430000	42440000	1
scaffold2	42440000	42450000	1
scaffold2	42450000	42460000	0
scaffold2	42460000	42470000	2
scaffold2	42470000	42480000	1
scaffold2	42480000	42490000	1
scaffold2	42490000	42500000	2
scaffold2	42500000	42510000	3
scaffold2	42510000	42520000	1
scaffold2	42520000	42530000	0
scaffold2	42530000	42540000	1
scaffold2	42540000	42550000	1
scaffold2	42550000	42560000	1
scaffold2	42560000	42570000	1
scaffold2	42570000	42580000	0
scaffold2	42580000	42590000	0
scaffold2	42590000	42600000	0
scaffold2	42600000	42610000	1
scaffold2	42610000	42620000	1
scaffold2	42620000	42630000	1
scaffold2	42630000	42640000	0
scaffold2	42640000	42650000	2
scaffold2	42650000	42660000	2
scaffold2	42660000	42670000	3
scaffold2	42670000	42680000	2
scaffold2	42680000	42690000	2
scaffold2	42690000	42700000	2
scaffold2	42700000	42710000	2
scaffold2	42710000	42720000	2
scaffold2	42720000	42730000	1
scaffold2	42730000	42740000	1
scaffold2	42740000	42750000	1
scaffold2	42750000	42760000	2
scaffold2	42760000	42770000	2
scaffold2	42770000	42780000	1
scaffold2	42780000	42790000	2
scaffold2	42790000	42800000	1
scaffold2	42800000	42810000	1
scaffold2	42810000	42820000	2
scaffold2	42820000	42830000	2
scaffold2	42830000	42840000	3
scaffold2	42840000	42850000	1
scaffold2	42850000	42860000	1
scaffold2	42860000	42870000	2
scaffold2	42870000	42880000	2
scaffold2	42880000	42890000	1
scaffold2	42890000	42900000	2
scaffold2	42900000	42910000	3
scaffold2	42910000	42920000	1
scaffold2	42920000	42930000	2
scaffold2	42930000	42940000	2
scaffold2	42940000	42950000	0
scaffold2	42950000	42960000	0
scaffold2	42960000	42970000	1
scaffold2	42970000	42980000	2
scaffold2	42980000	42990000	4
scaffold2	42990000	43000000	2
scaffold2	43000000	43010000	2
scaffold2	43010000	43020000	1
scaffold2	43020000	43030000	1
scaffold2	43030000	43040000	1
scaffold2	43040000	43050000	2
scaffold2	43050000	43060000	3
scaffold2	43060000	43070000	2
scaffold2	43070000	43080000	1
scaffold2	43080000	43090000	1
scaffold2	43090000	43100000	2
scaffold2	43100000	43110000	1
scaffold2	43110000	43120000	1
scaffold2	43120000	43130000	2
scaffold2	43130000	43140000	1
scaffold2	43140000	43150000	2
scaffold2	43150000	43160000	1
scaffold2	43160000	43170000	2
scaffold2	43170000	43180000	0
scaffold2	43180000	43190000	0
scaffold2	43190000	43200000	0
scaffold2	43200000	43210000	0
scaffold2	43210000	43220000	2
scaffold2	43220000	43230000	1
scaffold2	43230000	43240000	2
scaffold2	43240000	43250000	2
scaffold2	43250000	43260000	3
scaffold2	43260000	43270000	2
scaffold2	43270000	43280000	1
scaffold2	43280000	43290000	2
scaffold2	43290000	43300000	3
scaffold2	43300000	43310000	3
scaffold2	43310000	43320000	2
scaffold2	43320000	43330000	2
scaffold2	43330000	43340000	1
scaffold2	43340000	43350000	3
scaffold2	43350000	43360000	2
scaffold2	43360000	43370000	1
scaffold2	43370000	43380000	1
scaffold2	43380000	43390000	2
scaffold2	43390000	43400000	2
scaffold2	43400000	43410000	1
scaffold2	43410000	43420000	1
scaffold2	43420000	43430000	1
scaffold2	43430000	43440000	1
scaffold2	43440000	43450000	2
scaffold2	43450000	43460000	1
scaffold2	43460000	43470000	1
scaffold2	43470000	43480000	1
scaffold2	43480000	43490000	0
scaffold2	43490000	43500000	2
scaffold2	43500000	43510000	0
scaffold2	43510000	43520000	1
scaffold2	43520000	43530000	1
scaffold2	43530000	43540000	0
scaffold2	43540000	43550000	0
scaffold2	43550000	43560000	0
scaffold2	43560000	43570000	0
scaffold2	43570000	43580000	0
scaffold2	43580000	43590000	0
scaffold2	43590000	43600000	0
scaffold2	43600000	43610000	0
scaffold2	43610000	43620000	0
scaffold2	43620000	43630000	1
scaffold2	43630000	43640000	1
scaffold2	43640000	43650000	2
scaffold2	43650000	43660000	1
scaffold2	43660000	43670000	2
scaffold2	43670000	43680000	2
scaffold2	43680000	43690000	1
scaffold2	43690000	43700000	2
scaffold2	43700000	43710000	1
scaffold2	43710000	43720000	2
scaffold2	43720000	43730000	1
scaffold2	43730000	43740000	1
scaffold2	43740000	43750000	1
scaffold2	43750000	43760000	2
scaffold2	43760000	43770000	1
scaffold2	43770000	43780000	1
scaffold2	43780000	43790000	1
scaffold2	43790000	43800000	2
scaffold2	43800000	43810000	1
scaffold2	43810000	43820000	1
scaffold2	43820000	43830000	1
scaffold2	43830000	43840000	2
scaffold2	43840000	43850000	1
scaffold2	43850000	43860000	0
scaffold2	43860000	43870000	0
scaffold2	43870000	43880000	0
scaffold2	43880000	43890000	0
scaffold2	43890000	43900000	1
scaffold2	43900000	43910000	1
scaffold2	43910000	43920000	1
scaffold2	43920000	43930000	1
scaffold2	43930000	43940000	1
scaffold2	43940000	43950000	1
scaffold2	43950000	43960000	1
scaffold2	43960000	43970000	0
scaffold2	43970000	43980000	1
scaffold2	43980000	43990000	1
scaffold2	43990000	44000000	1
scaffold2	44000000	44010000	1
scaffold2	44010000	44020000	1
scaffold2	44020000	44030000	1
scaffold2	44030000	44040000	1
scaffold2	44040000	44050000	1
scaffold2	44050000	44060000	0
scaffold2	44060000	44070000	2
scaffold2	44070000	44080000	1
scaffold2	44080000	44090000	2
scaffold2	44090000	44100000	1
scaffold2	44100000	44110000	0
scaffold2	44110000	44120000	1
scaffold2	44120000	44130000	2
scaffold2	44130000	44140000	1
scaffold2	44140000	44150000	2
scaffold2	44150000	44160000	1
scaffold2	44160000	44170000	2
scaffold2	44170000	44180000	2
scaffold2	44180000	44190000	1
scaffold2	44190000	44200000	2
scaffold2	44200000	44210000	1
scaffold2	44210000	44220000	1
scaffold2	44220000	44230000	1
scaffold2	44230000	44240000	3
scaffold2	44240000	44250000	1
scaffold2	44250000	44260000	2
scaffold2	44260000	44270000	1
scaffold2	44270000	44280000	1
scaffold2	44280000	44290000	1
scaffold2	44290000	44300000	1
scaffold2	44300000	44310000	1
scaffold2	44310000	44320000	1
scaffold2	44320000	44330000	2
scaffold2	44330000	44340000	2
scaffold2	44340000	44350000	3
scaffold2	44350000	44360000	2
scaffold2	44360000	44370000	2
scaffold2	44370000	44380000	2
scaffold2	44380000	44390000	1
scaffold2	44390000	44400000	3
scaffold2	44400000	44410000	5
scaffold2	44410000	44420000	2
scaffold2	44420000	44430000	2
scaffold2	44430000	44440000	0
scaffold2	44440000	44450000	0
scaffold2	44450000	44460000	1
scaffold2	44460000	44470000	1
scaffold2	44470000	44480000	0
scaffold2	44480000	44490000	0
scaffold2	44490000	44500000	1
scaffold2	44500000	44510000	1
scaffold2	44510000	44520000	1
scaffold2	44520000	44530000	1
scaffold2	44530000	44540000	1
scaffold2	44540000	44550000	2
scaffold2	44550000	44560000	0
scaffold2	44560000	44570000	0
scaffold2	44570000	44580000	1
scaffold2	44580000	44590000	1
scaffold2	44590000	44600000	2
scaffold2	44600000	44610000	1
scaffold2	44610000	44620000	1
scaffold2	44620000	44630000	1
scaffold2	44630000	44640000	0
scaffold2	44640000	44650000	1
scaffold2	44650000	44660000	2
scaffold2	44660000	44670000	1
scaffold2	44670000	44680000	1
scaffold2	44680000	44690000	1
scaffold2	44690000	44700000	1
scaffold2	44700000	44710000	2
scaffold2	44710000	44720000	2
scaffold2	44720000	44730000	1
scaffold2	44730000	44740000	1
scaffold2	44740000	44750000	1
scaffold2	44750000	44760000	2
scaffold2	44760000	44770000	1
scaffold2	44770000	44780000	1
scaffold2	44780000	44790000	0
scaffold2	44790000	44800000	0
scaffold2	44800000	44810000	0
scaffold2	44810000	44820000	0
scaffold2	44820000	44830000	0
scaffold2	44830000	44840000	0
scaffold2	44840000	44850000	1
scaffold2	44850000	44860000	2
scaffold2	44860000	44870000	5
scaffold2	44870000	44880000	1
scaffold2	44880000	44890000	1
scaffold2	44890000	44900000	3
scaffold2	44900000	44910000	1
scaffold2	44910000	44920000	0
scaffold2	44920000	44930000	0
scaffold2	44930000	44940000	0
scaffold2	44940000	44950000	1
scaffold2	44950000	44960000	0
scaffold2	44960000	44970000	0
scaffold2	44970000	44980000	0
scaffold2	44980000	44990000	0
scaffold2	44990000	45000000	2
scaffold2	45000000	45010000	1
scaffold2	45010000	45020000	2
scaffold2	45020000	45030000	3
scaffold2	45030000	45040000	1
scaffold2	45040000	45050000	1
scaffold2	45050000	45060000	0
scaffold2	45060000	45070000	0
scaffold2	45070000	45080000	0
scaffold2	45080000	45090000	0
scaffold2	45090000	45100000	1
scaffold2	45100000	45110000	0
scaffold2	45110000	45120000	2
scaffold2	45120000	45130000	1
scaffold2	45130000	45140000	2
scaffold2	45140000	45150000	2
scaffold2	45150000	45160000	2
scaffold2	45160000	45170000	2
scaffold2	45170000	45180000	1
scaffold2	45180000	45190000	1
scaffold2	45190000	45200000	1
scaffold2	45200000	45210000	2
scaffold2	45210000	45220000	1
scaffold2	45220000	45230000	2
scaffold2	45230000	45240000	1
scaffold2	45240000	45250000	1
scaffold2	45250000	45260000	0
scaffold2	45260000	45270000	1
scaffold2	45270000	45280000	0
scaffold2	45280000	45290000	0
scaffold2	45290000	45300000	0
scaffold2	45300000	45310000	0
scaffold2	45310000	45320000	2
scaffold2	45320000	45330000	2
scaffold2	45330000	45340000	2
scaffold2	45340000	45350000	1
scaffold2	45350000	45360000	0
scaffold2	45360000	45370000	0
scaffold2	45370000	45380000	0
scaffold2	45380000	45390000	1
scaffold2	45390000	45400000	3
scaffold2	45400000	45410000	3
scaffold2	45410000	45420000	2
scaffold2	45420000	45430000	2
scaffold2	45430000	45440000	2
scaffold2	45440000	45450000	3
scaffold2	45450000	45460000	1
scaffold2	45460000	45470000	2
scaffold2	45470000	45480000	2
scaffold2	45480000	45490000	1
scaffold2	45490000	45500000	0
scaffold2	45500000	45510000	1
scaffold2	45510000	45520000	2
scaffold2	45520000	45530000	0
scaffold2	45530000	45540000	1
scaffold2	45540000	45550000	1
scaffold2	45550000	45560000	1
scaffold2	45560000	45570000	2
scaffold2	45570000	45580000	3
scaffold2	45580000	45590000	2
scaffold2	45590000	45600000	2
scaffold2	45600000	45610000	1
scaffold2	45610000	45620000	1
scaffold2	45620000	45630000	0
scaffold2	45630000	45640000	0
scaffold2	45640000	45650000	0
scaffold2	45650000	45660000	0
scaffold2	45660000	45670000	1
scaffold2	45670000	45680000	1
scaffold2	45680000	45690000	1
scaffold2	45690000	45700000	1
scaffold2	45700000	45710000	2
scaffold2	45710000	45720000	2
scaffold2	45720000	45730000	2
scaffold2	45730000	45740000	1
scaffold2	45740000	45750000	0
scaffold2	45750000	45760000	1
scaffold2	45760000	45770000	2
scaffold2	45770000	45780000	2
scaffold2	45780000	45790000	2
scaffold2	45790000	45800000	1
scaffold2	45800000	45810000	1
scaffold2	45810000	45820000	1
scaffold2	45820000	45830000	2
scaffold2	45830000	45840000	1
scaffold2	45840000	45850000	1
scaffold2	45850000	45860000	1
scaffold2	45860000	45870000	1
scaffold2	45870000	45880000	1
scaffold2	45880000	45890000	1
scaffold2	45890000	45900000	1
scaffold2	45900000	45910000	0
scaffold2	45910000	45920000	0
scaffold2	45920000	45930000	1
scaffold2	45930000	45940000	2
scaffold2	45940000	45950000	1
scaffold2	45950000	45960000	0
scaffold2	45960000	45970000	0
scaffold2	45970000	45980000	0
scaffold2	45980000	45990000	1
scaffold2	45990000	46000000	0
scaffold2	46000000	46010000	0
scaffold2	46010000	46020000	0
scaffold2	46020000	46030000	0
scaffold2	46030000	46040000	0
scaffold2	46040000	46050000	0
scaffold2	46050000	46060000	0
scaffold2	46060000	46070000	0
scaffold2	46070000	46080000	0
scaffold2	46080000	46090000	1
scaffold2	46090000	46100000	1
scaffold2	46100000	46110000	1
scaffold2	46110000	46120000	1
scaffold2	46120000	46130000	0
scaffold2	46130000	46140000	0
scaffold2	46140000	46150000	0
scaffold2	46150000	46160000	0
scaffold2	46160000	46170000	1
scaffold2	46170000	46180000	2
scaffold2	46180000	46190000	1
scaffold2	46190000	46200000	3
scaffold2	46200000	46210000	0
scaffold2	46210000	46220000	0
scaffold2	46220000	46230000	1
scaffold2	46230000	46240000	1
scaffold2	46240000	46250000	1
scaffold2	46250000	46260000	2
scaffold2	46260000	46270000	2
scaffold2	46270000	46280000	2
scaffold2	46280000	46290000	1
scaffold2	46290000	46300000	4
scaffold2	46300000	46310000	4
scaffold2	46310000	46320000	2
scaffold2	46320000	46330000	1
scaffold2	46330000	46340000	2
scaffold2	46340000	46350000	2
scaffold2	46350000	46360000	1
scaffold2	46360000	46370000	2
scaffold2	46370000	46380000	1
scaffold2	46380000	46390000	1
scaffold2	46390000	46400000	0
scaffold2	46400000	46410000	1
scaffold2	46410000	46420000	1
scaffold2	46420000	46430000	1
scaffold2	46430000	46440000	1
scaffold2	46440000	46450000	2
scaffold2	46450000	46460000	1
scaffold2	46460000	46470000	2
scaffold2	46470000	46480000	1
scaffold2	46480000	46490000	2
scaffold2	46490000	46500000	0
scaffold2	46500000	46510000	0
scaffold2	46510000	46520000	1
scaffold2	46520000	46530000	1
scaffold2	46530000	46540000	2
scaffold2	46540000	46550000	2
scaffold2	46550000	46560000	2
scaffold2	46560000	46570000	2
scaffold2	46570000	46580000	3
scaffold2	46580000	46590000	2
scaffold2	46590000	46600000	0
scaffold2	46600000	46610000	1
scaffold2	46610000	46620000	0
scaffold2	46620000	46630000	1
scaffold2	46630000	46640000	1
scaffold2	46640000	46650000	1
scaffold2	46650000	46660000	2
scaffold2	46660000	46670000	1
scaffold2	46670000	46680000	1
scaffold2	46680000	46690000	1
scaffold2	46690000	46700000	2
scaffold2	46700000	46710000	3
scaffold2	46710000	46720000	2
scaffold2	46720000	46730000	2
scaffold2	46730000	46740000	3
scaffold2	46740000	46750000	2
scaffold2	46750000	46760000	2
scaffold2	46760000	46770000	2
scaffold2	46770000	46780000	2
scaffold2	46780000	46790000	1
scaffold2	46790000	46800000	1
scaffold2	46800000	46810000	1
scaffold2	46810000	46820000	1
scaffold2	46820000	46830000	1
scaffold2	46830000	46840000	1
scaffold2	46840000	46850000	1
scaffold2	46850000	46860000	2
scaffold2	46860000	46870000	2
scaffold2	46870000	46880000	1
scaffold2	46880000	46890000	2
scaffold2	46890000	46900000	1
scaffold2	46900000	46910000	0
scaffold2	46910000	46920000	0
scaffold2	46920000	46930000	1
scaffold2	46930000	46940000	2
scaffold2	46940000	46950000	1
scaffold2	46950000	46960000	1
scaffold2	46960000	46970000	2
scaffold2	46970000	46980000	1
scaffold2	46980000	46990000	3
scaffold2	46990000	47000000	2
scaffold2	47000000	47010000	1
scaffold2	47010000	47020000	0
scaffold2	47020000	47030000	1
scaffold2	47030000	47040000	2
scaffold2	47040000	47050000	1
scaffold2	47050000	47060000	2
scaffold2	47060000	47070000	2
scaffold2	47070000	47080000	2
scaffold2	47080000	47090000	2
scaffold2	47090000	47100000	1
scaffold2	47100000	47110000	0
scaffold2	47110000	47120000	1
scaffold2	47120000	47130000	1
scaffold2	47130000	47140000	1
scaffold2	47140000	47150000	1
scaffold2	47150000	47160000	1
scaffold2	47160000	47170000	3
scaffold2	47170000	47180000	2
scaffold2	47180000	47190000	2
scaffold2	47190000	47200000	2
scaffold2	47200000	47210000	1
scaffold2	47210000	47220000	1
scaffold2	47220000	47230000	1
scaffold2	47230000	47240000	1
scaffold2	47240000	47250000	1
scaffold2	47250000	47260000	1
scaffold2	47260000	47270000	1
scaffold2	47270000	47280000	1
scaffold2	47280000	47290000	3
scaffold2	47290000	47300000	1
scaffold2	47300000	47310000	1
scaffold2	47310000	47320000	1
scaffold2	47320000	47330000	0
scaffold2	47330000	47340000	0
scaffold2	47340000	47350000	0
scaffold2	47350000	47360000	0
scaffold2	47360000	47370000	1
scaffold2	47370000	47380000	0
scaffold2	47380000	47390000	0
scaffold2	47390000	47400000	1
scaffold2	47400000	47410000	1
scaffold2	47410000	47420000	2
scaffold2	47420000	47430000	1
scaffold2	47430000	47440000	2
scaffold2	47440000	47450000	2
scaffold2	47450000	47460000	3
scaffold2	47460000	47470000	2
scaffold2	47470000	47480000	1
scaffold2	47480000	47490000	0
scaffold2	47490000	47500000	0
scaffold2	47500000	47510000	0
scaffold2	47510000	47520000	0
scaffold2	47520000	47530000	1
scaffold2	47530000	47540000	0
scaffold2	47540000	47550000	1
scaffold2	47550000	47560000	1
scaffold2	47560000	47570000	1
scaffold2	47570000	47580000	2
scaffold2	47580000	47590000	1
scaffold2	47590000	47600000	1
scaffold2	47600000	47610000	1
scaffold2	47610000	47620000	1
scaffold2	47620000	47630000	1
scaffold2	47630000	47640000	1
scaffold2	47640000	47650000	1
scaffold2	47650000	47660000	1
scaffold2	47660000	47670000	1
scaffold2	47670000	47680000	2
scaffold2	47680000	47690000	1
scaffold2	47690000	47700000	0
scaffold2	47700000	47710000	0
scaffold2	47710000	47720000	0
scaffold2	47720000	47730000	0
scaffold2	47730000	47740000	0
scaffold2	47740000	47750000	0
scaffold2	47750000	47760000	2
scaffold2	47760000	47770000	2
scaffold2	47770000	47780000	2
scaffold2	47780000	47790000	2
scaffold2	47790000	47800000	1
scaffold2	47800000	47810000	1
scaffold2	47810000	47820000	1
scaffold2	47820000	47830000	1
scaffold2	47830000	47840000	0
scaffold2	47840000	47850000	1
scaffold2	47850000	47860000	2
scaffold2	47860000	47870000	0
scaffold2	47870000	47880000	0
scaffold2	47880000	47890000	0
scaffold2	47890000	47900000	1
scaffold2	47900000	47910000	2
scaffold2	47910000	47920000	1
scaffold2	47920000	47930000	1
scaffold2	47930000	47940000	1
scaffold2	47940000	47950000	1
scaffold2	47950000	47960000	0
scaffold2	47960000	47970000	0
scaffold2	47970000	47980000	1
scaffold2	47980000	47990000	2
scaffold2	47990000	48000000	1
scaffold2	48000000	48010000	2
scaffold2	48010000	48020000	0
scaffold2	48020000	48030000	2
scaffold2	48030000	48040000	1
scaffold2	48040000	48050000	2
scaffold2	48050000	48060000	1
scaffold2	48060000	48070000	2
scaffold2	48070000	48080000	3
scaffold2	48080000	48090000	2
scaffold2	48090000	48100000	1
scaffold2	48100000	48110000	0
scaffold2	48110000	48120000	0
scaffold2	48120000	48130000	0
scaffold2	48130000	48140000	1
scaffold2	48140000	48150000	1
scaffold2	48150000	48160000	1
scaffold2	48160000	48170000	0
scaffold2	48170000	48180000	1
scaffold2	48180000	48190000	4
scaffold2	48190000	48200000	5
scaffold2	48200000	48210000	1
scaffold2	48210000	48220000	0
scaffold2	48220000	48230000	0
scaffold2	48230000	48240000	0
scaffold2	48240000	48250000	0
scaffold2	48250000	48260000	0
scaffold2	48260000	48270000	0
scaffold2	48270000	48280000	0
scaffold2	48280000	48290000	2
scaffold2	48290000	48300000	2
scaffold2	48300000	48310000	2
scaffold2	48310000	48320000	2
scaffold2	48320000	48330000	2
scaffold2	48330000	48340000	1
scaffold2	48340000	48350000	1
scaffold2	48350000	48360000	1
scaffold2	48360000	48370000	1
scaffold2	48370000	48380000	0
scaffold2	48380000	48390000	1
scaffold2	48390000	48400000	1
scaffold2	48400000	48410000	1
scaffold2	48410000	48420000	1
scaffold2	48420000	48430000	1
scaffold2	48430000	48440000	1
scaffold2	48440000	48450000	2
scaffold2	48450000	48460000	1
scaffold2	48460000	48470000	1
scaffold2	48470000	48480000	1
scaffold2	48480000	48490000	2
scaffold2	48490000	48500000	1
scaffold2	48500000	48510000	1
scaffold2	48510000	48520000	2
scaffold2	48520000	48530000	1
scaffold2	48530000	48540000	1
scaffold2	48540000	48550000	2
scaffold2	48550000	48560000	1
scaffold2	48560000	48570000	2
scaffold2	48570000	48580000	1
scaffold2	48580000	48590000	2
scaffold2	48590000	48600000	2
scaffold2	48600000	48610000	3
scaffold2	48610000	48620000	0
scaffold2	48620000	48630000	1
scaffold2	48630000	48640000	1
scaffold2	48640000	48650000	1
scaffold2	48650000	48660000	1
scaffold2	48660000	48670000	2
scaffold2	48670000	48680000	1
scaffold2	48680000	48690000	1
scaffold2	48690000	48700000	1
scaffold2	48700000	48710000	1
scaffold2	48710000	48720000	0
scaffold2	48720000	48730000	1
scaffold2	48730000	48740000	2
scaffold2	48740000	48750000	0
scaffold2	48750000	48760000	0
scaffold2	48760000	48770000	1
scaffold2	48770000	48780000	0
scaffold2	48780000	48790000	0
scaffold2	48790000	48800000	0
scaffold2	48800000	48810000	0
scaffold2	48810000	48816638	0
scaffold3	0	10000	0
scaffold3	10000	20000	0
scaffold3	20000	30000	0
scaffold3	30000	40000	0
scaffold3	40000	50000	0
scaffold3	50000	60000	1
scaffold3	60000	70000	1
scaffold3	70000	80000	0
scaffold3	80000	90000	3
scaffold3	90000	100000	0
scaffold3	100000	110000	0
scaffold3	110000	120000	0
scaffold3	120000	130000	1
scaffold3	130000	140000	1
scaffold3	140000	150000	0
scaffold3	150000	160000	3
scaffold3	160000	170000	1
scaffold3	170000	180000	1
scaffold3	180000	190000	0
scaffold3	190000	200000	0
scaffold3	200000	210000	2
scaffold3	210000	220000	1
scaffold3	220000	230000	0
scaffold3	230000	240000	0
scaffold3	240000	250000	0
scaffold3	250000	260000	0
scaffold3	260000	270000	2
scaffold3	270000	280000	1
scaffold3	280000	290000	0
scaffold3	290000	300000	0
scaffold3	300000	310000	1
scaffold3	310000	320000	0
scaffold3	320000	330000	0
scaffold3	330000	340000	0
scaffold3	340000	350000	0
scaffold3	350000	360000	1
scaffold3	360000	370000	0
scaffold3	370000	380000	0
scaffold3	380000	390000	1
scaffold3	390000	400000	0
scaffold3	400000	410000	0
scaffold3	410000	420000	0
scaffold3	420000	430000	0
scaffold3	430000	440000	1
scaffold3	440000	450000	0
scaffold3	450000	460000	1
scaffold3	460000	470000	0
scaffold3	470000	480000	1
scaffold3	480000	490000	0
scaffold3	490000	500000	0
scaffold3	500000	510000	0
scaffold3	510000	520000	1
scaffold3	520000	530000	0
scaffold3	530000	540000	2
scaffold3	540000	550000	0
scaffold3	550000	560000	0
scaffold3	560000	570000	0
scaffold3	570000	580000	0
scaffold3	580000	590000	1
scaffold3	590000	600000	0
scaffold3	600000	610000	1
scaffold3	610000	620000	0
scaffold3	620000	630000	0
scaffold3	630000	640000	0
scaffold3	640000	650000	0
scaffold3	650000	660000	0
scaffold3	660000	670000	0
scaffold3	670000	680000	3
scaffold3	680000	690000	3
scaffold3	690000	700000	0
scaffold3	700000	710000	0
scaffold3	710000	720000	0
scaffold3	720000	730000	1
scaffold3	730000	740000	0
scaffold3	740000	750000	2
scaffold3	750000	760000	1
scaffold3	760000	770000	0
scaffold3	770000	780000	0
scaffold3	780000	790000	1
scaffold3	790000	800000	2
scaffold3	800000	810000	2
scaffold3	810000	820000	2
scaffold3	820000	830000	1
scaffold3	830000	840000	0
scaffold3	840000	850000	1
scaffold3	850000	860000	1
scaffold3	860000	870000	1
scaffold3	870000	880000	1
scaffold3	880000	890000	2
scaffold3	890000	900000	1
scaffold3	900000	910000	0
scaffold3	910000	920000	1
scaffold3	920000	930000	1
scaffold3	930000	940000	1
scaffold3	940000	950000	0
scaffold3	950000	960000	2
scaffold3	960000	970000	1
scaffold3	970000	980000	1
scaffold3	980000	990000	0
scaffold3	990000	1000000	2
scaffold3	1000000	1010000	1
scaffold3	1010000	1020000	1
scaffold3	1020000	1030000	1
scaffold3	1030000	1040000	1
scaffold3	1040000	1050000	2
scaffold3	1050000	1060000	0
scaffold3	1060000	1070000	2
scaffold3	1070000	1080000	1
scaffold3	1080000	1090000	1
scaffold3	1090000	1100000	1
scaffold3	1100000	1110000	1
scaffold3	1110000	1120000	2
scaffold3	1120000	1130000	1
scaffold3	1130000	1140000	2
scaffold3	1140000	1150000	1
scaffold3	1150000	1160000	0
scaffold3	1160000	1170000	2
scaffold3	1170000	1180000	1
scaffold3	1180000	1190000	3
scaffold3	1190000	1200000	1
scaffold3	1200000	1210000	1
scaffold3	1210000	1220000	1
scaffold3	1220000	1230000	2
scaffold3	1230000	1240000	2
scaffold3	1240000	1250000	3
scaffold3	1250000	1260000	3
scaffold3	1260000	1270000	1
scaffold3	1270000	1280000	2
scaffold3	1280000	1290000	1
scaffold3	1290000	1300000	1
scaffold3	1300000	1310000	0
scaffold3	1310000	1320000	0
scaffold3	1320000	1330000	0
scaffold3	1330000	1340000	0
scaffold3	1340000	1350000	0
scaffold3	1350000	1360000	0
scaffold3	1360000	1370000	0
scaffold3	1370000	1380000	4
scaffold3	1380000	1390000	1
scaffold3	1390000	1400000	1
scaffold3	1400000	1410000	0
scaffold3	1410000	1420000	1
scaffold3	1420000	1430000	3
scaffold3	1430000	1440000	2
scaffold3	1440000	1450000	2
scaffold3	1450000	1460000	2
scaffold3	1460000	1470000	2
scaffold3	1470000	1480000	0
scaffold3	1480000	1490000	0
scaffold3	1490000	1500000	0
scaffold3	1500000	1510000	0
scaffold3	1510000	1520000	0
scaffold3	1520000	1530000	0
scaffold3	1530000	1540000	0
scaffold3	1540000	1550000	1
scaffold3	1550000	1560000	1
scaffold3	1560000	1570000	0
scaffold3	1570000	1580000	1
scaffold3	1580000	1590000	2
scaffold3	1590000	1600000	2
scaffold3	1600000	1610000	2
scaffold3	1610000	1620000	2
scaffold3	1620000	1630000	2
scaffold3	1630000	1640000	1
scaffold3	1640000	1650000	1
scaffold3	1650000	1660000	2
scaffold3	1660000	1670000	2
scaffold3	1670000	1680000	1
scaffold3	1680000	1690000	0
scaffold3	1690000	1700000	0
scaffold3	1700000	1710000	0
scaffold3	1710000	1720000	1
scaffold3	1720000	1730000	2
scaffold3	1730000	1740000	2
scaffold3	1740000	1750000	1
scaffold3	1750000	1760000	2
scaffold3	1760000	1770000	1
scaffold3	1770000	1780000	0
scaffold3	1780000	1790000	0
scaffold3	1790000	1800000	0
scaffold3	1800000	1810000	0
scaffold3	1810000	1820000	2
scaffold3	1820000	1830000	2
scaffold3	1830000	1840000	1
scaffold3	1840000	1850000	1
scaffold3	1850000	1860000	0
scaffold3	1860000	1870000	0
scaffold3	1870000	1880000	1
scaffold3	1880000	1890000	2
scaffold3	1890000	1900000	0
scaffold3	1900000	1910000	1
scaffold3	1910000	1920000	1
scaffold3	1920000	1930000	1
scaffold3	1930000	1940000	0
scaffold3	1940000	1950000	0
scaffold3	1950000	1960000	0
scaffold3	1960000	1970000	0
scaffold3	1970000	1980000	1
scaffold3	1980000	1990000	1
scaffold3	1990000	2000000	1
scaffold3	2000000	2010000	1
scaffold3	2010000	2020000	1
scaffold3	2020000	2030000	1
scaffold3	2030000	2040000	1
scaffold3	2040000	2050000	0
scaffold3	2050000	2060000	0
scaffold3	2060000	2070000	1
scaffold3	2070000	2080000	5
scaffold3	2080000	2090000	1
scaffold3	2090000	2100000	2
scaffold3	2100000	2110000	0
scaffold3	2110000	2120000	1
scaffold3	2120000	2130000	0
scaffold3	2130000	2140000	1
scaffold3	2140000	2150000	1
scaffold3	2150000	2160000	0
scaffold3	2160000	2170000	0
scaffold3	2170000	2180000	1
scaffold3	2180000	2190000	2
scaffold3	2190000	2200000	1
scaffold3	2200000	2210000	1
scaffold3	2210000	2220000	1
scaffold3	2220000	2230000	1
scaffold3	2230000	2240000	1
scaffold3	2240000	2250000	0
scaffold3	2250000	2260000	1
scaffold3	2260000	2270000	1
scaffold3	2270000	2280000	3
scaffold3	2280000	2290000	2
scaffold3	2290000	2300000	1
scaffold3	2300000	2310000	0
scaffold3	2310000	2320000	0
scaffold3	2320000	2330000	0
scaffold3	2330000	2340000	0
scaffold3	2340000	2350000	2
scaffold3	2350000	2360000	1
scaffold3	2360000	2370000	0
scaffold3	2370000	2380000	1
scaffold3	2380000	2390000	1
scaffold3	2390000	2400000	1
scaffold3	2400000	2410000	1
scaffold3	2410000	2420000	1
scaffold3	2420000	2430000	1
scaffold3	2430000	2440000	1
scaffold3	2440000	2450000	1
scaffold3	2450000	2460000	2
scaffold3	2460000	2470000	2
scaffold3	2470000	2480000	1
scaffold3	2480000	2490000	1
scaffold3	2490000	2500000	2
scaffold3	2500000	2510000	2
scaffold3	2510000	2520000	2
scaffold3	2520000	2530000	1
scaffold3	2530000	2540000	1
scaffold3	2540000	2550000	1
scaffold3	2550000	2560000	1
scaffold3	2560000	2570000	2
scaffold3	2570000	2580000	4
scaffold3	2580000	2590000	1
scaffold3	2590000	2600000	0
scaffold3	2600000	2610000	1
scaffold3	2610000	2620000	1
scaffold3	2620000	2630000	1
scaffold3	2630000	2640000	2
scaffold3	2640000	2650000	2
scaffold3	2650000	2660000	2
scaffold3	2660000	2670000	1
scaffold3	2670000	2680000	1
scaffold3	2680000	2690000	1
scaffold3	2690000	2700000	2
scaffold3	2700000	2710000	0
scaffold3	2710000	2720000	1
scaffold3	2720000	2730000	1
scaffold3	2730000	2740000	1
scaffold3	2740000	2750000	1
scaffold3	2750000	2760000	1
scaffold3	2760000	2770000	1
scaffold3	2770000	2780000	1
scaffold3	2780000	2790000	1
scaffold3	2790000	2800000	2
scaffold3	2800000	2810000	2
scaffold3	2810000	2820000	2
scaffold3	2820000	2830000	1
scaffold3	2830000	2840000	1
scaffold3	2840000	2850000	2
scaffold3	2850000	2860000	0
scaffold3	2860000	2870000	0
scaffold3	2870000	2880000	1
scaffold3	2880000	2890000	1
scaffold3	2890000	2900000	1
scaffold3	2900000	2910000	2
scaffold3	2910000	2920000	1
scaffold3	2920000	2930000	1
scaffold3	2930000	2940000	2
scaffold3	2940000	2950000	2
scaffold3	2950000	2960000	2
scaffold3	2960000	2970000	2
scaffold3	2970000	2980000	1
scaffold3	2980000	2990000	1
scaffold3	2990000	3000000	1
scaffold3	3000000	3010000	1
scaffold3	3010000	3020000	1
scaffold3	3020000	3030000	2
scaffold3	3030000	3040000	1
scaffold3	3040000	3050000	0
scaffold3	3050000	3060000	0
scaffold3	3060000	3070000	2
scaffold3	3070000	3080000	1
scaffold3	3080000	3090000	1
scaffold3	3090000	3100000	2
scaffold3	3100000	3110000	1
scaffold3	3110000	3120000	0
scaffold3	3120000	3130000	0
scaffold3	3130000	3140000	2
scaffold3	3140000	3150000	1
scaffold3	3150000	3160000	0
scaffold3	3160000	3170000	0
scaffold3	3170000	3180000	0
scaffold3	3180000	3190000	0
scaffold3	3190000	3200000	0
scaffold3	3200000	3210000	1
scaffold3	3210000	3220000	1
scaffold3	3220000	3230000	0
scaffold3	3230000	3240000	1
scaffold3	3240000	3250000	2
scaffold3	3250000	3260000	1
scaffold3	3260000	3270000	2
scaffold3	3270000	3280000	2
scaffold3	3280000	3290000	1
scaffold3	3290000	3300000	0
scaffold3	3300000	3310000	0
scaffold3	3310000	3320000	0
scaffold3	3320000	3330000	0
scaffold3	3330000	3340000	0
scaffold3	3340000	3350000	0
scaffold3	3350000	3360000	1
scaffold3	3360000	3370000	2
scaffold3	3370000	3380000	0
scaffold3	3380000	3390000	1
scaffold3	3390000	3400000	1
scaffold3	3400000	3410000	1
scaffold3	3410000	3420000	2
scaffold3	3420000	3430000	2
scaffold3	3430000	3440000	2
scaffold3	3440000	3450000	2
scaffold3	3450000	3460000	1
scaffold3	3460000	3470000	2
scaffold3	3470000	3480000	1
scaffold3	3480000	3490000	0
scaffold3	3490000	3500000	0
scaffold3	3500000	3510000	1
scaffold3	3510000	3520000	0
scaffold3	3520000	3530000	0
scaffold3	3530000	3540000	1
scaffold3	3540000	3550000	1
scaffold3	3550000	3560000	1
scaffold3	3560000	3570000	1
scaffold3	3570000	3580000	1
scaffold3	3580000	3590000	1
scaffold3	3590000	3600000	2
scaffold3	3600000	3610000	1
scaffold3	3610000	3620000	2
scaffold3	3620000	3630000	1
scaffold3	3630000	3640000	2
scaffold3	3640000	3650000	1
scaffold3	3650000	3660000	1
scaffold3	3660000	3670000	2
scaffold3	3670000	3680000	0
scaffold3	3680000	3690000	0
scaffold3	3690000	3700000	0
scaffold3	3700000	3710000	1
scaffold3	3710000	3720000	1
scaffold3	3720000	3730000	1
scaffold3	3730000	3740000	1
scaffold3	3740000	3750000	0
scaffold3	3750000	3760000	0
scaffold3	3760000	3770000	2
scaffold3	3770000	3780000	2
scaffold3	3780000	3790000	1
scaffold3	3790000	3800000	1
scaffold3	3800000	3810000	1
scaffold3	3810000	3820000	0
scaffold3	3820000	3830000	2
scaffold3	3830000	3840000	1
scaffold3	3840000	3850000	0
scaffold3	3850000	3860000	0
scaffold3	3860000	3870000	0
scaffold3	3870000	3880000	0
scaffold3	3880000	3890000	2
scaffold3	3890000	3900000	2
scaffold3	3900000	3910000	0
scaffold3	3910000	3920000	1
scaffold3	3920000	3930000	1
scaffold3	3930000	3940000	1
scaffold3	3940000	3950000	0
scaffold3	3950000	3960000	0
scaffold3	3960000	3970000	1
scaffold3	3970000	3980000	1
scaffold3	3980000	3990000	0
scaffold3	3990000	4000000	0
scaffold3	4000000	4010000	1
scaffold3	4010000	4020000	0
scaffold3	4020000	4030000	0
scaffold3	4030000	4040000	2
scaffold3	4040000	4050000	2
scaffold3	4050000	4060000	1
scaffold3	4060000	4070000	1
scaffold3	4070000	4080000	2
scaffold3	4080000	4090000	1
scaffold3	4090000	4100000	3
scaffold3	4100000	4110000	0
scaffold3	4110000	4120000	0
scaffold3	4120000	4130000	2
scaffold3	4130000	4140000	2
scaffold3	4140000	4150000	3
scaffold3	4150000	4160000	2
scaffold3	4160000	4170000	1
scaffold3	4170000	4180000	0
scaffold3	4180000	4190000	0
scaffold3	4190000	4200000	0
scaffold3	4200000	4210000	0
scaffold3	4210000	4220000	0
scaffold3	4220000	4230000	0
scaffold3	4230000	4240000	0
scaffold3	4240000	4250000	1
scaffold3	4250000	4260000	2
scaffold3	4260000	4270000	1
scaffold3	4270000	4280000	1
scaffold3	4280000	4290000	1
scaffold3	4290000	4300000	2
scaffold3	4300000	4310000	1
scaffold3	4310000	4320000	1
scaffold3	4320000	4330000	1
scaffold3	4330000	4340000	1
scaffold3	4340000	4350000	3
scaffold3	4350000	4360000	1
scaffold3	4360000	4370000	0
scaffold3	4370000	4380000	1
scaffold3	4380000	4390000	1
scaffold3	4390000	4400000	1
scaffold3	4400000	4410000	1
scaffold3	4410000	4420000	1
scaffold3	4420000	4430000	2
scaffold3	4430000	4440000	2
scaffold3	4440000	4450000	2
scaffold3	4450000	4460000	2
scaffold3	4460000	4470000	2
scaffold3	4470000	4480000	2
scaffold3	4480000	4490000	3
scaffold3	4490000	4500000	2
scaffold3	4500000	4510000	1
scaffold3	4510000	4520000	1
scaffold3	4520000	4530000	1
scaffold3	4530000	4540000	1
scaffold3	4540000	4550000	1
scaffold3	4550000	4560000	1
scaffold3	4560000	4570000	0
scaffold3	4570000	4580000	1
scaffold3	4580000	4590000	3
scaffold3	4590000	4600000	2
scaffold3	4600000	4610000	1
scaffold3	4610000	4620000	0
scaffold3	4620000	4630000	0
scaffold3	4630000	4640000	0
scaffold3	4640000	4650000	0
scaffold3	4650000	4660000	0
scaffold3	4660000	4670000	1
scaffold3	4670000	4680000	2
scaffold3	4680000	4690000	3
scaffold3	4690000	4700000	2
scaffold3	4700000	4710000	1
scaffold3	4710000	4720000	1
scaffold3	4720000	4730000	1
scaffold3	4730000	4740000	1
scaffold3	4740000	4750000	1
scaffold3	4750000	4760000	1
scaffold3	4760000	4770000	2
scaffold3	4770000	4780000	3
scaffold3	4780000	4790000	2
scaffold3	4790000	4800000	1
scaffold3	4800000	4810000	1
scaffold3	4810000	4820000	1
scaffold3	4820000	4830000	1
scaffold3	4830000	4840000	3
scaffold3	4840000	4850000	2
scaffold3	4850000	4860000	3
scaffold3	4860000	4870000	2
scaffold3	4870000	4880000	1
scaffold3	4880000	4890000	2
scaffold3	4890000	4900000	1
scaffold3	4900000	4910000	3
scaffold3	4910000	4920000	1
scaffold3	4920000	4930000	1
scaffold3	4930000	4940000	1
scaffold3	4940000	4950000	1
scaffold3	4950000	4960000	1
scaffold3	4960000	4970000	1
scaffold3	4970000	4980000	0
scaffold3	4980000	4990000	0
scaffold3	4990000	5000000	0
scaffold3	5000000	5010000	1
scaffold3	5010000	5020000	1
scaffold3	5020000	5030000	1
scaffold3	5030000	5040000	1
scaffold3	5040000	5050000	1
scaffold3	5050000	5060000	1
scaffold3	5060000	5070000	1
scaffold3	5070000	5080000	1
scaffold3	5080000	5090000	1
scaffold3	5090000	5100000	1
scaffold3	5100000	5110000	1
scaffold3	5110000	5120000	2
scaffold3	5120000	5130000	1
scaffold3	5130000	5140000	0
scaffold3	5140000	5150000	0
scaffold3	5150000	5160000	0
scaffold3	5160000	5170000	0
scaffold3	5170000	5180000	0
scaffold3	5180000	5190000	0
scaffold3	5190000	5200000	0
scaffold3	5200000	5210000	0
scaffold3	5210000	5220000	0
scaffold3	5220000	5230000	0
scaffold3	5230000	5240000	1
scaffold3	5240000	5250000	1
scaffold3	5250000	5260000	0
scaffold3	5260000	5270000	2
scaffold3	5270000	5280000	1
scaffold3	5280000	5290000	2
scaffold3	5290000	5300000	2
scaffold3	5300000	5310000	1
scaffold3	5310000	5320000	1
scaffold3	5320000	5330000	1
scaffold3	5330000	5340000	1
scaffold3	5340000	5350000	2
scaffold3	5350000	5360000	1
scaffold3	5360000	5370000	0
scaffold3	5370000	5380000	0
scaffold3	5380000	5390000	0
scaffold3	5390000	5400000	1
scaffold3	5400000	5410000	1
scaffold3	5410000	5420000	1
scaffold3	5420000	5430000	1
scaffold3	5430000	5440000	1
scaffold3	5440000	5450000	0
scaffold3	5450000	5460000	1
scaffold3	5460000	5470000	2
scaffold3	5470000	5480000	1
scaffold3	5480000	5490000	1
scaffold3	5490000	5500000	1
scaffold3	5500000	5510000	2
scaffold3	5510000	5520000	1
scaffold3	5520000	5530000	1
scaffold3	5530000	5540000	2
scaffold3	5540000	5550000	3
scaffold3	5550000	5560000	1
scaffold3	5560000	5570000	1
scaffold3	5570000	5580000	1
scaffold3	5580000	5590000	1
scaffold3	5590000	5600000	1
scaffold3	5600000	5610000	1
scaffold3	5610000	5620000	1
scaffold3	5620000	5630000	1
scaffold3	5630000	5640000	1
scaffold3	5640000	5650000	1
scaffold3	5650000	5660000	1
scaffold3	5660000	5670000	2
scaffold3	5670000	5680000	2
scaffold3	5680000	5690000	1
scaffold3	5690000	5700000	1
scaffold3	5700000	5710000	2
scaffold3	5710000	5720000	2
scaffold3	5720000	5730000	0
scaffold3	5730000	5740000	1
scaffold3	5740000	5750000	1
scaffold3	5750000	5760000	1
scaffold3	5760000	5770000	1
scaffold3	5770000	5780000	1
scaffold3	5780000	5790000	2
scaffold3	5790000	5800000	2
scaffold3	5800000	5810000	2
scaffold3	5810000	5820000	0
scaffold3	5820000	5830000	0
scaffold3	5830000	5840000	2
scaffold3	5840000	5850000	1
scaffold3	5850000	5860000	1
scaffold3	5860000	5870000	2
scaffold3	5870000	5880000	2
scaffold3	5880000	5890000	3
scaffold3	5890000	5900000	2
scaffold3	5900000	5910000	0
scaffold3	5910000	5920000	1
scaffold3	5920000	5930000	1
scaffold3	5930000	5940000	0
scaffold3	5940000	5950000	0
scaffold3	5950000	5960000	1
scaffold3	5960000	5970000	1
scaffold3	5970000	5980000	1
scaffold3	5980000	5990000	0
scaffold3	5990000	6000000	0
scaffold3	6000000	6010000	0
scaffold3	6010000	6020000	0
scaffold3	6020000	6030000	0
scaffold3	6030000	6040000	0
scaffold3	6040000	6050000	1
scaffold3	6050000	6060000	1
scaffold3	6060000	6070000	2
scaffold3	6070000	6080000	2
scaffold3	6080000	6090000	1
scaffold3	6090000	6100000	2
scaffold3	6100000	6110000	2
scaffold3	6110000	6120000	1
scaffold3	6120000	6130000	1
scaffold3	6130000	6140000	1
scaffold3	6140000	6150000	1
scaffold3	6150000	6160000	1
scaffold3	6160000	6170000	1
scaffold3	6170000	6180000	1
scaffold3	6180000	6190000	2
scaffold3	6190000	6200000	1
scaffold3	6200000	6210000	1
scaffold3	6210000	6220000	0
scaffold3	6220000	6230000	2
scaffold3	6230000	6240000	2
scaffold3	6240000	6250000	2
scaffold3	6250000	6260000	2
scaffold3	6260000	6270000	2
scaffold3	6270000	6280000	1
scaffold3	6280000	6290000	0
scaffold3	6290000	6300000	3
scaffold3	6300000	6310000	1
scaffold3	6310000	6320000	2
scaffold3	6320000	6330000	3
scaffold3	6330000	6340000	2
scaffold3	6340000	6350000	3
scaffold3	6350000	6360000	3
scaffold3	6360000	6370000	1
scaffold3	6370000	6380000	2
scaffold3	6380000	6390000	1
scaffold3	6390000	6400000	1
scaffold3	6400000	6410000	0
scaffold3	6410000	6420000	0
scaffold3	6420000	6430000	1
scaffold3	6430000	6440000	1
scaffold3	6440000	6450000	1
scaffold3	6450000	6460000	0
scaffold3	6460000	6470000	0
scaffold3	6470000	6480000	0
scaffold3	6480000	6490000	0
scaffold3	6490000	6500000	0
scaffold3	6500000	6510000	0
scaffold3	6510000	6520000	1
scaffold3	6520000	6530000	0
scaffold3	6530000	6540000	0
scaffold3	6540000	6550000	0
scaffold3	6550000	6560000	1
scaffold3	6560000	6570000	0
scaffold3	6570000	6580000	0
scaffold3	6580000	6590000	0
scaffold3	6590000	6600000	0
scaffold3	6600000	6610000	1
scaffold3	6610000	6620000	1
scaffold3	6620000	6630000	1
scaffold3	6630000	6640000	1
scaffold3	6640000	6650000	1
scaffold3	6650000	6660000	1
scaffold3	6660000	6670000	1
scaffold3	6670000	6680000	0
scaffold3	6680000	6690000	0
scaffold3	6690000	6700000	0
scaffold3	6700000	6710000	0
scaffold3	6710000	6720000	1
scaffold3	6720000	6730000	1
scaffold3	6730000	6740000	0
scaffold3	6740000	6750000	0
scaffold3	6750000	6760000	0
scaffold3	6760000	6770000	0
scaffold3	6770000	6780000	0
scaffold3	6780000	6790000	1
scaffold3	6790000	6800000	1
scaffold3	6800000	6810000	2
scaffold3	6810000	6820000	2
scaffold3	6820000	6830000	2
scaffold3	6830000	6840000	1
scaffold3	6840000	6850000	1
scaffold3	6850000	6860000	2
scaffold3	6860000	6870000	0
scaffold3	6870000	6880000	3
scaffold3	6880000	6890000	2
scaffold3	6890000	6900000	3
scaffold3	6900000	6910000	3
scaffold3	6910000	6920000	0
scaffold3	6920000	6930000	0
scaffold3	6930000	6940000	2
scaffold3	6940000	6950000	2
scaffold3	6950000	6960000	2
scaffold3	6960000	6970000	1
scaffold3	6970000	6980000	2
scaffold3	6980000	6990000	2
scaffold3	6990000	7000000	1
scaffold3	7000000	7010000	2
scaffold3	7010000	7020000	1
scaffold3	7020000	7030000	1
scaffold3	7030000	7040000	2
scaffold3	7040000	7050000	1
scaffold3	7050000	7060000	0
scaffold3	7060000	7070000	1
scaffold3	7070000	7080000	1
scaffold3	7080000	7090000	2
scaffold3	7090000	7100000	3
scaffold3	7100000	7110000	2
scaffold3	7110000	7120000	3
scaffold3	7120000	7130000	0
scaffold3	7130000	7140000	0
scaffold3	7140000	7150000	1
scaffold3	7150000	7160000	1
scaffold3	7160000	7170000	1
scaffold3	7170000	7180000	0
scaffold3	7180000	7190000	1
scaffold3	7190000	7200000	1
scaffold3	7200000	7210000	2
scaffold3	7210000	7220000	1
scaffold3	7220000	7230000	2
scaffold3	7230000	7240000	2
scaffold3	7240000	7250000	2
scaffold3	7250000	7260000	2
scaffold3	7260000	7270000	2
scaffold3	7270000	7280000	2
scaffold3	7280000	7290000	1
scaffold3	7290000	7300000	2
scaffold3	7300000	7310000	1
scaffold3	7310000	7320000	0
scaffold3	7320000	7330000	1
scaffold3	7330000	7340000	2
scaffold3	7340000	7350000	2
scaffold3	7350000	7360000	0
scaffold3	7360000	7370000	2
scaffold3	7370000	7380000	1
scaffold3	7380000	7390000	2
scaffold3	7390000	7400000	0
scaffold3	7400000	7410000	0
scaffold3	7410000	7420000	1
scaffold3	7420000	7430000	1
scaffold3	7430000	7440000	1
scaffold3	7440000	7450000	0
scaffold3	7450000	7460000	1
scaffold3	7460000	7470000	0
scaffold3	7470000	7480000	0
scaffold3	7480000	7490000	0
scaffold3	7490000	7500000	0
scaffold3	7500000	7510000	0
scaffold3	7510000	7520000	1
scaffold3	7520000	7530000	2
scaffold3	7530000	7540000	2
scaffold3	7540000	7550000	2
scaffold3	7550000	7560000	1
scaffold3	7560000	7570000	1
scaffold3	7570000	7580000	0
scaffold3	7580000	7590000	0
scaffold3	7590000	7600000	0
scaffold3	7600000	7610000	0
scaffold3	7610000	7620000	1
scaffold3	7620000	7630000	1
scaffold3	7630000	7640000	2
scaffold3	7640000	7650000	1
scaffold3	7650000	7660000	0
scaffold3	7660000	7670000	1
scaffold3	7670000	7680000	2
scaffold3	7680000	7690000	1
scaffold3	7690000	7700000	3
scaffold3	7700000	7710000	2
scaffold3	7710000	7720000	1
scaffold3	7720000	7730000	1
scaffold3	7730000	7740000	2
scaffold3	7740000	7750000	1
scaffold3	7750000	7760000	1
scaffold3	7760000	7770000	1
scaffold3	7770000	7780000	2
scaffold3	7780000	7790000	1
scaffold3	7790000	7800000	1
scaffold3	7800000	7810000	1
scaffold3	7810000	7820000	2
scaffold3	7820000	7830000	0
scaffold3	7830000	7840000	0
scaffold3	7840000	7850000	0
scaffold3	7850000	7860000	1
scaffold3	7860000	7870000	1
scaffold3	7870000	7880000	1
scaffold3	7880000	7890000	1
scaffold3	7890000	7900000	1
scaffold3	7900000	7910000	0
scaffold3	7910000	7920000	1
scaffold3	7920000	7930000	2
scaffold3	7930000	7940000	2
scaffold3	7940000	7950000	1
scaffold3	7950000	7960000	1
scaffold3	7960000	7970000	1
scaffold3	7970000	7980000	1
scaffold3	7980000	7990000	3
scaffold3	7990000	8000000	3
scaffold3	8000000	8010000	1
scaffold3	8010000	8020000	2
scaffold3	8020000	8030000	2
scaffold3	8030000	8040000	1
scaffold3	8040000	8050000	1
scaffold3	8050000	8060000	1
scaffold3	8060000	8070000	2
scaffold3	8070000	8080000	2
scaffold3	8080000	8090000	3
scaffold3	8090000	8100000	1
scaffold3	8100000	8110000	1
scaffold3	8110000	8120000	1
scaffold3	8120000	8130000	0
scaffold3	8130000	8140000	1
scaffold3	8140000	8150000	1
scaffold3	8150000	8160000	0
scaffold3	8160000	8170000	1
scaffold3	8170000	8180000	1
scaffold3	8180000	8190000	0
scaffold3	8190000	8200000	0
scaffold3	8200000	8210000	0
scaffold3	8210000	8220000	2
scaffold3	8220000	8230000	1
scaffold3	8230000	8240000	2
scaffold3	8240000	8250000	1
scaffold3	8250000	8260000	2
scaffold3	8260000	8270000	0
scaffold3	8270000	8280000	1
scaffold3	8280000	8290000	2
scaffold3	8290000	8300000	3
scaffold3	8300000	8310000	1
scaffold3	8310000	8320000	1
scaffold3	8320000	8330000	1
scaffold3	8330000	8340000	0
scaffold3	8340000	8350000	0
scaffold3	8350000	8360000	1
scaffold3	8360000	8370000	2
scaffold3	8370000	8380000	0
scaffold3	8380000	8390000	0
scaffold3	8390000	8400000	0
scaffold3	8400000	8410000	0
scaffold3	8410000	8420000	0
scaffold3	8420000	8430000	0
scaffold3	8430000	8440000	1
scaffold3	8440000	8450000	1
scaffold3	8450000	8460000	0
scaffold3	8460000	8470000	0
scaffold3	8470000	8480000	0
scaffold3	8480000	8490000	0
scaffold3	8490000	8500000	0
scaffold3	8500000	8510000	1
scaffold3	8510000	8520000	3
scaffold3	8520000	8530000	1
scaffold3	8530000	8540000	2
scaffold3	8540000	8550000	3
scaffold3	8550000	8560000	2
scaffold3	8560000	8570000	3
scaffold3	8570000	8580000	1
scaffold3	8580000	8590000	1
scaffold3	8590000	8600000	0
scaffold3	8600000	8610000	0
scaffold3	8610000	8620000	3
scaffold3	8620000	8630000	1
scaffold3	8630000	8640000	1
scaffold3	8640000	8650000	1
scaffold3	8650000	8660000	1
scaffold3	8660000	8670000	0
scaffold3	8670000	8680000	1
scaffold3	8680000	8690000	1
scaffold3	8690000	8700000	2
scaffold3	8700000	8710000	0
scaffold3	8710000	8720000	1
scaffold3	8720000	8730000	0
scaffold3	8730000	8740000	2
scaffold3	8740000	8750000	1
scaffold3	8750000	8760000	2
scaffold3	8760000	8770000	1
scaffold3	8770000	8780000	1
scaffold3	8780000	8790000	1
scaffold3	8790000	8800000	2
scaffold3	8800000	8810000	1
scaffold3	8810000	8820000	1
scaffold3	8820000	8830000	1
scaffold3	8830000	8840000	0
scaffold3	8840000	8850000	1
scaffold3	8850000	8860000	2
scaffold3	8860000	8870000	2
scaffold3	8870000	8880000	0
scaffold3	8880000	8890000	0
scaffold3	8890000	8900000	0
scaffold3	8900000	8910000	0
scaffold3	8910000	8920000	1
scaffold3	8920000	8930000	2
scaffold3	8930000	8940000	1
scaffold3	8940000	8950000	1
scaffold3	8950000	8960000	1
scaffold3	8960000	8970000	0
scaffold3	8970000	8980000	0
scaffold3	8980000	8990000	1
scaffold3	8990000	9000000	1
scaffold3	9000000	9010000	1
scaffold3	9010000	9020000	0
scaffold3	9020000	9030000	1
scaffold3	9030000	9040000	2
scaffold3	9040000	9050000	2
scaffold3	9050000	9060000	1
scaffold3	9060000	9070000	1
scaffold3	9070000	9080000	1
scaffold3	9080000	9090000	2
scaffold3	9090000	9100000	1
scaffold3	9100000	9110000	1
scaffold3	9110000	9120000	1
scaffold3	9120000	9130000	1
scaffold3	9130000	9140000	1
scaffold3	9140000	9150000	1
scaffold3	9150000	9160000	0
scaffold3	9160000	9170000	3
scaffold3	9170000	9180000	1
scaffold3	9180000	9190000	1
scaffold3	9190000	9200000	1
scaffold3	9200000	9210000	1
scaffold3	9210000	9220000	1
scaffold3	9220000	9230000	0
scaffold3	9230000	9240000	1
scaffold3	9240000	9250000	2
scaffold3	9250000	9260000	0
scaffold3	9260000	9270000	3
scaffold3	9270000	9280000	2
scaffold3	9280000	9290000	0
scaffold3	9290000	9300000	1
scaffold3	9300000	9310000	1
scaffold3	9310000	9320000	0
scaffold3	9320000	9330000	0
scaffold3	9330000	9340000	0
scaffold3	9340000	9350000	0
scaffold3	9350000	9360000	2
scaffold3	9360000	9370000	3
scaffold3	9370000	9380000	3
scaffold3	9380000	9390000	0
scaffold3	9390000	9400000	3
scaffold3	9400000	9410000	1
scaffold3	9410000	9420000	0
scaffold3	9420000	9430000	0
scaffold3	9430000	9440000	0
scaffold3	9440000	9450000	0
scaffold3	9450000	9460000	0
scaffold3	9460000	9470000	2
scaffold3	9470000	9480000	1
scaffold3	9480000	9490000	2
scaffold3	9490000	9500000	3
scaffold3	9500000	9510000	2
scaffold3	9510000	9520000	1
scaffold3	9520000	9530000	0
scaffold3	9530000	9540000	0
scaffold3	9540000	9550000	1
scaffold3	9550000	9560000	1
scaffold3	9560000	9570000	1
scaffold3	9570000	9580000	1
scaffold3	9580000	9590000	1
scaffold3	9590000	9600000	0
scaffold3	9600000	9610000	0
scaffold3	9610000	9620000	0
scaffold3	9620000	9630000	1
scaffold3	9630000	9640000	1
scaffold3	9640000	9650000	2
scaffold3	9650000	9660000	2
scaffold3	9660000	9670000	1
scaffold3	9670000	9680000	2
scaffold3	9680000	9690000	1
scaffold3	9690000	9700000	1
scaffold3	9700000	9710000	1
scaffold3	9710000	9720000	1
scaffold3	9720000	9730000	1
scaffold3	9730000	9740000	3
scaffold3	9740000	9750000	2
scaffold3	9750000	9760000	0
scaffold3	9760000	9770000	0
scaffold3	9770000	9780000	1
scaffold3	9780000	9790000	0
scaffold3	9790000	9800000	1
scaffold3	9800000	9810000	1
scaffold3	9810000	9820000	0
scaffold3	9820000	9830000	0
scaffold3	9830000	9840000	0
scaffold3	9840000	9850000	1
scaffold3	9850000	9860000	1
scaffold3	9860000	9870000	1
scaffold3	9870000	9880000	1
scaffold3	9880000	9890000	0
scaffold3	9890000	9900000	0
scaffold3	9900000	9910000	1
scaffold3	9910000	9920000	1
scaffold3	9920000	9930000	1
scaffold3	9930000	9940000	1
scaffold3	9940000	9950000	2
scaffold3	9950000	9960000	2
scaffold3	9960000	9970000	1
scaffold3	9970000	9980000	0
scaffold3	9980000	9990000	0
scaffold3	9990000	10000000	0
scaffold3	10000000	10010000	1
scaffold3	10010000	10020000	0
scaffold3	10020000	10030000	1
scaffold3	10030000	10040000	0
scaffold3	10040000	10050000	0
scaffold3	10050000	10060000	0
scaffold3	10060000	10070000	1
scaffold3	10070000	10080000	1
scaffold3	10080000	10090000	3
scaffold3	10090000	10100000	1
scaffold3	10100000	10110000	1
scaffold3	10110000	10120000	1
scaffold3	10120000	10130000	1
scaffold3	10130000	10140000	1
scaffold3	10140000	10150000	2
scaffold3	10150000	10160000	2
scaffold3	10160000	10170000	2
scaffold3	10170000	10180000	1
scaffold3	10180000	10190000	1
scaffold3	10190000	10200000	1
scaffold3	10200000	10210000	2
scaffold3	10210000	10220000	2
scaffold3	10220000	10230000	1
scaffold3	10230000	10240000	1
scaffold3	10240000	10250000	2
scaffold3	10250000	10260000	2
scaffold3	10260000	10270000	2
scaffold3	10270000	10280000	0
scaffold3	10280000	10290000	0
scaffold3	10290000	10300000	0
scaffold3	10300000	10310000	1
scaffold3	10310000	10320000	0
scaffold3	10320000	10330000	0
scaffold3	10330000	10340000	0
scaffold3	10340000	10350000	0
scaffold3	10350000	10360000	2
scaffold3	10360000	10370000	1
scaffold3	10370000	10380000	1
scaffold3	10380000	10390000	0
scaffold3	10390000	10400000	0
scaffold3	10400000	10410000	1
scaffold3	10410000	10420000	1
scaffold3	10420000	10430000	1
scaffold3	10430000	10440000	2
scaffold3	10440000	10450000	2
scaffold3	10450000	10460000	0
scaffold3	10460000	10470000	0
scaffold3	10470000	10480000	0
scaffold3	10480000	10490000	0
scaffold3	10490000	10500000	0
scaffold3	10500000	10510000	0
scaffold3	10510000	10520000	0
scaffold3	10520000	10530000	0
scaffold3	10530000	10540000	0
scaffold3	10540000	10550000	0
scaffold3	10550000	10560000	0
scaffold3	10560000	10570000	0
scaffold3	10570000	10580000	0
scaffold3	10580000	10590000	1
scaffold3	10590000	10600000	1
scaffold3	10600000	10610000	2
scaffold3	10610000	10620000	1
scaffold3	10620000	10630000	1
scaffold3	10630000	10640000	1
scaffold3	10640000	10650000	1
scaffold3	10650000	10660000	1
scaffold3	10660000	10670000	0
scaffold3	10670000	10680000	0
scaffold3	10680000	10690000	1
scaffold3	10690000	10700000	1
scaffold3	10700000	10710000	2
scaffold3	10710000	10720000	1
scaffold3	10720000	10730000	1
scaffold3	10730000	10740000	1
scaffold3	10740000	10750000	0
scaffold3	10750000	10760000	1
scaffold3	10760000	10770000	1
scaffold3	10770000	10780000	1
scaffold3	10780000	10790000	1
scaffold3	10790000	10800000	1
scaffold3	10800000	10810000	1
scaffold3	10810000	10820000	1
scaffold3	10820000	10830000	1
scaffold3	10830000	10840000	1
scaffold3	10840000	10850000	2
scaffold3	10850000	10860000	1
scaffold3	10860000	10870000	0
scaffold3	10870000	10880000	1
scaffold3	10880000	10890000	1
scaffold3	10890000	10900000	0
scaffold3	10900000	10910000	0
scaffold3	10910000	10920000	0
scaffold3	10920000	10930000	1
scaffold3	10930000	10940000	1
scaffold3	10940000	10950000	0
scaffold3	10950000	10960000	0
scaffold3	10960000	10970000	0
scaffold3	10970000	10980000	0
scaffold3	10980000	10990000	0
scaffold3	10990000	11000000	0
scaffold3	11000000	11010000	2
scaffold3	11010000	11020000	2
scaffold3	11020000	11030000	2
scaffold3	11030000	11040000	2
scaffold3	11040000	11050000	2
scaffold3	11050000	11060000	1
scaffold3	11060000	11070000	1
scaffold3	11070000	11080000	1
scaffold3	11080000	11090000	1
scaffold3	11090000	11100000	1
scaffold3	11100000	11110000	2
scaffold3	11110000	11120000	0
scaffold3	11120000	11130000	1
scaffold3	11130000	11140000	3
scaffold3	11140000	11150000	1
scaffold3	11150000	11160000	0
scaffold3	11160000	11170000	0
scaffold3	11170000	11180000	0
scaffold3	11180000	11190000	2
scaffold3	11190000	11200000	2
scaffold3	11200000	11210000	1
scaffold3	11210000	11220000	1
scaffold3	11220000	11230000	3
scaffold3	11230000	11240000	1
scaffold3	11240000	11250000	1
scaffold3	11250000	11260000	2
scaffold3	11260000	11270000	1
scaffold3	11270000	11280000	0
scaffold3	11280000	11290000	3
scaffold3	11290000	11300000	0
scaffold3	11300000	11310000	1
scaffold3	11310000	11320000	1
scaffold3	11320000	11330000	1
scaffold3	11330000	11340000	0
scaffold3	11340000	11350000	0
scaffold3	11350000	11360000	0
scaffold3	11360000	11370000	0
scaffold3	11370000	11380000	0
scaffold3	11380000	11390000	1
scaffold3	11390000	11400000	1
scaffold3	11400000	11410000	0
scaffold3	11410000	11420000	2
scaffold3	11420000	11430000	1
scaffold3	11430000	11440000	1
scaffold3	11440000	11450000	1
scaffold3	11450000	11460000	1
scaffold3	11460000	11470000	2
scaffold3	11470000	11480000	1
scaffold3	11480000	11490000	1
scaffold3	11490000	11500000	1
scaffold3	11500000	11510000	0
scaffold3	11510000	11520000	0
scaffold3	11520000	11530000	1
scaffold3	11530000	11540000	0
scaffold3	11540000	11550000	1
scaffold3	11550000	11560000	0
scaffold3	11560000	11570000	0
scaffold3	11570000	11580000	1
scaffold3	11580000	11590000	1
scaffold3	11590000	11600000	1
scaffold3	11600000	11610000	1
scaffold3	11610000	11620000	1
scaffold3	11620000	11630000	2
scaffold3	11630000	11640000	1
scaffold3	11640000	11650000	0
scaffold3	11650000	11660000	0
scaffold3	11660000	11670000	1
scaffold3	11670000	11680000	1
scaffold3	11680000	11690000	0
scaffold3	11690000	11700000	0
scaffold3	11700000	11710000	1
scaffold3	11710000	11720000	2
scaffold3	11720000	11730000	1
scaffold3	11730000	11740000	1
scaffold3	11740000	11750000	1
scaffold3	11750000	11760000	1
scaffold3	11760000	11770000	1
scaffold3	11770000	11780000	1
scaffold3	11780000	11790000	2
scaffold3	11790000	11800000	2
scaffold3	11800000	11810000	2
scaffold3	11810000	11820000	0
scaffold3	11820000	11830000	0
scaffold3	11830000	11840000	1
scaffold3	11840000	11850000	1
scaffold3	11850000	11860000	2
scaffold3	11860000	11870000	1
scaffold3	11870000	11880000	1
scaffold3	11880000	11890000	2
scaffold3	11890000	11900000	1
scaffold3	11900000	11910000	2
scaffold3	11910000	11920000	1
scaffold3	11920000	11930000	1
scaffold3	11930000	11940000	1
scaffold3	11940000	11950000	2
scaffold3	11950000	11960000	1
scaffold3	11960000	11970000	1
scaffold3	11970000	11980000	1
scaffold3	11980000	11990000	1
scaffold3	11990000	12000000	0
scaffold3	12000000	12010000	2
scaffold3	12010000	12020000	0
scaffold3	12020000	12030000	1
scaffold3	12030000	12040000	1
scaffold3	12040000	12050000	2
scaffold3	12050000	12060000	2
scaffold3	12060000	12070000	2
scaffold3	12070000	12080000	1
scaffold3	12080000	12090000	1
scaffold3	12090000	12100000	0
scaffold3	12100000	12110000	0
scaffold3	12110000	12120000	0
scaffold3	12120000	12130000	0
scaffold3	12130000	12140000	1
scaffold3	12140000	12150000	1
scaffold3	12150000	12160000	0
scaffold3	12160000	12170000	0
scaffold3	12170000	12180000	1
scaffold3	12180000	12190000	2
scaffold3	12190000	12200000	2
scaffold3	12200000	12210000	1
scaffold3	12210000	12220000	1
scaffold3	12220000	12230000	1
scaffold3	12230000	12240000	1
scaffold3	12240000	12250000	1
scaffold3	12250000	12260000	0
scaffold3	12260000	12270000	2
scaffold3	12270000	12280000	2
scaffold3	12280000	12290000	1
scaffold3	12290000	12300000	0
scaffold3	12300000	12310000	0
scaffold3	12310000	12320000	0
scaffold3	12320000	12330000	0
scaffold3	12330000	12340000	1
scaffold3	12340000	12350000	0
scaffold3	12350000	12360000	0
scaffold3	12360000	12370000	1
scaffold3	12370000	12380000	3
scaffold3	12380000	12390000	1
scaffold3	12390000	12400000	2
scaffold3	12400000	12410000	2
scaffold3	12410000	12420000	1
scaffold3	12420000	12430000	2
scaffold3	12430000	12440000	2
scaffold3	12440000	12450000	1
scaffold3	12450000	12460000	0
scaffold3	12460000	12470000	0
scaffold3	12470000	12480000	0
scaffold3	12480000	12490000	0
scaffold3	12490000	12500000	1
scaffold3	12500000	12510000	0
scaffold3	12510000	12520000	2
scaffold3	12520000	12530000	1
scaffold3	12530000	12540000	0
scaffold3	12540000	12550000	2
scaffold3	12550000	12560000	2
scaffold3	12560000	12570000	2
scaffold3	12570000	12580000	2
scaffold3	12580000	12590000	0
scaffold3	12590000	12600000	2
scaffold3	12600000	12610000	2
scaffold3	12610000	12620000	1
scaffold3	12620000	12630000	1
scaffold3	12630000	12640000	0
scaffold3	12640000	12650000	0
scaffold3	12650000	12660000	0
scaffold3	12660000	12670000	0
scaffold3	12670000	12680000	0
scaffold3	12680000	12690000	0
scaffold3	12690000	12700000	0
scaffold3	12700000	12710000	1
scaffold3	12710000	12720000	0
scaffold3	12720000	12730000	0
scaffold3	12730000	12740000	1
scaffold3	12740000	12750000	0
scaffold3	12750000	12760000	0
scaffold3	12760000	12770000	0
scaffold3	12770000	12780000	0
scaffold3	12780000	12790000	1
scaffold3	12790000	12800000	1
scaffold3	12800000	12810000	1
scaffold3	12810000	12820000	2
scaffold3	12820000	12830000	2
scaffold3	12830000	12840000	2
scaffold3	12840000	12850000	1
scaffold3	12850000	12860000	1
scaffold3	12860000	12870000	0
scaffold3	12870000	12880000	0
scaffold3	12880000	12890000	0
scaffold3	12890000	12900000	0
scaffold3	12900000	12910000	0
scaffold3	12910000	12920000	0
scaffold3	12920000	12930000	0
scaffold3	12930000	12940000	1
scaffold3	12940000	12950000	1
scaffold3	12950000	12960000	3
scaffold3	12960000	12970000	0
scaffold3	12970000	12980000	0
scaffold3	12980000	12990000	0
scaffold3	12990000	13000000	0
scaffold3	13000000	13010000	1
scaffold3	13010000	13020000	1
scaffold3	13020000	13030000	1
scaffold3	13030000	13040000	1
scaffold3	13040000	13050000	1
scaffold3	13050000	13060000	1
scaffold3	13060000	13070000	1
scaffold3	13070000	13080000	1
scaffold3	13080000	13090000	1
scaffold3	13090000	13100000	1
scaffold3	13100000	13110000	0
scaffold3	13110000	13120000	0
scaffold3	13120000	13130000	1
scaffold3	13130000	13140000	1
scaffold3	13140000	13150000	0
scaffold3	13150000	13160000	0
scaffold3	13160000	13170000	0
scaffold3	13170000	13180000	0
scaffold3	13180000	13190000	2
scaffold3	13190000	13200000	1
scaffold3	13200000	13210000	1
scaffold3	13210000	13220000	1
scaffold3	13220000	13230000	0
scaffold3	13230000	13240000	0
scaffold3	13240000	13250000	2
scaffold3	13250000	13260000	2
scaffold3	13260000	13270000	1
scaffold3	13270000	13280000	1
scaffold3	13280000	13290000	1
scaffold3	13290000	13300000	1
scaffold3	13300000	13310000	0
scaffold3	13310000	13320000	1
scaffold3	13320000	13330000	1
scaffold3	13330000	13340000	1
scaffold3	13340000	13350000	1
scaffold3	13350000	13360000	2
scaffold3	13360000	13370000	1
scaffold3	13370000	13380000	0
scaffold3	13380000	13390000	2
scaffold3	13390000	13400000	0
scaffold3	13400000	13410000	1
scaffold3	13410000	13420000	2
scaffold3	13420000	13430000	1
scaffold3	13430000	13440000	1
scaffold3	13440000	13450000	2
scaffold3	13450000	13460000	2
scaffold3	13460000	13470000	0
scaffold3	13470000	13480000	0
scaffold3	13480000	13490000	1
scaffold3	13490000	13500000	2
scaffold3	13500000	13510000	2
scaffold3	13510000	13520000	2
scaffold3	13520000	13530000	0
scaffold3	13530000	13540000	1
scaffold3	13540000	13550000	1
scaffold3	13550000	13560000	1
scaffold3	13560000	13570000	0
scaffold3	13570000	13580000	0
scaffold3	13580000	13590000	0
scaffold3	13590000	13600000	0
scaffold3	13600000	13610000	1
scaffold3	13610000	13620000	0
scaffold3	13620000	13630000	0
scaffold3	13630000	13640000	0
scaffold3	13640000	13650000	1
scaffold3	13650000	13660000	0
scaffold3	13660000	13670000	0
scaffold3	13670000	13680000	0
scaffold3	13680000	13690000	0
scaffold3	13690000	13700000	0
scaffold3	13700000	13710000	1
scaffold3	13710000	13720000	0
scaffold3	13720000	13730000	0
scaffold3	13730000	13740000	0
scaffold3	13740000	13750000	0
scaffold3	13750000	13760000	1
scaffold3	13760000	13770000	1
scaffold3	13770000	13780000	1
scaffold3	13780000	13790000	1
scaffold3	13790000	13800000	1
scaffold3	13800000	13810000	1
scaffold3	13810000	13820000	2
scaffold3	13820000	13830000	1
scaffold3	13830000	13840000	0
scaffold3	13840000	13850000	0
scaffold3	13850000	13860000	0
scaffold3	13860000	13870000	1
scaffold3	13870000	13880000	1
scaffold3	13880000	13890000	1
scaffold3	13890000	13900000	1
scaffold3	13900000	13910000	1
scaffold3	13910000	13920000	1
scaffold3	13920000	13930000	1
scaffold3	13930000	13940000	1
scaffold3	13940000	13950000	1
scaffold3	13950000	13960000	1
scaffold3	13960000	13970000	2
scaffold3	13970000	13980000	1
scaffold3	13980000	13990000	0
scaffold3	13990000	14000000	0
scaffold3	14000000	14010000	1
scaffold3	14010000	14020000	0
scaffold3	14020000	14030000	1
scaffold3	14030000	14040000	1
scaffold3	14040000	14050000	1
scaffold3	14050000	14060000	2
scaffold3	14060000	14070000	1
scaffold3	14070000	14080000	0
scaffold3	14080000	14090000	0
scaffold3	14090000	14100000	1
scaffold3	14100000	14110000	1
scaffold3	14110000	14120000	1
scaffold3	14120000	14130000	1
scaffold3	14130000	14140000	0
scaffold3	14140000	14150000	0
scaffold3	14150000	14160000	0
scaffold3	14160000	14170000	0
scaffold3	14170000	14180000	0
scaffold3	14180000	14190000	0
scaffold3	14190000	14200000	2
scaffold3	14200000	14210000	2
scaffold3	14210000	14220000	1
scaffold3	14220000	14230000	2
scaffold3	14230000	14240000	2
scaffold3	14240000	14250000	2
scaffold3	14250000	14260000	2
scaffold3	14260000	14270000	4
scaffold3	14270000	14280000	2
scaffold3	14280000	14290000	2
scaffold3	14290000	14300000	2
scaffold3	14300000	14310000	0
scaffold3	14310000	14320000	1
scaffold3	14320000	14330000	3
scaffold3	14330000	14340000	1
scaffold3	14340000	14350000	2
scaffold3	14350000	14360000	2
scaffold3	14360000	14370000	2
scaffold3	14370000	14380000	0
scaffold3	14380000	14390000	0
scaffold3	14390000	14400000	1
scaffold3	14400000	14410000	1
scaffold3	14410000	14420000	1
scaffold3	14420000	14430000	1
scaffold3	14430000	14440000	2
scaffold3	14440000	14450000	1
scaffold3	14450000	14460000	0
scaffold3	14460000	14470000	1
scaffold3	14470000	14480000	0
scaffold3	14480000	14490000	1
scaffold3	14490000	14500000	4
scaffold3	14500000	14510000	3
scaffold3	14510000	14520000	1
scaffold3	14520000	14530000	1
scaffold3	14530000	14540000	1
scaffold3	14540000	14550000	1
scaffold3	14550000	14560000	0
scaffold3	14560000	14570000	0
scaffold3	14570000	14580000	0
scaffold3	14580000	14590000	0
scaffold3	14590000	14600000	0
scaffold3	14600000	14610000	0
scaffold3	14610000	14620000	0
scaffold3	14620000	14630000	1
scaffold3	14630000	14640000	0
scaffold3	14640000	14650000	0
scaffold3	14650000	14660000	0
scaffold3	14660000	14670000	2
scaffold3	14670000	14680000	2
scaffold3	14680000	14690000	0
scaffold3	14690000	14700000	2
scaffold3	14700000	14710000	1
scaffold3	14710000	14720000	3
scaffold3	14720000	14730000	1
scaffold3	14730000	14740000	1
scaffold3	14740000	14750000	1
scaffold3	14750000	14760000	1
scaffold3	14760000	14770000	1
scaffold3	14770000	14780000	0
scaffold3	14780000	14790000	0
scaffold3	14790000	14800000	0
scaffold3	14800000	14810000	0
scaffold3	14810000	14820000	0
scaffold3	14820000	14830000	0
scaffold3	14830000	14840000	0
scaffold3	14840000	14850000	0
scaffold3	14850000	14860000	0
scaffold3	14860000	14870000	1
scaffold3	14870000	14880000	2
scaffold3	14880000	14890000	1
scaffold3	14890000	14900000	1
scaffold3	14900000	14910000	1
scaffold3	14910000	14920000	2
scaffold3	14920000	14930000	1
scaffold3	14930000	14940000	1
scaffold3	14940000	14950000	2
scaffold3	14950000	14960000	1
scaffold3	14960000	14970000	0
scaffold3	14970000	14980000	1
scaffold3	14980000	14990000	2
scaffold3	14990000	15000000	1
scaffold3	15000000	15010000	1
scaffold3	15010000	15020000	1
scaffold3	15020000	15030000	1
scaffold3	15030000	15040000	1
scaffold3	15040000	15050000	1
scaffold3	15050000	15060000	1
scaffold3	15060000	15070000	3
scaffold3	15070000	15080000	2
scaffold3	15080000	15090000	0
scaffold3	15090000	15100000	2
scaffold3	15100000	15110000	1
scaffold3	15110000	15120000	1
scaffold3	15120000	15130000	2
scaffold3	15130000	15140000	2
scaffold3	15140000	15150000	1
scaffold3	15150000	15160000	1
scaffold3	15160000	15170000	1
scaffold3	15170000	15180000	1
scaffold3	15180000	15190000	2
scaffold3	15190000	15200000	1
scaffold3	15200000	15210000	0
scaffold3	15210000	15220000	0
scaffold3	15220000	15230000	0
scaffold3	15230000	15240000	0
scaffold3	15240000	15250000	0
scaffold3	15250000	15260000	0
scaffold3	15260000	15270000	0
scaffold3	15270000	15280000	1
scaffold3	15280000	15290000	3
scaffold3	15290000	15300000	1
scaffold3	15300000	15310000	2
scaffold3	15310000	15320000	1
scaffold3	15320000	15330000	1
scaffold3	15330000	15340000	1
scaffold3	15340000	15350000	1
scaffold3	15350000	15360000	1
scaffold3	15360000	15370000	0
scaffold3	15370000	15380000	0
scaffold3	15380000	15390000	1
scaffold3	15390000	15400000	1
scaffold3	15400000	15410000	1
scaffold3	15410000	15420000	1
scaffold3	15420000	15430000	1
scaffold3	15430000	15440000	2
scaffold3	15440000	15450000	2
scaffold3	15450000	15460000	1
scaffold3	15460000	15470000	2
scaffold3	15470000	15480000	1
scaffold3	15480000	15490000	1
scaffold3	15490000	15500000	0
scaffold3	15500000	15510000	0
scaffold3	15510000	15520000	1
scaffold3	15520000	15530000	2
scaffold3	15530000	15540000	1
scaffold3	15540000	15550000	0
scaffold3	15550000	15560000	0
scaffold3	15560000	15570000	0
scaffold3	15570000	15580000	2
scaffold3	15580000	15590000	1
scaffold3	15590000	15600000	0
scaffold3	15600000	15610000	0
scaffold3	15610000	15620000	1
scaffold3	15620000	15630000	0
scaffold3	15630000	15640000	0
scaffold3	15640000	15650000	0
scaffold3	15650000	15660000	1
scaffold3	15660000	15670000	2
scaffold3	15670000	15680000	2
scaffold3	15680000	15690000	2
scaffold3	15690000	15700000	2
scaffold3	15700000	15710000	2
scaffold3	15710000	15720000	1
scaffold3	15720000	15730000	1
scaffold3	15730000	15740000	1
scaffold3	15740000	15750000	0
scaffold3	15750000	15760000	1
scaffold3	15760000	15770000	0
scaffold3	15770000	15780000	1
scaffold3	15780000	15790000	0
scaffold3	15790000	15800000	1
scaffold3	15800000	15810000	1
scaffold3	15810000	15820000	1
scaffold3	15820000	15830000	0
scaffold3	15830000	15840000	0
scaffold3	15840000	15850000	1
scaffold3	15850000	15860000	0
scaffold3	15860000	15870000	1
scaffold3	15870000	15880000	0
scaffold3	15880000	15890000	0
scaffold3	15890000	15900000	1
scaffold3	15900000	15910000	0
scaffold3	15910000	15920000	0
scaffold3	15920000	15930000	0
scaffold3	15930000	15940000	0
scaffold3	15940000	15950000	0
scaffold3	15950000	15960000	0
scaffold3	15960000	15970000	0
scaffold3	15970000	15980000	0
scaffold3	15980000	15990000	1
scaffold3	15990000	16000000	0
scaffold3	16000000	16010000	0
scaffold3	16010000	16020000	0
scaffold3	16020000	16030000	2
scaffold3	16030000	16040000	1
scaffold3	16040000	16050000	2
scaffold3	16050000	16060000	1
scaffold3	16060000	16070000	1
scaffold3	16070000	16080000	1
scaffold3	16080000	16090000	0
scaffold3	16090000	16100000	0
scaffold3	16100000	16110000	0
scaffold3	16110000	16120000	0
scaffold3	16120000	16130000	0
scaffold3	16130000	16140000	1
scaffold3	16140000	16150000	0
scaffold3	16150000	16160000	1
scaffold3	16160000	16170000	2
scaffold3	16170000	16180000	1
scaffold3	16180000	16190000	1
scaffold3	16190000	16200000	1
scaffold3	16200000	16210000	1
scaffold3	16210000	16220000	1
scaffold3	16220000	16230000	1
scaffold3	16230000	16240000	0
scaffold3	16240000	16250000	1
scaffold3	16250000	16260000	0
scaffold3	16260000	16270000	1
scaffold3	16270000	16280000	1
scaffold3	16280000	16290000	1
scaffold3	16290000	16300000	0
scaffold3	16300000	16310000	0
scaffold3	16310000	16320000	0
scaffold3	16320000	16330000	0
scaffold3	16330000	16340000	1
scaffold3	16340000	16350000	1
scaffold3	16350000	16360000	0
scaffold3	16360000	16370000	0
scaffold3	16370000	16380000	1
scaffold3	16380000	16390000	1
scaffold3	16390000	16400000	1
scaffold3	16400000	16410000	1
scaffold3	16410000	16420000	1
scaffold3	16420000	16430000	1
scaffold3	16430000	16440000	2
scaffold3	16440000	16450000	3
scaffold3	16450000	16460000	4
scaffold3	16460000	16470000	1
scaffold3	16470000	16480000	2
scaffold3	16480000	16490000	0
scaffold3	16490000	16500000	2
scaffold3	16500000	16510000	2
scaffold3	16510000	16520000	1
scaffold3	16520000	16530000	1
scaffold3	16530000	16540000	2
scaffold3	16540000	16550000	1
scaffold3	16550000	16560000	1
scaffold3	16560000	16570000	1
scaffold3	16570000	16580000	2
scaffold3	16580000	16590000	2
scaffold3	16590000	16600000	1
scaffold3	16600000	16610000	1
scaffold3	16610000	16620000	2
scaffold3	16620000	16630000	2
scaffold3	16630000	16640000	1
scaffold3	16640000	16650000	1
scaffold3	16650000	16660000	1
scaffold3	16660000	16670000	2
scaffold3	16670000	16680000	3
scaffold3	16680000	16690000	1
scaffold3	16690000	16700000	1
scaffold3	16700000	16710000	2
scaffold3	16710000	16720000	1
scaffold3	16720000	16730000	0
scaffold3	16730000	16740000	1
scaffold3	16740000	16750000	2
scaffold3	16750000	16760000	1
scaffold3	16760000	16770000	1
scaffold3	16770000	16780000	1
scaffold3	16780000	16790000	1
scaffold3	16790000	16800000	1
scaffold3	16800000	16810000	0
scaffold3	16810000	16820000	1
scaffold3	16820000	16830000	1
scaffold3	16830000	16840000	1
scaffold3	16840000	16850000	1
scaffold3	16850000	16860000	1
scaffold3	16860000	16870000	0
scaffold3	16870000	16880000	1
scaffold3	16880000	16890000	0
scaffold3	16890000	16900000	0
scaffold3	16900000	16910000	0
scaffold3	16910000	16920000	0
scaffold3	16920000	16930000	0
scaffold3	16930000	16940000	0
scaffold3	16940000	16950000	0
scaffold3	16950000	16960000	0
scaffold3	16960000	16970000	0
scaffold3	16970000	16980000	0
scaffold3	16980000	16990000	0
scaffold3	16990000	17000000	0
scaffold3	17000000	17010000	0
scaffold3	17010000	17020000	1
scaffold3	17020000	17030000	1
scaffold3	17030000	17040000	1
scaffold3	17040000	17050000	2
scaffold3	17050000	17060000	3
scaffold3	17060000	17070000	3
scaffold3	17070000	17080000	2
scaffold3	17080000	17090000	2
scaffold3	17090000	17100000	1
scaffold3	17100000	17110000	1
scaffold3	17110000	17120000	0
scaffold3	17120000	17130000	0
scaffold3	17130000	17140000	0
scaffold3	17140000	17150000	0
scaffold3	17150000	17160000	1
scaffold3	17160000	17170000	1
scaffold3	17170000	17180000	1
scaffold3	17180000	17190000	0
scaffold3	17190000	17200000	1
scaffold3	17200000	17210000	1
scaffold3	17210000	17220000	0
scaffold3	17220000	17230000	1
scaffold3	17230000	17240000	1
scaffold3	17240000	17250000	2
scaffold3	17250000	17260000	2
scaffold3	17260000	17270000	2
scaffold3	17270000	17280000	2
scaffold3	17280000	17290000	0
scaffold3	17290000	17300000	0
scaffold3	17300000	17310000	1
scaffold3	17310000	17320000	0
scaffold3	17320000	17330000	1
scaffold3	17330000	17340000	1
scaffold3	17340000	17350000	1
scaffold3	17350000	17360000	1
scaffold3	17360000	17370000	1
scaffold3	17370000	17380000	1
scaffold3	17380000	17390000	2
scaffold3	17390000	17400000	2
scaffold3	17400000	17410000	1
scaffold3	17410000	17420000	0
scaffold3	17420000	17430000	0
scaffold3	17430000	17440000	0
scaffold3	17440000	17450000	0
scaffold3	17450000	17460000	0
scaffold3	17460000	17470000	1
scaffold3	17470000	17480000	1
scaffold3	17480000	17490000	0
scaffold3	17490000	17500000	1
scaffold3	17500000	17510000	2
scaffold3	17510000	17520000	1
scaffold3	17520000	17530000	0
scaffold3	17530000	17540000	2
scaffold3	17540000	17550000	1
scaffold3	17550000	17560000	1
scaffold3	17560000	17570000	2
scaffold3	17570000	17580000	0
scaffold3	17580000	17590000	1
scaffold3	17590000	17600000	0
scaffold3	17600000	17610000	0
scaffold3	17610000	17620000	2
scaffold3	17620000	17630000	0
scaffold3	17630000	17640000	0
scaffold3	17640000	17650000	0
scaffold3	17650000	17660000	1
scaffold3	17660000	17670000	1
scaffold3	17670000	17680000	3
scaffold3	17680000	17690000	2
scaffold3	17690000	17700000	0
scaffold3	17700000	17710000	1
scaffold3	17710000	17720000	1
scaffold3	17720000	17730000	1
scaffold3	17730000	17740000	1
scaffold3	17740000	17750000	1
scaffold3	17750000	17760000	1
scaffold3	17760000	17770000	2
scaffold3	17770000	17780000	0
scaffold3	17780000	17790000	1
scaffold3	17790000	17800000	0
scaffold3	17800000	17810000	0
scaffold3	17810000	17820000	1
scaffold3	17820000	17830000	1
scaffold3	17830000	17840000	0
scaffold3	17840000	17850000	1
scaffold3	17850000	17860000	2
scaffold3	17860000	17870000	2
scaffold3	17870000	17880000	2
scaffold3	17880000	17890000	2
scaffold3	17890000	17900000	3
scaffold3	17900000	17910000	1
scaffold3	17910000	17920000	2
scaffold3	17920000	17930000	1
scaffold3	17930000	17940000	2
scaffold3	17940000	17950000	2
scaffold3	17950000	17960000	1
scaffold3	17960000	17970000	1
scaffold3	17970000	17980000	2
scaffold3	17980000	17990000	2
scaffold3	17990000	18000000	1
scaffold3	18000000	18010000	1
scaffold3	18010000	18020000	1
scaffold3	18020000	18030000	1
scaffold3	18030000	18040000	1
scaffold3	18040000	18050000	2
scaffold3	18050000	18060000	1
scaffold3	18060000	18070000	0
scaffold3	18070000	18080000	1
scaffold3	18080000	18090000	1
scaffold3	18090000	18100000	1
scaffold3	18100000	18110000	1
scaffold3	18110000	18120000	1
scaffold3	18120000	18130000	1
scaffold3	18130000	18140000	1
scaffold3	18140000	18150000	1
scaffold3	18150000	18160000	1
scaffold3	18160000	18170000	1
scaffold3	18170000	18180000	1
scaffold3	18180000	18190000	1
scaffold3	18190000	18200000	1
scaffold3	18200000	18210000	3
scaffold3	18210000	18220000	1
scaffold3	18220000	18230000	1
scaffold3	18230000	18240000	1
scaffold3	18240000	18250000	1
scaffold3	18250000	18260000	1
scaffold3	18260000	18270000	1
scaffold3	18270000	18280000	1
scaffold3	18280000	18290000	2
scaffold3	18290000	18300000	1
scaffold3	18300000	18310000	1
scaffold3	18310000	18320000	1
scaffold3	18320000	18330000	0
scaffold3	18330000	18340000	0
scaffold3	18340000	18350000	0
scaffold3	18350000	18360000	0
scaffold3	18360000	18370000	0
scaffold3	18370000	18380000	1
scaffold3	18380000	18390000	1
scaffold3	18390000	18400000	1
scaffold3	18400000	18410000	2
scaffold3	18410000	18420000	1
scaffold3	18420000	18430000	2
scaffold3	18430000	18440000	1
scaffold3	18440000	18450000	1
scaffold3	18450000	18460000	0
scaffold3	18460000	18470000	0
scaffold3	18470000	18480000	0
scaffold3	18480000	18490000	0
scaffold3	18490000	18500000	2
scaffold3	18500000	18510000	1
scaffold3	18510000	18520000	0
scaffold3	18520000	18530000	0
scaffold3	18530000	18540000	0
scaffold3	18540000	18550000	1
scaffold3	18550000	18560000	1
scaffold3	18560000	18570000	2
scaffold3	18570000	18580000	1
scaffold3	18580000	18590000	2
scaffold3	18590000	18600000	0
scaffold3	18600000	18610000	0
scaffold3	18610000	18620000	0
scaffold3	18620000	18630000	1
scaffold3	18630000	18640000	1
scaffold3	18640000	18650000	0
scaffold3	18650000	18660000	0
scaffold3	18660000	18670000	0
scaffold3	18670000	18680000	0
scaffold3	18680000	18690000	0
scaffold3	18690000	18700000	0
scaffold3	18700000	18710000	0
scaffold3	18710000	18720000	0
scaffold3	18720000	18730000	0
scaffold3	18730000	18740000	0
scaffold3	18740000	18750000	0
scaffold3	18750000	18760000	0
scaffold3	18760000	18770000	0
scaffold3	18770000	18780000	0
scaffold3	18780000	18790000	0
scaffold3	18790000	18800000	0
scaffold3	18800000	18810000	0
scaffold3	18810000	18820000	1
scaffold3	18820000	18830000	2
scaffold3	18830000	18840000	1
scaffold3	18840000	18850000	1
scaffold3	18850000	18860000	1
scaffold3	18860000	18870000	2
scaffold3	18870000	18880000	2
scaffold3	18880000	18890000	1
scaffold3	18890000	18900000	2
scaffold3	18900000	18910000	2
scaffold3	18910000	18920000	2
scaffold3	18920000	18930000	2
scaffold3	18930000	18940000	0
scaffold3	18940000	18950000	0
scaffold3	18950000	18960000	1
scaffold3	18960000	18970000	1
scaffold3	18970000	18980000	1
scaffold3	18980000	18990000	1
scaffold3	18990000	19000000	0
scaffold3	19000000	19010000	0
scaffold3	19010000	19020000	1
scaffold3	19020000	19030000	0
scaffold3	19030000	19040000	0
scaffold3	19040000	19050000	2
scaffold3	19050000	19060000	1
scaffold3	19060000	19070000	3
scaffold3	19070000	19080000	1
scaffold3	19080000	19090000	1
scaffold3	19090000	19100000	1
scaffold3	19100000	19110000	2
scaffold3	19110000	19120000	0
scaffold3	19120000	19130000	1
scaffold3	19130000	19140000	0
scaffold3	19140000	19150000	2
scaffold3	19150000	19160000	0
scaffold3	19160000	19170000	0
scaffold3	19170000	19180000	1
scaffold3	19180000	19190000	2
scaffold3	19190000	19200000	2
scaffold3	19200000	19210000	1
scaffold3	19210000	19220000	1
scaffold3	19220000	19230000	2
scaffold3	19230000	19240000	1
scaffold3	19240000	19250000	1
scaffold3	19250000	19260000	2
scaffold3	19260000	19270000	3
scaffold3	19270000	19280000	1
scaffold3	19280000	19290000	0
scaffold3	19290000	19300000	1
scaffold3	19300000	19310000	0
scaffold3	19310000	19320000	0
scaffold3	19320000	19330000	1
scaffold3	19330000	19340000	0
scaffold3	19340000	19350000	0
scaffold3	19350000	19360000	1
scaffold3	19360000	19370000	1
scaffold3	19370000	19380000	1
scaffold3	19380000	19390000	1
scaffold3	19390000	19400000	1
scaffold3	19400000	19410000	1
scaffold3	19410000	19420000	1
scaffold3	19420000	19430000	2
scaffold3	19430000	19440000	2
scaffold3	19440000	19450000	1
scaffold3	19450000	19460000	0
scaffold3	19460000	19470000	1
scaffold3	19470000	19480000	1
scaffold3	19480000	19490000	0
scaffold3	19490000	19500000	0
scaffold3	19500000	19510000	0
scaffold3	19510000	19520000	0
scaffold3	19520000	19530000	0
scaffold3	19530000	19540000	0
scaffold3	19540000	19550000	0
scaffold3	19550000	19560000	0
scaffold3	19560000	19570000	0
scaffold3	19570000	19580000	0
scaffold3	19580000	19590000	0
scaffold3	19590000	19600000	0
scaffold3	19600000	19610000	0
scaffold3	19610000	19620000	0
scaffold3	19620000	19630000	0
scaffold3	19630000	19640000	1
scaffold3	19640000	19650000	2
scaffold3	19650000	19660000	1
scaffold3	19660000	19670000	1
scaffold3	19670000	19680000	1
scaffold3	19680000	19690000	1
scaffold3	19690000	19700000	1
scaffold3	19700000	19710000	1
scaffold3	19710000	19720000	1
scaffold3	19720000	19730000	0
scaffold3	19730000	19740000	1
scaffold3	19740000	19750000	1
scaffold3	19750000	19760000	1
scaffold3	19760000	19770000	0
scaffold3	19770000	19780000	1
scaffold3	19780000	19790000	1
scaffold3	19790000	19800000	1
scaffold3	19800000	19810000	1
scaffold3	19810000	19820000	0
scaffold3	19820000	19830000	0
scaffold3	19830000	19840000	0
scaffold3	19840000	19850000	1
scaffold3	19850000	19860000	0
scaffold3	19860000	19870000	1
scaffold3	19870000	19880000	1
scaffold3	19880000	19890000	2
scaffold3	19890000	19900000	2
scaffold3	19900000	19910000	3
scaffold3	19910000	19920000	1
scaffold3	19920000	19930000	1
scaffold3	19930000	19940000	1
scaffold3	19940000	19950000	2
scaffold3	19950000	19960000	2
scaffold3	19960000	19970000	2
scaffold3	19970000	19980000	2
scaffold3	19980000	19990000	0
scaffold3	19990000	20000000	0
scaffold3	20000000	20010000	0
scaffold3	20010000	20020000	0
scaffold3	20020000	20030000	1
scaffold3	20030000	20040000	1
scaffold3	20040000	20050000	0
scaffold3	20050000	20060000	0
scaffold3	20060000	20070000	0
scaffold3	20070000	20080000	1
scaffold3	20080000	20090000	1
scaffold3	20090000	20100000	0
scaffold3	20100000	20110000	2
scaffold3	20110000	20120000	1
scaffold3	20120000	20130000	1
scaffold3	20130000	20140000	0
scaffold3	20140000	20150000	1
scaffold3	20150000	20160000	1
scaffold3	20160000	20170000	1
scaffold3	20170000	20180000	1
scaffold3	20180000	20190000	2
scaffold3	20190000	20200000	0
scaffold3	20200000	20210000	0
scaffold3	20210000	20220000	0
scaffold3	20220000	20230000	0
scaffold3	20230000	20240000	0
scaffold3	20240000	20250000	0
scaffold3	20250000	20260000	1
scaffold3	20260000	20270000	1
scaffold3	20270000	20280000	0
scaffold3	20280000	20290000	0
scaffold3	20290000	20300000	0
scaffold3	20300000	20310000	1
scaffold3	20310000	20320000	0
scaffold3	20320000	20330000	1
scaffold3	20330000	20340000	3
scaffold3	20340000	20350000	2
scaffold3	20350000	20360000	1
scaffold3	20360000	20370000	1
scaffold3	20370000	20380000	1
scaffold3	20380000	20390000	1
scaffold3	20390000	20400000	1
scaffold3	20400000	20410000	0
scaffold3	20410000	20420000	0
scaffold3	20420000	20430000	0
scaffold3	20430000	20440000	0
scaffold3	20440000	20450000	0
scaffold3	20450000	20460000	1
scaffold3	20460000	20470000	2
scaffold3	20470000	20480000	2
scaffold3	20480000	20490000	1
scaffold3	20490000	20500000	1
scaffold3	20500000	20510000	2
scaffold3	20510000	20520000	1
scaffold3	20520000	20530000	0
scaffold3	20530000	20540000	0
scaffold3	20540000	20550000	0
scaffold3	20550000	20560000	1
scaffold3	20560000	20570000	0
scaffold3	20570000	20580000	0
scaffold3	20580000	20590000	0
scaffold3	20590000	20600000	0
scaffold3	20600000	20610000	0
scaffold3	20610000	20620000	0
scaffold3	20620000	20630000	0
scaffold3	20630000	20640000	0
scaffold3	20640000	20650000	1
scaffold3	20650000	20660000	0
scaffold3	20660000	20670000	0
scaffold3	20670000	20680000	0
scaffold3	20680000	20690000	1
scaffold3	20690000	20700000	1
scaffold3	20700000	20710000	0
scaffold3	20710000	20720000	1
scaffold3	20720000	20730000	1
scaffold3	20730000	20740000	0
scaffold3	20740000	20750000	0
scaffold3	20750000	20760000	2
scaffold3	20760000	20770000	2
scaffold3	20770000	20780000	1
scaffold3	20780000	20790000	0
scaffold3	20790000	20800000	1
scaffold3	20800000	20810000	0
scaffold3	20810000	20820000	1
scaffold3	20820000	20830000	0
scaffold3	20830000	20840000	2
scaffold3	20840000	20850000	2
scaffold3	20850000	20860000	2
scaffold3	20860000	20870000	1
scaffold3	20870000	20880000	0
scaffold3	20880000	20890000	1
scaffold3	20890000	20900000	1
scaffold3	20900000	20910000	3
scaffold3	20910000	20920000	2
scaffold3	20920000	20930000	1
scaffold3	20930000	20940000	2
scaffold3	20940000	20950000	2
scaffold3	20950000	20960000	3
scaffold3	20960000	20970000	2
scaffold3	20970000	20980000	1
scaffold3	20980000	20990000	2
scaffold3	20990000	21000000	1
scaffold3	21000000	21010000	1
scaffold3	21010000	21020000	0
scaffold3	21020000	21030000	1
scaffold3	21030000	21040000	0
scaffold3	21040000	21050000	0
scaffold3	21050000	21060000	0
scaffold3	21060000	21070000	0
scaffold3	21070000	21080000	1
scaffold3	21080000	21090000	1
scaffold3	21090000	21100000	1
scaffold3	21100000	21110000	0
scaffold3	21110000	21120000	0
scaffold3	21120000	21130000	1
scaffold3	21130000	21140000	0
scaffold3	21140000	21150000	0
scaffold3	21150000	21160000	1
scaffold3	21160000	21170000	1
scaffold3	21170000	21180000	1
scaffold3	21180000	21190000	1
scaffold3	21190000	21200000	1
scaffold3	21200000	21210000	1
scaffold3	21210000	21220000	1
scaffold3	21220000	21230000	1
scaffold3	21230000	21240000	1
scaffold3	21240000	21250000	1
scaffold3	21250000	21260000	1
scaffold3	21260000	21270000	1
scaffold3	21270000	21280000	1
scaffold3	21280000	21290000	1
scaffold3	21290000	21300000	1
scaffold3	21300000	21310000	1
scaffold3	21310000	21320000	1
scaffold3	21320000	21330000	1
scaffold3	21330000	21340000	1
scaffold3	21340000	21350000	0
scaffold3	21350000	21360000	1
scaffold3	21360000	21370000	0
scaffold3	21370000	21380000	1
scaffold3	21380000	21390000	1
scaffold3	21390000	21400000	0
scaffold3	21400000	21410000	1
scaffold3	21410000	21420000	2
scaffold3	21420000	21430000	1
scaffold3	21430000	21440000	0
scaffold3	21440000	21450000	0
scaffold3	21450000	21460000	1
scaffold3	21460000	21470000	1
scaffold3	21470000	21480000	1
scaffold3	21480000	21490000	1
scaffold3	21490000	21500000	3
scaffold3	21500000	21510000	2
scaffold3	21510000	21520000	0
scaffold3	21520000	21530000	0
scaffold3	21530000	21540000	0
scaffold3	21540000	21550000	0
scaffold3	21550000	21560000	0
scaffold3	21560000	21570000	0
scaffold3	21570000	21580000	1
scaffold3	21580000	21590000	2
scaffold3	21590000	21600000	1
scaffold3	21600000	21610000	2
scaffold3	21610000	21620000	2
scaffold3	21620000	21630000	1
scaffold3	21630000	21640000	1
scaffold3	21640000	21650000	0
scaffold3	21650000	21660000	1
scaffold3	21660000	21670000	1
scaffold3	21670000	21680000	1
scaffold3	21680000	21690000	1
scaffold3	21690000	21700000	1
scaffold3	21700000	21710000	1
scaffold3	21710000	21720000	2
scaffold3	21720000	21730000	1
scaffold3	21730000	21740000	2
scaffold3	21740000	21750000	1
scaffold3	21750000	21760000	2
scaffold3	21760000	21770000	1
scaffold3	21770000	21780000	0
scaffold3	21780000	21790000	1
scaffold3	21790000	21800000	2
scaffold3	21800000	21810000	1
scaffold3	21810000	21820000	1
scaffold3	21820000	21830000	2
scaffold3	21830000	21840000	2
scaffold3	21840000	21850000	1
scaffold3	21850000	21860000	0
scaffold3	21860000	21870000	1
scaffold3	21870000	21880000	1
scaffold3	21880000	21890000	1
scaffold3	21890000	21900000	2
scaffold3	21900000	21910000	2
scaffold3	21910000	21920000	1
scaffold3	21920000	21930000	1
scaffold3	21930000	21940000	1
scaffold3	21940000	21950000	1
scaffold3	21950000	21960000	1
scaffold3	21960000	21970000	1
scaffold3	21970000	21980000	1
scaffold3	21980000	21990000	1
scaffold3	21990000	22000000	0
scaffold3	22000000	22010000	0
scaffold3	22010000	22020000	1
scaffold3	22020000	22030000	1
scaffold3	22030000	22040000	0
scaffold3	22040000	22050000	1
scaffold3	22050000	22060000	0
scaffold3	22060000	22070000	2
scaffold3	22070000	22080000	1
scaffold3	22080000	22090000	1
scaffold3	22090000	22100000	1
scaffold3	22100000	22110000	2
scaffold3	22110000	22120000	2
scaffold3	22120000	22130000	1
scaffold3	22130000	22140000	2
scaffold3	22140000	22150000	2
scaffold3	22150000	22160000	0
scaffold3	22160000	22170000	1
scaffold3	22170000	22180000	1
scaffold3	22180000	22190000	2
scaffold3	22190000	22200000	0
scaffold3	22200000	22210000	0
scaffold3	22210000	22220000	0
scaffold3	22220000	22230000	2
scaffold3	22230000	22240000	1
scaffold3	22240000	22250000	0
scaffold3	22250000	22260000	0
scaffold3	22260000	22270000	1
scaffold3	22270000	22280000	1
scaffold3	22280000	22290000	1
scaffold3	22290000	22300000	1
scaffold3	22300000	22310000	1
scaffold3	22310000	22320000	3
scaffold3	22320000	22330000	1
scaffold3	22330000	22340000	0
scaffold3	22340000	22350000	1
scaffold3	22350000	22360000	1
scaffold3	22360000	22370000	1
scaffold3	22370000	22380000	2
scaffold3	22380000	22390000	1
scaffold3	22390000	22400000	0
scaffold3	22400000	22410000	0
scaffold3	22410000	22420000	3
scaffold3	22420000	22430000	1
scaffold3	22430000	22440000	1
scaffold3	22440000	22450000	2
scaffold3	22450000	22460000	1
scaffold3	22460000	22470000	0
scaffold3	22470000	22480000	0
scaffold3	22480000	22490000	2
scaffold3	22490000	22500000	1
scaffold3	22500000	22510000	2
scaffold3	22510000	22520000	2
scaffold3	22520000	22530000	1
scaffold3	22530000	22540000	0
scaffold3	22540000	22550000	0
scaffold3	22550000	22560000	0
scaffold3	22560000	22570000	0
scaffold3	22570000	22580000	0
scaffold3	22580000	22590000	0
scaffold3	22590000	22600000	0
scaffold3	22600000	22610000	2
scaffold3	22610000	22620000	1
scaffold3	22620000	22630000	1
scaffold3	22630000	22640000	0
scaffold3	22640000	22650000	1
scaffold3	22650000	22660000	0
scaffold3	22660000	22670000	0
scaffold3	22670000	22680000	1
scaffold3	22680000	22690000	0
scaffold3	22690000	22700000	1
scaffold3	22700000	22710000	1
scaffold3	22710000	22720000	1
scaffold3	22720000	22730000	2
scaffold3	22730000	22740000	2
scaffold3	22740000	22750000	1
scaffold3	22750000	22760000	1
scaffold3	22760000	22770000	2
scaffold3	22770000	22780000	1
scaffold3	22780000	22790000	1
scaffold3	22790000	22800000	1
scaffold3	22800000	22810000	2
scaffold3	22810000	22820000	2
scaffold3	22820000	22830000	0
scaffold3	22830000	22840000	0
scaffold3	22840000	22850000	1
scaffold3	22850000	22860000	1
scaffold3	22860000	22870000	0
scaffold3	22870000	22880000	0
scaffold3	22880000	22890000	0
scaffold3	22890000	22900000	0
scaffold3	22900000	22910000	0
scaffold3	22910000	22920000	1
scaffold3	22920000	22930000	1
scaffold3	22930000	22940000	1
scaffold3	22940000	22950000	2
scaffold3	22950000	22960000	3
scaffold3	22960000	22970000	1
scaffold3	22970000	22980000	1
scaffold3	22980000	22990000	1
scaffold3	22990000	23000000	2
scaffold3	23000000	23010000	1
scaffold3	23010000	23020000	0
scaffold3	23020000	23030000	0
scaffold3	23030000	23040000	0
scaffold3	23040000	23050000	0
scaffold3	23050000	23060000	0
scaffold3	23060000	23070000	1
scaffold3	23070000	23080000	1
scaffold3	23080000	23090000	2
scaffold3	23090000	23100000	1
scaffold3	23100000	23110000	1
scaffold3	23110000	23120000	1
scaffold3	23120000	23130000	1
scaffold3	23130000	23140000	1
scaffold3	23140000	23150000	2
scaffold3	23150000	23160000	1
scaffold3	23160000	23170000	1
scaffold3	23170000	23180000	0
scaffold3	23180000	23190000	2
scaffold3	23190000	23200000	1
scaffold3	23200000	23210000	0
scaffold3	23210000	23220000	1
scaffold3	23220000	23230000	1
scaffold3	23230000	23240000	1
scaffold3	23240000	23250000	1
scaffold3	23250000	23260000	1
scaffold3	23260000	23270000	1
scaffold3	23270000	23280000	1
scaffold3	23280000	23290000	0
scaffold3	23290000	23300000	0
scaffold3	23300000	23310000	1
scaffold3	23310000	23320000	1
scaffold3	23320000	23330000	2
scaffold3	23330000	23340000	1
scaffold3	23340000	23350000	2
scaffold3	23350000	23360000	1
scaffold3	23360000	23370000	0
scaffold3	23370000	23380000	0
scaffold3	23380000	23390000	0
scaffold3	23390000	23400000	2
scaffold3	23400000	23410000	1
scaffold3	23410000	23420000	0
scaffold3	23420000	23430000	0
scaffold3	23430000	23440000	1
scaffold3	23440000	23450000	0
scaffold3	23450000	23460000	1
scaffold3	23460000	23470000	1
scaffold3	23470000	23480000	1
scaffold3	23480000	23490000	1
scaffold3	23490000	23500000	2
scaffold3	23500000	23510000	1
scaffold3	23510000	23520000	2
scaffold3	23520000	23530000	1
scaffold3	23530000	23540000	1
scaffold3	23540000	23550000	1
scaffold3	23550000	23560000	1
scaffold3	23560000	23570000	1
scaffold3	23570000	23580000	1
scaffold3	23580000	23590000	1
scaffold3	23590000	23600000	1
scaffold3	23600000	23610000	2
scaffold3	23610000	23620000	0
scaffold3	23620000	23630000	1
scaffold3	23630000	23640000	1
scaffold3	23640000	23650000	0
scaffold3	23650000	23660000	0
scaffold3	23660000	23670000	0
scaffold3	23670000	23680000	0
scaffold3	23680000	23690000	0
scaffold3	23690000	23700000	0
scaffold3	23700000	23710000	0
scaffold3	23710000	23720000	1
scaffold3	23720000	23730000	1
scaffold3	23730000	23740000	3
scaffold3	23740000	23750000	1
scaffold3	23750000	23760000	3
scaffold3	23760000	23770000	2
scaffold3	23770000	23780000	4
scaffold3	23780000	23790000	1
scaffold3	23790000	23800000	1
scaffold3	23800000	23810000	2
scaffold3	23810000	23820000	1
scaffold3	23820000	23830000	0
scaffold3	23830000	23840000	1
scaffold3	23840000	23850000	1
scaffold3	23850000	23860000	1
scaffold3	23860000	23870000	1
scaffold3	23870000	23880000	1
scaffold3	23880000	23890000	0
scaffold3	23890000	23900000	0
scaffold3	23900000	23910000	1
scaffold3	23910000	23920000	1
scaffold3	23920000	23930000	0
scaffold3	23930000	23940000	1
scaffold3	23940000	23950000	2
scaffold3	23950000	23960000	2
scaffold3	23960000	23970000	0
scaffold3	23970000	23980000	1
scaffold3	23980000	23990000	1
scaffold3	23990000	24000000	2
scaffold3	24000000	24010000	2
scaffold3	24010000	24020000	2
scaffold3	24020000	24030000	4
scaffold3	24030000	24040000	5
scaffold3	24040000	24050000	1
scaffold3	24050000	24060000	1
scaffold3	24060000	24070000	0
scaffold3	24070000	24080000	0
scaffold3	24080000	24090000	1
scaffold3	24090000	24100000	1
scaffold3	24100000	24110000	1
scaffold3	24110000	24120000	2
scaffold3	24120000	24130000	1
scaffold3	24130000	24140000	1
scaffold3	24140000	24150000	1
scaffold3	24150000	24160000	1
scaffold3	24160000	24170000	0
scaffold3	24170000	24180000	0
scaffold3	24180000	24190000	1
scaffold3	24190000	24200000	0
scaffold3	24200000	24210000	0
scaffold3	24210000	24220000	1
scaffold3	24220000	24230000	1
scaffold3	24230000	24240000	0
scaffold3	24240000	24250000	2
scaffold3	24250000	24260000	0
scaffold3	24260000	24270000	1
scaffold3	24270000	24280000	0
scaffold3	24280000	24290000	1
scaffold3	24290000	24300000	0
scaffold3	24300000	24310000	0
scaffold3	24310000	24320000	0
scaffold3	24320000	24330000	0
scaffold3	24330000	24340000	1
scaffold3	24340000	24350000	0
scaffold3	24350000	24360000	1
scaffold3	24360000	24370000	0
scaffold3	24370000	24380000	0
scaffold3	24380000	24390000	0
scaffold3	24390000	24400000	1
scaffold3	24400000	24410000	0
scaffold3	24410000	24420000	0
scaffold3	24420000	24430000	1
scaffold3	24430000	24440000	1
scaffold3	24440000	24450000	1
scaffold3	24450000	24460000	0
scaffold3	24460000	24470000	1
scaffold3	24470000	24480000	1
scaffold3	24480000	24490000	1
scaffold3	24490000	24500000	1
scaffold3	24500000	24510000	1
scaffold3	24510000	24520000	1
scaffold3	24520000	24530000	1
scaffold3	24530000	24540000	2
scaffold3	24540000	24550000	1
scaffold3	24550000	24560000	0
scaffold3	24560000	24570000	0
scaffold3	24570000	24580000	1
scaffold3	24580000	24590000	1
scaffold3	24590000	24600000	1
scaffold3	24600000	24610000	2
scaffold3	24610000	24620000	2
scaffold3	24620000	24630000	1
scaffold3	24630000	24640000	1
scaffold3	24640000	24650000	1
scaffold3	24650000	24660000	0
scaffold3	24660000	24670000	0
scaffold3	24670000	24680000	0
scaffold3	24680000	24690000	0
scaffold3	24690000	24700000	0
scaffold3	24700000	24710000	0
scaffold3	24710000	24720000	1
scaffold3	24720000	24730000	0
scaffold3	24730000	24740000	0
scaffold3	24740000	24750000	0
scaffold3	24750000	24760000	1
scaffold3	24760000	24770000	1
scaffold3	24770000	24780000	2
scaffold3	24780000	24790000	0
scaffold3	24790000	24800000	1
scaffold3	24800000	24810000	0
scaffold3	24810000	24820000	0
scaffold3	24820000	24830000	0
scaffold3	24830000	24840000	0
scaffold3	24840000	24850000	1
scaffold3	24850000	24860000	2
scaffold3	24860000	24870000	2
scaffold3	24870000	24880000	1
scaffold3	24880000	24890000	2
scaffold3	24890000	24900000	1
scaffold3	24900000	24910000	1
scaffold3	24910000	24920000	1
scaffold3	24920000	24930000	1
scaffold3	24930000	24940000	1
scaffold3	24940000	24950000	2
scaffold3	24950000	24960000	2
scaffold3	24960000	24970000	1
scaffold3	24970000	24980000	1
scaffold3	24980000	24990000	1
scaffold3	24990000	25000000	1
scaffold3	25000000	25010000	1
scaffold3	25010000	25020000	1
scaffold3	25020000	25030000	0
scaffold3	25030000	25040000	0
scaffold3	25040000	25050000	0
scaffold3	25050000	25060000	0
scaffold3	25060000	25070000	1
scaffold3	25070000	25080000	2
scaffold3	25080000	25090000	1
scaffold3	25090000	25100000	1
scaffold3	25100000	25110000	2
scaffold3	25110000	25120000	2
scaffold3	25120000	25130000	1
scaffold3	25130000	25140000	0
scaffold3	25140000	25150000	0
scaffold3	25150000	25160000	2
scaffold3	25160000	25170000	2
scaffold3	25170000	25180000	1
scaffold3	25180000	25190000	1
scaffold3	25190000	25200000	2
scaffold3	25200000	25210000	1
scaffold3	25210000	25220000	1
scaffold3	25220000	25230000	1
scaffold3	25230000	25240000	0
scaffold3	25240000	25250000	0
scaffold3	25250000	25260000	0
scaffold3	25260000	25270000	0
scaffold3	25270000	25280000	0
scaffold3	25280000	25290000	0
scaffold3	25290000	25300000	3
scaffold3	25300000	25310000	3
scaffold3	25310000	25320000	0
scaffold3	25320000	25330000	1
scaffold3	25330000	25340000	1
scaffold3	25340000	25350000	1
scaffold3	25350000	25360000	1
scaffold3	25360000	25370000	1
scaffold3	25370000	25380000	2
scaffold3	25380000	25390000	2
scaffold3	25390000	25400000	1
scaffold3	25400000	25410000	0
scaffold3	25410000	25420000	1
scaffold3	25420000	25430000	1
scaffold3	25430000	25440000	0
scaffold3	25440000	25450000	0
scaffold3	25450000	25460000	0
scaffold3	25460000	25470000	1
scaffold3	25470000	25480000	2
scaffold3	25480000	25490000	0
scaffold3	25490000	25500000	0
scaffold3	25500000	25510000	1
scaffold3	25510000	25520000	0
scaffold3	25520000	25530000	0
scaffold3	25530000	25540000	0
scaffold3	25540000	25550000	0
scaffold3	25550000	25560000	0
scaffold3	25560000	25570000	0
scaffold3	25570000	25580000	0
scaffold3	25580000	25590000	0
scaffold3	25590000	25600000	0
scaffold3	25600000	25610000	0
scaffold3	25610000	25620000	0
scaffold3	25620000	25630000	0
scaffold3	25630000	25640000	1
scaffold3	25640000	25650000	1
scaffold3	25650000	25660000	1
scaffold3	25660000	25670000	1
scaffold3	25670000	25680000	1
scaffold3	25680000	25690000	3
scaffold3	25690000	25700000	1
scaffold3	25700000	25710000	0
scaffold3	25710000	25720000	0
scaffold3	25720000	25730000	3
scaffold3	25730000	25740000	1
scaffold3	25740000	25750000	1
scaffold3	25750000	25760000	1
scaffold3	25760000	25770000	1
scaffold3	25770000	25780000	1
scaffold3	25780000	25790000	0
scaffold3	25790000	25800000	0
scaffold3	25800000	25810000	0
scaffold3	25810000	25820000	0
scaffold3	25820000	25830000	0
scaffold3	25830000	25840000	0
scaffold3	25840000	25850000	0
scaffold3	25850000	25860000	0
scaffold3	25860000	25870000	0
scaffold3	25870000	25880000	1
scaffold3	25880000	25890000	0
scaffold3	25890000	25900000	1
scaffold3	25900000	25910000	0
scaffold3	25910000	25920000	0
scaffold3	25920000	25930000	0
scaffold3	25930000	25940000	0
scaffold3	25940000	25950000	0
scaffold3	25950000	25960000	1
scaffold3	25960000	25970000	3
scaffold3	25970000	25980000	1
scaffold3	25980000	25990000	1
scaffold3	25990000	26000000	1
scaffold3	26000000	26010000	1
scaffold3	26010000	26020000	1
scaffold3	26020000	26030000	1
scaffold3	26030000	26040000	2
scaffold3	26040000	26050000	4
scaffold3	26050000	26060000	0
scaffold3	26060000	26070000	1
scaffold3	26070000	26080000	1
scaffold3	26080000	26090000	1
scaffold3	26090000	26100000	1
scaffold3	26100000	26110000	1
scaffold3	26110000	26120000	1
scaffold3	26120000	26130000	1
scaffold3	26130000	26140000	1
scaffold3	26140000	26150000	1
scaffold3	26150000	26160000	1
scaffold3	26160000	26170000	1
scaffold3	26170000	26180000	1
scaffold3	26180000	26190000	1
scaffold3	26190000	26200000	1
scaffold3	26200000	26210000	1
scaffold3	26210000	26220000	0
scaffold3	26220000	26230000	1
scaffold3	26230000	26240000	0
scaffold3	26240000	26250000	0
scaffold3	26250000	26260000	1
scaffold3	26260000	26270000	1
scaffold3	26270000	26280000	0
scaffold3	26280000	26290000	0
scaffold3	26290000	26300000	2
scaffold3	26300000	26310000	1
scaffold3	26310000	26320000	0
scaffold3	26320000	26330000	0
scaffold3	26330000	26340000	1
scaffold3	26340000	26350000	1
scaffold3	26350000	26360000	1
scaffold3	26360000	26370000	2
scaffold3	26370000	26380000	0
scaffold3	26380000	26390000	0
scaffold3	26390000	26400000	0
scaffold3	26400000	26410000	0
scaffold3	26410000	26420000	0
scaffold3	26420000	26430000	0
scaffold3	26430000	26440000	0
scaffold3	26440000	26450000	0
scaffold3	26450000	26460000	0
scaffold3	26460000	26470000	0
scaffold3	26470000	26480000	1
scaffold3	26480000	26490000	0
scaffold3	26490000	26500000	0
scaffold3	26500000	26510000	0
scaffold3	26510000	26520000	0
scaffold3	26520000	26530000	0
scaffold3	26530000	26540000	0
scaffold3	26540000	26550000	0
scaffold3	26550000	26560000	0
scaffold3	26560000	26570000	0
scaffold3	26570000	26580000	0
scaffold3	26580000	26590000	0
scaffold3	26590000	26600000	0
scaffold3	26600000	26610000	0
scaffold3	26610000	26620000	1
scaffold3	26620000	26630000	1
scaffold3	26630000	26640000	1
scaffold3	26640000	26650000	1
scaffold3	26650000	26660000	0
scaffold3	26660000	26670000	1
scaffold3	26670000	26680000	0
scaffold3	26680000	26690000	0
scaffold3	26690000	26700000	0
scaffold3	26700000	26710000	0
scaffold3	26710000	26720000	0
scaffold3	26720000	26730000	2
scaffold3	26730000	26740000	2
scaffold3	26740000	26750000	1
scaffold3	26750000	26760000	0
scaffold3	26760000	26770000	1
scaffold3	26770000	26780000	2
scaffold3	26780000	26790000	1
scaffold3	26790000	26800000	1
scaffold3	26800000	26810000	2
scaffold3	26810000	26820000	1
scaffold3	26820000	26830000	0
scaffold3	26830000	26840000	0
scaffold3	26840000	26850000	1
scaffold3	26850000	26860000	1
scaffold3	26860000	26870000	1
scaffold3	26870000	26880000	1
scaffold3	26880000	26890000	1
scaffold3	26890000	26900000	1
scaffold3	26900000	26910000	1
scaffold3	26910000	26920000	1
scaffold3	26920000	26930000	2
scaffold3	26930000	26940000	0
scaffold3	26940000	26950000	1
scaffold3	26950000	26960000	1
scaffold3	26960000	26970000	2
scaffold3	26970000	26980000	1
scaffold3	26980000	26990000	2
scaffold3	26990000	27000000	2
scaffold3	27000000	27010000	1
scaffold3	27010000	27020000	0
scaffold3	27020000	27030000	2
scaffold3	27030000	27040000	0
scaffold3	27040000	27050000	0
scaffold3	27050000	27060000	1
scaffold3	27060000	27070000	1
scaffold3	27070000	27080000	3
scaffold3	27080000	27090000	4
scaffold3	27090000	27100000	2
scaffold3	27100000	27110000	1
scaffold3	27110000	27120000	2
scaffold3	27120000	27130000	1
scaffold3	27130000	27140000	1
scaffold3	27140000	27150000	0
scaffold3	27150000	27160000	1
scaffold3	27160000	27170000	0
scaffold3	27170000	27180000	0
scaffold3	27180000	27190000	0
scaffold3	27190000	27200000	0
scaffold3	27200000	27210000	0
scaffold3	27210000	27220000	0
scaffold3	27220000	27230000	0
scaffold3	27230000	27240000	1
scaffold3	27240000	27250000	1
scaffold3	27250000	27260000	1
scaffold3	27260000	27270000	0
scaffold3	27270000	27280000	0
scaffold3	27280000	27290000	0
scaffold3	27290000	27300000	0
scaffold3	27300000	27310000	1
scaffold3	27310000	27320000	2
scaffold3	27320000	27330000	2
scaffold3	27330000	27340000	1
scaffold3	27340000	27350000	0
scaffold3	27350000	27360000	1
scaffold3	27360000	27370000	1
scaffold3	27370000	27380000	1
scaffold3	27380000	27390000	1
scaffold3	27390000	27400000	1
scaffold3	27400000	27410000	1
scaffold3	27410000	27420000	1
scaffold3	27420000	27430000	1
scaffold3	27430000	27440000	1
scaffold3	27440000	27450000	2
scaffold3	27450000	27460000	0
scaffold3	27460000	27470000	0
scaffold3	27470000	27480000	0
scaffold3	27480000	27490000	2
scaffold3	27490000	27500000	1
scaffold3	27500000	27510000	1
scaffold3	27510000	27520000	1
scaffold3	27520000	27530000	0
scaffold3	27530000	27540000	1
scaffold3	27540000	27550000	1
scaffold3	27550000	27560000	1
scaffold3	27560000	27570000	2
scaffold3	27570000	27580000	1
scaffold3	27580000	27590000	1
scaffold3	27590000	27600000	0
scaffold3	27600000	27610000	2
scaffold3	27610000	27620000	1
scaffold3	27620000	27630000	1
scaffold3	27630000	27640000	0
scaffold3	27640000	27650000	1
scaffold3	27650000	27660000	1
scaffold3	27660000	27670000	0
scaffold3	27670000	27680000	1
scaffold3	27680000	27690000	1
scaffold3	27690000	27700000	0
scaffold3	27700000	27710000	1
scaffold3	27710000	27720000	1
scaffold3	27720000	27730000	0
scaffold3	27730000	27740000	1
scaffold3	27740000	27750000	1
scaffold3	27750000	27760000	0
scaffold3	27760000	27770000	1
scaffold3	27770000	27780000	1
scaffold3	27780000	27790000	1
scaffold3	27790000	27800000	1
scaffold3	27800000	27810000	1
scaffold3	27810000	27820000	1
scaffold3	27820000	27830000	1
scaffold3	27830000	27840000	2
scaffold3	27840000	27850000	1
scaffold3	27850000	27860000	1
scaffold3	27860000	27870000	0
scaffold3	27870000	27880000	1
scaffold3	27880000	27890000	1
scaffold3	27890000	27900000	0
scaffold3	27900000	27910000	1
scaffold3	27910000	27920000	1
scaffold3	27920000	27930000	0
scaffold3	27930000	27940000	0
scaffold3	27940000	27950000	1
scaffold3	27950000	27960000	1
scaffold3	27960000	27970000	2
scaffold3	27970000	27980000	1
scaffold3	27980000	27990000	0
scaffold3	27990000	28000000	1
scaffold3	28000000	28010000	1
scaffold3	28010000	28020000	1
scaffold3	28020000	28030000	1
scaffold3	28030000	28040000	0
scaffold3	28040000	28050000	1
scaffold3	28050000	28060000	1
scaffold3	28060000	28070000	0
scaffold3	28070000	28080000	0
scaffold3	28080000	28090000	1
scaffold3	28090000	28100000	2
scaffold3	28100000	28110000	0
scaffold3	28110000	28120000	2
scaffold3	28120000	28130000	2
scaffold3	28130000	28140000	2
scaffold3	28140000	28150000	2
scaffold3	28150000	28160000	1
scaffold3	28160000	28170000	1
scaffold3	28170000	28180000	2
scaffold3	28180000	28190000	1
scaffold3	28190000	28200000	2
scaffold3	28200000	28210000	2
scaffold3	28210000	28220000	1
scaffold3	28220000	28230000	0
scaffold3	28230000	28240000	0
scaffold3	28240000	28250000	0
scaffold3	28250000	28260000	0
scaffold3	28260000	28270000	1
scaffold3	28270000	28280000	1
scaffold3	28280000	28290000	1
scaffold3	28290000	28300000	1
scaffold3	28300000	28310000	1
scaffold3	28310000	28320000	10
scaffold3	28320000	28330000	14
scaffold3	28330000	28340000	5
scaffold3	28340000	28350000	2
scaffold3	28350000	28360000	1
scaffold3	28360000	28370000	2
scaffold3	28370000	28380000	1
scaffold3	28380000	28390000	1
scaffold3	28390000	28400000	1
scaffold3	28400000	28410000	2
scaffold3	28410000	28420000	1
scaffold3	28420000	28430000	0
scaffold3	28430000	28440000	0
scaffold3	28440000	28450000	1
scaffold3	28450000	28460000	2
scaffold3	28460000	28470000	2
scaffold3	28470000	28480000	2
scaffold3	28480000	28490000	2
scaffold3	28490000	28500000	1
scaffold3	28500000	28510000	0
scaffold3	28510000	28520000	0
scaffold3	28520000	28530000	0
scaffold3	28530000	28540000	0
scaffold3	28540000	28550000	1
scaffold3	28550000	28560000	2
scaffold3	28560000	28570000	1
scaffold3	28570000	28580000	0
scaffold3	28580000	28590000	0
scaffold3	28590000	28600000	1
scaffold3	28600000	28610000	2
scaffold3	28610000	28620000	1
scaffold3	28620000	28630000	3
scaffold3	28630000	28640000	2
scaffold3	28640000	28650000	1
scaffold3	28650000	28660000	2
scaffold3	28660000	28670000	2
scaffold3	28670000	28680000	2
scaffold3	28680000	28690000	2
scaffold3	28690000	28700000	2
scaffold3	28700000	28710000	2
scaffold3	28710000	28720000	1
scaffold3	28720000	28730000	2
scaffold3	28730000	28740000	1
scaffold3	28740000	28750000	2
scaffold3	28750000	28760000	0
scaffold3	28760000	28770000	0
scaffold3	28770000	28780000	0
scaffold3	28780000	28790000	0
scaffold3	28790000	28800000	1
scaffold3	28800000	28810000	1
scaffold3	28810000	28820000	1
scaffold3	28820000	28830000	0
scaffold3	28830000	28840000	1
scaffold3	28840000	28850000	0
scaffold3	28850000	28860000	1
scaffold3	28860000	28870000	2
scaffold3	28870000	28880000	0
scaffold3	28880000	28890000	1
scaffold3	28890000	28900000	1
scaffold3	28900000	28910000	1
scaffold3	28910000	28920000	0
scaffold3	28920000	28930000	1
scaffold3	28930000	28940000	1
scaffold3	28940000	28950000	0
scaffold3	28950000	28960000	2
scaffold3	28960000	28970000	2
scaffold3	28970000	28980000	2
scaffold3	28980000	28990000	2
scaffold3	28990000	29000000	1
scaffold3	29000000	29010000	2
scaffold3	29010000	29020000	1
scaffold3	29020000	29030000	2
scaffold3	29030000	29040000	2
scaffold3	29040000	29050000	2
scaffold3	29050000	29060000	0
scaffold3	29060000	29070000	1
scaffold3	29070000	29080000	1
scaffold3	29080000	29090000	1
scaffold3	29090000	29100000	1
scaffold3	29100000	29110000	0
scaffold3	29110000	29120000	0
scaffold3	29120000	29130000	0
scaffold3	29130000	29140000	0
scaffold3	29140000	29150000	0
scaffold3	29150000	29160000	0
scaffold3	29160000	29170000	0
scaffold3	29170000	29180000	0
scaffold3	29180000	29190000	4
scaffold3	29190000	29200000	1
scaffold3	29200000	29210000	2
scaffold3	29210000	29220000	2
scaffold3	29220000	29230000	0
scaffold3	29230000	29240000	0
scaffold3	29240000	29250000	0
scaffold3	29250000	29260000	1
scaffold3	29260000	29270000	1
scaffold3	29270000	29280000	1
scaffold3	29280000	29290000	2
scaffold3	29290000	29300000	0
scaffold3	29300000	29310000	1
scaffold3	29310000	29320000	1
scaffold3	29320000	29330000	1
scaffold3	29330000	29340000	2
scaffold3	29340000	29350000	2
scaffold3	29350000	29360000	0
scaffold3	29360000	29370000	0
scaffold3	29370000	29380000	1
scaffold3	29380000	29390000	1
scaffold3	29390000	29400000	1
scaffold3	29400000	29410000	1
scaffold3	29410000	29420000	2
scaffold3	29420000	29430000	1
scaffold3	29430000	29440000	1
scaffold3	29440000	29450000	1
scaffold3	29450000	29460000	1
scaffold3	29460000	29470000	1
scaffold3	29470000	29480000	1
scaffold3	29480000	29490000	1
scaffold3	29490000	29500000	2
scaffold3	29500000	29510000	1
scaffold3	29510000	29520000	0
scaffold3	29520000	29530000	1
scaffold3	29530000	29540000	1
scaffold3	29540000	29550000	1
scaffold3	29550000	29560000	1
scaffold3	29560000	29570000	1
scaffold3	29570000	29580000	1
scaffold3	29580000	29590000	2
scaffold3	29590000	29600000	0
scaffold3	29600000	29610000	1
scaffold3	29610000	29620000	2
scaffold3	29620000	29630000	1
scaffold3	29630000	29640000	2
scaffold3	29640000	29650000	1
scaffold3	29650000	29660000	2
scaffold3	29660000	29670000	0
scaffold3	29670000	29680000	0
scaffold3	29680000	29690000	0
scaffold3	29690000	29700000	0
scaffold3	29700000	29710000	0
scaffold3	29710000	29720000	1
scaffold3	29720000	29730000	0
scaffold3	29730000	29740000	0
scaffold3	29740000	29750000	0
scaffold3	29750000	29760000	0
scaffold3	29760000	29770000	0
scaffold3	29770000	29780000	1
scaffold3	29780000	29790000	0
scaffold3	29790000	29800000	0
scaffold3	29800000	29810000	1
scaffold3	29810000	29820000	1
scaffold3	29820000	29830000	0
scaffold3	29830000	29840000	0
scaffold3	29840000	29850000	2
scaffold3	29850000	29860000	2
scaffold3	29860000	29870000	2
scaffold3	29870000	29880000	3
scaffold3	29880000	29890000	1
scaffold3	29890000	29900000	2
scaffold3	29900000	29910000	1
scaffold3	29910000	29920000	0
scaffold3	29920000	29930000	0
scaffold3	29930000	29940000	0
scaffold3	29940000	29950000	0
scaffold3	29950000	29960000	0
scaffold3	29960000	29970000	1
scaffold3	29970000	29980000	1
scaffold3	29980000	29990000	1
scaffold3	29990000	30000000	0
scaffold3	30000000	30010000	0
scaffold3	30010000	30020000	0
scaffold3	30020000	30030000	0
scaffold3	30030000	30040000	0
scaffold3	30040000	30050000	0
scaffold3	30050000	30060000	0
scaffold3	30060000	30070000	0
scaffold3	30070000	30080000	2
scaffold3	30080000	30090000	1
scaffold3	30090000	30100000	2
scaffold3	30100000	30110000	1
scaffold3	30110000	30120000	0
scaffold3	30120000	30130000	0
scaffold3	30130000	30140000	0
scaffold3	30140000	30150000	2
scaffold3	30150000	30160000	1
scaffold3	30160000	30170000	1
scaffold3	30170000	30180000	1
scaffold3	30180000	30190000	1
scaffold3	30190000	30200000	1
scaffold3	30200000	30210000	2
scaffold3	30210000	30220000	1
scaffold3	30220000	30230000	1
scaffold3	30230000	30240000	2
scaffold3	30240000	30250000	2
scaffold3	30250000	30260000	1
scaffold3	30260000	30270000	1
scaffold3	30270000	30280000	1
scaffold3	30280000	30290000	2
scaffold3	30290000	30300000	2
scaffold3	30300000	30310000	2
scaffold3	30310000	30320000	2
scaffold3	30320000	30330000	3
scaffold3	30330000	30340000	1
scaffold3	30340000	30350000	2
scaffold3	30350000	30360000	2
scaffold3	30360000	30370000	1
scaffold3	30370000	30380000	0
scaffold3	30380000	30390000	1
scaffold3	30390000	30400000	0
scaffold3	30400000	30410000	0
scaffold3	30410000	30420000	0
scaffold3	30420000	30430000	0
scaffold3	30430000	30440000	0
scaffold3	30440000	30450000	1
scaffold3	30450000	30460000	2
scaffold3	30460000	30470000	2
scaffold3	30470000	30480000	1
scaffold3	30480000	30490000	1
scaffold3	30490000	30500000	0
scaffold3	30500000	30510000	0
scaffold3	30510000	30520000	1
scaffold3	30520000	30530000	1
scaffold3	30530000	30540000	0
scaffold3	30540000	30550000	0
scaffold3	30550000	30560000	1
scaffold3	30560000	30570000	2
scaffold3	30570000	30580000	2
scaffold3	30580000	30590000	2
scaffold3	30590000	30600000	1
scaffold3	30600000	30610000	0
scaffold3	30610000	30620000	0
scaffold3	30620000	30630000	2
scaffold3	30630000	30640000	0
scaffold3	30640000	30650000	1
scaffold3	30650000	30660000	0
scaffold3	30660000	30670000	0
scaffold3	30670000	30680000	0
scaffold3	30680000	30690000	1
scaffold3	30690000	30700000	0
scaffold3	30700000	30710000	0
scaffold3	30710000	30720000	0
scaffold3	30720000	30730000	2
scaffold3	30730000	30740000	2
scaffold3	30740000	30750000	1
scaffold3	30750000	30760000	1
scaffold3	30760000	30770000	0
scaffold3	30770000	30780000	0
scaffold3	30780000	30790000	0
scaffold3	30790000	30800000	2
scaffold3	30800000	30810000	1
scaffold3	30810000	30820000	2
scaffold3	30820000	30830000	1
scaffold3	30830000	30840000	1
scaffold3	30840000	30850000	1
scaffold3	30850000	30860000	1
scaffold3	30860000	30870000	3
scaffold3	30870000	30880000	1
scaffold3	30880000	30890000	2
scaffold3	30890000	30900000	1
scaffold3	30900000	30910000	1
scaffold3	30910000	30920000	0
scaffold3	30920000	30930000	0
scaffold3	30930000	30940000	0
scaffold3	30940000	30950000	0
scaffold3	30950000	30960000	0
scaffold3	30960000	30970000	0
scaffold3	30970000	30980000	0
scaffold3	30980000	30990000	0
scaffold3	30990000	31000000	1
scaffold3	31000000	31010000	2
scaffold3	31010000	31020000	1
scaffold3	31020000	31030000	2
scaffold3	31030000	31040000	2
scaffold3	31040000	31050000	2
scaffold3	31050000	31060000	3
scaffold3	31060000	31070000	1
scaffold3	31070000	31080000	1
scaffold3	31080000	31090000	0
scaffold3	31090000	31100000	0
scaffold3	31100000	31110000	1
scaffold3	31110000	31120000	1
scaffold3	31120000	31130000	1
scaffold3	31130000	31140000	0
scaffold3	31140000	31150000	0
scaffold3	31150000	31160000	2
scaffold3	31160000	31170000	2
scaffold3	31170000	31180000	1
scaffold3	31180000	31190000	2
scaffold3	31190000	31200000	2
scaffold3	31200000	31210000	2
scaffold3	31210000	31220000	1
scaffold3	31220000	31230000	2
scaffold3	31230000	31240000	2
scaffold3	31240000	31250000	1
scaffold3	31250000	31260000	1
scaffold3	31260000	31270000	2
scaffold3	31270000	31280000	2
scaffold3	31280000	31290000	3
scaffold3	31290000	31300000	2
scaffold3	31300000	31310000	1
scaffold3	31310000	31320000	0
scaffold3	31320000	31330000	0
scaffold3	31330000	31340000	0
scaffold3	31340000	31350000	0
scaffold3	31350000	31360000	0
scaffold3	31360000	31370000	0
scaffold3	31370000	31380000	0
scaffold3	31380000	31390000	0
scaffold3	31390000	31400000	1
scaffold3	31400000	31410000	1
scaffold3	31410000	31420000	1
scaffold3	31420000	31430000	1
scaffold3	31430000	31440000	2
scaffold3	31440000	31450000	2
scaffold3	31450000	31460000	3
scaffold3	31460000	31470000	1
scaffold3	31470000	31480000	2
scaffold3	31480000	31490000	1
scaffold3	31490000	31500000	2
scaffold3	31500000	31510000	1
scaffold3	31510000	31520000	1
scaffold3	31520000	31530000	1
scaffold3	31530000	31540000	1
scaffold3	31540000	31550000	1
scaffold3	31550000	31560000	1
scaffold3	31560000	31570000	0
scaffold3	31570000	31580000	2
scaffold3	31580000	31590000	1
scaffold3	31590000	31600000	0
scaffold3	31600000	31610000	0
scaffold3	31610000	31620000	0
scaffold3	31620000	31630000	2
scaffold3	31630000	31640000	1
scaffold3	31640000	31650000	0
scaffold3	31650000	31660000	0
scaffold3	31660000	31670000	0
scaffold3	31670000	31680000	0
scaffold3	31680000	31690000	1
scaffold3	31690000	31700000	1
scaffold3	31700000	31710000	1
scaffold3	31710000	31720000	0
scaffold3	31720000	31730000	0
scaffold3	31730000	31740000	1
scaffold3	31740000	31750000	1
scaffold3	31750000	31760000	0
scaffold3	31760000	31770000	1
scaffold3	31770000	31780000	1
scaffold3	31780000	31790000	0
scaffold3	31790000	31800000	0
scaffold3	31800000	31810000	0
scaffold3	31810000	31820000	0
scaffold3	31820000	31830000	0
scaffold3	31830000	31840000	0
scaffold3	31840000	31850000	0
scaffold3	31850000	31860000	0
scaffold3	31860000	31870000	1
scaffold3	31870000	31880000	1
scaffold3	31880000	31890000	1
scaffold3	31890000	31900000	0
scaffold3	31900000	31910000	1
scaffold3	31910000	31920000	2
scaffold3	31920000	31930000	1
scaffold3	31930000	31940000	0
scaffold3	31940000	31950000	1
scaffold3	31950000	31960000	1
scaffold3	31960000	31970000	2
scaffold3	31970000	31980000	1
scaffold3	31980000	31990000	2
scaffold3	31990000	32000000	1
scaffold3	32000000	32010000	0
scaffold3	32010000	32020000	0
scaffold3	32020000	32030000	1
scaffold3	32030000	32040000	1
scaffold3	32040000	32050000	1
scaffold3	32050000	32060000	0
scaffold3	32060000	32070000	0
scaffold3	32070000	32080000	1
scaffold3	32080000	32090000	0
scaffold3	32090000	32100000	0
scaffold3	32100000	32110000	2
scaffold3	32110000	32120000	2
scaffold3	32120000	32130000	2
scaffold3	32130000	32140000	2
scaffold3	32140000	32150000	2
scaffold3	32150000	32160000	1
scaffold3	32160000	32170000	1
scaffold3	32170000	32180000	1
scaffold3	32180000	32190000	1
scaffold3	32190000	32200000	0
scaffold3	32200000	32210000	0
scaffold3	32210000	32220000	4
scaffold3	32220000	32230000	4
scaffold3	32230000	32240000	1
scaffold3	32240000	32250000	2
scaffold3	32250000	32260000	1
scaffold3	32260000	32270000	2
scaffold3	32270000	32280000	2
scaffold3	32280000	32290000	1
scaffold3	32290000	32300000	0
scaffold3	32300000	32310000	1
scaffold3	32310000	32320000	1
scaffold3	32320000	32330000	1
scaffold3	32330000	32340000	1
scaffold3	32340000	32350000	1
scaffold3	32350000	32360000	1
scaffold3	32360000	32370000	2
scaffold3	32370000	32380000	1
scaffold3	32380000	32390000	0
scaffold3	32390000	32400000	0
scaffold3	32400000	32410000	0
scaffold3	32410000	32420000	1
scaffold3	32420000	32430000	1
scaffold3	32430000	32440000	2
scaffold3	32440000	32450000	1
scaffold3	32450000	32460000	1
scaffold3	32460000	32470000	2
scaffold3	32470000	32480000	2
scaffold3	32480000	32490000	1
scaffold3	32490000	32500000	0
scaffold3	32500000	32510000	2
scaffold3	32510000	32520000	0
scaffold3	32520000	32530000	2
scaffold3	32530000	32540000	1
scaffold3	32540000	32550000	0
scaffold3	32550000	32560000	0
scaffold3	32560000	32570000	1
scaffold3	32570000	32580000	1
scaffold3	32580000	32590000	1
scaffold3	32590000	32600000	0
scaffold3	32600000	32610000	0
scaffold3	32610000	32620000	0
scaffold3	32620000	32630000	1
scaffold3	32630000	32640000	2
scaffold3	32640000	32650000	1
scaffold3	32650000	32660000	1
scaffold3	32660000	32670000	1
scaffold3	32670000	32680000	0
scaffold3	32680000	32690000	0
scaffold3	32690000	32700000	0
scaffold3	32700000	32710000	0
scaffold3	32710000	32720000	1
scaffold3	32720000	32730000	3
scaffold3	32730000	32740000	2
scaffold3	32740000	32750000	1
scaffold3	32750000	32760000	1
scaffold3	32760000	32770000	3
scaffold3	32770000	32780000	3
scaffold3	32780000	32790000	1
scaffold3	32790000	32800000	1
scaffold3	32800000	32810000	1
scaffold3	32810000	32820000	2
scaffold3	32820000	32830000	1
scaffold3	32830000	32840000	1
scaffold3	32840000	32850000	1
scaffold3	32850000	32860000	4
scaffold3	32860000	32870000	3
scaffold3	32870000	32880000	1
scaffold3	32880000	32890000	1
scaffold3	32890000	32900000	1
scaffold3	32900000	32910000	2
scaffold3	32910000	32920000	2
scaffold3	32920000	32930000	2
scaffold3	32930000	32940000	3
scaffold3	32940000	32950000	2
scaffold3	32950000	32960000	1
scaffold3	32960000	32970000	0
scaffold3	32970000	32980000	1
scaffold3	32980000	32990000	3
scaffold3	32990000	33000000	4
scaffold3	33000000	33010000	4
scaffold3	33010000	33020000	1
scaffold3	33020000	33030000	1
scaffold3	33030000	33040000	1
scaffold3	33040000	33050000	1
scaffold3	33050000	33060000	1
scaffold3	33060000	33070000	1
scaffold3	33070000	33080000	1
scaffold3	33080000	33090000	0
scaffold3	33090000	33100000	0
scaffold3	33100000	33110000	0
scaffold3	33110000	33120000	1
scaffold3	33120000	33130000	2
scaffold3	33130000	33140000	1
scaffold3	33140000	33150000	0
scaffold3	33150000	33160000	0
scaffold3	33160000	33170000	0
scaffold3	33170000	33180000	1
scaffold3	33180000	33190000	1
scaffold3	33190000	33200000	0
scaffold3	33200000	33210000	0
scaffold3	33210000	33220000	0
scaffold3	33220000	33230000	1
scaffold3	33230000	33240000	1
scaffold3	33240000	33250000	1
scaffold3	33250000	33260000	2
scaffold3	33260000	33270000	2
scaffold3	33270000	33280000	1
scaffold3	33280000	33290000	0
scaffold3	33290000	33300000	2
scaffold3	33300000	33310000	1
scaffold3	33310000	33320000	1
scaffold3	33320000	33330000	0
scaffold3	33330000	33340000	0
scaffold3	33340000	33350000	0
scaffold3	33350000	33360000	0
scaffold3	33360000	33370000	1
scaffold3	33370000	33380000	1
scaffold3	33380000	33390000	1
scaffold3	33390000	33400000	1
scaffold3	33400000	33410000	1
scaffold3	33410000	33420000	1
scaffold3	33420000	33430000	1
scaffold3	33430000	33440000	1
scaffold3	33440000	33450000	1
scaffold3	33450000	33460000	1
scaffold3	33460000	33470000	1
scaffold3	33470000	33480000	1
scaffold3	33480000	33490000	1
scaffold3	33490000	33500000	2
scaffold3	33500000	33510000	2
scaffold3	33510000	33520000	1
scaffold3	33520000	33530000	1
scaffold3	33530000	33540000	1
scaffold3	33540000	33550000	1
scaffold3	33550000	33560000	3
scaffold3	33560000	33570000	2
scaffold3	33570000	33580000	3
scaffold3	33580000	33590000	2
scaffold3	33590000	33600000	1
scaffold3	33600000	33610000	2
scaffold3	33610000	33620000	1
scaffold3	33620000	33630000	1
scaffold3	33630000	33640000	0
scaffold3	33640000	33650000	2
scaffold3	33650000	33660000	3
scaffold3	33660000	33670000	2
scaffold3	33670000	33680000	1
scaffold3	33680000	33690000	0
scaffold3	33690000	33700000	1
scaffold3	33700000	33710000	1
scaffold3	33710000	33720000	2
scaffold3	33720000	33730000	1
scaffold3	33730000	33740000	1
scaffold3	33740000	33750000	0
scaffold3	33750000	33760000	0
scaffold3	33760000	33770000	0
scaffold3	33770000	33780000	1
scaffold3	33780000	33790000	1
scaffold3	33790000	33800000	1
scaffold3	33800000	33810000	1
scaffold3	33810000	33820000	1
scaffold3	33820000	33830000	0
scaffold3	33830000	33840000	2
scaffold3	33840000	33850000	2
scaffold3	33850000	33860000	0
scaffold3	33860000	33870000	0
scaffold3	33870000	33880000	0
scaffold3	33880000	33890000	0
scaffold3	33890000	33900000	3
scaffold3	33900000	33910000	1
scaffold3	33910000	33920000	1
scaffold3	33920000	33930000	2
scaffold3	33930000	33940000	0
scaffold3	33940000	33950000	1
scaffold3	33950000	33960000	1
scaffold3	33960000	33970000	0
scaffold3	33970000	33980000	0
scaffold3	33980000	33990000	0
scaffold3	33990000	34000000	0
scaffold3	34000000	34010000	0
scaffold3	34010000	34020000	1
scaffold3	34020000	34030000	2
scaffold3	34030000	34040000	1
scaffold3	34040000	34050000	1
scaffold3	34050000	34060000	1
scaffold3	34060000	34070000	1
scaffold3	34070000	34080000	1
scaffold3	34080000	34090000	1
scaffold3	34090000	34100000	1
scaffold3	34100000	34110000	2
scaffold3	34110000	34120000	2
scaffold3	34120000	34130000	1
scaffold3	34130000	34140000	1
scaffold3	34140000	34150000	1
scaffold3	34150000	34160000	1
scaffold3	34160000	34170000	1
scaffold3	34170000	34180000	1
scaffold3	34180000	34190000	2
scaffold3	34190000	34200000	2
scaffold3	34200000	34210000	3
scaffold3	34210000	34220000	1
scaffold3	34220000	34230000	3
scaffold3	34230000	34240000	3
scaffold3	34240000	34250000	0
scaffold3	34250000	34260000	0
scaffold3	34260000	34270000	0
scaffold3	34270000	34280000	1
scaffold3	34280000	34290000	0
scaffold3	34290000	34300000	0
scaffold3	34300000	34310000	0
scaffold3	34310000	34320000	0
scaffold3	34320000	34330000	2
scaffold3	34330000	34340000	0
scaffold3	34340000	34350000	0
scaffold3	34350000	34360000	0
scaffold3	34360000	34370000	1
scaffold3	34370000	34380000	1
scaffold3	34380000	34390000	2
scaffold3	34390000	34400000	1
scaffold3	34400000	34410000	2
scaffold3	34410000	34420000	2
scaffold3	34420000	34430000	3
scaffold3	34430000	34440000	1
scaffold3	34440000	34450000	1
scaffold3	34450000	34460000	1
scaffold3	34460000	34470000	2
scaffold3	34470000	34480000	2
scaffold3	34480000	34490000	2
scaffold3	34490000	34500000	1
scaffold3	34500000	34510000	2
scaffold3	34510000	34520000	3
scaffold3	34520000	34530000	1
scaffold3	34530000	34540000	2
scaffold3	34540000	34550000	1
scaffold3	34550000	34560000	2
scaffold3	34560000	34570000	1
scaffold3	34570000	34580000	1
scaffold3	34580000	34590000	3
scaffold3	34590000	34600000	3
scaffold3	34600000	34610000	1
scaffold3	34610000	34620000	1
scaffold3	34620000	34630000	1
scaffold3	34630000	34640000	2
scaffold3	34640000	34650000	1
scaffold3	34650000	34660000	1
scaffold3	34660000	34670000	2
scaffold3	34670000	34680000	1
scaffold3	34680000	34690000	1
scaffold3	34690000	34700000	1
scaffold3	34700000	34710000	1
scaffold3	34710000	34720000	1
scaffold3	34720000	34730000	1
scaffold3	34730000	34740000	3
scaffold3	34740000	34750000	1
scaffold3	34750000	34760000	1
scaffold3	34760000	34770000	0
scaffold3	34770000	34780000	1
scaffold3	34780000	34790000	1
scaffold3	34790000	34800000	0
scaffold3	34800000	34810000	3
scaffold3	34810000	34820000	3
scaffold3	34820000	34830000	1
scaffold3	34830000	34840000	1
scaffold3	34840000	34850000	1
scaffold3	34850000	34860000	0
scaffold3	34860000	34870000	2
scaffold3	34870000	34880000	4
scaffold3	34880000	34890000	2
scaffold3	34890000	34900000	2
scaffold3	34900000	34910000	1
scaffold3	34910000	34920000	3
scaffold3	34920000	34930000	1
scaffold3	34930000	34940000	2
scaffold3	34940000	34950000	1
scaffold3	34950000	34960000	0
scaffold3	34960000	34970000	0
scaffold3	34970000	34980000	2
scaffold3	34980000	34990000	1
scaffold3	34990000	35000000	0
scaffold3	35000000	35010000	0
scaffold3	35010000	35020000	1
scaffold3	35020000	35030000	2
scaffold3	35030000	35040000	1
scaffold3	35040000	35050000	0
scaffold3	35050000	35060000	0
scaffold3	35060000	35070000	0
scaffold3	35070000	35080000	0
scaffold3	35080000	35090000	0
scaffold3	35090000	35100000	0
scaffold3	35100000	35110000	0
scaffold3	35110000	35120000	0
scaffold3	35120000	35130000	1
scaffold3	35130000	35140000	1
scaffold3	35140000	35150000	1
scaffold3	35150000	35160000	1
scaffold3	35160000	35170000	0
scaffold3	35170000	35180000	2
scaffold3	35180000	35190000	2
scaffold3	35190000	35200000	0
scaffold3	35200000	35210000	1
scaffold3	35210000	35220000	2
scaffold3	35220000	35230000	1
scaffold3	35230000	35240000	4
scaffold3	35240000	35250000	1
scaffold3	35250000	35260000	1
scaffold3	35260000	35270000	1
scaffold3	35270000	35280000	1
scaffold3	35280000	35290000	1
scaffold3	35290000	35300000	1
scaffold3	35300000	35310000	1
scaffold3	35310000	35320000	1
scaffold3	35320000	35330000	1
scaffold3	35330000	35340000	1
scaffold3	35340000	35350000	3
scaffold3	35350000	35360000	3
scaffold3	35360000	35370000	4
scaffold3	35370000	35380000	1
scaffold3	35380000	35390000	1
scaffold3	35390000	35400000	3
scaffold3	35400000	35410000	1
scaffold3	35410000	35420000	1
scaffold3	35420000	35430000	2
scaffold3	35430000	35440000	2
scaffold3	35440000	35450000	1
scaffold3	35450000	35460000	2
scaffold3	35460000	35470000	1
scaffold3	35470000	35480000	0
scaffold3	35480000	35490000	0
scaffold3	35490000	35500000	0
scaffold3	35500000	35510000	0
scaffold3	35510000	35520000	1
scaffold3	35520000	35530000	0
scaffold3	35530000	35540000	0
scaffold3	35540000	35550000	0
scaffold3	35550000	35560000	1
scaffold3	35560000	35570000	0
scaffold3	35570000	35580000	0
scaffold3	35580000	35590000	0
scaffold3	35590000	35600000	0
scaffold3	35600000	35610000	0
scaffold3	35610000	35620000	1
scaffold3	35620000	35630000	0
scaffold3	35630000	35640000	0
scaffold3	35640000	35650000	0
scaffold3	35650000	35660000	0
scaffold3	35660000	35670000	1
scaffold3	35670000	35680000	1
scaffold3	35680000	35690000	0
scaffold3	35690000	35700000	1
scaffold3	35700000	35710000	0
scaffold3	35710000	35720000	2
scaffold3	35720000	35730000	1
scaffold3	35730000	35740000	1
scaffold3	35740000	35750000	1
scaffold3	35750000	35760000	1
scaffold3	35760000	35770000	2
scaffold3	35770000	35780000	1
scaffold3	35780000	35790000	1
scaffold3	35790000	35800000	1
scaffold3	35800000	35810000	2
scaffold3	35810000	35820000	1
scaffold3	35820000	35830000	1
scaffold3	35830000	35840000	2
scaffold3	35840000	35850000	2
scaffold3	35850000	35860000	0
scaffold3	35860000	35870000	3
scaffold3	35870000	35880000	1
scaffold3	35880000	35890000	1
scaffold3	35890000	35900000	1
scaffold3	35900000	35910000	0
scaffold3	35910000	35920000	0
scaffold3	35920000	35930000	0
scaffold3	35930000	35940000	0
scaffold3	35940000	35950000	0
scaffold3	35950000	35960000	1
scaffold3	35960000	35970000	2
scaffold3	35970000	35980000	1
scaffold3	35980000	35990000	2
scaffold3	35990000	36000000	2
scaffold3	36000000	36010000	2
scaffold3	36010000	36020000	1
scaffold3	36020000	36030000	3
scaffold3	36030000	36040000	1
scaffold3	36040000	36050000	1
scaffold3	36050000	36060000	0
scaffold3	36060000	36070000	1
scaffold3	36070000	36080000	1
scaffold3	36080000	36090000	1
scaffold3	36090000	36100000	2
scaffold3	36100000	36110000	1
scaffold3	36110000	36120000	1
scaffold3	36120000	36130000	1
scaffold3	36130000	36140000	2
scaffold3	36140000	36150000	2
scaffold3	36150000	36160000	2
scaffold3	36160000	36170000	2
scaffold3	36170000	36180000	0
scaffold3	36180000	36190000	1
scaffold3	36190000	36200000	0
scaffold3	36200000	36210000	1
scaffold3	36210000	36220000	3
scaffold3	36220000	36230000	1
scaffold3	36230000	36240000	2
scaffold3	36240000	36250000	1
scaffold3	36250000	36260000	1
scaffold3	36260000	36270000	1
scaffold3	36270000	36280000	3
scaffold3	36280000	36290000	2
scaffold3	36290000	36300000	1
scaffold3	36300000	36310000	1
scaffold3	36310000	36320000	1
scaffold3	36320000	36330000	1
scaffold3	36330000	36340000	1
scaffold3	36340000	36350000	1
scaffold3	36350000	36360000	1
scaffold3	36360000	36370000	1
scaffold3	36370000	36380000	1
scaffold3	36380000	36390000	1
scaffold3	36390000	36400000	2
scaffold3	36400000	36410000	2
scaffold3	36410000	36420000	0
scaffold3	36420000	36430000	0
scaffold3	36430000	36440000	0
scaffold3	36440000	36450000	2
scaffold3	36450000	36460000	1
scaffold3	36460000	36470000	1
scaffold3	36470000	36480000	1
scaffold3	36480000	36490000	2
scaffold3	36490000	36500000	1
scaffold3	36500000	36510000	2
scaffold3	36510000	36520000	0
scaffold3	36520000	36530000	2
scaffold3	36530000	36540000	0
scaffold3	36540000	36550000	2
scaffold3	36550000	36560000	1
scaffold3	36560000	36570000	0
scaffold3	36570000	36580000	0
scaffold3	36580000	36590000	2
scaffold3	36590000	36600000	1
scaffold3	36600000	36610000	3
scaffold3	36610000	36620000	1
scaffold3	36620000	36630000	0
scaffold3	36630000	36640000	2
scaffold3	36640000	36650000	2
scaffold3	36650000	36660000	0
scaffold3	36660000	36670000	0
scaffold3	36670000	36680000	0
scaffold3	36680000	36690000	2
scaffold3	36690000	36700000	1
scaffold3	36700000	36710000	1
scaffold3	36710000	36720000	3
scaffold3	36720000	36730000	1
scaffold3	36730000	36740000	1
scaffold3	36740000	36750000	2
scaffold3	36750000	36760000	2
scaffold3	36760000	36770000	3
scaffold3	36770000	36780000	4
scaffold3	36780000	36790000	2
scaffold3	36790000	36800000	2
scaffold3	36800000	36810000	1
scaffold3	36810000	36820000	2
scaffold3	36820000	36830000	1
scaffold3	36830000	36840000	0
scaffold3	36840000	36850000	1
scaffold3	36850000	36860000	1
scaffold3	36860000	36870000	1
scaffold3	36870000	36880000	3
scaffold3	36880000	36890000	1
scaffold3	36890000	36900000	1
scaffold3	36900000	36910000	0
scaffold3	36910000	36920000	0
scaffold3	36920000	36930000	0
scaffold3	36930000	36932098	0
scaffold4	0	10000	0
scaffold4	10000	20000	0
scaffold4	20000	30000	0
scaffold4	30000	40000	1
scaffold4	40000	50000	2
scaffold4	50000	60000	2
scaffold4	60000	70000	2
scaffold4	70000	80000	1
scaffold4	80000	90000	1
scaffold4	90000	100000	2
scaffold4	100000	110000	1
scaffold4	110000	120000	1
scaffold4	120000	130000	1
scaffold4	130000	140000	1
scaffold4	140000	150000	1
scaffold4	150000	160000	1
scaffold4	160000	170000	1
scaffold4	170000	180000	1
scaffold4	180000	190000	1
scaffold4	190000	200000	1
scaffold4	200000	210000	1
scaffold4	210000	220000	0
scaffold4	220000	230000	0
scaffold4	230000	240000	2
scaffold4	240000	250000	0
scaffold4	250000	260000	0
scaffold4	260000	270000	1
scaffold4	270000	280000	1
scaffold4	280000	290000	0
scaffold4	290000	300000	0
scaffold4	300000	310000	0
scaffold4	310000	320000	2
scaffold4	320000	330000	2
scaffold4	330000	340000	1
scaffold4	340000	350000	0
scaffold4	350000	360000	1
scaffold4	360000	370000	2
scaffold4	370000	380000	1
scaffold4	380000	390000	0
scaffold4	390000	400000	1
scaffold4	400000	410000	1
scaffold4	410000	420000	2
scaffold4	420000	430000	1
scaffold4	430000	440000	1
scaffold4	440000	450000	1
scaffold4	450000	460000	1
scaffold4	460000	470000	0
scaffold4	470000	480000	1
scaffold4	480000	490000	3
scaffold4	490000	500000	1
scaffold4	500000	510000	1
scaffold4	510000	520000	2
scaffold4	520000	530000	1
scaffold4	530000	540000	1
scaffold4	540000	550000	3
scaffold4	550000	560000	1
scaffold4	560000	570000	1
scaffold4	570000	580000	2
scaffold4	580000	590000	2
scaffold4	590000	600000	1
scaffold4	600000	610000	2
scaffold4	610000	620000	1
scaffold4	620000	630000	2
scaffold4	630000	640000	0
scaffold4	640000	650000	0
scaffold4	650000	660000	0
scaffold4	660000	670000	0
scaffold4	670000	680000	1
scaffold4	680000	690000	1
scaffold4	690000	700000	1
scaffold4	700000	710000	0
scaffold4	710000	720000	0
scaffold4	720000	730000	0
scaffold4	730000	740000	0
scaffold4	740000	750000	0
scaffold4	750000	760000	0
scaffold4	760000	770000	0
scaffold4	770000	780000	0
scaffold4	780000	790000	1
scaffold4	790000	800000	1
scaffold4	800000	810000	0
scaffold4	810000	820000	5
scaffold4	820000	830000	1
scaffold4	830000	840000	1
scaffold4	840000	850000	0
scaffold4	850000	860000	0
scaffold4	860000	870000	0
scaffold4	870000	880000	1
scaffold4	880000	890000	1
scaffold4	890000	900000	1
scaffold4	900000	910000	1
scaffold4	910000	920000	1
scaffold4	920000	930000	2
scaffold4	930000	940000	1
scaffold4	940000	950000	2
scaffold4	950000	960000	2
scaffold4	960000	970000	1
scaffold4	970000	980000	1
scaffold4	980000	990000	0
scaffold4	990000	1000000	1
scaffold4	1000000	1010000	1
scaffold4	1010000	1020000	2
scaffold4	1020000	1030000	3
scaffold4	1030000	1040000	1
scaffold4	1040000	1050000	1
scaffold4	1050000	1060000	0
scaffold4	1060000	1070000	0
scaffold4	1070000	1080000	0
scaffold4	1080000	1090000	0
scaffold4	1090000	1100000	2
scaffold4	1100000	1110000	1
scaffold4	1110000	1120000	1
scaffold4	1120000	1130000	2
scaffold4	1130000	1140000	1
scaffold4	1140000	1150000	1
scaffold4	1150000	1160000	1
scaffold4	1160000	1170000	1
scaffold4	1170000	1180000	1
scaffold4	1180000	1190000	1
scaffold4	1190000	1200000	1
scaffold4	1200000	1210000	2
scaffold4	1210000	1220000	0
scaffold4	1220000	1230000	0
scaffold4	1230000	1240000	0
scaffold4	1240000	1250000	1
scaffold4	1250000	1260000	1
scaffold4	1260000	1270000	1
scaffold4	1270000	1280000	1
scaffold4	1280000	1290000	3
scaffold4	1290000	1300000	2
scaffold4	1300000	1310000	1
scaffold4	1310000	1320000	2
scaffold4	1320000	1330000	2
scaffold4	1330000	1340000	1
scaffold4	1340000	1350000	2
scaffold4	1350000	1360000	1
scaffold4	1360000	1370000	2
scaffold4	1370000	1380000	1
scaffold4	1380000	1390000	1
scaffold4	1390000	1400000	1
scaffold4	1400000	1410000	0
scaffold4	1410000	1420000	0
scaffold4	1420000	1430000	1
scaffold4	1430000	1440000	3
scaffold4	1440000	1450000	2
scaffold4	1450000	1460000	0
scaffold4	1460000	1470000	0
scaffold4	1470000	1480000	3
scaffold4	1480000	1490000	2
scaffold4	1490000	1500000	2
scaffold4	1500000	1510000	1
scaffold4	1510000	1520000	0
scaffold4	1520000	1530000	1
scaffold4	1530000	1540000	3
scaffold4	1540000	1550000	1
scaffold4	1550000	1560000	0
scaffold4	1560000	1570000	1
scaffold4	1570000	1580000	1
scaffold4	1580000	1590000	1
scaffold4	1590000	1600000	1
scaffold4	1600000	1610000	1
scaffold4	1610000	1620000	3
scaffold4	1620000	1630000	1
scaffold4	1630000	1640000	1
scaffold4	1640000	1650000	3
scaffold4	1650000	1660000	2
scaffold4	1660000	1670000	2
scaffold4	1670000	1680000	0
scaffold4	1680000	1690000	1
scaffold4	1690000	1700000	1
scaffold4	1700000	1710000	0
scaffold4	1710000	1720000	0
scaffold4	1720000	1730000	0
scaffold4	1730000	1740000	0
scaffold4	1740000	1750000	0
scaffold4	1750000	1760000	0
scaffold4	1760000	1770000	2
scaffold4	1770000	1780000	1
scaffold4	1780000	1790000	1
scaffold4	1790000	1800000	1
scaffold4	1800000	1810000	1
scaffold4	1810000	1820000	0
scaffold4	1820000	1830000	1
scaffold4	1830000	1840000	1
scaffold4	1840000	1850000	1
scaffold4	1850000	1860000	1
scaffold4	1860000	1870000	3
scaffold4	1870000	1880000	2
scaffold4	1880000	1890000	2
scaffold4	1890000	1900000	1
scaffold4	1900000	1910000	0
scaffold4	1910000	1920000	1
scaffold4	1920000	1930000	1
scaffold4	1930000	1940000	0
scaffold4	1940000	1950000	3
scaffold4	1950000	1960000	2
scaffold4	1960000	1970000	1
scaffold4	1970000	1980000	2
scaffold4	1980000	1990000	3
scaffold4	1990000	2000000	1
scaffold4	2000000	2010000	0
scaffold4	2010000	2020000	2
scaffold4	2020000	2030000	1
scaffold4	2030000	2040000	1
scaffold4	2040000	2050000	1
scaffold4	2050000	2060000	0
scaffold4	2060000	2070000	2
scaffold4	2070000	2080000	3
scaffold4	2080000	2090000	1
scaffold4	2090000	2100000	1
scaffold4	2100000	2110000	3
scaffold4	2110000	2120000	2
scaffold4	2120000	2130000	2
scaffold4	2130000	2140000	1
scaffold4	2140000	2150000	2
scaffold4	2150000	2160000	1
scaffold4	2160000	2170000	1
scaffold4	2170000	2180000	3
scaffold4	2180000	2190000	1
scaffold4	2190000	2200000	1
scaffold4	2200000	2210000	2
scaffold4	2210000	2220000	1
scaffold4	2220000	2230000	1
scaffold4	2230000	2240000	1
scaffold4	2240000	2250000	2
scaffold4	2250000	2260000	2
scaffold4	2260000	2270000	2
scaffold4	2270000	2280000	2
scaffold4	2280000	2290000	1
scaffold4	2290000	2300000	3
scaffold4	2300000	2310000	2
scaffold4	2310000	2320000	1
scaffold4	2320000	2330000	1
scaffold4	2330000	2340000	1
scaffold4	2340000	2350000	0
scaffold4	2350000	2360000	0
scaffold4	2360000	2370000	0
scaffold4	2370000	2380000	2
scaffold4	2380000	2390000	3
scaffold4	2390000	2400000	1
scaffold4	2400000	2410000	1
scaffold4	2410000	2420000	1
scaffold4	2420000	2430000	0
scaffold4	2430000	2440000	0
scaffold4	2440000	2450000	0
scaffold4	2450000	2460000	0
scaffold4	2460000	2470000	1
scaffold4	2470000	2480000	1
scaffold4	2480000	2490000	1
scaffold4	2490000	2500000	1
scaffold4	2500000	2510000	1
scaffold4	2510000	2520000	1
scaffold4	2520000	2530000	0
scaffold4	2530000	2540000	2
scaffold4	2540000	2550000	1
scaffold4	2550000	2560000	1
scaffold4	2560000	2570000	1
scaffold4	2570000	2580000	2
scaffold4	2580000	2590000	2
scaffold4	2590000	2600000	3
scaffold4	2600000	2610000	1
scaffold4	2610000	2620000	0
scaffold4	2620000	2630000	0
scaffold4	2630000	2640000	0
scaffold4	2640000	2650000	0
scaffold4	2650000	2660000	1
scaffold4	2660000	2670000	1
scaffold4	2670000	2680000	0
scaffold4	2680000	2690000	0
scaffold4	2690000	2700000	1
scaffold4	2700000	2710000	1
scaffold4	2710000	2720000	0
scaffold4	2720000	2730000	9
scaffold4	2730000	2740000	0
scaffold4	2740000	2750000	1
scaffold4	2750000	2760000	1
scaffold4	2760000	2770000	1
scaffold4	2770000	2780000	1
scaffold4	2780000	2790000	2
scaffold4	2790000	2800000	2
scaffold4	2800000	2810000	1
scaffold4	2810000	2820000	1
scaffold4	2820000	2830000	1
scaffold4	2830000	2840000	1
scaffold4	2840000	2850000	2
scaffold4	2850000	2860000	0
scaffold4	2860000	2870000	1
scaffold4	2870000	2880000	1
scaffold4	2880000	2890000	0
scaffold4	2890000	2900000	0
scaffold4	2900000	2910000	1
scaffold4	2910000	2920000	1
scaffold4	2920000	2930000	1
scaffold4	2930000	2940000	0
scaffold4	2940000	2950000	0
scaffold4	2950000	2960000	1
scaffold4	2960000	2970000	1
scaffold4	2970000	2980000	0
scaffold4	2980000	2990000	1
scaffold4	2990000	3000000	2
scaffold4	3000000	3010000	1
scaffold4	3010000	3020000	1
scaffold4	3020000	3030000	3
scaffold4	3030000	3040000	2
scaffold4	3040000	3050000	2
scaffold4	3050000	3060000	1
scaffold4	3060000	3070000	3
scaffold4	3070000	3080000	1
scaffold4	3080000	3090000	0
scaffold4	3090000	3100000	0
scaffold4	3100000	3110000	0
scaffold4	3110000	3120000	0
scaffold4	3120000	3130000	1
scaffold4	3130000	3140000	1
scaffold4	3140000	3150000	1
scaffold4	3150000	3160000	0
scaffold4	3160000	3170000	1
scaffold4	3170000	3180000	1
scaffold4	3180000	3190000	2
scaffold4	3190000	3200000	1
scaffold4	3200000	3210000	1
scaffold4	3210000	3220000	1
scaffold4	3220000	3230000	2
scaffold4	3230000	3240000	1
scaffold4	3240000	3250000	1
scaffold4	3250000	3260000	1
scaffold4	3260000	3270000	1
scaffold4	3270000	3280000	1
scaffold4	3280000	3290000	1
scaffold4	3290000	3300000	1
scaffold4	3300000	3310000	2
scaffold4	3310000	3320000	3
scaffold4	3320000	3330000	1
scaffold4	3330000	3340000	0
scaffold4	3340000	3350000	0
scaffold4	3350000	3360000	1
scaffold4	3360000	3370000	0
scaffold4	3370000	3380000	0
scaffold4	3380000	3390000	1
scaffold4	3390000	3400000	2
scaffold4	3400000	3410000	1
scaffold4	3410000	3420000	2
scaffold4	3420000	3430000	1
scaffold4	3430000	3440000	0
scaffold4	3440000	3450000	1
scaffold4	3450000	3460000	0
scaffold4	3460000	3470000	0
scaffold4	3470000	3480000	1
scaffold4	3480000	3490000	1
scaffold4	3490000	3500000	1
scaffold4	3500000	3510000	1
scaffold4	3510000	3520000	1
scaffold4	3520000	3530000	2
scaffold4	3530000	3540000	2
scaffold4	3540000	3550000	1
scaffold4	3550000	3560000	2
scaffold4	3560000	3570000	1
scaffold4	3570000	3580000	4
scaffold4	3580000	3590000	2
scaffold4	3590000	3600000	1
scaffold4	3600000	3610000	3
scaffold4	3610000	3620000	2
scaffold4	3620000	3630000	4
scaffold4	3630000	3640000	1
scaffold4	3640000	3650000	0
scaffold4	3650000	3660000	1
scaffold4	3660000	3670000	1
scaffold4	3670000	3680000	0
scaffold4	3680000	3690000	2
scaffold4	3690000	3700000	1
scaffold4	3700000	3710000	1
scaffold4	3710000	3720000	1
scaffold4	3720000	3730000	0
scaffold4	3730000	3740000	0
scaffold4	3740000	3750000	0
scaffold4	3750000	3760000	0
scaffold4	3760000	3770000	0
scaffold4	3770000	3780000	0
scaffold4	3780000	3790000	0
scaffold4	3790000	3800000	0
scaffold4	3800000	3810000	1
scaffold4	3810000	3820000	2
scaffold4	3820000	3830000	2
scaffold4	3830000	3840000	1
scaffold4	3840000	3850000	1
scaffold4	3850000	3860000	2
scaffold4	3860000	3870000	1
scaffold4	3870000	3880000	1
scaffold4	3880000	3890000	2
scaffold4	3890000	3900000	3
scaffold4	3900000	3910000	0
scaffold4	3910000	3920000	1
scaffold4	3920000	3930000	2
scaffold4	3930000	3940000	2
scaffold4	3940000	3950000	2
scaffold4	3950000	3960000	1
scaffold4	3960000	3970000	2
scaffold4	3970000	3980000	1
scaffold4	3980000	3990000	2
scaffold4	3990000	4000000	3
scaffold4	4000000	4010000	2
scaffold4	4010000	4020000	2
scaffold4	4020000	4030000	2
scaffold4	4030000	4040000	1
scaffold4	4040000	4050000	1
scaffold4	4050000	4060000	0
scaffold4	4060000	4070000	2
scaffold4	4070000	4080000	1
scaffold4	4080000	4090000	1
scaffold4	4090000	4100000	1
scaffold4	4100000	4110000	1
scaffold4	4110000	4120000	2
scaffold4	4120000	4130000	1
scaffold4	4130000	4140000	2
scaffold4	4140000	4150000	1
scaffold4	4150000	4160000	0
scaffold4	4160000	4170000	1
scaffold4	4170000	4180000	1
scaffold4	4180000	4190000	3
scaffold4	4190000	4200000	2
scaffold4	4200000	4210000	1
scaffold4	4210000	4220000	0
scaffold4	4220000	4230000	1
scaffold4	4230000	4240000	1
scaffold4	4240000	4250000	0
scaffold4	4250000	4260000	0
scaffold4	4260000	4270000	0
scaffold4	4270000	4280000	0
scaffold4	4280000	4290000	0
scaffold4	4290000	4300000	0
scaffold4	4300000	4310000	0
scaffold4	4310000	4320000	0
scaffold4	4320000	4330000	1
scaffold4	4330000	4340000	1
scaffold4	4340000	4350000	0
scaffold4	4350000	4360000	1
scaffold4	4360000	4370000	2
scaffold4	4370000	4380000	2
scaffold4	4380000	4390000	1
scaffold4	4390000	4400000	0
scaffold4	4400000	4410000	0
scaffold4	4410000	4420000	0
scaffold4	4420000	4430000	0
scaffold4	4430000	4440000	0
scaffold4	4440000	4450000	1
scaffold4	4450000	4460000	1
scaffold4	4460000	4470000	1
scaffold4	4470000	4480000	1
scaffold4	4480000	4490000	3
scaffold4	4490000	4500000	0
scaffold4	4500000	4510000	0
scaffold4	4510000	4520000	0
scaffold4	4520000	4530000	0
scaffold4	4530000	4540000	1
scaffold4	4540000	4550000	2
scaffold4	4550000	4560000	1
scaffold4	4560000	4570000	3
scaffold4	4570000	4580000	1
scaffold4	4580000	4590000	2
scaffold4	4590000	4600000	2
scaffold4	4600000	4610000	2
scaffold4	4610000	4620000	1
scaffold4	4620000	4630000	1
scaffold4	4630000	4640000	0
scaffold4	4640000	4650000	0
scaffold4	4650000	4660000	0
scaffold4	4660000	4670000	0
scaffold4	4670000	4680000	0
scaffold4	4680000	4690000	0
scaffold4	4690000	4700000	0
scaffold4	4700000	4710000	0
scaffold4	4710000	4720000	0
scaffold4	4720000	4730000	1
scaffold4	4730000	4740000	1
scaffold4	4740000	4750000	2
scaffold4	4750000	4760000	2
scaffold4	4760000	4770000	0
scaffold4	4770000	4780000	0
scaffold4	4780000	4790000	1
scaffold4	4790000	4800000	1
scaffold4	4800000	4810000	1
scaffold4	4810000	4820000	1
scaffold4	4820000	4830000	1
scaffold4	4830000	4840000	1
scaffold4	4840000	4850000	1
scaffold4	4850000	4860000	2
scaffold4	4860000	4870000	4
scaffold4	4870000	4880000	1
scaffold4	4880000	4890000	2
scaffold4	4890000	4900000	1
scaffold4	4900000	4910000	1
scaffold4	4910000	4920000	1
scaffold4	4920000	4930000	1
scaffold4	4930000	4940000	2
scaffold4	4940000	4950000	2
scaffold4	4950000	4960000	3
scaffold4	4960000	4970000	1
scaffold4	4970000	4980000	2
scaffold4	4980000	4990000	2
scaffold4	4990000	5000000	1
scaffold4	5000000	5010000	2
scaffold4	5010000	5020000	2
scaffold4	5020000	5030000	1
scaffold4	5030000	5040000	2
scaffold4	5040000	5050000	2
scaffold4	5050000	5060000	2
scaffold4	5060000	5070000	1
scaffold4	5070000	5080000	1
scaffold4	5080000	5090000	2
scaffold4	5090000	5100000	1
scaffold4	5100000	5110000	1
scaffold4	5110000	5120000	1
scaffold4	5120000	5130000	1
scaffold4	5130000	5140000	2
scaffold4	5140000	5150000	2
scaffold4	5150000	5160000	1
scaffold4	5160000	5170000	1
scaffold4	5170000	5180000	1
scaffold4	5180000	5190000	1
scaffold4	5190000	5200000	2
scaffold4	5200000	5210000	1
scaffold4	5210000	5220000	1
scaffold4	5220000	5230000	3
scaffold4	5230000	5240000	1
scaffold4	5240000	5250000	1
scaffold4	5250000	5260000	1
scaffold4	5260000	5270000	0
scaffold4	5270000	5280000	0
scaffold4	5280000	5290000	0
scaffold4	5290000	5300000	0
scaffold4	5300000	5310000	0
scaffold4	5310000	5320000	1
scaffold4	5320000	5330000	2
scaffold4	5330000	5340000	1
scaffold4	5340000	5350000	1
scaffold4	5350000	5360000	1
scaffold4	5360000	5370000	0
scaffold4	5370000	5380000	2
scaffold4	5380000	5390000	1
scaffold4	5390000	5400000	1
scaffold4	5400000	5410000	2
scaffold4	5410000	5420000	2
scaffold4	5420000	5430000	1
scaffold4	5430000	5440000	1
scaffold4	5440000	5450000	1
scaffold4	5450000	5460000	0
scaffold4	5460000	5470000	0
scaffold4	5470000	5480000	0
scaffold4	5480000	5490000	0
scaffold4	5490000	5500000	1
scaffold4	5500000	5510000	1
scaffold4	5510000	5520000	1
scaffold4	5520000	5530000	3
scaffold4	5530000	5540000	2
scaffold4	5540000	5550000	2
scaffold4	5550000	5560000	1
scaffold4	5560000	5570000	2
scaffold4	5570000	5580000	1
scaffold4	5580000	5590000	1
scaffold4	5590000	5600000	1
scaffold4	5600000	5610000	1
scaffold4	5610000	5620000	1
scaffold4	5620000	5630000	1
scaffold4	5630000	5640000	1
scaffold4	5640000	5650000	2
scaffold4	5650000	5660000	1
scaffold4	5660000	5670000	1
scaffold4	5670000	5680000	0
scaffold4	5680000	5690000	0
scaffold4	5690000	5700000	0
scaffold4	5700000	5710000	0
scaffold4	5710000	5720000	0
scaffold4	5720000	5730000	0
scaffold4	5730000	5740000	0
scaffold4	5740000	5750000	0
scaffold4	5750000	5760000	1
scaffold4	5760000	5770000	0
scaffold4	5770000	5780000	1
scaffold4	5780000	5790000	1
scaffold4	5790000	5800000	2
scaffold4	5800000	5810000	1
scaffold4	5810000	5820000	1
scaffold4	5820000	5830000	1
scaffold4	5830000	5840000	1
scaffold4	5840000	5850000	0
scaffold4	5850000	5860000	0
scaffold4	5860000	5870000	0
scaffold4	5870000	5880000	1
scaffold4	5880000	5890000	2
scaffold4	5890000	5900000	2
scaffold4	5900000	5910000	1
scaffold4	5910000	5920000	0
scaffold4	5920000	5930000	0
scaffold4	5930000	5940000	0
scaffold4	5940000	5950000	0
scaffold4	5950000	5960000	0
scaffold4	5960000	5970000	0
scaffold4	5970000	5980000	1
scaffold4	5980000	5990000	0
scaffold4	5990000	6000000	1
scaffold4	6000000	6010000	1
scaffold4	6010000	6020000	0
scaffold4	6020000	6030000	1
scaffold4	6030000	6040000	0
scaffold4	6040000	6050000	1
scaffold4	6050000	6060000	3
scaffold4	6060000	6070000	1
scaffold4	6070000	6080000	1
scaffold4	6080000	6090000	2
scaffold4	6090000	6100000	2
scaffold4	6100000	6110000	1
scaffold4	6110000	6120000	1
scaffold4	6120000	6130000	2
scaffold4	6130000	6140000	0
scaffold4	6140000	6150000	0
scaffold4	6150000	6160000	1
scaffold4	6160000	6170000	1
scaffold4	6170000	6180000	0
scaffold4	6180000	6190000	0
scaffold4	6190000	6200000	0
scaffold4	6200000	6210000	0
scaffold4	6210000	6220000	0
scaffold4	6220000	6230000	0
scaffold4	6230000	6240000	0
scaffold4	6240000	6250000	0
scaffold4	6250000	6260000	0
scaffold4	6260000	6270000	0
scaffold4	6270000	6280000	0
scaffold4	6280000	6290000	0
scaffold4	6290000	6300000	0
scaffold4	6300000	6310000	0
scaffold4	6310000	6320000	0
scaffold4	6320000	6330000	1
scaffold4	6330000	6340000	1
scaffold4	6340000	6350000	1
scaffold4	6350000	6360000	0
scaffold4	6360000	6370000	1
scaffold4	6370000	6380000	1
scaffold4	6380000	6390000	0
scaffold4	6390000	6400000	1
scaffold4	6400000	6410000	0
scaffold4	6410000	6420000	1
scaffold4	6420000	6430000	1
scaffold4	6430000	6440000	0
scaffold4	6440000	6450000	1
scaffold4	6450000	6460000	1
scaffold4	6460000	6470000	1
scaffold4	6470000	6480000	0
scaffold4	6480000	6490000	0
scaffold4	6490000	6500000	0
scaffold4	6500000	6510000	1
scaffold4	6510000	6520000	2
scaffold4	6520000	6530000	2
scaffold4	6530000	6540000	2
scaffold4	6540000	6550000	2
scaffold4	6550000	6560000	1
scaffold4	6560000	6570000	1
scaffold4	6570000	6580000	1
scaffold4	6580000	6590000	1
scaffold4	6590000	6600000	1
scaffold4	6600000	6610000	1
scaffold4	6610000	6620000	2
scaffold4	6620000	6630000	2
scaffold4	6630000	6640000	1
scaffold4	6640000	6650000	1
scaffold4	6650000	6660000	1
scaffold4	6660000	6670000	1
scaffold4	6670000	6680000	2
scaffold4	6680000	6690000	1
scaffold4	6690000	6700000	1
scaffold4	6700000	6710000	0
scaffold4	6710000	6720000	1
scaffold4	6720000	6730000	1
scaffold4	6730000	6740000	0
scaffold4	6740000	6750000	0
scaffold4	6750000	6760000	0
scaffold4	6760000	6770000	0
scaffold4	6770000	6780000	1
scaffold4	6780000	6790000	1
scaffold4	6790000	6800000	1
scaffold4	6800000	6810000	0
scaffold4	6810000	6820000	0
scaffold4	6820000	6830000	0
scaffold4	6830000	6840000	1
scaffold4	6840000	6850000	2
scaffold4	6850000	6860000	2
scaffold4	6860000	6870000	1
scaffold4	6870000	6880000	2
scaffold4	6880000	6890000	1
scaffold4	6890000	6900000	0
scaffold4	6900000	6910000	1
scaffold4	6910000	6920000	1
scaffold4	6920000	6930000	1
scaffold4	6930000	6940000	0
scaffold4	6940000	6950000	1
scaffold4	6950000	6960000	3
scaffold4	6960000	6970000	2
scaffold4	6970000	6980000	3
scaffold4	6980000	6990000	0
scaffold4	6990000	7000000	0
scaffold4	7000000	7010000	0
scaffold4	7010000	7020000	0
scaffold4	7020000	7030000	0
scaffold4	7030000	7040000	0
scaffold4	7040000	7050000	2
scaffold4	7050000	7060000	2
scaffold4	7060000	7070000	2
scaffold4	7070000	7080000	2
scaffold4	7080000	7090000	1
scaffold4	7090000	7100000	1
scaffold4	7100000	7110000	0
scaffold4	7110000	7120000	1
scaffold4	7120000	7130000	2
scaffold4	7130000	7140000	1
scaffold4	7140000	7150000	2
scaffold4	7150000	7160000	0
scaffold4	7160000	7170000	1
scaffold4	7170000	7180000	1
scaffold4	7180000	7190000	1
scaffold4	7190000	7200000	1
scaffold4	7200000	7210000	2
scaffold4	7210000	7220000	2
scaffold4	7220000	7230000	2
scaffold4	7230000	7240000	3
scaffold4	7240000	7250000	1
scaffold4	7250000	7260000	2
scaffold4	7260000	7270000	2
scaffold4	7270000	7280000	1
scaffold4	7280000	7290000	3
scaffold4	7290000	7300000	3
scaffold4	7300000	7310000	3
scaffold4	7310000	7320000	1
scaffold4	7320000	7330000	2
scaffold4	7330000	7340000	1
scaffold4	7340000	7350000	3
scaffold4	7350000	7360000	0
scaffold4	7360000	7370000	0
scaffold4	7370000	7380000	0
scaffold4	7380000	7390000	0
scaffold4	7390000	7400000	2
scaffold4	7400000	7410000	1
scaffold4	7410000	7420000	1
scaffold4	7420000	7430000	1
scaffold4	7430000	7440000	1
scaffold4	7440000	7450000	1
scaffold4	7450000	7460000	2
scaffold4	7460000	7470000	3
scaffold4	7470000	7480000	1
scaffold4	7480000	7490000	0
scaffold4	7490000	7500000	0
scaffold4	7500000	7510000	0
scaffold4	7510000	7520000	0
scaffold4	7520000	7530000	0
scaffold4	7530000	7540000	1
scaffold4	7540000	7550000	2
scaffold4	7550000	7560000	1
scaffold4	7560000	7570000	1
scaffold4	7570000	7580000	0
scaffold4	7580000	7590000	0
scaffold4	7590000	7600000	0
scaffold4	7600000	7610000	0
scaffold4	7610000	7620000	1
scaffold4	7620000	7630000	1
scaffold4	7630000	7640000	1
scaffold4	7640000	7650000	0
scaffold4	7650000	7660000	0
scaffold4	7660000	7670000	0
scaffold4	7670000	7680000	1
scaffold4	7680000	7690000	2
scaffold4	7690000	7700000	1
scaffold4	7700000	7710000	2
scaffold4	7710000	7720000	0
scaffold4	7720000	7730000	0
scaffold4	7730000	7740000	0
scaffold4	7740000	7750000	0
scaffold4	7750000	7760000	0
scaffold4	7760000	7770000	0
scaffold4	7770000	7780000	2
scaffold4	7780000	7790000	2
scaffold4	7790000	7800000	0
scaffold4	7800000	7810000	1
scaffold4	7810000	7820000	3
scaffold4	7820000	7830000	3
scaffold4	7830000	7840000	3
scaffold4	7840000	7850000	1
scaffold4	7850000	7860000	1
scaffold4	7860000	7870000	1
scaffold4	7870000	7880000	2
scaffold4	7880000	7890000	1
scaffold4	7890000	7900000	2
scaffold4	7900000	7910000	2
scaffold4	7910000	7920000	2
scaffold4	7920000	7930000	1
scaffold4	7930000	7940000	1
scaffold4	7940000	7950000	1
scaffold4	7950000	7960000	1
scaffold4	7960000	7970000	1
scaffold4	7970000	7980000	1
scaffold4	7980000	7990000	2
scaffold4	7990000	8000000	0
scaffold4	8000000	8010000	0
scaffold4	8010000	8020000	0
scaffold4	8020000	8030000	1
scaffold4	8030000	8040000	2
scaffold4	8040000	8050000	2
scaffold4	8050000	8060000	1
scaffold4	8060000	8070000	2
scaffold4	8070000	8080000	1
scaffold4	8080000	8090000	1
scaffold4	8090000	8100000	0
scaffold4	8100000	8110000	0
scaffold4	8110000	8120000	0
scaffold4	8120000	8130000	0
scaffold4	8130000	8140000	4
scaffold4	8140000	8150000	2
scaffold4	8150000	8160000	2
scaffold4	8160000	8170000	2
scaffold4	8170000	8180000	2
scaffold4	8180000	8190000	2
scaffold4	8190000	8200000	1
scaffold4	8200000	8210000	1
scaffold4	8210000	8220000	2
scaffold4	8220000	8230000	1
scaffold4	8230000	8240000	1
scaffold4	8240000	8250000	1
scaffold4	8250000	8260000	1
scaffold4	8260000	8270000	1
scaffold4	8270000	8280000	1
scaffold4	8280000	8290000	1
scaffold4	8290000	8300000	1
scaffold4	8300000	8310000	0
scaffold4	8310000	8320000	0
scaffold4	8320000	8330000	0
scaffold4	8330000	8340000	0
scaffold4	8340000	8350000	0
scaffold4	8350000	8360000	0
scaffold4	8360000	8370000	0
scaffold4	8370000	8380000	2
scaffold4	8380000	8390000	2
scaffold4	8390000	8400000	2
scaffold4	8400000	8410000	3
scaffold4	8410000	8420000	2
scaffold4	8420000	8430000	1
scaffold4	8430000	8440000	1
scaffold4	8440000	8450000	2
scaffold4	8450000	8460000	1
scaffold4	8460000	8470000	1
scaffold4	8470000	8480000	1
scaffold4	8480000	8490000	3
scaffold4	8490000	8500000	1
scaffold4	8500000	8510000	1
scaffold4	8510000	8520000	1
scaffold4	8520000	8530000	1
scaffold4	8530000	8540000	2
scaffold4	8540000	8550000	2
scaffold4	8550000	8560000	1
scaffold4	8560000	8570000	1
scaffold4	8570000	8580000	1
scaffold4	8580000	8590000	1
scaffold4	8590000	8600000	1
scaffold4	8600000	8610000	1
scaffold4	8610000	8620000	2
scaffold4	8620000	8630000	0
scaffold4	8630000	8640000	1
scaffold4	8640000	8650000	3
scaffold4	8650000	8660000	2
scaffold4	8660000	8670000	2
scaffold4	8670000	8680000	3
scaffold4	8680000	8690000	1
scaffold4	8690000	8700000	1
scaffold4	8700000	8710000	2
scaffold4	8710000	8720000	1
scaffold4	8720000	8730000	1
scaffold4	8730000	8740000	2
scaffold4	8740000	8750000	1
scaffold4	8750000	8760000	2
scaffold4	8760000	8770000	1
scaffold4	8770000	8780000	1
scaffold4	8780000	8790000	1
scaffold4	8790000	8800000	2
scaffold4	8800000	8810000	2
scaffold4	8810000	8820000	1
scaffold4	8820000	8830000	1
scaffold4	8830000	8840000	2
scaffold4	8840000	8850000	2
scaffold4	8850000	8860000	0
scaffold4	8860000	8870000	2
scaffold4	8870000	8880000	3
scaffold4	8880000	8890000	1
scaffold4	8890000	8900000	0
scaffold4	8900000	8910000	0
scaffold4	8910000	8920000	1
scaffold4	8920000	8930000	2
scaffold4	8930000	8940000	1
scaffold4	8940000	8950000	1
scaffold4	8950000	8960000	1
scaffold4	8960000	8970000	1
scaffold4	8970000	8980000	1
scaffold4	8980000	8990000	4
scaffold4	8990000	9000000	1
scaffold4	9000000	9010000	2
scaffold4	9010000	9020000	1
scaffold4	9020000	9030000	1
scaffold4	9030000	9040000	2
scaffold4	9040000	9050000	2
scaffold4	9050000	9060000	2
scaffold4	9060000	9070000	2
scaffold4	9070000	9080000	1
scaffold4	9080000	9090000	1
scaffold4	9090000	9100000	2
scaffold4	9100000	9110000	2
scaffold4	9110000	9120000	2
scaffold4	9120000	9130000	2
scaffold4	9130000	9140000	1
scaffold4	9140000	9150000	1
scaffold4	9150000	9160000	1
scaffold4	9160000	9170000	2
scaffold4	9170000	9180000	0
scaffold4	9180000	9190000	0
scaffold4	9190000	9200000	1
scaffold4	9200000	9210000	0
scaffold4	9210000	9220000	3
scaffold4	9220000	9230000	2
scaffold4	9230000	9240000	2
scaffold4	9240000	9250000	3
scaffold4	9250000	9260000	1
scaffold4	9260000	9270000	2
scaffold4	9270000	9280000	1
scaffold4	9280000	9290000	1
scaffold4	9290000	9300000	2
scaffold4	9300000	9310000	1
scaffold4	9310000	9320000	1
scaffold4	9320000	9330000	1
scaffold4	9330000	9340000	1
scaffold4	9340000	9350000	0
scaffold4	9350000	9360000	0
scaffold4	9360000	9370000	1
scaffold4	9370000	9380000	2
scaffold4	9380000	9390000	0
scaffold4	9390000	9400000	1
scaffold4	9400000	9410000	2
scaffold4	9410000	9420000	0
scaffold4	9420000	9430000	0
scaffold4	9430000	9440000	0
scaffold4	9440000	9450000	0
scaffold4	9450000	9460000	0
scaffold4	9460000	9470000	1
scaffold4	9470000	9480000	0
scaffold4	9480000	9490000	0
scaffold4	9490000	9500000	0
scaffold4	9500000	9510000	1
scaffold4	9510000	9520000	1
scaffold4	9520000	9530000	1
scaffold4	9530000	9540000	1
scaffold4	9540000	9550000	0
scaffold4	9550000	9560000	0
scaffold4	9560000	9570000	1
scaffold4	9570000	9580000	1
scaffold4	9580000	9590000	3
scaffold4	9590000	9600000	1
scaffold4	9600000	9610000	1
scaffold4	9610000	9620000	2
scaffold4	9620000	9630000	1
scaffold4	9630000	9640000	1
scaffold4	9640000	9650000	1
scaffold4	9650000	9660000	1
scaffold4	9660000	9670000	2
scaffold4	9670000	9680000	2
scaffold4	9680000	9690000	2
scaffold4	9690000	9700000	3
scaffold4	9700000	9710000	2
scaffold4	9710000	9720000	1
scaffold4	9720000	9730000	2
scaffold4	9730000	9740000	1
scaffold4	9740000	9750000	1
scaffold4	9750000	9760000	3
scaffold4	9760000	9770000	3
scaffold4	9770000	9780000	3
scaffold4	9780000	9790000	1
scaffold4	9790000	9800000	0
scaffold4	9800000	9810000	1
scaffold4	9810000	9820000	1
scaffold4	9820000	9830000	1
scaffold4	9830000	9840000	1
scaffold4	9840000	9850000	2
scaffold4	9850000	9860000	1
scaffold4	9860000	9870000	3
scaffold4	9870000	9880000	3
scaffold4	9880000	9890000	3
scaffold4	9890000	9900000	2
scaffold4	9900000	9910000	1
scaffold4	9910000	9920000	1
scaffold4	9920000	9930000	2
scaffold4	9930000	9940000	2
scaffold4	9940000	9950000	1
scaffold4	9950000	9960000	1
scaffold4	9960000	9970000	1
scaffold4	9970000	9980000	1
scaffold4	9980000	9990000	1
scaffold4	9990000	10000000	0
scaffold4	10000000	10010000	0
scaffold4	10010000	10020000	1
scaffold4	10020000	10030000	1
scaffold4	10030000	10040000	1
scaffold4	10040000	10050000	1
scaffold4	10050000	10060000	2
scaffold4	10060000	10070000	1
scaffold4	10070000	10080000	1
scaffold4	10080000	10090000	1
scaffold4	10090000	10100000	1
scaffold4	10100000	10110000	2
scaffold4	10110000	10120000	3
scaffold4	10120000	10130000	2
scaffold4	10130000	10140000	1
scaffold4	10140000	10150000	1
scaffold4	10150000	10160000	1
scaffold4	10160000	10170000	2
scaffold4	10170000	10180000	1
scaffold4	10180000	10190000	1
scaffold4	10190000	10200000	0
scaffold4	10200000	10210000	3
scaffold4	10210000	10220000	1
scaffold4	10220000	10230000	2
scaffold4	10230000	10240000	2
scaffold4	10240000	10250000	1
scaffold4	10250000	10260000	1
scaffold4	10260000	10270000	2
scaffold4	10270000	10280000	3
scaffold4	10280000	10290000	3
scaffold4	10290000	10300000	0
scaffold4	10300000	10310000	0
scaffold4	10310000	10320000	0
scaffold4	10320000	10330000	0
scaffold4	10330000	10340000	1
scaffold4	10340000	10350000	1
scaffold4	10350000	10360000	1
scaffold4	10360000	10370000	2
scaffold4	10370000	10380000	2
scaffold4	10380000	10390000	0
scaffold4	10390000	10400000	0
scaffold4	10400000	10410000	1
scaffold4	10410000	10420000	2
scaffold4	10420000	10430000	2
scaffold4	10430000	10440000	2
scaffold4	10440000	10450000	1
scaffold4	10450000	10460000	1
scaffold4	10460000	10470000	2
scaffold4	10470000	10480000	2
scaffold4	10480000	10490000	2
scaffold4	10490000	10500000	3
scaffold4	10500000	10510000	1
scaffold4	10510000	10520000	1
scaffold4	10520000	10530000	4
scaffold4	10530000	10540000	1
scaffold4	10540000	10550000	2
scaffold4	10550000	10560000	2
scaffold4	10560000	10570000	2
scaffold4	10570000	10580000	1
scaffold4	10580000	10590000	2
scaffold4	10590000	10600000	1
scaffold4	10600000	10610000	1
scaffold4	10610000	10620000	2
scaffold4	10620000	10630000	1
scaffold4	10630000	10640000	2
scaffold4	10640000	10650000	1
scaffold4	10650000	10660000	0
scaffold4	10660000	10670000	1
scaffold4	10670000	10680000	1
scaffold4	10680000	10690000	2
scaffold4	10690000	10700000	2
scaffold4	10700000	10710000	2
scaffold4	10710000	10720000	1
scaffold4	10720000	10730000	1
scaffold4	10730000	10740000	2
scaffold4	10740000	10750000	0
scaffold4	10750000	10760000	0
scaffold4	10760000	10770000	0
scaffold4	10770000	10780000	1
scaffold4	10780000	10790000	2
scaffold4	10790000	10800000	1
scaffold4	10800000	10810000	0
scaffold4	10810000	10820000	0
scaffold4	10820000	10830000	2
scaffold4	10830000	10840000	1
scaffold4	10840000	10850000	1
scaffold4	10850000	10860000	2
scaffold4	10860000	10870000	2
scaffold4	10870000	10880000	1
scaffold4	10880000	10890000	1
scaffold4	10890000	10900000	1
scaffold4	10900000	10910000	2
scaffold4	10910000	10920000	2
scaffold4	10920000	10930000	1
scaffold4	10930000	10940000	2
scaffold4	10940000	10950000	1
scaffold4	10950000	10960000	1
scaffold4	10960000	10970000	1
scaffold4	10970000	10980000	0
scaffold4	10980000	10990000	0
scaffold4	10990000	11000000	0
scaffold4	11000000	11010000	1
scaffold4	11010000	11020000	2
scaffold4	11020000	11030000	3
scaffold4	11030000	11040000	1
scaffold4	11040000	11050000	1
scaffold4	11050000	11060000	3
scaffold4	11060000	11070000	1
scaffold4	11070000	11080000	1
scaffold4	11080000	11090000	1
scaffold4	11090000	11100000	1
scaffold4	11100000	11110000	2
scaffold4	11110000	11120000	1
scaffold4	11120000	11130000	4
scaffold4	11130000	11140000	1
scaffold4	11140000	11150000	0
scaffold4	11150000	11160000	0
scaffold4	11160000	11170000	0
scaffold4	11170000	11180000	0
scaffold4	11180000	11190000	1
scaffold4	11190000	11200000	1
scaffold4	11200000	11210000	0
scaffold4	11210000	11220000	1
scaffold4	11220000	11230000	3
scaffold4	11230000	11240000	1
scaffold4	11240000	11250000	1
scaffold4	11250000	11260000	1
scaffold4	11260000	11270000	2
scaffold4	11270000	11280000	1
scaffold4	11280000	11290000	2
scaffold4	11290000	11300000	2
scaffold4	11300000	11310000	1
scaffold4	11310000	11320000	1
scaffold4	11320000	11330000	1
scaffold4	11330000	11340000	1
scaffold4	11340000	11350000	1
scaffold4	11350000	11360000	0
scaffold4	11360000	11370000	0
scaffold4	11370000	11380000	0
scaffold4	11380000	11390000	0
scaffold4	11390000	11400000	1
scaffold4	11400000	11410000	0
scaffold4	11410000	11420000	0
scaffold4	11420000	11430000	0
scaffold4	11430000	11440000	1
scaffold4	11440000	11450000	2
scaffold4	11450000	11460000	3
scaffold4	11460000	11470000	1
scaffold4	11470000	11480000	1
scaffold4	11480000	11490000	1
scaffold4	11490000	11500000	1
scaffold4	11500000	11510000	0
scaffold4	11510000	11520000	1
scaffold4	11520000	11530000	2
scaffold4	11530000	11540000	2
scaffold4	11540000	11550000	3
scaffold4	11550000	11560000	1
scaffold4	11560000	11570000	1
scaffold4	11570000	11580000	3
scaffold4	11580000	11590000	3
scaffold4	11590000	11600000	1
scaffold4	11600000	11610000	2
scaffold4	11610000	11620000	1
scaffold4	11620000	11630000	2
scaffold4	11630000	11640000	2
scaffold4	11640000	11650000	1
scaffold4	11650000	11660000	0
scaffold4	11660000	11670000	1
scaffold4	11670000	11680000	1
scaffold4	11680000	11690000	1
scaffold4	11690000	11700000	1
scaffold4	11700000	11710000	1
scaffold4	11710000	11720000	2
scaffold4	11720000	11730000	1
scaffold4	11730000	11740000	1
scaffold4	11740000	11750000	1
scaffold4	11750000	11760000	4
scaffold4	11760000	11770000	2
scaffold4	11770000	11780000	2
scaffold4	11780000	11790000	1
scaffold4	11790000	11800000	1
scaffold4	11800000	11810000	3
scaffold4	11810000	11820000	0
scaffold4	11820000	11830000	0
scaffold4	11830000	11840000	0
scaffold4	11840000	11850000	2
scaffold4	11850000	11860000	2
scaffold4	11860000	11870000	1
scaffold4	11870000	11880000	0
scaffold4	11880000	11890000	1
scaffold4	11890000	11900000	1
scaffold4	11900000	11910000	2
scaffold4	11910000	11920000	1
scaffold4	11920000	11930000	2
scaffold4	11930000	11940000	1
scaffold4	11940000	11950000	1
scaffold4	11950000	11960000	2
scaffold4	11960000	11970000	1
scaffold4	11970000	11980000	2
scaffold4	11980000	11990000	2
scaffold4	11990000	12000000	0
scaffold4	12000000	12010000	0
scaffold4	12010000	12020000	0
scaffold4	12020000	12030000	2
scaffold4	12030000	12040000	2
scaffold4	12040000	12050000	2
scaffold4	12050000	12060000	2
scaffold4	12060000	12070000	1
scaffold4	12070000	12080000	2
scaffold4	12080000	12090000	0
scaffold4	12090000	12100000	0
scaffold4	12100000	12110000	1
scaffold4	12110000	12120000	1
scaffold4	12120000	12130000	1
scaffold4	12130000	12140000	2
scaffold4	12140000	12150000	1
scaffold4	12150000	12160000	1
scaffold4	12160000	12170000	1
scaffold4	12170000	12180000	1
scaffold4	12180000	12190000	1
scaffold4	12190000	12200000	2
scaffold4	12200000	12210000	1
scaffold4	12210000	12220000	1
scaffold4	12220000	12230000	1
scaffold4	12230000	12240000	1
scaffold4	12240000	12250000	1
scaffold4	12250000	12260000	0
scaffold4	12260000	12270000	0
scaffold4	12270000	12280000	1
scaffold4	12280000	12290000	3
scaffold4	12290000	12300000	1
scaffold4	12300000	12310000	0
scaffold4	12310000	12320000	2
scaffold4	12320000	12330000	1
scaffold4	12330000	12340000	2
scaffold4	12340000	12350000	3
scaffold4	12350000	12360000	2
scaffold4	12360000	12370000	1
scaffold4	12370000	12380000	3
scaffold4	12380000	12390000	1
scaffold4	12390000	12400000	3
scaffold4	12400000	12410000	1
scaffold4	12410000	12420000	2
scaffold4	12420000	12430000	2
scaffold4	12430000	12440000	1
scaffold4	12440000	12450000	1
scaffold4	12450000	12460000	1
scaffold4	12460000	12470000	1
scaffold4	12470000	12480000	2
scaffold4	12480000	12490000	2
scaffold4	12490000	12500000	1
scaffold4	12500000	12510000	1
scaffold4	12510000	12520000	1
scaffold4	12520000	12530000	1
scaffold4	12530000	12540000	1
scaffold4	12540000	12550000	1
scaffold4	12550000	12560000	0
scaffold4	12560000	12570000	1
scaffold4	12570000	12580000	1
scaffold4	12580000	12590000	1
scaffold4	12590000	12600000	1
scaffold4	12600000	12610000	2
scaffold4	12610000	12620000	1
scaffold4	12620000	12630000	1
scaffold4	12630000	12640000	2
scaffold4	12640000	12650000	1
scaffold4	12650000	12660000	2
scaffold4	12660000	12670000	1
scaffold4	12670000	12680000	0
scaffold4	12680000	12690000	1
scaffold4	12690000	12700000	1
scaffold4	12700000	12710000	1
scaffold4	12710000	12720000	1
scaffold4	12720000	12730000	1
scaffold4	12730000	12740000	0
scaffold4	12740000	12750000	0
scaffold4	12750000	12760000	1
scaffold4	12760000	12770000	1
scaffold4	12770000	12780000	1
scaffold4	12780000	12790000	1
scaffold4	12790000	12800000	1
scaffold4	12800000	12810000	0
scaffold4	12810000	12820000	0
scaffold4	12820000	12830000	0
scaffold4	12830000	12840000	0
scaffold4	12840000	12850000	0
scaffold4	12850000	12860000	0
scaffold4	12860000	12870000	2
scaffold4	12870000	12880000	3
scaffold4	12880000	12890000	2
scaffold4	12890000	12900000	0
scaffold4	12900000	12910000	0
scaffold4	12910000	12920000	0
scaffold4	12920000	12930000	0
scaffold4	12930000	12940000	1
scaffold4	12940000	12950000	1
scaffold4	12950000	12960000	1
scaffold4	12960000	12970000	3
scaffold4	12970000	12980000	0
scaffold4	12980000	12990000	2
scaffold4	12990000	13000000	2
scaffold4	13000000	13010000	2
scaffold4	13010000	13020000	1
scaffold4	13020000	13030000	1
scaffold4	13030000	13040000	1
scaffold4	13040000	13050000	1
scaffold4	13050000	13060000	1
scaffold4	13060000	13070000	1
scaffold4	13070000	13080000	1
scaffold4	13080000	13090000	1
scaffold4	13090000	13100000	1
scaffold4	13100000	13110000	2
scaffold4	13110000	13120000	2
scaffold4	13120000	13130000	1
scaffold4	13130000	13140000	1
scaffold4	13140000	13150000	3
scaffold4	13150000	13160000	1
scaffold4	13160000	13170000	0
scaffold4	13170000	13180000	1
scaffold4	13180000	13190000	1
scaffold4	13190000	13200000	1
scaffold4	13200000	13210000	2
scaffold4	13210000	13220000	1
scaffold4	13220000	13230000	2
scaffold4	13230000	13240000	1
scaffold4	13240000	13250000	2
scaffold4	13250000	13260000	1
scaffold4	13260000	13270000	1
scaffold4	13270000	13280000	0
scaffold4	13280000	13290000	1
scaffold4	13290000	13300000	0
scaffold4	13300000	13310000	0
scaffold4	13310000	13320000	0
scaffold4	13320000	13330000	0
scaffold4	13330000	13340000	1
scaffold4	13340000	13350000	2
scaffold4	13350000	13360000	1
scaffold4	13360000	13370000	1
scaffold4	13370000	13380000	2
scaffold4	13380000	13390000	1
scaffold4	13390000	13400000	1
scaffold4	13400000	13410000	2
scaffold4	13410000	13420000	2
scaffold4	13420000	13430000	1
scaffold4	13430000	13440000	1
scaffold4	13440000	13450000	2
scaffold4	13450000	13460000	2
scaffold4	13460000	13470000	1
scaffold4	13470000	13480000	1
scaffold4	13480000	13490000	1
scaffold4	13490000	13500000	1
scaffold4	13500000	13510000	1
scaffold4	13510000	13520000	1
scaffold4	13520000	13530000	1
scaffold4	13530000	13540000	1
scaffold4	13540000	13550000	2
scaffold4	13550000	13560000	1
scaffold4	13560000	13570000	1
scaffold4	13570000	13580000	0
scaffold4	13580000	13590000	0
scaffold4	13590000	13600000	0
scaffold4	13600000	13610000	1
scaffold4	13610000	13620000	1
scaffold4	13620000	13630000	1
scaffold4	13630000	13640000	2
scaffold4	13640000	13650000	1
scaffold4	13650000	13660000	1
scaffold4	13660000	13670000	1
scaffold4	13670000	13680000	1
scaffold4	13680000	13690000	2
scaffold4	13690000	13700000	1
scaffold4	13700000	13710000	2
scaffold4	13710000	13720000	2
scaffold4	13720000	13730000	1
scaffold4	13730000	13740000	2
scaffold4	13740000	13750000	1
scaffold4	13750000	13760000	1
scaffold4	13760000	13770000	1
scaffold4	13770000	13780000	1
scaffold4	13780000	13790000	1
scaffold4	13790000	13800000	1
scaffold4	13800000	13810000	1
scaffold4	13810000	13820000	1
scaffold4	13820000	13830000	1
scaffold4	13830000	13840000	1
scaffold4	13840000	13850000	1
scaffold4	13850000	13860000	1
scaffold4	13860000	13870000	0
scaffold4	13870000	13880000	0
scaffold4	13880000	13890000	0
scaffold4	13890000	13900000	0
scaffold4	13900000	13910000	1
scaffold4	13910000	13920000	1
scaffold4	13920000	13930000	1
scaffold4	13930000	13940000	2
scaffold4	13940000	13950000	0
scaffold4	13950000	13960000	1
scaffold4	13960000	13970000	1
scaffold4	13970000	13980000	1
scaffold4	13980000	13990000	1
scaffold4	13990000	14000000	4
scaffold4	14000000	14010000	1
scaffold4	14010000	14020000	1
scaffold4	14020000	14030000	1
scaffold4	14030000	14040000	1
scaffold4	14040000	14050000	3
scaffold4	14050000	14060000	0
scaffold4	14060000	14070000	0
scaffold4	14070000	14080000	2
scaffold4	14080000	14090000	2
scaffold4	14090000	14100000	1
scaffold4	14100000	14110000	2
scaffold4	14110000	14120000	1
scaffold4	14120000	14130000	1
scaffold4	14130000	14140000	1
scaffold4	14140000	14150000	1
scaffold4	14150000	14160000	1
scaffold4	14160000	14170000	0
scaffold4	14170000	14180000	2
scaffold4	14180000	14190000	2
scaffold4	14190000	14200000	2
scaffold4	14200000	14210000	3
scaffold4	14210000	14220000	2
scaffold4	14220000	14230000	1
scaffold4	14230000	14240000	1
scaffold4	14240000	14250000	1
scaffold4	14250000	14260000	1
scaffold4	14260000	14270000	1
scaffold4	14270000	14280000	1
scaffold4	14280000	14290000	1
scaffold4	14290000	14300000	2
scaffold4	14300000	14310000	2
scaffold4	14310000	14320000	2
scaffold4	14320000	14330000	2
scaffold4	14330000	14340000	2
scaffold4	14340000	14350000	2
scaffold4	14350000	14360000	0
scaffold4	14360000	14370000	0
scaffold4	14370000	14380000	1
scaffold4	14380000	14390000	0
scaffold4	14390000	14400000	0
scaffold4	14400000	14410000	0
scaffold4	14410000	14420000	0
scaffold4	14420000	14430000	1
scaffold4	14430000	14440000	1
scaffold4	14440000	14450000	1
scaffold4	14450000	14460000	0
scaffold4	14460000	14470000	1
scaffold4	14470000	14480000	1
scaffold4	14480000	14490000	0
scaffold4	14490000	14500000	0
scaffold4	14500000	14510000	0
scaffold4	14510000	14520000	0
scaffold4	14520000	14530000	1
scaffold4	14530000	14540000	3
scaffold4	14540000	14550000	1
scaffold4	14550000	14560000	3
scaffold4	14560000	14570000	2
scaffold4	14570000	14580000	1
scaffold4	14580000	14590000	0
scaffold4	14590000	14600000	1
scaffold4	14600000	14610000	1
scaffold4	14610000	14620000	1
scaffold4	14620000	14630000	3
scaffold4	14630000	14640000	2
scaffold4	14640000	14650000	2
scaffold4	14650000	14660000	1
scaffold4	14660000	14670000	2
scaffold4	14670000	14680000	1
scaffold4	14680000	14690000	1
scaffold4	14690000	14700000	1
scaffold4	14700000	14710000	2
scaffold4	14710000	14720000	0
scaffold4	14720000	14730000	0
scaffold4	14730000	14740000	1
scaffold4	14740000	14750000	1
scaffold4	14750000	14760000	1
scaffold4	14760000	14770000	2
scaffold4	14770000	14780000	2
scaffold4	14780000	14790000	1
scaffold4	14790000	14800000	2
scaffold4	14800000	14810000	1
scaffold4	14810000	14820000	1
scaffold4	14820000	14830000	0
scaffold4	14830000	14840000	0
scaffold4	14840000	14850000	1
scaffold4	14850000	14860000	0
scaffold4	14860000	14870000	0
scaffold4	14870000	14880000	0
scaffold4	14880000	14890000	1
scaffold4	14890000	14900000	0
scaffold4	14900000	14910000	0
scaffold4	14910000	14920000	0
scaffold4	14920000	14930000	2
scaffold4	14930000	14940000	2
scaffold4	14940000	14950000	0
scaffold4	14950000	14960000	1
scaffold4	14960000	14970000	2
scaffold4	14970000	14980000	2
scaffold4	14980000	14990000	1
scaffold4	14990000	15000000	1
scaffold4	15000000	15010000	1
scaffold4	15010000	15020000	1
scaffold4	15020000	15030000	1
scaffold4	15030000	15040000	1
scaffold4	15040000	15050000	0
scaffold4	15050000	15060000	0
scaffold4	15060000	15070000	0
scaffold4	15070000	15080000	1
scaffold4	15080000	15090000	2
scaffold4	15090000	15100000	1
scaffold4	15100000	15110000	1
scaffold4	15110000	15120000	1
scaffold4	15120000	15130000	1
scaffold4	15130000	15140000	1
scaffold4	15140000	15150000	1
scaffold4	15150000	15160000	1
scaffold4	15160000	15170000	1
scaffold4	15170000	15180000	2
scaffold4	15180000	15190000	2
scaffold4	15190000	15200000	1
scaffold4	15200000	15210000	0
scaffold4	15210000	15220000	1
scaffold4	15220000	15230000	3
scaffold4	15230000	15240000	0
scaffold4	15240000	15250000	0
scaffold4	15250000	15260000	0
scaffold4	15260000	15270000	0
scaffold4	15270000	15280000	0
scaffold4	15280000	15290000	2
scaffold4	15290000	15300000	1
scaffold4	15300000	15310000	1
scaffold4	15310000	15320000	1
scaffold4	15320000	15330000	1
scaffold4	15330000	15340000	1
scaffold4	15340000	15350000	1
scaffold4	15350000	15360000	1
scaffold4	15360000	15370000	1
scaffold4	15370000	15380000	1
scaffold4	15380000	15390000	2
scaffold4	15390000	15400000	1
scaffold4	15400000	15410000	1
scaffold4	15410000	15420000	2
scaffold4	15420000	15430000	0
scaffold4	15430000	15440000	0
scaffold4	15440000	15450000	0
scaffold4	15450000	15460000	0
scaffold4	15460000	15470000	0
scaffold4	15470000	15480000	0
scaffold4	15480000	15490000	0
scaffold4	15490000	15500000	0
scaffold4	15500000	15510000	1
scaffold4	15510000	15520000	1
scaffold4	15520000	15530000	1
scaffold4	15530000	15540000	1
scaffold4	15540000	15550000	0
scaffold4	15550000	15560000	0
scaffold4	15560000	15570000	0
scaffold4	15570000	15580000	0
scaffold4	15580000	15590000	0
scaffold4	15590000	15600000	0
scaffold4	15600000	15610000	0
scaffold4	15610000	15620000	0
scaffold4	15620000	15630000	0
scaffold4	15630000	15640000	0
scaffold4	15640000	15650000	1
scaffold4	15650000	15660000	0
scaffold4	15660000	15670000	1
scaffold4	15670000	15680000	1
scaffold4	15680000	15690000	1
scaffold4	15690000	15700000	1
scaffold4	15700000	15710000	1
scaffold4	15710000	15720000	1
scaffold4	15720000	15730000	1
scaffold4	15730000	15740000	1
scaffold4	15740000	15750000	1
scaffold4	15750000	15760000	1
scaffold4	15760000	15770000	0
scaffold4	15770000	15780000	0
scaffold4	15780000	15790000	0
scaffold4	15790000	15800000	0
scaffold4	15800000	15810000	1
scaffold4	15810000	15820000	1
scaffold4	15820000	15830000	2
scaffold4	15830000	15840000	1
scaffold4	15840000	15850000	1
scaffold4	15850000	15860000	2
scaffold4	15860000	15870000	2
scaffold4	15870000	15880000	1
scaffold4	15880000	15890000	2
scaffold4	15890000	15900000	0
scaffold4	15900000	15910000	1
scaffold4	15910000	15920000	2
scaffold4	15920000	15930000	0
scaffold4	15930000	15940000	0
scaffold4	15940000	15950000	1
scaffold4	15950000	15960000	1
scaffold4	15960000	15970000	1
scaffold4	15970000	15980000	2
scaffold4	15980000	15990000	1
scaffold4	15990000	16000000	1
scaffold4	16000000	16010000	1
scaffold4	16010000	16020000	0
scaffold4	16020000	16030000	0
scaffold4	16030000	16040000	0
scaffold4	16040000	16050000	0
scaffold4	16050000	16060000	0
scaffold4	16060000	16070000	0
scaffold4	16070000	16080000	1
scaffold4	16080000	16090000	1
scaffold4	16090000	16100000	1
scaffold4	16100000	16110000	1
scaffold4	16110000	16120000	0
scaffold4	16120000	16130000	0
scaffold4	16130000	16140000	1
scaffold4	16140000	16150000	1
scaffold4	16150000	16160000	1
scaffold4	16160000	16170000	1
scaffold4	16170000	16180000	1
scaffold4	16180000	16190000	1
scaffold4	16190000	16200000	1
scaffold4	16200000	16210000	2
scaffold4	16210000	16220000	1
scaffold4	16220000	16230000	3
scaffold4	16230000	16240000	1
scaffold4	16240000	16250000	1
scaffold4	16250000	16260000	2
scaffold4	16260000	16270000	1
scaffold4	16270000	16280000	1
scaffold4	16280000	16290000	2
scaffold4	16290000	16300000	2
scaffold4	16300000	16310000	3
scaffold4	16310000	16320000	2
scaffold4	16320000	16330000	2
scaffold4	16330000	16340000	2
scaffold4	16340000	16350000	1
scaffold4	16350000	16360000	1
scaffold4	16360000	16370000	1
scaffold4	16370000	16380000	1
scaffold4	16380000	16390000	1
scaffold4	16390000	16400000	2
scaffold4	16400000	16410000	2
scaffold4	16410000	16420000	1
scaffold4	16420000	16430000	1
scaffold4	16430000	16440000	1
scaffold4	16440000	16450000	0
scaffold4	16450000	16460000	0
scaffold4	16460000	16470000	1
scaffold4	16470000	16480000	1
scaffold4	16480000	16490000	1
scaffold4	16490000	16500000	1
scaffold4	16500000	16510000	1
scaffold4	16510000	16520000	1
scaffold4	16520000	16530000	1
scaffold4	16530000	16540000	4
scaffold4	16540000	16550000	2
scaffold4	16550000	16560000	1
scaffold4	16560000	16570000	1
scaffold4	16570000	16580000	1
scaffold4	16580000	16590000	1
scaffold4	16590000	16600000	0
scaffold4	16600000	16610000	1
scaffold4	16610000	16620000	1
scaffold4	16620000	16630000	1
scaffold4	16630000	16640000	1
scaffold4	16640000	16650000	2
scaffold4	16650000	16660000	2
scaffold4	16660000	16670000	2
scaffold4	16670000	16680000	1
scaffold4	16680000	16690000	1
scaffold4	16690000	16700000	1
scaffold4	16700000	16710000	2
scaffold4	16710000	16720000	1
scaffold4	16720000	16730000	0
scaffold4	16730000	16740000	0
scaffold4	16740000	16750000	1
scaffold4	16750000	16760000	2
scaffold4	16760000	16770000	2
scaffold4	16770000	16780000	3
scaffold4	16780000	16790000	1
scaffold4	16790000	16800000	0
scaffold4	16800000	16810000	0
scaffold4	16810000	16820000	0
scaffold4	16820000	16830000	1
scaffold4	16830000	16840000	1
scaffold4	16840000	16850000	0
scaffold4	16850000	16860000	0
scaffold4	16860000	16870000	0
scaffold4	16870000	16880000	0
scaffold4	16880000	16890000	1
scaffold4	16890000	16900000	1
scaffold4	16900000	16910000	1
scaffold4	16910000	16920000	2
scaffold4	16920000	16930000	1
scaffold4	16930000	16940000	2
scaffold4	16940000	16950000	1
scaffold4	16950000	16960000	3
scaffold4	16960000	16970000	2
scaffold4	16970000	16980000	1
scaffold4	16980000	16990000	1
scaffold4	16990000	17000000	1
scaffold4	17000000	17010000	1
scaffold4	17010000	17020000	1
scaffold4	17020000	17030000	2
scaffold4	17030000	17040000	3
scaffold4	17040000	17050000	1
scaffold4	17050000	17060000	1
scaffold4	17060000	17070000	1
scaffold4	17070000	17080000	1
scaffold4	17080000	17090000	1
scaffold4	17090000	17100000	1
scaffold4	17100000	17110000	2
scaffold4	17110000	17120000	1
scaffold4	17120000	17130000	0
scaffold4	17130000	17140000	0
scaffold4	17140000	17150000	0
scaffold4	17150000	17160000	0
scaffold4	17160000	17170000	0
scaffold4	17170000	17180000	1
scaffold4	17180000	17190000	1
scaffold4	17190000	17200000	2
scaffold4	17200000	17210000	1
scaffold4	17210000	17220000	0
scaffold4	17220000	17230000	0
scaffold4	17230000	17240000	0
scaffold4	17240000	17250000	0
scaffold4	17250000	17260000	1
scaffold4	17260000	17270000	0
scaffold4	17270000	17280000	0
scaffold4	17280000	17290000	1
scaffold4	17290000	17300000	1
scaffold4	17300000	17310000	1
scaffold4	17310000	17320000	1
scaffold4	17320000	17330000	1
scaffold4	17330000	17340000	1
scaffold4	17340000	17350000	0
scaffold4	17350000	17360000	0
scaffold4	17360000	17370000	0
scaffold4	17370000	17380000	0
scaffold4	17380000	17390000	0
scaffold4	17390000	17400000	0
scaffold4	17400000	17410000	1
scaffold4	17410000	17420000	2
scaffold4	17420000	17430000	1
scaffold4	17430000	17440000	1
scaffold4	17440000	17450000	3
scaffold4	17450000	17460000	2
scaffold4	17460000	17470000	1
scaffold4	17470000	17480000	1
scaffold4	17480000	17490000	1
scaffold4	17490000	17500000	2
scaffold4	17500000	17510000	1
scaffold4	17510000	17520000	1
scaffold4	17520000	17530000	3
scaffold4	17530000	17540000	1
scaffold4	17540000	17550000	2
scaffold4	17550000	17560000	2
scaffold4	17560000	17570000	3
scaffold4	17570000	17580000	2
scaffold4	17580000	17590000	1
scaffold4	17590000	17600000	1
scaffold4	17600000	17610000	1
scaffold4	17610000	17620000	2
scaffold4	17620000	17630000	2
scaffold4	17630000	17640000	1
scaffold4	17640000	17650000	1
scaffold4	17650000	17660000	1
scaffold4	17660000	17670000	1
scaffold4	17670000	17680000	1
scaffold4	17680000	17690000	2
scaffold4	17690000	17700000	1
scaffold4	17700000	17710000	1
scaffold4	17710000	17720000	1
scaffold4	17720000	17730000	0
scaffold4	17730000	17740000	1
scaffold4	17740000	17750000	1
scaffold4	17750000	17760000	1
scaffold4	17760000	17770000	1
scaffold4	17770000	17780000	2
scaffold4	17780000	17790000	2
scaffold4	17790000	17800000	2
scaffold4	17800000	17810000	1
scaffold4	17810000	17820000	1
scaffold4	17820000	17830000	1
scaffold4	17830000	17840000	3
scaffold4	17840000	17850000	1
scaffold4	17850000	17860000	0
scaffold4	17860000	17870000	1
scaffold4	17870000	17880000	2
scaffold4	17880000	17890000	1
scaffold4	17890000	17900000	2
scaffold4	17900000	17910000	1
scaffold4	17910000	17920000	0
scaffold4	17920000	17930000	1
scaffold4	17930000	17940000	1
scaffold4	17940000	17950000	1
scaffold4	17950000	17960000	0
scaffold4	17960000	17970000	0
scaffold4	17970000	17980000	0
scaffold4	17980000	17990000	2
scaffold4	17990000	18000000	2
scaffold4	18000000	18010000	1
scaffold4	18010000	18020000	1
scaffold4	18020000	18030000	2
scaffold4	18030000	18040000	1
scaffold4	18040000	18050000	1
scaffold4	18050000	18060000	0
scaffold4	18060000	18070000	0
scaffold4	18070000	18080000	1
scaffold4	18080000	18090000	0
scaffold4	18090000	18100000	1
scaffold4	18100000	18110000	2
scaffold4	18110000	18120000	3
scaffold4	18120000	18130000	1
scaffold4	18130000	18140000	1
scaffold4	18140000	18150000	1
scaffold4	18150000	18160000	0
scaffold4	18160000	18170000	1
scaffold4	18170000	18180000	1
scaffold4	18180000	18190000	3
scaffold4	18190000	18200000	2
scaffold4	18200000	18210000	3
scaffold4	18210000	18220000	1
scaffold4	18220000	18230000	2
scaffold4	18230000	18240000	2
scaffold4	18240000	18250000	1
scaffold4	18250000	18260000	2
scaffold4	18260000	18270000	2
scaffold4	18270000	18280000	1
scaffold4	18280000	18290000	2
scaffold4	18290000	18300000	2
scaffold4	18300000	18310000	2
scaffold4	18310000	18320000	1
scaffold4	18320000	18330000	1
scaffold4	18330000	18340000	3
scaffold4	18340000	18350000	2
scaffold4	18350000	18360000	2
scaffold4	18360000	18370000	1
scaffold4	18370000	18380000	1
scaffold4	18380000	18390000	1
scaffold4	18390000	18400000	2
scaffold4	18400000	18410000	0
scaffold4	18410000	18420000	0
scaffold4	18420000	18430000	1
scaffold4	18430000	18440000	2
scaffold4	18440000	18450000	1
scaffold4	18450000	18460000	1
scaffold4	18460000	18470000	1
scaffold4	18470000	18480000	1
scaffold4	18480000	18490000	0
scaffold4	18490000	18500000	0
scaffold4	18500000	18510000	2
scaffold4	18510000	18520000	2
scaffold4	18520000	18530000	2
scaffold4	18530000	18540000	1
scaffold4	18540000	18550000	0
scaffold4	18550000	18560000	0
scaffold4	18560000	18570000	1
scaffold4	18570000	18580000	2
scaffold4	18580000	18590000	2
scaffold4	18590000	18600000	1
scaffold4	18600000	18610000	1
scaffold4	18610000	18620000	1
scaffold4	18620000	18630000	1
scaffold4	18630000	18640000	2
scaffold4	18640000	18650000	2
scaffold4	18650000	18660000	1
scaffold4	18660000	18670000	2
scaffold4	18670000	18680000	1
scaffold4	18680000	18690000	0
scaffold4	18690000	18700000	0
scaffold4	18700000	18710000	0
scaffold4	18710000	18720000	0
scaffold4	18720000	18730000	2
scaffold4	18730000	18740000	1
scaffold4	18740000	18750000	1
scaffold4	18750000	18760000	0
scaffold4	18760000	18770000	0
scaffold4	18770000	18780000	1
scaffold4	18780000	18790000	1
scaffold4	18790000	18800000	2
scaffold4	18800000	18810000	1
scaffold4	18810000	18820000	1
scaffold4	18820000	18830000	1
scaffold4	18830000	18840000	2
scaffold4	18840000	18850000	1
scaffold4	18850000	18860000	2
scaffold4	18860000	18870000	2
scaffold4	18870000	18880000	1
scaffold4	18880000	18890000	1
scaffold4	18890000	18900000	0
scaffold4	18900000	18910000	0
scaffold4	18910000	18920000	1
scaffold4	18920000	18930000	1
scaffold4	18930000	18940000	2
scaffold4	18940000	18950000	2
scaffold4	18950000	18960000	1
scaffold4	18960000	18970000	0
scaffold4	18970000	18980000	0
scaffold4	18980000	18990000	0
scaffold4	18990000	19000000	0
scaffold4	19000000	19010000	0
scaffold4	19010000	19020000	0
scaffold4	19020000	19030000	0
scaffold4	19030000	19040000	0
scaffold4	19040000	19050000	0
scaffold4	19050000	19060000	0
scaffold4	19060000	19070000	1
scaffold4	19070000	19080000	2
scaffold4	19080000	19090000	3
scaffold4	19090000	19100000	1
scaffold4	19100000	19110000	2
scaffold4	19110000	19120000	1
scaffold4	19120000	19130000	0
scaffold4	19130000	19140000	1
scaffold4	19140000	19150000	1
scaffold4	19150000	19160000	2
scaffold4	19160000	19170000	1
scaffold4	19170000	19180000	1
scaffold4	19180000	19190000	0
scaffold4	19190000	19200000	0
scaffold4	19200000	19210000	0
scaffold4	19210000	19220000	0
scaffold4	19220000	19230000	0
scaffold4	19230000	19240000	1
scaffold4	19240000	19250000	1
scaffold4	19250000	19260000	1
scaffold4	19260000	19270000	1
scaffold4	19270000	19280000	2
scaffold4	19280000	19290000	2
scaffold4	19290000	19300000	1
scaffold4	19300000	19310000	2
scaffold4	19310000	19320000	0
scaffold4	19320000	19330000	0
scaffold4	19330000	19340000	0
scaffold4	19340000	19350000	0
scaffold4	19350000	19360000	1
scaffold4	19360000	19370000	1
scaffold4	19370000	19380000	2
scaffold4	19380000	19390000	1
scaffold4	19390000	19400000	1
scaffold4	19400000	19410000	1
scaffold4	19410000	19420000	1
scaffold4	19420000	19430000	1
scaffold4	19430000	19440000	2
scaffold4	19440000	19450000	2
scaffold4	19450000	19460000	2
scaffold4	19460000	19470000	1
scaffold4	19470000	19480000	0
scaffold4	19480000	19490000	2
scaffold4	19490000	19500000	1
scaffold4	19500000	19510000	0
scaffold4	19510000	19520000	1
scaffold4	19520000	19530000	3
scaffold4	19530000	19540000	1
scaffold4	19540000	19550000	1
scaffold4	19550000	19560000	1
scaffold4	19560000	19570000	1
scaffold4	19570000	19580000	1
scaffold4	19580000	19590000	1
scaffold4	19590000	19600000	1
scaffold4	19600000	19610000	2
scaffold4	19610000	19620000	3
scaffold4	19620000	19630000	2
scaffold4	19630000	19640000	1
scaffold4	19640000	19650000	1
scaffold4	19650000	19660000	2
scaffold4	19660000	19670000	1
scaffold4	19670000	19680000	2
scaffold4	19680000	19690000	1
scaffold4	19690000	19700000	0
scaffold4	19700000	19710000	1
scaffold4	19710000	19720000	0
scaffold4	19720000	19730000	0
scaffold4	19730000	19740000	1
scaffold4	19740000	19750000	1
scaffold4	19750000	19760000	1
scaffold4	19760000	19770000	1
scaffold4	19770000	19780000	1
scaffold4	19780000	19790000	1
scaffold4	19790000	19800000	1
scaffold4	19800000	19810000	0
scaffold4	19810000	19820000	0
scaffold4	19820000	19830000	1
scaffold4	19830000	19840000	1
scaffold4	19840000	19850000	2
scaffold4	19850000	19860000	1
scaffold4	19860000	19870000	1
scaffold4	19870000	19880000	2
scaffold4	19880000	19890000	2
scaffold4	19890000	19900000	2
scaffold4	19900000	19910000	1
scaffold4	19910000	19920000	1
scaffold4	19920000	19930000	0
scaffold4	19930000	19940000	1
scaffold4	19940000	19950000	1
scaffold4	19950000	19960000	1
scaffold4	19960000	19970000	1
scaffold4	19970000	19980000	2
scaffold4	19980000	19990000	1
scaffold4	19990000	20000000	1
scaffold4	20000000	20010000	1
scaffold4	20010000	20020000	2
scaffold4	20020000	20030000	2
scaffold4	20030000	20040000	2
scaffold4	20040000	20050000	1
scaffold4	20050000	20060000	2
scaffold4	20060000	20070000	0
scaffold4	20070000	20080000	0
scaffold4	20080000	20090000	0
scaffold4	20090000	20100000	1
scaffold4	20100000	20110000	1
scaffold4	20110000	20120000	1
scaffold4	20120000	20130000	2
scaffold4	20130000	20140000	3
scaffold4	20140000	20150000	1
scaffold4	20150000	20160000	1
scaffold4	20160000	20170000	2
scaffold4	20170000	20180000	1
scaffold4	20180000	20190000	1
scaffold4	20190000	20200000	1
scaffold4	20200000	20210000	2
scaffold4	20210000	20220000	0
scaffold4	20220000	20230000	1
scaffold4	20230000	20240000	1
scaffold4	20240000	20250000	1
scaffold4	20250000	20260000	4
scaffold4	20260000	20270000	1
scaffold4	20270000	20280000	1
scaffold4	20280000	20290000	3
scaffold4	20290000	20300000	2
scaffold4	20300000	20310000	2
scaffold4	20310000	20320000	1
scaffold4	20320000	20330000	1
scaffold4	20330000	20340000	3
scaffold4	20340000	20350000	1
scaffold4	20350000	20360000	0
scaffold4	20360000	20370000	1
scaffold4	20370000	20380000	1
scaffold4	20380000	20390000	1
scaffold4	20390000	20400000	1
scaffold4	20400000	20410000	2
scaffold4	20410000	20420000	1
scaffold4	20420000	20430000	2
scaffold4	20430000	20440000	3
scaffold4	20440000	20450000	1
scaffold4	20450000	20460000	0
scaffold4	20460000	20470000	0
scaffold4	20470000	20480000	0
scaffold4	20480000	20490000	0
scaffold4	20490000	20500000	0
scaffold4	20500000	20510000	0
scaffold4	20510000	20520000	0
scaffold4	20520000	20530000	1
scaffold4	20530000	20540000	1
scaffold4	20540000	20550000	1
scaffold4	20550000	20560000	2
scaffold4	20560000	20570000	2
scaffold4	20570000	20580000	2
scaffold4	20580000	20590000	1
scaffold4	20590000	20600000	0
scaffold4	20600000	20610000	0
scaffold4	20610000	20620000	2
scaffold4	20620000	20630000	1
scaffold4	20630000	20640000	2
scaffold4	20640000	20650000	2
scaffold4	20650000	20660000	0
scaffold4	20660000	20670000	0
scaffold4	20670000	20680000	0
scaffold4	20680000	20690000	1
scaffold4	20690000	20700000	1
scaffold4	20700000	20710000	1
scaffold4	20710000	20720000	2
scaffold4	20720000	20730000	1
scaffold4	20730000	20740000	0
scaffold4	20740000	20750000	1
scaffold4	20750000	20760000	2
scaffold4	20760000	20770000	1
scaffold4	20770000	20780000	0
scaffold4	20780000	20790000	0
scaffold4	20790000	20800000	2
scaffold4	20800000	20810000	3
scaffold4	20810000	20820000	2
scaffold4	20820000	20830000	2
scaffold4	20830000	20840000	3
scaffold4	20840000	20850000	2
scaffold4	20850000	20860000	0
scaffold4	20860000	20870000	0
scaffold4	20870000	20880000	0
scaffold4	20880000	20890000	0
scaffold4	20890000	20900000	0
scaffold4	20900000	20910000	1
scaffold4	20910000	20920000	1
scaffold4	20920000	20930000	1
scaffold4	20930000	20940000	0
scaffold4	20940000	20950000	1
scaffold4	20950000	20960000	1
scaffold4	20960000	20970000	1
scaffold4	20970000	20980000	1
scaffold4	20980000	20990000	2
scaffold4	20990000	21000000	1
scaffold4	21000000	21010000	0
scaffold4	21010000	21020000	0
scaffold4	21020000	21030000	0
scaffold4	21030000	21040000	0
scaffold4	21040000	21050000	1
scaffold4	21050000	21060000	1
scaffold4	21060000	21070000	0
scaffold4	21070000	21080000	1
scaffold4	21080000	21090000	1
scaffold4	21090000	21100000	1
scaffold4	21100000	21110000	1
scaffold4	21110000	21120000	1
scaffold4	21120000	21130000	1
scaffold4	21130000	21140000	1
scaffold4	21140000	21150000	1
scaffold4	21150000	21160000	1
scaffold4	21160000	21170000	0
scaffold4	21170000	21180000	0
scaffold4	21180000	21190000	1
scaffold4	21190000	21200000	1
scaffold4	21200000	21210000	1
scaffold4	21210000	21220000	1
scaffold4	21220000	21230000	1
scaffold4	21230000	21240000	1
scaffold4	21240000	21250000	0
scaffold4	21250000	21260000	0
scaffold4	21260000	21270000	1
scaffold4	21270000	21280000	2
scaffold4	21280000	21290000	1
scaffold4	21290000	21300000	1
scaffold4	21300000	21310000	3
scaffold4	21310000	21320000	3
scaffold4	21320000	21330000	2
scaffold4	21330000	21340000	3
scaffold4	21340000	21350000	2
scaffold4	21350000	21360000	1
scaffold4	21360000	21370000	3
scaffold4	21370000	21380000	2
scaffold4	21380000	21390000	1
scaffold4	21390000	21400000	0
scaffold4	21400000	21410000	0
scaffold4	21410000	21420000	0
scaffold4	21420000	21430000	0
scaffold4	21430000	21440000	2
scaffold4	21440000	21450000	3
scaffold4	21450000	21460000	3
scaffold4	21460000	21470000	1
scaffold4	21470000	21480000	1
scaffold4	21480000	21490000	1
scaffold4	21490000	21500000	1
scaffold4	21500000	21510000	2
scaffold4	21510000	21520000	2
scaffold4	21520000	21530000	1
scaffold4	21530000	21540000	1
scaffold4	21540000	21550000	1
scaffold4	21550000	21560000	1
scaffold4	21560000	21570000	0
scaffold4	21570000	21580000	0
scaffold4	21580000	21590000	1
scaffold4	21590000	21600000	1
scaffold4	21600000	21610000	1
scaffold4	21610000	21620000	0
scaffold4	21620000	21630000	1
scaffold4	21630000	21640000	1
scaffold4	21640000	21650000	1
scaffold4	21650000	21660000	1
scaffold4	21660000	21670000	1
scaffold4	21670000	21680000	1
scaffold4	21680000	21690000	1
scaffold4	21690000	21700000	2
scaffold4	21700000	21710000	1
scaffold4	21710000	21720000	0
scaffold4	21720000	21730000	1
scaffold4	21730000	21740000	1
scaffold4	21740000	21750000	1
scaffold4	21750000	21760000	1
scaffold4	21760000	21770000	0
scaffold4	21770000	21780000	1
scaffold4	21780000	21790000	1
scaffold4	21790000	21800000	1
scaffold4	21800000	21810000	2
scaffold4	21810000	21820000	2
scaffold4	21820000	21830000	1
scaffold4	21830000	21840000	0
scaffold4	21840000	21850000	0
scaffold4	21850000	21860000	1
scaffold4	21860000	21870000	2
scaffold4	21870000	21880000	0
scaffold4	21880000	21890000	0
scaffold4	21890000	21900000	1
scaffold4	21900000	21910000	0
scaffold4	21910000	21920000	3
scaffold4	21920000	21930000	1
scaffold4	21930000	21940000	2
scaffold4	21940000	21950000	2
scaffold4	21950000	21960000	1
scaffold4	21960000	21970000	0
scaffold4	21970000	21980000	0
scaffold4	21980000	21990000	1
scaffold4	21990000	22000000	1
scaffold4	22000000	22010000	1
scaffold4	22010000	22020000	1
scaffold4	22020000	22030000	1
scaffold4	22030000	22040000	1
scaffold4	22040000	22050000	1
scaffold4	22050000	22060000	1
scaffold4	22060000	22070000	1
scaffold4	22070000	22080000	1
scaffold4	22080000	22090000	3
scaffold4	22090000	22100000	2
scaffold4	22100000	22110000	1
scaffold4	22110000	22120000	0
scaffold4	22120000	22130000	0
scaffold4	22130000	22140000	0
scaffold4	22140000	22150000	0
scaffold4	22150000	22160000	0
scaffold4	22160000	22170000	1
scaffold4	22170000	22180000	1
scaffold4	22180000	22190000	2
scaffold4	22190000	22200000	1
scaffold4	22200000	22210000	2
scaffold4	22210000	22220000	2
scaffold4	22220000	22230000	1
scaffold4	22230000	22240000	1
scaffold4	22240000	22250000	1
scaffold4	22250000	22260000	1
scaffold4	22260000	22270000	1
scaffold4	22270000	22280000	1
scaffold4	22280000	22290000	1
scaffold4	22290000	22300000	3
scaffold4	22300000	22310000	2
scaffold4	22310000	22320000	2
scaffold4	22320000	22330000	0
scaffold4	22330000	22340000	0
scaffold4	22340000	22350000	0
scaffold4	22350000	22360000	0
scaffold4	22360000	22370000	0
scaffold4	22370000	22380000	0
scaffold4	22380000	22390000	0
scaffold4	22390000	22400000	0
scaffold4	22400000	22410000	0
scaffold4	22410000	22420000	1
scaffold4	22420000	22430000	0
scaffold4	22430000	22440000	0
scaffold4	22440000	22450000	1
scaffold4	22450000	22460000	0
scaffold4	22460000	22470000	2
scaffold4	22470000	22480000	1
scaffold4	22480000	22490000	0
scaffold4	22490000	22500000	0
scaffold4	22500000	22510000	1
scaffold4	22510000	22520000	1
scaffold4	22520000	22530000	2
scaffold4	22530000	22540000	2
scaffold4	22540000	22550000	3
scaffold4	22550000	22560000	2
scaffold4	22560000	22570000	1
scaffold4	22570000	22580000	1
scaffold4	22580000	22590000	0
scaffold4	22590000	22600000	0
scaffold4	22600000	22610000	1
scaffold4	22610000	22620000	2
scaffold4	22620000	22630000	1
scaffold4	22630000	22640000	2
scaffold4	22640000	22650000	2
scaffold4	22650000	22660000	1
scaffold4	22660000	22670000	1
scaffold4	22670000	22680000	0
scaffold4	22680000	22690000	0
scaffold4	22690000	22700000	0
scaffold4	22700000	22710000	0
scaffold4	22710000	22720000	0
scaffold4	22720000	22730000	0
scaffold4	22730000	22740000	1
scaffold4	22740000	22750000	1
scaffold4	22750000	22760000	1
scaffold4	22760000	22770000	2
scaffold4	22770000	22780000	0
scaffold4	22780000	22790000	1
scaffold4	22790000	22800000	3
scaffold4	22800000	22810000	2
scaffold4	22810000	22820000	1
scaffold4	22820000	22830000	3
scaffold4	22830000	22840000	2
scaffold4	22840000	22850000	2
scaffold4	22850000	22860000	3
scaffold4	22860000	22870000	2
scaffold4	22870000	22880000	2
scaffold4	22880000	22890000	2
scaffold4	22890000	22900000	2
scaffold4	22900000	22910000	2
scaffold4	22910000	22920000	1
scaffold4	22920000	22930000	1
scaffold4	22930000	22940000	1
scaffold4	22940000	22950000	1
scaffold4	22950000	22960000	1
scaffold4	22960000	22970000	1
scaffold4	22970000	22980000	1
scaffold4	22980000	22990000	0
scaffold4	22990000	23000000	1
scaffold4	23000000	23010000	1
scaffold4	23010000	23020000	2
scaffold4	23020000	23030000	2
scaffold4	23030000	23040000	1
scaffold4	23040000	23050000	2
scaffold4	23050000	23060000	2
scaffold4	23060000	23070000	1
scaffold4	23070000	23080000	2
scaffold4	23080000	23090000	1
scaffold4	23090000	23100000	0
scaffold4	23100000	23110000	0
scaffold4	23110000	23120000	0
scaffold4	23120000	23130000	0
scaffold4	23130000	23140000	0
scaffold4	23140000	23150000	1
scaffold4	23150000	23160000	1
scaffold4	23160000	23170000	1
scaffold4	23170000	23180000	1
scaffold4	23180000	23190000	1
scaffold4	23190000	23200000	2
scaffold4	23200000	23210000	1
scaffold4	23210000	23220000	2
scaffold4	23220000	23230000	1
scaffold4	23230000	23240000	2
scaffold4	23240000	23250000	5
scaffold4	23250000	23260000	0
scaffold4	23260000	23270000	1
scaffold4	23270000	23280000	1
scaffold4	23280000	23290000	1
scaffold4	23290000	23300000	3
scaffold4	23300000	23310000	1
scaffold4	23310000	23320000	1
scaffold4	23320000	23330000	2
scaffold4	23330000	23340000	2
scaffold4	23340000	23350000	0
scaffold4	23350000	23360000	2
scaffold4	23360000	23370000	2
scaffold4	23370000	23380000	1
scaffold4	23380000	23390000	1
scaffold4	23390000	23400000	1
scaffold4	23400000	23410000	0
scaffold4	23410000	23420000	0
scaffold4	23420000	23430000	0
scaffold4	23430000	23440000	2
scaffold4	23440000	23450000	2
scaffold4	23450000	23460000	2
scaffold4	23460000	23470000	2
scaffold4	23470000	23480000	1
scaffold4	23480000	23490000	1
scaffold4	23490000	23500000	1
scaffold4	23500000	23510000	1
scaffold4	23510000	23520000	1
scaffold4	23520000	23530000	0
scaffold4	23530000	23540000	0
scaffold4	23540000	23550000	0
scaffold4	23550000	23560000	0
scaffold4	23560000	23570000	0
scaffold4	23570000	23580000	0
scaffold4	23580000	23590000	0
scaffold4	23590000	23600000	0
scaffold4	23600000	23610000	0
scaffold4	23610000	23620000	0
scaffold4	23620000	23630000	0
scaffold4	23630000	23640000	0
scaffold4	23640000	23650000	0
scaffold4	23650000	23660000	0
scaffold4	23660000	23670000	1
scaffold4	23670000	23680000	1
scaffold4	23680000	23690000	1
scaffold4	23690000	23700000	1
scaffold4	23700000	23710000	2
scaffold4	23710000	23720000	0
scaffold4	23720000	23730000	0
scaffold4	23730000	23740000	2
scaffold4	23740000	23750000	1
scaffold4	23750000	23760000	1
scaffold4	23760000	23770000	1
scaffold4	23770000	23780000	1
scaffold4	23780000	23790000	1
scaffold4	23790000	23800000	1
scaffold4	23800000	23810000	1
scaffold4	23810000	23820000	2
scaffold4	23820000	23830000	2
scaffold4	23830000	23840000	2
scaffold4	23840000	23850000	2
scaffold4	23850000	23860000	1
scaffold4	23860000	23870000	2
scaffold4	23870000	23880000	2
scaffold4	23880000	23890000	1
scaffold4	23890000	23900000	1
scaffold4	23900000	23910000	1
scaffold4	23910000	23920000	0
scaffold4	23920000	23930000	0
scaffold4	23930000	23940000	2
scaffold4	23940000	23950000	2
scaffold4	23950000	23960000	1
scaffold4	23960000	23970000	1
scaffold4	23970000	23980000	1
scaffold4	23980000	23990000	2
scaffold4	23990000	24000000	1
scaffold4	24000000	24010000	1
scaffold4	24010000	24020000	1
scaffold4	24020000	24030000	1
scaffold4	24030000	24040000	1
scaffold4	24040000	24050000	0
scaffold4	24050000	24060000	0
scaffold4	24060000	24070000	1
scaffold4	24070000	24080000	0
scaffold4	24080000	24090000	2
scaffold4	24090000	24100000	2
scaffold4	24100000	24110000	1
scaffold4	24110000	24120000	3
scaffold4	24120000	24130000	1
scaffold4	24130000	24140000	1
scaffold4	24140000	24150000	0
scaffold4	24150000	24160000	0
scaffold4	24160000	24170000	1
scaffold4	24170000	24180000	1
scaffold4	24180000	24190000	1
scaffold4	24190000	24200000	0
scaffold4	24200000	24210000	0
scaffold4	24210000	24220000	2
scaffold4	24220000	24230000	2
scaffold4	24230000	24240000	1
scaffold4	24240000	24250000	1
scaffold4	24250000	24260000	1
scaffold4	24260000	24270000	1
scaffold4	24270000	24280000	1
scaffold4	24280000	24290000	1
scaffold4	24290000	24300000	1
scaffold4	24300000	24310000	1
scaffold4	24310000	24320000	2
scaffold4	24320000	24330000	1
scaffold4	24330000	24340000	1
scaffold4	24340000	24350000	3
scaffold4	24350000	24360000	2
scaffold4	24360000	24370000	2
scaffold4	24370000	24380000	1
scaffold4	24380000	24390000	0
scaffold4	24390000	24400000	0
scaffold4	24400000	24410000	1
scaffold4	24410000	24420000	1
scaffold4	24420000	24430000	1
scaffold4	24430000	24440000	2
scaffold4	24440000	24450000	1
scaffold4	24450000	24460000	1
scaffold4	24460000	24470000	1
scaffold4	24470000	24480000	2
scaffold4	24480000	24490000	1
scaffold4	24490000	24500000	3
scaffold4	24500000	24510000	1
scaffold4	24510000	24520000	3
scaffold4	24520000	24530000	2
scaffold4	24530000	24540000	2
scaffold4	24540000	24550000	2
scaffold4	24550000	24560000	1
scaffold4	24560000	24570000	2
scaffold4	24570000	24580000	2
scaffold4	24580000	24590000	1
scaffold4	24590000	24600000	1
scaffold4	24600000	24610000	1
scaffold4	24610000	24620000	2
scaffold4	24620000	24630000	2
scaffold4	24630000	24640000	2
scaffold4	24640000	24650000	2
scaffold4	24650000	24660000	2
scaffold4	24660000	24670000	0
scaffold4	24670000	24680000	7
scaffold4	24680000	24690000	3
scaffold4	24690000	24700000	8
scaffold4	24700000	24710000	1
scaffold4	24710000	24720000	1
scaffold4	24720000	24730000	0
scaffold4	24730000	24740000	1
scaffold4	24740000	24750000	1
scaffold4	24750000	24760000	1
scaffold4	24760000	24770000	1
scaffold4	24770000	24780000	1
scaffold4	24780000	24790000	1
scaffold4	24790000	24800000	1
scaffold4	24800000	24810000	3
scaffold4	24810000	24820000	2
scaffold4	24820000	24830000	1
scaffold4	24830000	24840000	1
scaffold4	24840000	24850000	1
scaffold4	24850000	24860000	1
scaffold4	24860000	24870000	0
scaffold4	24870000	24880000	2
scaffold4	24880000	24890000	1
scaffold4	24890000	24900000	1
scaffold4	24900000	24910000	1
scaffold4	24910000	24920000	2
scaffold4	24920000	24930000	2
scaffold4	24930000	24940000	1
scaffold4	24940000	24950000	2
scaffold4	24950000	24960000	1
scaffold4	24960000	24970000	2
scaffold4	24970000	24980000	3
scaffold4	24980000	24990000	2
scaffold4	24990000	25000000	0
scaffold4	25000000	25010000	0
scaffold4	25010000	25020000	0
scaffold4	25020000	25030000	0
scaffold4	25030000	25040000	0
scaffold4	25040000	25050000	1
scaffold4	25050000	25060000	1
scaffold4	25060000	25070000	0
scaffold4	25070000	25080000	2
scaffold4	25080000	25090000	3
scaffold4	25090000	25100000	2
scaffold4	25100000	25110000	1
scaffold4	25110000	25120000	1
scaffold4	25120000	25130000	1
scaffold4	25130000	25140000	1
scaffold4	25140000	25150000	0
scaffold4	25150000	25160000	1
scaffold4	25160000	25170000	0
scaffold4	25170000	25180000	1
scaffold4	25180000	25190000	2
scaffold4	25190000	25200000	2
scaffold4	25200000	25210000	1
scaffold4	25210000	25220000	0
scaffold4	25220000	25230000	0
scaffold4	25230000	25240000	0
scaffold4	25240000	25250000	1
scaffold4	25250000	25260000	1
scaffold4	25260000	25270000	0
scaffold4	25270000	25280000	1
scaffold4	25280000	25290000	2
scaffold4	25290000	25300000	1
scaffold4	25300000	25310000	1
scaffold4	25310000	25320000	3
scaffold4	25320000	25330000	1
scaffold4	25330000	25340000	2
scaffold4	25340000	25350000	0
scaffold4	25350000	25360000	1
scaffold4	25360000	25370000	1
scaffold4	25370000	25380000	1
scaffold4	25380000	25390000	1
scaffold4	25390000	25400000	1
scaffold4	25400000	25410000	1
scaffold4	25410000	25420000	1
scaffold4	25420000	25430000	2
scaffold4	25430000	25440000	0
scaffold4	25440000	25450000	1
scaffold4	25450000	25460000	2
scaffold4	25460000	25470000	1
scaffold4	25470000	25480000	3
scaffold4	25480000	25490000	3
scaffold4	25490000	25500000	1
scaffold4	25500000	25510000	1
scaffold4	25510000	25520000	1
scaffold4	25520000	25530000	2
scaffold4	25530000	25540000	1
scaffold4	25540000	25550000	1
scaffold4	25550000	25560000	1
scaffold4	25560000	25570000	1
scaffold4	25570000	25580000	0
scaffold4	25580000	25590000	0
scaffold4	25590000	25600000	0
scaffold4	25600000	25610000	0
scaffold4	25610000	25620000	0
scaffold4	25620000	25630000	0
scaffold4	25630000	25640000	0
scaffold4	25640000	25650000	0
scaffold4	25650000	25660000	0
scaffold4	25660000	25670000	1
scaffold4	25670000	25680000	0
scaffold4	25680000	25690000	1
scaffold4	25690000	25700000	1
scaffold4	25700000	25710000	1
scaffold4	25710000	25720000	0
scaffold4	25720000	25730000	0
scaffold4	25730000	25740000	0
scaffold4	25740000	25750000	0
scaffold4	25750000	25760000	0
scaffold4	25760000	25770000	0
scaffold4	25770000	25780000	0
scaffold4	25780000	25790000	0
scaffold4	25790000	25800000	0
scaffold4	25800000	25810000	1
scaffold4	25810000	25820000	2
scaffold4	25820000	25830000	2
scaffold4	25830000	25840000	1
scaffold4	25840000	25850000	0
scaffold4	25850000	25860000	0
scaffold4	25860000	25870000	0
scaffold4	25870000	25880000	0
scaffold4	25880000	25890000	0
scaffold4	25890000	25900000	0
scaffold4	25900000	25910000	1
scaffold4	25910000	25920000	1
scaffold4	25920000	25930000	1
scaffold4	25930000	25940000	1
scaffold4	25940000	25950000	0
scaffold4	25950000	25960000	0
scaffold4	25960000	25970000	1
scaffold4	25970000	25980000	1
scaffold4	25980000	25990000	1
scaffold4	25990000	26000000	1
scaffold4	26000000	26010000	1
scaffold4	26010000	26020000	2
scaffold4	26020000	26030000	2
scaffold4	26030000	26040000	1
scaffold4	26040000	26050000	1
scaffold4	26050000	26060000	1
scaffold4	26060000	26070000	1
scaffold4	26070000	26080000	2
scaffold4	26080000	26090000	1
scaffold4	26090000	26100000	2
scaffold4	26100000	26110000	1
scaffold4	26110000	26120000	0
scaffold4	26120000	26130000	0
scaffold4	26130000	26140000	0
scaffold4	26140000	26150000	0
scaffold4	26150000	26160000	0
scaffold4	26160000	26170000	0
scaffold4	26170000	26180000	0
scaffold4	26180000	26190000	1
scaffold4	26190000	26200000	0
scaffold4	26200000	26210000	0
scaffold4	26210000	26220000	0
scaffold4	26220000	26230000	0
scaffold4	26230000	26240000	0
scaffold4	26240000	26250000	0
scaffold4	26250000	26260000	0
scaffold4	26260000	26270000	0
scaffold4	26270000	26280000	0
scaffold4	26280000	26290000	0
scaffold4	26290000	26300000	0
scaffold4	26300000	26310000	0
scaffold4	26310000	26320000	0
scaffold4	26320000	26330000	0
scaffold4	26330000	26340000	0
scaffold4	26340000	26350000	1
scaffold4	26350000	26360000	1
scaffold4	26360000	26370000	1
scaffold4	26370000	26380000	2
scaffold4	26380000	26390000	2
scaffold4	26390000	26400000	1
scaffold4	26400000	26410000	1
scaffold4	26410000	26420000	1
scaffold4	26420000	26430000	0
scaffold4	26430000	26440000	0
scaffold4	26440000	26450000	0
scaffold4	26450000	26460000	1
scaffold4	26460000	26470000	1
scaffold4	26470000	26480000	1
scaffold4	26480000	26490000	1
scaffold4	26490000	26500000	1
scaffold4	26500000	26510000	0
scaffold4	26510000	26520000	1
scaffold4	26520000	26530000	1
scaffold4	26530000	26540000	2
scaffold4	26540000	26550000	2
scaffold4	26550000	26560000	1
scaffold4	26560000	26570000	1
scaffold4	26570000	26580000	2
scaffold4	26580000	26590000	3
scaffold4	26590000	26600000	2
scaffold4	26600000	26610000	2
scaffold4	26610000	26620000	1
scaffold4	26620000	26630000	1
scaffold4	26630000	26640000	1
scaffold4	26640000	26650000	1
scaffold4	26650000	26660000	1
scaffold4	26660000	26670000	1
scaffold4	26670000	26680000	1
scaffold4	26680000	26690000	0
scaffold4	26690000	26700000	1
scaffold4	26700000	26710000	2
scaffold4	26710000	26720000	0
scaffold4	26720000	26730000	1
scaffold4	26730000	26740000	0
scaffold4	26740000	26750000	1
scaffold4	26750000	26760000	2
scaffold4	26760000	26770000	1
scaffold4	26770000	26780000	1
scaffold4	26780000	26790000	1
scaffold4	26790000	26800000	0
scaffold4	26800000	26810000	0
scaffold4	26810000	26820000	0
scaffold4	26820000	26830000	0
scaffold4	26830000	26840000	2
scaffold4	26840000	26850000	2
scaffold4	26850000	26860000	1
scaffold4	26860000	26870000	2
scaffold4	26870000	26880000	2
scaffold4	26880000	26890000	1
scaffold4	26890000	26900000	2
scaffold4	26900000	26910000	1
scaffold4	26910000	26920000	1
scaffold4	26920000	26930000	1
scaffold4	26930000	26940000	1
scaffold4	26940000	26950000	1
scaffold4	26950000	26960000	2
scaffold4	26960000	26970000	1
scaffold4	26970000	26980000	3
scaffold4	26980000	26990000	1
scaffold4	26990000	27000000	1
scaffold4	27000000	27010000	1
scaffold4	27010000	27020000	1
scaffold4	27020000	27030000	1
scaffold4	27030000	27040000	1
scaffold4	27040000	27050000	0
scaffold4	27050000	27060000	0
scaffold4	27060000	27070000	1
scaffold4	27070000	27080000	2
scaffold4	27080000	27090000	0
scaffold4	27090000	27100000	0
scaffold4	27100000	27110000	1
scaffold4	27110000	27120000	1
scaffold4	27120000	27130000	1
scaffold4	27130000	27140000	1
scaffold4	27140000	27150000	1
scaffold4	27150000	27160000	1
scaffold4	27160000	27170000	1
scaffold4	27170000	27180000	1
scaffold4	27180000	27190000	2
scaffold4	27190000	27200000	1
scaffold4	27200000	27210000	0
scaffold4	27210000	27220000	0
scaffold4	27220000	27230000	0
scaffold4	27230000	27240000	0
scaffold4	27240000	27250000	1
scaffold4	27250000	27260000	1
scaffold4	27260000	27270000	1
scaffold4	27270000	27280000	1
scaffold4	27280000	27290000	3
scaffold4	27290000	27300000	2
scaffold4	27300000	27310000	0
scaffold4	27310000	27320000	2
scaffold4	27320000	27330000	1
scaffold4	27330000	27340000	0
scaffold4	27340000	27350000	0
scaffold4	27350000	27360000	0
scaffold4	27360000	27370000	1
scaffold4	27370000	27380000	1
scaffold4	27380000	27390000	1
scaffold4	27390000	27400000	1
scaffold4	27400000	27410000	1
scaffold4	27410000	27420000	1
scaffold4	27420000	27430000	2
scaffold4	27430000	27440000	0
scaffold4	27440000	27450000	0
scaffold4	27450000	27460000	1
scaffold4	27460000	27470000	1
scaffold4	27470000	27480000	2
scaffold4	27480000	27490000	1
scaffold4	27490000	27500000	1
scaffold4	27500000	27510000	1
scaffold4	27510000	27520000	1
scaffold4	27520000	27530000	1
scaffold4	27530000	27540000	2
scaffold4	27540000	27550000	1
scaffold4	27550000	27560000	1
scaffold4	27560000	27570000	2
scaffold4	27570000	27580000	2
scaffold4	27580000	27590000	0
scaffold4	27590000	27600000	0
scaffold4	27600000	27610000	2
scaffold4	27610000	27620000	0
scaffold4	27620000	27630000	0
scaffold4	27630000	27640000	1
scaffold4	27640000	27650000	2
scaffold4	27650000	27660000	2
scaffold4	27660000	27670000	2
scaffold4	27670000	27680000	1
scaffold4	27680000	27690000	2
scaffold4	27690000	27700000	1
scaffold4	27700000	27710000	2
scaffold4	27710000	27720000	3
scaffold4	27720000	27730000	3
scaffold4	27730000	27740000	1
scaffold4	27740000	27750000	1
scaffold4	27750000	27760000	1
scaffold4	27760000	27770000	2
scaffold4	27770000	27780000	1
scaffold4	27780000	27790000	1
scaffold4	27790000	27800000	0
scaffold4	27800000	27810000	0
scaffold4	27810000	27820000	2
scaffold4	27820000	27830000	1
scaffold4	27830000	27840000	3
scaffold4	27840000	27850000	1
scaffold4	27850000	27860000	0
scaffold4	27860000	27870000	0
scaffold4	27870000	27880000	0
scaffold4	27880000	27890000	1
scaffold4	27890000	27900000	1
scaffold4	27900000	27910000	1
scaffold4	27910000	27920000	2
scaffold4	27920000	27930000	0
scaffold4	27930000	27940000	1
scaffold4	27940000	27950000	2
scaffold4	27950000	27960000	1
scaffold4	27960000	27970000	1
scaffold4	27970000	27980000	2
scaffold4	27980000	27990000	1
scaffold4	27990000	28000000	1
scaffold4	28000000	28010000	1
scaffold4	28010000	28020000	1
scaffold4	28020000	28030000	2
scaffold4	28030000	28040000	2
scaffold4	28040000	28050000	2
scaffold4	28050000	28060000	1
scaffold4	28060000	28070000	3
scaffold4	28070000	28080000	1
scaffold4	28080000	28090000	1
scaffold4	28090000	28100000	0
scaffold4	28100000	28110000	0
scaffold4	28110000	28120000	2
scaffold4	28120000	28130000	3
scaffold4	28130000	28140000	1
scaffold4	28140000	28150000	1
scaffold4	28150000	28160000	0
scaffold4	28160000	28170000	1
scaffold4	28170000	28180000	1
scaffold4	28180000	28190000	1
scaffold4	28190000	28200000	1
scaffold4	28200000	28210000	1
scaffold4	28210000	28220000	0
scaffold4	28220000	28230000	0
scaffold4	28230000	28240000	0
scaffold4	28240000	28250000	0
scaffold4	28250000	28260000	1
scaffold4	28260000	28270000	2
scaffold4	28270000	28280000	1
scaffold4	28280000	28290000	3
scaffold4	28290000	28300000	2
scaffold4	28300000	28310000	3
scaffold4	28310000	28320000	1
scaffold4	28320000	28330000	2
scaffold4	28330000	28340000	1
scaffold4	28340000	28350000	0
scaffold4	28350000	28360000	0
scaffold4	28360000	28370000	1
scaffold4	28370000	28380000	1
scaffold4	28380000	28390000	1
scaffold4	28390000	28400000	2
scaffold4	28400000	28410000	2
scaffold4	28410000	28420000	1
scaffold4	28420000	28430000	1
scaffold4	28430000	28440000	0
scaffold4	28440000	28450000	2
scaffold4	28450000	28460000	2
scaffold4	28460000	28470000	1
scaffold4	28470000	28480000	2
scaffold4	28480000	28490000	2
scaffold4	28490000	28500000	0
scaffold4	28500000	28510000	0
scaffold4	28510000	28520000	0
scaffold4	28520000	28530000	2
scaffold4	28530000	28540000	0
scaffold4	28540000	28550000	0
scaffold4	28550000	28560000	0
scaffold4	28560000	28570000	1
scaffold4	28570000	28580000	0
scaffold4	28580000	28590000	1
scaffold4	28590000	28600000	1
scaffold4	28600000	28610000	0
scaffold4	28610000	28620000	0
scaffold4	28620000	28630000	2
scaffold4	28630000	28640000	1
scaffold4	28640000	28650000	0
scaffold4	28650000	28660000	0
scaffold4	28660000	28670000	0
scaffold4	28670000	28680000	2
scaffold4	28680000	28690000	1
scaffold4	28690000	28700000	0
scaffold4	28700000	28710000	1
scaffold4	28710000	28720000	0
scaffold4	28720000	28730000	0
scaffold4	28730000	28740000	0
scaffold4	28740000	28750000	0
scaffold4	28750000	28760000	0
scaffold4	28760000	28770000	0
scaffold4	28770000	28780000	0
scaffold4	28780000	28790000	0
scaffold4	28790000	28800000	0
scaffold4	28800000	28810000	0
scaffold4	28810000	28820000	1
scaffold4	28820000	28830000	1
scaffold4	28830000	28840000	1
scaffold4	28840000	28850000	1
scaffold4	28850000	28860000	1
scaffold4	28860000	28870000	1
scaffold4	28870000	28880000	1
scaffold4	28880000	28890000	1
scaffold4	28890000	28900000	1
scaffold4	28900000	28910000	0
scaffold4	28910000	28920000	1
scaffold4	28920000	28930000	1
scaffold4	28930000	28940000	0
scaffold4	28940000	28950000	1
scaffold4	28950000	28960000	1
scaffold4	28960000	28970000	0
scaffold4	28970000	28980000	0
scaffold4	28980000	28990000	0
scaffold4	28990000	29000000	0
scaffold4	29000000	29010000	0
scaffold4	29010000	29020000	1
scaffold4	29020000	29030000	1
scaffold4	29030000	29040000	1
scaffold4	29040000	29050000	1
scaffold4	29050000	29060000	0
scaffold4	29060000	29070000	2
scaffold4	29070000	29080000	2
scaffold4	29080000	29090000	1
scaffold4	29090000	29100000	1
scaffold4	29100000	29110000	1
scaffold4	29110000	29120000	2
scaffold4	29120000	29130000	2
scaffold4	29130000	29140000	1
scaffold4	29140000	29150000	0
scaffold4	29150000	29160000	1
scaffold4	29160000	29170000	1
scaffold4	29170000	29180000	1
scaffold4	29180000	29190000	1
scaffold4	29190000	29200000	1
scaffold4	29200000	29210000	1
scaffold4	29210000	29220000	2
scaffold4	29220000	29230000	1
scaffold4	29230000	29240000	1
scaffold4	29240000	29250000	2
scaffold4	29250000	29260000	1
scaffold4	29260000	29270000	1
scaffold4	29270000	29280000	1
scaffold4	29280000	29290000	1
scaffold4	29290000	29300000	1
scaffold4	29300000	29310000	1
scaffold4	29310000	29320000	1
scaffold4	29320000	29330000	2
scaffold4	29330000	29340000	1
scaffold4	29340000	29350000	0
scaffold4	29350000	29360000	2
scaffold4	29360000	29370000	1
scaffold4	29370000	29380000	1
scaffold4	29380000	29390000	1
scaffold4	29390000	29400000	1
scaffold4	29400000	29410000	1
scaffold4	29410000	29420000	0
scaffold4	29420000	29430000	1
scaffold4	29430000	29440000	1
scaffold4	29440000	29450000	1
scaffold4	29450000	29460000	2
scaffold4	29460000	29470000	2
scaffold4	29470000	29480000	1
scaffold4	29480000	29490000	0
scaffold4	29490000	29500000	0
scaffold4	29500000	29510000	0
scaffold4	29510000	29520000	0
scaffold4	29520000	29530000	0
scaffold4	29530000	29540000	0
scaffold4	29540000	29550000	0
scaffold4	29550000	29560000	1
scaffold4	29560000	29570000	2
scaffold4	29570000	29580000	2
scaffold4	29580000	29590000	2
scaffold4	29590000	29600000	1
scaffold4	29600000	29610000	0
scaffold4	29610000	29620000	0
scaffold4	29620000	29630000	1
scaffold4	29630000	29640000	2
scaffold4	29640000	29650000	0
scaffold4	29650000	29660000	0
scaffold4	29660000	29670000	0
scaffold4	29670000	29680000	1
scaffold4	29680000	29690000	2
scaffold4	29690000	29700000	2
scaffold4	29700000	29710000	1
scaffold4	29710000	29720000	0
scaffold4	29720000	29730000	0
scaffold4	29730000	29740000	0
scaffold4	29740000	29750000	0
scaffold4	29750000	29760000	0
scaffold4	29760000	29770000	0
scaffold4	29770000	29780000	0
scaffold4	29780000	29790000	1
scaffold4	29790000	29800000	1
scaffold4	29800000	29810000	2
scaffold4	29810000	29820000	1
scaffold4	29820000	29830000	2
scaffold4	29830000	29840000	2
scaffold4	29840000	29850000	0
scaffold4	29850000	29860000	1
scaffold4	29860000	29870000	1
scaffold4	29870000	29880000	1
scaffold4	29880000	29890000	1
scaffold4	29890000	29900000	1
scaffold4	29900000	29910000	1
scaffold4	29910000	29920000	1
scaffold4	29920000	29930000	1
scaffold4	29930000	29940000	0
scaffold4	29940000	29950000	0
scaffold4	29950000	29960000	0
scaffold4	29960000	29970000	0
scaffold4	29970000	29980000	0
scaffold4	29980000	29990000	1
scaffold4	29990000	30000000	0
scaffold4	30000000	30010000	0
scaffold4	30010000	30020000	0
scaffold4	30020000	30030000	1
scaffold4	30030000	30040000	2
scaffold4	30040000	30050000	0
scaffold4	30050000	30060000	0
scaffold4	30060000	30070000	1
scaffold4	30070000	30080000	1
scaffold4	30080000	30090000	1
scaffold4	30090000	30100000	0
scaffold4	30100000	30110000	0
scaffold4	30110000	30120000	1
scaffold4	30120000	30130000	2
scaffold4	30130000	30140000	1
scaffold4	30140000	30150000	1
scaffold4	30150000	30160000	0
scaffold4	30160000	30170000	0
scaffold4	30170000	30180000	0
scaffold4	30180000	30190000	0
scaffold4	30190000	30200000	0
scaffold4	30200000	30210000	0
scaffold4	30210000	30220000	0
scaffold4	30220000	30230000	2
scaffold4	30230000	30240000	2
scaffold4	30240000	30250000	2
scaffold4	30250000	30260000	2
scaffold4	30260000	30270000	1
scaffold4	30270000	30280000	2
scaffold4	30280000	30290000	1
scaffold4	30290000	30300000	2
scaffold4	30300000	30310000	1
scaffold4	30310000	30320000	2
scaffold4	30320000	30330000	2
scaffold4	30330000	30340000	1
scaffold4	30340000	30350000	1
scaffold4	30350000	30360000	1
scaffold4	30360000	30370000	2
scaffold4	30370000	30380000	2
scaffold4	30380000	30390000	1
scaffold4	30390000	30400000	2
scaffold4	30400000	30410000	2
scaffold4	30410000	30420000	1
scaffold4	30420000	30430000	1
scaffold4	30430000	30440000	1
scaffold4	30440000	30450000	1
scaffold4	30450000	30460000	1
scaffold4	30460000	30470000	1
scaffold4	30470000	30480000	0
scaffold4	30480000	30490000	0
scaffold4	30490000	30500000	0
scaffold4	30500000	30510000	0
scaffold4	30510000	30520000	1
scaffold4	30520000	30530000	1
scaffold4	30530000	30540000	2
scaffold4	30540000	30550000	1
scaffold4	30550000	30560000	1
scaffold4	30560000	30570000	1
scaffold4	30570000	30580000	0
scaffold4	30580000	30590000	1
scaffold4	30590000	30600000	1
scaffold4	30600000	30610000	2
scaffold4	30610000	30620000	1
scaffold4	30620000	30630000	1
scaffold4	30630000	30640000	1
scaffold4	30640000	30650000	1
scaffold4	30650000	30660000	1
scaffold4	30660000	30670000	1
scaffold4	30670000	30680000	1
scaffold4	30680000	30690000	1
scaffold4	30690000	30700000	1
scaffold4	30700000	30710000	2
scaffold4	30710000	30720000	1
scaffold4	30720000	30730000	1
scaffold4	30730000	30740000	1
scaffold4	30740000	30750000	1
scaffold4	30750000	30760000	0
scaffold4	30760000	30770000	1
scaffold4	30770000	30780000	0
scaffold4	30780000	30790000	0
scaffold4	30790000	30800000	1
scaffold4	30800000	30810000	1
scaffold4	30810000	30820000	2
scaffold4	30820000	30830000	3
scaffold4	30830000	30840000	1
scaffold4	30840000	30850000	1
scaffold4	30850000	30860000	1
scaffold4	30860000	30870000	0
scaffold4	30870000	30880000	0
scaffold4	30880000	30890000	0
scaffold4	30890000	30900000	0
scaffold4	30900000	30910000	0
scaffold4	30910000	30920000	0
scaffold4	30920000	30930000	0
scaffold4	30930000	30940000	0
scaffold4	30940000	30950000	1
scaffold4	30950000	30960000	1
scaffold4	30960000	30970000	1
scaffold4	30970000	30980000	1
scaffold4	30980000	30990000	1
scaffold4	30990000	31000000	1
scaffold4	31000000	31010000	1
scaffold4	31010000	31020000	2
scaffold4	31020000	31030000	1
scaffold4	31030000	31040000	1
scaffold4	31040000	31050000	2
scaffold4	31050000	31060000	2
scaffold4	31060000	31070000	2
scaffold4	31070000	31080000	2
scaffold4	31080000	31090000	1
scaffold4	31090000	31100000	3
scaffold4	31100000	31110000	0
scaffold4	31110000	31120000	1
scaffold4	31120000	31130000	2
scaffold4	31130000	31140000	2
scaffold4	31140000	31150000	2
scaffold4	31150000	31160000	1
scaffold4	31160000	31170000	0
scaffold4	31170000	31180000	0
scaffold4	31180000	31190000	1
scaffold4	31190000	31200000	1
scaffold4	31200000	31210000	1
scaffold4	31210000	31220000	1
scaffold4	31220000	31230000	1
scaffold4	31230000	31240000	2
scaffold4	31240000	31250000	1
scaffold4	31250000	31260000	1
scaffold4	31260000	31270000	1
scaffold4	31270000	31280000	1
scaffold4	31280000	31290000	2
scaffold4	31290000	31300000	1
scaffold4	31300000	31310000	0
scaffold4	31310000	31320000	0
scaffold4	31320000	31330000	1
scaffold4	31330000	31340000	1
scaffold4	31340000	31350000	1
scaffold4	31350000	31360000	2
scaffold4	31360000	31370000	2
scaffold4	31370000	31380000	1
scaffold4	31380000	31390000	1
scaffold4	31390000	31400000	1
scaffold4	31400000	31410000	1
scaffold4	31410000	31420000	1
scaffold4	31420000	31430000	2
scaffold4	31430000	31440000	1
scaffold4	31440000	31450000	2
scaffold4	31450000	31460000	1
scaffold4	31460000	31470000	1
scaffold4	31470000	31480000	1
scaffold4	31480000	31490000	2
scaffold4	31490000	31500000	1
scaffold4	31500000	31510000	1
scaffold4	31510000	31520000	1
scaffold4	31520000	31530000	1
scaffold4	31530000	31540000	1
scaffold4	31540000	31550000	1
scaffold4	31550000	31560000	1
scaffold4	31560000	31570000	1
scaffold4	31570000	31580000	1
scaffold4	31580000	31590000	0
scaffold4	31590000	31600000	0
scaffold4	31600000	31610000	0
scaffold4	31610000	31620000	0
scaffold4	31620000	31630000	1
scaffold4	31630000	31640000	1
scaffold4	31640000	31650000	2
scaffold4	31650000	31660000	1
scaffold4	31660000	31670000	1
scaffold4	31670000	31680000	1
scaffold4	31680000	31690000	1
scaffold4	31690000	31700000	2
scaffold4	31700000	31710000	1
scaffold4	31710000	31720000	1
scaffold4	31720000	31730000	2
scaffold4	31730000	31740000	1
scaffold4	31740000	31750000	0
scaffold4	31750000	31760000	0
scaffold4	31760000	31770000	0
scaffold4	31770000	31780000	0
scaffold4	31780000	31790000	0
scaffold4	31790000	31800000	0
scaffold4	31800000	31810000	2
scaffold4	31810000	31820000	2
scaffold4	31820000	31830000	2
scaffold4	31830000	31840000	0
scaffold4	31840000	31850000	1
scaffold4	31850000	31860000	2
scaffold4	31860000	31870000	1
scaffold4	31870000	31880000	0
scaffold4	31880000	31890000	1
scaffold4	31890000	31900000	1
scaffold4	31900000	31910000	1
scaffold4	31910000	31920000	1
scaffold4	31920000	31930000	1
scaffold4	31930000	31940000	1
scaffold4	31940000	31950000	1
scaffold4	31950000	31960000	1
scaffold4	31960000	31970000	1
scaffold4	31970000	31980000	1
scaffold4	31980000	31990000	1
scaffold4	31990000	32000000	1
scaffold4	32000000	32010000	1
scaffold4	32010000	32020000	1
scaffold4	32020000	32030000	1
scaffold4	32030000	32040000	0
scaffold4	32040000	32050000	0
scaffold4	32050000	32060000	0
scaffold4	32060000	32070000	1
scaffold4	32070000	32080000	1
scaffold4	32080000	32090000	0
scaffold4	32090000	32100000	0
scaffold4	32100000	32110000	2
scaffold4	32110000	32120000	1
scaffold4	32120000	32130000	0
scaffold4	32130000	32140000	1
scaffold4	32140000	32150000	1
scaffold4	32150000	32160000	0
scaffold4	32160000	32170000	0
scaffold4	32170000	32180000	0
scaffold4	32180000	32190000	1
scaffold4	32190000	32200000	2
scaffold4	32200000	32210000	1
scaffold4	32210000	32220000	1
scaffold4	32220000	32230000	1
scaffold4	32230000	32240000	2
scaffold4	32240000	32250000	4
scaffold4	32250000	32260000	1
scaffold4	32260000	32270000	2
scaffold4	32270000	32280000	2
scaffold4	32280000	32290000	1
scaffold4	32290000	32300000	1
scaffold4	32300000	32310000	1
scaffold4	32310000	32320000	1
scaffold4	32320000	32330000	0
scaffold4	32330000	32340000	1
scaffold4	32340000	32350000	1
scaffold4	32350000	32360000	2
scaffold4	32360000	32370000	3
scaffold4	32370000	32380000	1
scaffold4	32380000	32390000	0
scaffold4	32390000	32400000	1
scaffold4	32400000	32410000	2
scaffold4	32410000	32420000	1
scaffold4	32420000	32430000	2
scaffold4	32430000	32440000	1
scaffold4	32440000	32450000	1
scaffold4	32450000	32460000	2
scaffold4	32460000	32470000	2
scaffold4	32470000	32480000	1
scaffold4	32480000	32490000	0
scaffold4	32490000	32500000	0
scaffold4	32500000	32510000	0
scaffold4	32510000	32520000	0
scaffold4	32520000	32530000	1
scaffold4	32530000	32540000	1
scaffold4	32540000	32550000	1
scaffold4	32550000	32560000	2
scaffold4	32560000	32570000	1
scaffold4	32570000	32580000	1
scaffold4	32580000	32590000	1
scaffold4	32590000	32600000	0
scaffold4	32600000	32610000	0
scaffold4	32610000	32620000	0
scaffold4	32620000	32630000	0
scaffold4	32630000	32640000	0
scaffold4	32640000	32650000	0
scaffold4	32650000	32660000	1
scaffold4	32660000	32670000	0
scaffold4	32670000	32680000	0
scaffold4	32680000	32690000	0
scaffold4	32690000	32700000	0
scaffold4	32700000	32710000	0
scaffold4	32710000	32720000	0
scaffold4	32720000	32730000	0
scaffold4	32730000	32740000	2
scaffold4	32740000	32750000	0
scaffold4	32750000	32760000	0
scaffold4	32760000	32770000	0
scaffold4	32770000	32780000	0
scaffold4	32780000	32790000	1
scaffold4	32790000	32800000	2
scaffold4	32800000	32810000	2
scaffold4	32810000	32820000	1
scaffold4	32820000	32830000	1
scaffold4	32830000	32840000	1
scaffold4	32840000	32850000	2
scaffold4	32850000	32860000	1
scaffold4	32860000	32870000	2
scaffold4	32870000	32880000	1
scaffold4	32880000	32890000	2
scaffold4	32890000	32900000	2
scaffold4	32900000	32910000	2
scaffold4	32910000	32920000	1
scaffold4	32920000	32930000	0
scaffold4	32930000	32940000	0
scaffold4	32940000	32950000	1
scaffold4	32950000	32960000	1
scaffold4	32960000	32970000	1
scaffold4	32970000	32980000	0
scaffold4	32980000	32990000	0
scaffold4	32990000	33000000	1
scaffold4	33000000	33010000	1
scaffold4	33010000	33020000	1
scaffold4	33020000	33030000	1
scaffold4	33030000	33040000	1
scaffold4	33040000	33050000	1
scaffold4	33050000	33060000	1
scaffold4	33060000	33070000	1
scaffold4	33070000	33080000	1
scaffold4	33080000	33090000	1
scaffold4	33090000	33100000	1
scaffold4	33100000	33110000	0
scaffold4	33110000	33120000	1
scaffold4	33120000	33130000	2
scaffold4	33130000	33140000	1
scaffold4	33140000	33150000	0
scaffold4	33150000	33160000	1
scaffold4	33160000	33170000	0
scaffold4	33170000	33180000	1
scaffold4	33180000	33190000	0
scaffold4	33190000	33200000	2
scaffold4	33200000	33210000	0
scaffold4	33210000	33220000	0
scaffold4	33220000	33230000	0
scaffold4	33230000	33240000	0
scaffold4	33240000	33250000	0
scaffold4	33250000	33260000	1
scaffold4	33260000	33270000	0
scaffold4	33270000	33280000	0
scaffold4	33280000	33290000	2
scaffold4	33290000	33300000	2
scaffold4	33300000	33310000	0
scaffold4	33310000	33320000	0
scaffold4	33320000	33330000	0
scaffold4	33330000	33340000	0
scaffold4	33340000	33350000	0
scaffold4	33350000	33360000	0
scaffold4	33360000	33370000	2
scaffold4	33370000	33380000	0
scaffold4	33380000	33390000	0
scaffold4	33390000	33400000	0
scaffold4	33400000	33410000	1
scaffold4	33410000	33420000	1
scaffold4	33420000	33430000	2
scaffold4	33430000	33440000	0
scaffold4	33440000	33450000	0
scaffold4	33450000	33460000	2
scaffold4	33460000	33470000	0
scaffold4	33470000	33480000	0
scaffold4	33480000	33490000	1
scaffold4	33490000	33500000	0
scaffold4	33500000	33510000	0
scaffold4	33510000	33520000	0
scaffold4	33520000	33530000	0
scaffold4	33530000	33540000	0
scaffold4	33540000	33550000	0
scaffold4	33550000	33560000	0
scaffold4	33560000	33570000	1
scaffold4	33570000	33580000	0
scaffold4	33580000	33590000	0
scaffold4	33590000	33600000	0
scaffold4	33600000	33610000	0
scaffold4	33610000	33620000	1
scaffold4	33620000	33630000	0
scaffold4	33630000	33640000	0
scaffold4	33640000	33650000	0
scaffold4	33650000	33660000	0
scaffold4	33660000	33670000	0
scaffold4	33670000	33680000	0
scaffold4	33680000	33690000	0
scaffold4	33690000	33700000	0
scaffold4	33700000	33710000	0
scaffold4	33710000	33720000	0
scaffold4	33720000	33730000	0
scaffold4	33730000	33740000	0
scaffold4	33740000	33750000	0
scaffold4	33750000	33760000	0
scaffold4	33760000	33770000	1
scaffold4	33770000	33780000	1
scaffold4	33780000	33790000	0
scaffold4	33790000	33800000	0
scaffold4	33800000	33810000	0
scaffold4	33810000	33820000	0
scaffold4	33820000	33830000	0
scaffold4	33830000	33840000	0
scaffold4	33840000	33850000	1
scaffold4	33850000	33860000	0
scaffold4	33860000	33870000	0
scaffold4	33870000	33880000	0
scaffold4	33880000	33890000	0
scaffold4	33890000	33900000	0
scaffold4	33900000	33910000	0
scaffold4	33910000	33920000	0
scaffold4	33920000	33930000	0
scaffold4	33930000	33940000	0
scaffold4	33940000	33940083	0
scaffold5	0	10000	0
scaffold5	10000	20000	0
scaffold5	20000	30000	0
scaffold5	30000	40000	0
scaffold5	40000	50000	2
scaffold5	50000	60000	1
scaffold5	60000	70000	2
scaffold5	70000	80000	0
scaffold5	80000	90000	0
scaffold5	90000	100000	0
scaffold5	100000	110000	0
scaffold5	110000	120000	0
scaffold5	120000	130000	1
scaffold5	130000	140000	0
scaffold5	140000	150000	1
scaffold5	150000	160000	1
scaffold5	160000	170000	1
scaffold5	170000	180000	1
scaffold5	180000	190000	1
scaffold5	190000	200000	1
scaffold5	200000	210000	1
scaffold5	210000	220000	0
scaffold5	220000	230000	2
scaffold5	230000	240000	2
scaffold5	240000	250000	1
scaffold5	250000	260000	2
scaffold5	260000	270000	2
scaffold5	270000	280000	2
scaffold5	280000	290000	1
scaffold5	290000	300000	1
scaffold5	300000	310000	1
scaffold5	310000	320000	0
scaffold5	320000	330000	0
scaffold5	330000	340000	0
scaffold5	340000	350000	0
scaffold5	350000	360000	0
scaffold5	360000	370000	2
scaffold5	370000	380000	1
scaffold5	380000	390000	0
scaffold5	390000	400000	1
scaffold5	400000	410000	2
scaffold5	410000	420000	0
scaffold5	420000	430000	0
scaffold5	430000	440000	0
scaffold5	440000	450000	0
scaffold5	450000	460000	0
scaffold5	460000	470000	1
scaffold5	470000	480000	2
scaffold5	480000	490000	2
scaffold5	490000	500000	1
scaffold5	500000	510000	0
scaffold5	510000	520000	0
scaffold5	520000	530000	1
scaffold5	530000	540000	1
scaffold5	540000	550000	2
scaffold5	550000	560000	0
scaffold5	560000	570000	1
scaffold5	570000	580000	2
scaffold5	580000	590000	2
scaffold5	590000	600000	1
scaffold5	600000	610000	1
scaffold5	610000	620000	1
scaffold5	620000	630000	1
scaffold5	630000	640000	1
scaffold5	640000	650000	1
scaffold5	650000	660000	2
scaffold5	660000	670000	2
scaffold5	670000	680000	0
scaffold5	680000	690000	1
scaffold5	690000	700000	0
scaffold5	700000	710000	2
scaffold5	710000	720000	1
scaffold5	720000	730000	1
scaffold5	730000	740000	1
scaffold5	740000	750000	2
scaffold5	750000	760000	2
scaffold5	760000	770000	2
scaffold5	770000	780000	0
scaffold5	780000	790000	0
scaffold5	790000	800000	1
scaffold5	800000	810000	0
scaffold5	810000	820000	4
scaffold5	820000	830000	2
scaffold5	830000	840000	0
scaffold5	840000	850000	0
scaffold5	850000	860000	1
scaffold5	860000	870000	0
scaffold5	870000	880000	0
scaffold5	880000	890000	0
scaffold5	890000	900000	0
scaffold5	900000	910000	0
scaffold5	910000	920000	0
scaffold5	920000	930000	0
scaffold5	930000	940000	0
scaffold5	940000	950000	1
scaffold5	950000	960000	0
scaffold5	960000	970000	1
scaffold5	970000	980000	1
scaffold5	980000	990000	1
scaffold5	990000	1000000	0
scaffold5	1000000	1010000	0
scaffold5	1010000	1020000	0
scaffold5	1020000	1030000	1
scaffold5	1030000	1040000	1
scaffold5	1040000	1050000	1
scaffold5	1050000	1060000	0
scaffold5	1060000	1070000	0
scaffold5	1070000	1080000	0
scaffold5	1080000	1090000	1
scaffold5	1090000	1100000	0
scaffold5	1100000	1110000	1
scaffold5	1110000	1120000	0
scaffold5	1120000	1130000	1
scaffold5	1130000	1140000	1
scaffold5	1140000	1150000	1
scaffold5	1150000	1160000	0
scaffold5	1160000	1170000	0
scaffold5	1170000	1180000	1
scaffold5	1180000	1190000	0
scaffold5	1190000	1200000	1
scaffold5	1200000	1210000	1
scaffold5	1210000	1220000	1
scaffold5	1220000	1230000	1
scaffold5	1230000	1240000	2
scaffold5	1240000	1250000	2
scaffold5	1250000	1260000	1
scaffold5	1260000	1270000	0
scaffold5	1270000	1280000	1
scaffold5	1280000	1290000	1
scaffold5	1290000	1300000	1
scaffold5	1300000	1310000	0
scaffold5	1310000	1320000	1
scaffold5	1320000	1330000	1
scaffold5	1330000	1340000	0
scaffold5	1340000	1350000	2
scaffold5	1350000	1360000	2
scaffold5	1360000	1370000	1
scaffold5	1370000	1380000	1
scaffold5	1380000	1390000	1
scaffold5	1390000	1400000	1
scaffold5	1400000	1410000	1
scaffold5	1410000	1420000	0
scaffold5	1420000	1430000	0
scaffold5	1430000	1440000	0
scaffold5	1440000	1450000	2
scaffold5	1450000	1460000	1
scaffold5	1460000	1470000	1
scaffold5	1470000	1480000	1
scaffold5	1480000	1490000	1
scaffold5	1490000	1500000	1
scaffold5	1500000	1510000	1
scaffold5	1510000	1520000	1
scaffold5	1520000	1530000	2
scaffold5	1530000	1540000	1
scaffold5	1540000	1550000	2
scaffold5	1550000	1560000	2
scaffold5	1560000	1570000	1
scaffold5	1570000	1580000	1
scaffold5	1580000	1590000	2
scaffold5	1590000	1600000	1
scaffold5	1600000	1610000	1
scaffold5	1610000	1620000	0
scaffold5	1620000	1630000	0
scaffold5	1630000	1640000	0
scaffold5	1640000	1650000	0
scaffold5	1650000	1660000	0
scaffold5	1660000	1670000	0
scaffold5	1670000	1680000	0
scaffold5	1680000	1690000	0
scaffold5	1690000	1700000	2
scaffold5	1700000	1710000	2
scaffold5	1710000	1720000	0
scaffold5	1720000	1730000	0
scaffold5	1730000	1740000	0
scaffold5	1740000	1750000	0
scaffold5	1750000	1760000	0
scaffold5	1760000	1770000	0
scaffold5	1770000	1780000	0
scaffold5	1780000	1790000	2
scaffold5	1790000	1800000	1
scaffold5	1800000	1810000	1
scaffold5	1810000	1820000	0
scaffold5	1820000	1830000	0
scaffold5	1830000	1840000	0
scaffold5	1840000	1850000	1
scaffold5	1850000	1860000	1
scaffold5	1860000	1870000	1
scaffold5	1870000	1880000	0
scaffold5	1880000	1890000	3
scaffold5	1890000	1900000	1
scaffold5	1900000	1910000	0
scaffold5	1910000	1920000	0
scaffold5	1920000	1930000	0
scaffold5	1930000	1940000	1
scaffold5	1940000	1950000	1
scaffold5	1950000	1960000	0
scaffold5	1960000	1970000	1
scaffold5	1970000	1980000	1
scaffold5	1980000	1990000	1
scaffold5	1990000	2000000	1
scaffold5	2000000	2010000	1
scaffold5	2010000	2020000	1
scaffold5	2020000	2030000	3
scaffold5	2030000	2040000	1
scaffold5	2040000	2050000	1
scaffold5	2050000	2060000	1
scaffold5	2060000	2070000	2
scaffold5	2070000	2080000	1
scaffold5	2080000	2090000	2
scaffold5	2090000	2100000	1
scaffold5	2100000	2110000	2
scaffold5	2110000	2120000	0
scaffold5	2120000	2130000	1
scaffold5	2130000	2140000	1
scaffold5	2140000	2150000	0
scaffold5	2150000	2160000	0
scaffold5	2160000	2170000	1
scaffold5	2170000	2180000	2
scaffold5	2180000	2190000	1
scaffold5	2190000	2200000	0
scaffold5	2200000	2210000	0
scaffold5	2210000	2220000	1
scaffold5	2220000	2230000	1
scaffold5	2230000	2240000	0
scaffold5	2240000	2250000	0
scaffold5	2250000	2260000	1
scaffold5	2260000	2270000	1
scaffold5	2270000	2280000	0
scaffold5	2280000	2290000	0
scaffold5	2290000	2300000	1
scaffold5	2300000	2310000	1
scaffold5	2310000	2320000	0
scaffold5	2320000	2330000	1
scaffold5	2330000	2340000	1
scaffold5	2340000	2350000	1
scaffold5	2350000	2360000	1
scaffold5	2360000	2370000	1
scaffold5	2370000	2380000	1
scaffold5	2380000	2390000	1
scaffold5	2390000	2400000	1
scaffold5	2400000	2410000	1
scaffold5	2410000	2420000	1
scaffold5	2420000	2430000	1
scaffold5	2430000	2440000	1
scaffold5	2440000	2450000	2
scaffold5	2450000	2460000	1
scaffold5	2460000	2470000	1
scaffold5	2470000	2480000	1
scaffold5	2480000	2490000	1
scaffold5	2490000	2500000	0
scaffold5	2500000	2510000	0
scaffold5	2510000	2520000	0
scaffold5	2520000	2530000	0
scaffold5	2530000	2540000	0
scaffold5	2540000	2550000	2
scaffold5	2550000	2560000	1
scaffold5	2560000	2570000	0
scaffold5	2570000	2580000	0
scaffold5	2580000	2590000	1
scaffold5	2590000	2600000	2
scaffold5	2600000	2610000	1
scaffold5	2610000	2620000	0
scaffold5	2620000	2630000	0
scaffold5	2630000	2640000	0
scaffold5	2640000	2650000	0
scaffold5	2650000	2660000	1
scaffold5	2660000	2670000	1
scaffold5	2670000	2680000	1
scaffold5	2680000	2690000	1
scaffold5	2690000	2700000	1
scaffold5	2700000	2710000	1
scaffold5	2710000	2720000	0
scaffold5	2720000	2730000	1
scaffold5	2730000	2740000	0
scaffold5	2740000	2750000	0
scaffold5	2750000	2760000	0
scaffold5	2760000	2770000	0
scaffold5	2770000	2780000	0
scaffold5	2780000	2790000	0
scaffold5	2790000	2800000	0
scaffold5	2800000	2810000	1
scaffold5	2810000	2820000	2
scaffold5	2820000	2830000	1
scaffold5	2830000	2840000	0
scaffold5	2840000	2850000	0
scaffold5	2850000	2860000	0
scaffold5	2860000	2870000	1
scaffold5	2870000	2880000	0
scaffold5	2880000	2890000	0
scaffold5	2890000	2900000	1
scaffold5	2900000	2910000	0
scaffold5	2910000	2920000	0
scaffold5	2920000	2930000	0
scaffold5	2930000	2940000	1
scaffold5	2940000	2950000	1
scaffold5	2950000	2960000	1
scaffold5	2960000	2970000	1
scaffold5	2970000	2980000	1
scaffold5	2980000	2990000	1
scaffold5	2990000	3000000	1
scaffold5	3000000	3010000	0
scaffold5	3010000	3020000	0
scaffold5	3020000	3030000	0
scaffold5	3030000	3040000	0
scaffold5	3040000	3050000	0
scaffold5	3050000	3060000	1
scaffold5	3060000	3070000	1
scaffold5	3070000	3080000	1
scaffold5	3080000	3090000	1
scaffold5	3090000	3100000	2
scaffold5	3100000	3110000	1
scaffold5	3110000	3120000	2
scaffold5	3120000	3130000	2
scaffold5	3130000	3140000	1
scaffold5	3140000	3150000	1
scaffold5	3150000	3160000	0
scaffold5	3160000	3170000	0
scaffold5	3170000	3180000	0
scaffold5	3180000	3190000	0
scaffold5	3190000	3200000	1
scaffold5	3200000	3210000	1
scaffold5	3210000	3220000	3
scaffold5	3220000	3230000	0
scaffold5	3230000	3240000	2
scaffold5	3240000	3250000	1
scaffold5	3250000	3260000	1
scaffold5	3260000	3270000	1
scaffold5	3270000	3280000	2
scaffold5	3280000	3290000	1
scaffold5	3290000	3300000	1
scaffold5	3300000	3310000	0
scaffold5	3310000	3320000	1
scaffold5	3320000	3330000	0
scaffold5	3330000	3340000	0
scaffold5	3340000	3350000	0
scaffold5	3350000	3360000	0
scaffold5	3360000	3370000	2
scaffold5	3370000	3380000	3
scaffold5	3380000	3390000	2
scaffold5	3390000	3400000	1
scaffold5	3400000	3410000	3
scaffold5	3410000	3420000	2
scaffold5	3420000	3430000	2
scaffold5	3430000	3440000	2
scaffold5	3440000	3450000	1
scaffold5	3450000	3460000	1
scaffold5	3460000	3470000	1
scaffold5	3470000	3480000	1
scaffold5	3480000	3490000	1
scaffold5	3490000	3500000	1
scaffold5	3500000	3510000	2
scaffold5	3510000	3520000	0
scaffold5	3520000	3530000	0
scaffold5	3530000	3540000	0
scaffold5	3540000	3550000	0
scaffold5	3550000	3560000	0
scaffold5	3560000	3570000	0
scaffold5	3570000	3580000	0
scaffold5	3580000	3590000	0
scaffold5	3590000	3600000	0
scaffold5	3600000	3610000	2
scaffold5	3610000	3620000	1
scaffold5	3620000	3630000	2
scaffold5	3630000	3640000	2
scaffold5	3640000	3650000	0
scaffold5	3650000	3660000	1
scaffold5	3660000	3670000	2
scaffold5	3670000	3680000	1
scaffold5	3680000	3690000	1
scaffold5	3690000	3700000	1
scaffold5	3700000	3710000	1
scaffold5	3710000	3720000	1
scaffold5	3720000	3730000	2
scaffold5	3730000	3740000	1
scaffold5	3740000	3750000	1
scaffold5	3750000	3760000	2
scaffold5	3760000	3770000	2
scaffold5	3770000	3780000	1
scaffold5	3780000	3790000	1
scaffold5	3790000	3800000	0
scaffold5	3800000	3810000	0
scaffold5	3810000	3820000	1
scaffold5	3820000	3830000	1
scaffold5	3830000	3840000	1
scaffold5	3840000	3850000	0
scaffold5	3850000	3860000	0
scaffold5	3860000	3870000	0
scaffold5	3870000	3880000	1
scaffold5	3880000	3890000	3
scaffold5	3890000	3900000	1
scaffold5	3900000	3910000	1
scaffold5	3910000	3920000	2
scaffold5	3920000	3930000	1
scaffold5	3930000	3940000	1
scaffold5	3940000	3950000	2
scaffold5	3950000	3960000	3
scaffold5	3960000	3970000	1
scaffold5	3970000	3980000	1
scaffold5	3980000	3990000	0
scaffold5	3990000	4000000	1
scaffold5	4000000	4010000	0
scaffold5	4010000	4020000	0
scaffold5	4020000	4030000	1
scaffold5	4030000	4040000	1
scaffold5	4040000	4050000	1
scaffold5	4050000	4060000	1
scaffold5	4060000	4070000	2
scaffold5	4070000	4080000	1
scaffold5	4080000	4090000	2
scaffold5	4090000	4100000	1
scaffold5	4100000	4110000	0
scaffold5	4110000	4120000	1
scaffold5	4120000	4130000	1
scaffold5	4130000	4140000	2
scaffold5	4140000	4150000	1
scaffold5	4150000	4160000	2
scaffold5	4160000	4170000	0
scaffold5	4170000	4180000	1
scaffold5	4180000	4190000	1
scaffold5	4190000	4200000	1
scaffold5	4200000	4210000	2
scaffold5	4210000	4220000	2
scaffold5	4220000	4230000	2
scaffold5	4230000	4240000	1
scaffold5	4240000	4250000	2
scaffold5	4250000	4260000	1
scaffold5	4260000	4270000	1
scaffold5	4270000	4280000	1
scaffold5	4280000	4290000	1
scaffold5	4290000	4300000	0
scaffold5	4300000	4310000	3
scaffold5	4310000	4320000	1
scaffold5	4320000	4330000	0
scaffold5	4330000	4340000	1
scaffold5	4340000	4350000	1
scaffold5	4350000	4360000	1
scaffold5	4360000	4370000	1
scaffold5	4370000	4380000	1
scaffold5	4380000	4390000	0
scaffold5	4390000	4400000	0
scaffold5	4400000	4410000	0
scaffold5	4410000	4420000	0
scaffold5	4420000	4430000	0
scaffold5	4430000	4440000	0
scaffold5	4440000	4450000	1
scaffold5	4450000	4460000	1
scaffold5	4460000	4470000	0
scaffold5	4470000	4480000	0
scaffold5	4480000	4490000	0
scaffold5	4490000	4500000	0
scaffold5	4500000	4510000	1
scaffold5	4510000	4520000	1
scaffold5	4520000	4530000	1
scaffold5	4530000	4540000	3
scaffold5	4540000	4550000	2
scaffold5	4550000	4560000	0
scaffold5	4560000	4570000	1
scaffold5	4570000	4580000	3
scaffold5	4580000	4590000	2
scaffold5	4590000	4600000	1
scaffold5	4600000	4610000	1
scaffold5	4610000	4620000	0
scaffold5	4620000	4630000	0
scaffold5	4630000	4640000	1
scaffold5	4640000	4650000	1
scaffold5	4650000	4660000	1
scaffold5	4660000	4670000	3
scaffold5	4670000	4680000	1
scaffold5	4680000	4690000	1
scaffold5	4690000	4700000	0
scaffold5	4700000	4710000	2
scaffold5	4710000	4720000	2
scaffold5	4720000	4730000	1
scaffold5	4730000	4740000	1
scaffold5	4740000	4750000	1
scaffold5	4750000	4760000	0
scaffold5	4760000	4770000	1
scaffold5	4770000	4780000	1
scaffold5	4780000	4790000	2
scaffold5	4790000	4800000	1
scaffold5	4800000	4810000	1
scaffold5	4810000	4820000	1
scaffold5	4820000	4830000	1
scaffold5	4830000	4840000	2
scaffold5	4840000	4850000	2
scaffold5	4850000	4860000	1
scaffold5	4860000	4870000	1
scaffold5	4870000	4880000	2
scaffold5	4880000	4890000	1
scaffold5	4890000	4900000	1
scaffold5	4900000	4910000	2
scaffold5	4910000	4920000	1
scaffold5	4920000	4930000	1
scaffold5	4930000	4940000	2
scaffold5	4940000	4950000	1
scaffold5	4950000	4960000	1
scaffold5	4960000	4970000	1
scaffold5	4970000	4980000	1
scaffold5	4980000	4990000	1
scaffold5	4990000	5000000	1
scaffold5	5000000	5010000	1
scaffold5	5010000	5020000	1
scaffold5	5020000	5030000	1
scaffold5	5030000	5040000	1
scaffold5	5040000	5050000	2
scaffold5	5050000	5060000	1
scaffold5	5060000	5070000	1
scaffold5	5070000	5080000	1
scaffold5	5080000	5090000	1
scaffold5	5090000	5100000	1
scaffold5	5100000	5110000	1
scaffold5	5110000	5120000	2
scaffold5	5120000	5130000	2
scaffold5	5130000	5140000	1
scaffold5	5140000	5150000	1
scaffold5	5150000	5160000	0
scaffold5	5160000	5170000	0
scaffold5	5170000	5180000	0
scaffold5	5180000	5190000	0
scaffold5	5190000	5200000	1
scaffold5	5200000	5210000	1
scaffold5	5210000	5220000	1
scaffold5	5220000	5230000	1
scaffold5	5230000	5240000	0
scaffold5	5240000	5250000	1
scaffold5	5250000	5260000	2
scaffold5	5260000	5270000	1
scaffold5	5270000	5280000	1
scaffold5	5280000	5290000	2
scaffold5	5290000	5300000	1
scaffold5	5300000	5310000	2
scaffold5	5310000	5320000	1
scaffold5	5320000	5330000	2
scaffold5	5330000	5340000	1
scaffold5	5340000	5350000	1
scaffold5	5350000	5360000	1
scaffold5	5360000	5370000	4
scaffold5	5370000	5380000	1
scaffold5	5380000	5390000	1
scaffold5	5390000	5400000	1
scaffold5	5400000	5410000	0
scaffold5	5410000	5420000	1
scaffold5	5420000	5430000	1
scaffold5	5430000	5440000	0
scaffold5	5440000	5450000	0
scaffold5	5450000	5460000	1
scaffold5	5460000	5470000	1
scaffold5	5470000	5480000	1
scaffold5	5480000	5490000	0
scaffold5	5490000	5500000	1
scaffold5	5500000	5510000	1
scaffold5	5510000	5520000	1
scaffold5	5520000	5530000	1
scaffold5	5530000	5540000	1
scaffold5	5540000	5550000	2
scaffold5	5550000	5560000	2
scaffold5	5560000	5570000	1
scaffold5	5570000	5580000	1
scaffold5	5580000	5590000	1
scaffold5	5590000	5600000	1
scaffold5	5600000	5610000	1
scaffold5	5610000	5620000	0
scaffold5	5620000	5630000	0
scaffold5	5630000	5640000	1
scaffold5	5640000	5650000	3
scaffold5	5650000	5660000	2
scaffold5	5660000	5670000	1
scaffold5	5670000	5680000	1
scaffold5	5680000	5690000	1
scaffold5	5690000	5700000	2
scaffold5	5700000	5710000	1
scaffold5	5710000	5720000	1
scaffold5	5720000	5730000	1
scaffold5	5730000	5740000	1
scaffold5	5740000	5750000	2
scaffold5	5750000	5760000	0
scaffold5	5760000	5770000	1
scaffold5	5770000	5780000	0
scaffold5	5780000	5790000	2
scaffold5	5790000	5800000	0
scaffold5	5800000	5810000	0
scaffold5	5810000	5820000	1
scaffold5	5820000	5830000	1
scaffold5	5830000	5840000	2
scaffold5	5840000	5850000	1
scaffold5	5850000	5860000	2
scaffold5	5860000	5870000	2
scaffold5	5870000	5880000	4
scaffold5	5880000	5890000	2
scaffold5	5890000	5900000	2
scaffold5	5900000	5910000	1
scaffold5	5910000	5920000	1
scaffold5	5920000	5930000	1
scaffold5	5930000	5940000	1
scaffold5	5940000	5950000	1
scaffold5	5950000	5960000	2
scaffold5	5960000	5970000	1
scaffold5	5970000	5980000	0
scaffold5	5980000	5990000	0
scaffold5	5990000	6000000	2
scaffold5	6000000	6010000	1
scaffold5	6010000	6020000	0
scaffold5	6020000	6030000	0
scaffold5	6030000	6040000	0
scaffold5	6040000	6050000	0
scaffold5	6050000	6060000	1
scaffold5	6060000	6070000	1
scaffold5	6070000	6080000	2
scaffold5	6080000	6090000	0
scaffold5	6090000	6100000	0
scaffold5	6100000	6110000	1
scaffold5	6110000	6120000	2
scaffold5	6120000	6130000	1
scaffold5	6130000	6140000	3
scaffold5	6140000	6150000	0
scaffold5	6150000	6160000	1
scaffold5	6160000	6170000	0
scaffold5	6170000	6180000	0
scaffold5	6180000	6190000	1
scaffold5	6190000	6200000	1
scaffold5	6200000	6210000	1
scaffold5	6210000	6220000	1
scaffold5	6220000	6230000	2
scaffold5	6230000	6240000	1
scaffold5	6240000	6250000	1
scaffold5	6250000	6260000	1
scaffold5	6260000	6270000	1
scaffold5	6270000	6280000	0
scaffold5	6280000	6290000	0
scaffold5	6290000	6300000	0
scaffold5	6300000	6310000	0
scaffold5	6310000	6320000	1
scaffold5	6320000	6330000	2
scaffold5	6330000	6340000	1
scaffold5	6340000	6350000	1
scaffold5	6350000	6360000	2
scaffold5	6360000	6370000	2
scaffold5	6370000	6380000	2
scaffold5	6380000	6390000	2
scaffold5	6390000	6400000	1
scaffold5	6400000	6410000	0
scaffold5	6410000	6420000	0
scaffold5	6420000	6430000	2
scaffold5	6430000	6440000	1
scaffold5	6440000	6450000	0
scaffold5	6450000	6460000	0
scaffold5	6460000	6470000	1
scaffold5	6470000	6480000	2
scaffold5	6480000	6490000	2
scaffold5	6490000	6500000	2
scaffold5	6500000	6510000	1
scaffold5	6510000	6520000	1
scaffold5	6520000	6530000	2
scaffold5	6530000	6540000	1
scaffold5	6540000	6550000	1
scaffold5	6550000	6560000	1
scaffold5	6560000	6570000	1
scaffold5	6570000	6580000	2
scaffold5	6580000	6590000	0
scaffold5	6590000	6600000	1
scaffold5	6600000	6610000	1
scaffold5	6610000	6620000	0
scaffold5	6620000	6630000	0
scaffold5	6630000	6640000	1
scaffold5	6640000	6650000	2
scaffold5	6650000	6660000	2
scaffold5	6660000	6670000	1
scaffold5	6670000	6680000	1
scaffold5	6680000	6690000	0
scaffold5	6690000	6700000	0
scaffold5	6700000	6710000	1
scaffold5	6710000	6720000	1
scaffold5	6720000	6730000	0
scaffold5	6730000	6740000	0
scaffold5	6740000	6750000	2
scaffold5	6750000	6760000	1
scaffold5	6760000	6770000	3
scaffold5	6770000	6780000	1
scaffold5	6780000	6790000	1
scaffold5	6790000	6800000	1
scaffold5	6800000	6810000	1
scaffold5	6810000	6820000	1
scaffold5	6820000	6830000	1
scaffold5	6830000	6840000	1
scaffold5	6840000	6850000	0
scaffold5	6850000	6860000	0
scaffold5	6860000	6870000	0
scaffold5	6870000	6880000	1
scaffold5	6880000	6890000	2
scaffold5	6890000	6900000	2
scaffold5	6900000	6910000	1
scaffold5	6910000	6920000	1
scaffold5	6920000	6930000	1
scaffold5	6930000	6940000	0
scaffold5	6940000	6950000	1
scaffold5	6950000	6960000	1
scaffold5	6960000	6970000	1
scaffold5	6970000	6980000	1
scaffold5	6980000	6990000	1
scaffold5	6990000	7000000	2
scaffold5	7000000	7010000	3
scaffold5	7010000	7020000	2
scaffold5	7020000	7030000	1
scaffold5	7030000	7040000	1
scaffold5	7040000	7050000	1
scaffold5	7050000	7060000	1
scaffold5	7060000	7070000	0
scaffold5	7070000	7080000	3
scaffold5	7080000	7090000	1
scaffold5	7090000	7100000	2
scaffold5	7100000	7110000	1
scaffold5	7110000	7120000	0
scaffold5	7120000	7130000	0
scaffold5	7130000	7140000	0
scaffold5	7140000	7150000	0
scaffold5	7150000	7160000	0
scaffold5	7160000	7170000	4
scaffold5	7170000	7180000	2
scaffold5	7180000	7190000	1
scaffold5	7190000	7200000	0
scaffold5	7200000	7210000	1
scaffold5	7210000	7220000	0
scaffold5	7220000	7230000	0
scaffold5	7230000	7240000	0
scaffold5	7240000	7250000	0
scaffold5	7250000	7260000	0
scaffold5	7260000	7270000	0
scaffold5	7270000	7280000	0
scaffold5	7280000	7290000	0
scaffold5	7290000	7300000	0
scaffold5	7300000	7310000	0
scaffold5	7310000	7320000	1
scaffold5	7320000	7330000	3
scaffold5	7330000	7340000	3
scaffold5	7340000	7350000	1
scaffold5	7350000	7360000	0
scaffold5	7360000	7370000	1
scaffold5	7370000	7380000	1
scaffold5	7380000	7390000	2
scaffold5	7390000	7400000	1
scaffold5	7400000	7410000	1
scaffold5	7410000	7420000	2
scaffold5	7420000	7430000	0
scaffold5	7430000	7440000	1
scaffold5	7440000	7450000	1
scaffold5	7450000	7460000	2
scaffold5	7460000	7470000	2
scaffold5	7470000	7480000	0
scaffold5	7480000	7490000	1
scaffold5	7490000	7500000	1
scaffold5	7500000	7510000	2
scaffold5	7510000	7520000	2
scaffold5	7520000	7530000	1
scaffold5	7530000	7540000	0
scaffold5	7540000	7550000	1
scaffold5	7550000	7560000	0
scaffold5	7560000	7570000	0
scaffold5	7570000	7580000	1
scaffold5	7580000	7590000	3
scaffold5	7590000	7600000	3
scaffold5	7600000	7610000	2
scaffold5	7610000	7620000	1
scaffold5	7620000	7630000	1
scaffold5	7630000	7640000	0
scaffold5	7640000	7650000	0
scaffold5	7650000	7660000	0
scaffold5	7660000	7670000	0
scaffold5	7670000	7680000	0
scaffold5	7680000	7690000	0
scaffold5	7690000	7700000	0
scaffold5	7700000	7710000	0
scaffold5	7710000	7720000	0
scaffold5	7720000	7730000	0
scaffold5	7730000	7740000	0
scaffold5	7740000	7750000	0
scaffold5	7750000	7760000	0
scaffold5	7760000	7770000	0
scaffold5	7770000	7780000	0
scaffold5	7780000	7790000	0
scaffold5	7790000	7800000	0
scaffold5	7800000	7810000	2
scaffold5	7810000	7820000	1
scaffold5	7820000	7830000	2
scaffold5	7830000	7840000	1
scaffold5	7840000	7850000	1
scaffold5	7850000	7860000	1
scaffold5	7860000	7870000	1
scaffold5	7870000	7880000	1
scaffold5	7880000	7890000	1
scaffold5	7890000	7900000	1
scaffold5	7900000	7910000	1
scaffold5	7910000	7920000	2
scaffold5	7920000	7930000	1
scaffold5	7930000	7940000	1
scaffold5	7940000	7950000	0
scaffold5	7950000	7960000	0
scaffold5	7960000	7970000	1
scaffold5	7970000	7980000	2
scaffold5	7980000	7990000	1
scaffold5	7990000	8000000	1
scaffold5	8000000	8010000	1
scaffold5	8010000	8020000	1
scaffold5	8020000	8030000	1
scaffold5	8030000	8040000	1
scaffold5	8040000	8050000	1
scaffold5	8050000	8060000	1
scaffold5	8060000	8070000	1
scaffold5	8070000	8080000	0
scaffold5	8080000	8090000	0
scaffold5	8090000	8100000	0
scaffold5	8100000	8110000	2
scaffold5	8110000	8120000	1
scaffold5	8120000	8130000	1
scaffold5	8130000	8140000	2
scaffold5	8140000	8150000	2
scaffold5	8150000	8160000	2
scaffold5	8160000	8170000	1
scaffold5	8170000	8180000	1
scaffold5	8180000	8190000	1
scaffold5	8190000	8200000	1
scaffold5	8200000	8210000	0
scaffold5	8210000	8220000	1
scaffold5	8220000	8230000	2
scaffold5	8230000	8240000	1
scaffold5	8240000	8250000	1
scaffold5	8250000	8260000	1
scaffold5	8260000	8270000	2
scaffold5	8270000	8280000	3
scaffold5	8280000	8290000	1
scaffold5	8290000	8300000	1
scaffold5	8300000	8310000	1
scaffold5	8310000	8320000	1
scaffold5	8320000	8330000	1
scaffold5	8330000	8340000	0
scaffold5	8340000	8350000	1
scaffold5	8350000	8360000	0
scaffold5	8360000	8370000	1
scaffold5	8370000	8380000	1
scaffold5	8380000	8390000	0
scaffold5	8390000	8400000	0
scaffold5	8400000	8410000	1
scaffold5	8410000	8420000	1
scaffold5	8420000	8430000	1
scaffold5	8430000	8440000	1
scaffold5	8440000	8450000	1
scaffold5	8450000	8460000	0
scaffold5	8460000	8470000	3
scaffold5	8470000	8480000	1
scaffold5	8480000	8490000	2
scaffold5	8490000	8500000	1
scaffold5	8500000	8510000	1
scaffold5	8510000	8520000	2
scaffold5	8520000	8530000	1
scaffold5	8530000	8540000	2
scaffold5	8540000	8550000	1
scaffold5	8550000	8560000	1
scaffold5	8560000	8570000	1
scaffold5	8570000	8580000	2
scaffold5	8580000	8590000	1
scaffold5	8590000	8600000	2
scaffold5	8600000	8610000	1
scaffold5	8610000	8620000	1
scaffold5	8620000	8630000	1
scaffold5	8630000	8640000	0
scaffold5	8640000	8650000	1
scaffold5	8650000	8660000	0
scaffold5	8660000	8670000	0
scaffold5	8670000	8680000	0
scaffold5	8680000	8690000	0
scaffold5	8690000	8700000	1
scaffold5	8700000	8710000	2
scaffold5	8710000	8720000	3
scaffold5	8720000	8730000	2
scaffold5	8730000	8740000	1
scaffold5	8740000	8750000	0
scaffold5	8750000	8760000	0
scaffold5	8760000	8770000	0
scaffold5	8770000	8780000	0
scaffold5	8780000	8790000	0
scaffold5	8790000	8800000	0
scaffold5	8800000	8810000	0
scaffold5	8810000	8820000	0
scaffold5	8820000	8830000	0
scaffold5	8830000	8840000	2
scaffold5	8840000	8850000	0
scaffold5	8850000	8860000	0
scaffold5	8860000	8870000	0
scaffold5	8870000	8880000	1
scaffold5	8880000	8890000	1
scaffold5	8890000	8900000	0
scaffold5	8900000	8910000	0
scaffold5	8910000	8920000	0
scaffold5	8920000	8930000	0
scaffold5	8930000	8940000	0
scaffold5	8940000	8950000	0
scaffold5	8950000	8960000	2
scaffold5	8960000	8970000	1
scaffold5	8970000	8980000	2
scaffold5	8980000	8990000	2
scaffold5	8990000	9000000	1
scaffold5	9000000	9010000	0
scaffold5	9010000	9020000	0
scaffold5	9020000	9030000	0
scaffold5	9030000	9040000	1
scaffold5	9040000	9050000	1
scaffold5	9050000	9060000	1
scaffold5	9060000	9070000	1
scaffold5	9070000	9080000	1
scaffold5	9080000	9090000	1
scaffold5	9090000	9100000	1
scaffold5	9100000	9110000	1
scaffold5	9110000	9120000	0
scaffold5	9120000	9130000	0
scaffold5	9130000	9140000	1
scaffold5	9140000	9150000	1
scaffold5	9150000	9160000	1
scaffold5	9160000	9170000	2
scaffold5	9170000	9180000	1
scaffold5	9180000	9190000	1
scaffold5	9190000	9200000	1
scaffold5	9200000	9210000	0
scaffold5	9210000	9220000	0
scaffold5	9220000	9230000	1
scaffold5	9230000	9240000	1
scaffold5	9240000	9250000	1
scaffold5	9250000	9260000	1
scaffold5	9260000	9270000	1
scaffold5	9270000	9280000	2
scaffold5	9280000	9290000	0
scaffold5	9290000	9300000	1
scaffold5	9300000	9310000	3
scaffold5	9310000	9320000	1
scaffold5	9320000	9330000	3
scaffold5	9330000	9340000	1
scaffold5	9340000	9350000	1
scaffold5	9350000	9360000	2
scaffold5	9360000	9370000	3
scaffold5	9370000	9380000	2
scaffold5	9380000	9390000	1
scaffold5	9390000	9400000	3
scaffold5	9400000	9410000	0
scaffold5	9410000	9420000	1
scaffold5	9420000	9430000	0
scaffold5	9430000	9440000	0
scaffold5	9440000	9450000	0
scaffold5	9450000	9460000	2
scaffold5	9460000	9470000	3
scaffold5	9470000	9480000	1
scaffold5	9480000	9490000	0
scaffold5	9490000	9500000	2
scaffold5	9500000	9510000	2
scaffold5	9510000	9520000	1
scaffold5	9520000	9530000	1
scaffold5	9530000	9540000	1
scaffold5	9540000	9550000	0
scaffold5	9550000	9560000	0
scaffold5	9560000	9570000	1
scaffold5	9570000	9580000	3
scaffold5	9580000	9590000	2
scaffold5	9590000	9600000	2
scaffold5	9600000	9610000	3
scaffold5	9610000	9620000	1
scaffold5	9620000	9630000	1
scaffold5	9630000	9640000	0
scaffold5	9640000	9650000	1
scaffold5	9650000	9660000	1
scaffold5	9660000	9670000	2
scaffold5	9670000	9680000	1
scaffold5	9680000	9690000	2
scaffold5	9690000	9700000	1
scaffold5	9700000	9710000	0
scaffold5	9710000	9720000	1
scaffold5	9720000	9730000	1
scaffold5	9730000	9740000	2
scaffold5	9740000	9750000	1
scaffold5	9750000	9760000	0
scaffold5	9760000	9770000	0
scaffold5	9770000	9780000	1
scaffold5	9780000	9790000	0
scaffold5	9790000	9800000	2
scaffold5	9800000	9810000	3
scaffold5	9810000	9820000	1
scaffold5	9820000	9830000	1
scaffold5	9830000	9840000	1
scaffold5	9840000	9850000	1
scaffold5	9850000	9860000	2
scaffold5	9860000	9870000	1
scaffold5	9870000	9880000	1
scaffold5	9880000	9890000	1
scaffold5	9890000	9900000	1
scaffold5	9900000	9910000	1
scaffold5	9910000	9920000	1
scaffold5	9920000	9930000	2
scaffold5	9930000	9940000	2
scaffold5	9940000	9950000	0
scaffold5	9950000	9960000	0
scaffold5	9960000	9970000	0
scaffold5	9970000	9980000	2
scaffold5	9980000	9990000	1
scaffold5	9990000	10000000	2
scaffold5	10000000	10010000	1
scaffold5	10010000	10020000	0
scaffold5	10020000	10030000	0
scaffold5	10030000	10040000	1
scaffold5	10040000	10050000	1
scaffold5	10050000	10060000	1
scaffold5	10060000	10070000	1
scaffold5	10070000	10080000	1
scaffold5	10080000	10090000	2
scaffold5	10090000	10100000	3
scaffold5	10100000	10110000	1
scaffold5	10110000	10120000	0
scaffold5	10120000	10130000	2
scaffold5	10130000	10140000	2
scaffold5	10140000	10150000	1
scaffold5	10150000	10160000	1
scaffold5	10160000	10170000	0
scaffold5	10170000	10180000	0
scaffold5	10180000	10190000	0
scaffold5	10190000	10200000	1
scaffold5	10200000	10210000	0
scaffold5	10210000	10220000	0
scaffold5	10220000	10230000	2
scaffold5	10230000	10240000	2
scaffold5	10240000	10250000	0
scaffold5	10250000	10260000	1
scaffold5	10260000	10270000	1
scaffold5	10270000	10280000	0
scaffold5	10280000	10290000	0
scaffold5	10290000	10300000	0
scaffold5	10300000	10310000	0
scaffold5	10310000	10320000	0
scaffold5	10320000	10330000	0
scaffold5	10330000	10340000	0
scaffold5	10340000	10350000	0
scaffold5	10350000	10360000	1
scaffold5	10360000	10370000	1
scaffold5	10370000	10380000	1
scaffold5	10380000	10390000	0
scaffold5	10390000	10400000	0
scaffold5	10400000	10410000	0
scaffold5	10410000	10420000	1
scaffold5	10420000	10430000	1
scaffold5	10430000	10440000	1
scaffold5	10440000	10450000	2
scaffold5	10450000	10460000	0
scaffold5	10460000	10470000	0
scaffold5	10470000	10480000	1
scaffold5	10480000	10490000	1
scaffold5	10490000	10500000	0
scaffold5	10500000	10510000	0
scaffold5	10510000	10520000	0
scaffold5	10520000	10530000	1
scaffold5	10530000	10540000	1
scaffold5	10540000	10550000	0
scaffold5	10550000	10560000	1
scaffold5	10560000	10570000	1
scaffold5	10570000	10580000	0
scaffold5	10580000	10590000	1
scaffold5	10590000	10600000	1
scaffold5	10600000	10610000	1
scaffold5	10610000	10620000	1
scaffold5	10620000	10630000	1
scaffold5	10630000	10640000	1
scaffold5	10640000	10650000	3
scaffold5	10650000	10660000	1
scaffold5	10660000	10670000	2
scaffold5	10670000	10680000	2
scaffold5	10680000	10690000	1
scaffold5	10690000	10700000	1
scaffold5	10700000	10710000	1
scaffold5	10710000	10720000	1
scaffold5	10720000	10730000	1
scaffold5	10730000	10740000	3
scaffold5	10740000	10750000	1
scaffold5	10750000	10760000	1
scaffold5	10760000	10770000	1
scaffold5	10770000	10780000	1
scaffold5	10780000	10790000	2
scaffold5	10790000	10800000	1
scaffold5	10800000	10810000	1
scaffold5	10810000	10820000	1
scaffold5	10820000	10830000	1
scaffold5	10830000	10840000	0
scaffold5	10840000	10850000	0
scaffold5	10850000	10860000	0
scaffold5	10860000	10870000	0
scaffold5	10870000	10880000	0
scaffold5	10880000	10890000	0
scaffold5	10890000	10900000	0
scaffold5	10900000	10910000	1
scaffold5	10910000	10920000	1
scaffold5	10920000	10930000	1
scaffold5	10930000	10940000	2
scaffold5	10940000	10950000	2
scaffold5	10950000	10960000	1
scaffold5	10960000	10970000	0
scaffold5	10970000	10980000	1
scaffold5	10980000	10990000	1
scaffold5	10990000	11000000	2
scaffold5	11000000	11010000	1
scaffold5	11010000	11020000	1
scaffold5	11020000	11030000	2
scaffold5	11030000	11040000	2
scaffold5	11040000	11050000	1
scaffold5	11050000	11060000	2
scaffold5	11060000	11070000	2
scaffold5	11070000	11080000	4
scaffold5	11080000	11090000	3
scaffold5	11090000	11100000	2
scaffold5	11100000	11110000	1
scaffold5	11110000	11120000	1
scaffold5	11120000	11130000	3
scaffold5	11130000	11140000	2
scaffold5	11140000	11150000	3
scaffold5	11150000	11160000	5
scaffold5	11160000	11170000	2
scaffold5	11170000	11180000	1
scaffold5	11180000	11190000	2
scaffold5	11190000	11200000	2
scaffold5	11200000	11210000	0
scaffold5	11210000	11220000	0
scaffold5	11220000	11230000	0
scaffold5	11230000	11240000	0
scaffold5	11240000	11250000	1
scaffold5	11250000	11260000	0
scaffold5	11260000	11270000	1
scaffold5	11270000	11280000	2
scaffold5	11280000	11290000	2
scaffold5	11290000	11300000	1
scaffold5	11300000	11310000	2
scaffold5	11310000	11320000	1
scaffold5	11320000	11330000	1
scaffold5	11330000	11340000	1
scaffold5	11340000	11350000	1
scaffold5	11350000	11360000	1
scaffold5	11360000	11370000	2
scaffold5	11370000	11380000	4
scaffold5	11380000	11390000	2
scaffold5	11390000	11400000	2
scaffold5	11400000	11410000	2
scaffold5	11410000	11420000	2
scaffold5	11420000	11430000	2
scaffold5	11430000	11440000	1
scaffold5	11440000	11450000	2
scaffold5	11450000	11460000	0
scaffold5	11460000	11470000	0
scaffold5	11470000	11480000	0
scaffold5	11480000	11490000	0
scaffold5	11490000	11500000	0
scaffold5	11500000	11510000	0
scaffold5	11510000	11520000	0
scaffold5	11520000	11530000	1
scaffold5	11530000	11540000	1
scaffold5	11540000	11550000	1
scaffold5	11550000	11560000	1
scaffold5	11560000	11570000	1
scaffold5	11570000	11580000	1
scaffold5	11580000	11590000	1
scaffold5	11590000	11600000	1
scaffold5	11600000	11610000	1
scaffold5	11610000	11620000	1
scaffold5	11620000	11630000	1
scaffold5	11630000	11640000	1
scaffold5	11640000	11650000	1
scaffold5	11650000	11660000	1
scaffold5	11660000	11670000	0
scaffold5	11670000	11680000	0
scaffold5	11680000	11690000	0
scaffold5	11690000	11700000	1
scaffold5	11700000	11710000	1
scaffold5	11710000	11720000	1
scaffold5	11720000	11730000	3
scaffold5	11730000	11740000	1
scaffold5	11740000	11750000	0
scaffold5	11750000	11760000	1
scaffold5	11760000	11770000	1
scaffold5	11770000	11780000	0
scaffold5	11780000	11790000	0
scaffold5	11790000	11800000	0
scaffold5	11800000	11810000	0
scaffold5	11810000	11820000	0
scaffold5	11820000	11830000	0
scaffold5	11830000	11840000	1
scaffold5	11840000	11850000	1
scaffold5	11850000	11860000	1
scaffold5	11860000	11870000	0
scaffold5	11870000	11880000	0
scaffold5	11880000	11890000	0
scaffold5	11890000	11900000	0
scaffold5	11900000	11910000	0
scaffold5	11910000	11920000	1
scaffold5	11920000	11930000	2
scaffold5	11930000	11940000	1
scaffold5	11940000	11950000	1
scaffold5	11950000	11960000	3
scaffold5	11960000	11970000	1
scaffold5	11970000	11980000	0
scaffold5	11980000	11990000	1
scaffold5	11990000	12000000	0
scaffold5	12000000	12010000	2
scaffold5	12010000	12020000	2
scaffold5	12020000	12030000	1
scaffold5	12030000	12040000	2
scaffold5	12040000	12050000	2
scaffold5	12050000	12060000	2
scaffold5	12060000	12070000	2
scaffold5	12070000	12080000	2
scaffold5	12080000	12090000	1
scaffold5	12090000	12100000	2
scaffold5	12100000	12110000	1
scaffold5	12110000	12120000	0
scaffold5	12120000	12130000	1
scaffold5	12130000	12140000	1
scaffold5	12140000	12150000	0
scaffold5	12150000	12160000	1
scaffold5	12160000	12170000	1
scaffold5	12170000	12180000	1
scaffold5	12180000	12190000	1
scaffold5	12190000	12200000	2
scaffold5	12200000	12210000	2
scaffold5	12210000	12220000	1
scaffold5	12220000	12230000	1
scaffold5	12230000	12240000	1
scaffold5	12240000	12250000	0
scaffold5	12250000	12260000	0
scaffold5	12260000	12270000	2
scaffold5	12270000	12280000	2
scaffold5	12280000	12290000	0
scaffold5	12290000	12300000	1
scaffold5	12300000	12310000	1
scaffold5	12310000	12320000	1
scaffold5	12320000	12330000	1
scaffold5	12330000	12340000	2
scaffold5	12340000	12350000	0
scaffold5	12350000	12360000	1
scaffold5	12360000	12370000	0
scaffold5	12370000	12380000	0
scaffold5	12380000	12390000	0
scaffold5	12390000	12400000	1
scaffold5	12400000	12410000	0
scaffold5	12410000	12420000	0
scaffold5	12420000	12430000	1
scaffold5	12430000	12440000	2
scaffold5	12440000	12450000	1
scaffold5	12450000	12460000	1
scaffold5	12460000	12470000	0
scaffold5	12470000	12480000	0
scaffold5	12480000	12490000	0
scaffold5	12490000	12500000	1
scaffold5	12500000	12510000	1
scaffold5	12510000	12520000	1
scaffold5	12520000	12530000	2
scaffold5	12530000	12540000	1
scaffold5	12540000	12550000	1
scaffold5	12550000	12560000	1
scaffold5	12560000	12570000	3
scaffold5	12570000	12580000	1
scaffold5	12580000	12590000	1
scaffold5	12590000	12600000	1
scaffold5	12600000	12610000	1
scaffold5	12610000	12620000	1
scaffold5	12620000	12630000	0
scaffold5	12630000	12640000	0
scaffold5	12640000	12650000	0
scaffold5	12650000	12660000	1
scaffold5	12660000	12670000	1
scaffold5	12670000	12680000	0
scaffold5	12680000	12690000	0
scaffold5	12690000	12700000	0
scaffold5	12700000	12710000	0
scaffold5	12710000	12720000	0
scaffold5	12720000	12730000	1
scaffold5	12730000	12740000	1
scaffold5	12740000	12750000	1
scaffold5	12750000	12760000	2
scaffold5	12760000	12770000	1
scaffold5	12770000	12780000	1
scaffold5	12780000	12790000	3
scaffold5	12790000	12800000	2
scaffold5	12800000	12810000	1
scaffold5	12810000	12820000	2
scaffold5	12820000	12830000	1
scaffold5	12830000	12840000	1
scaffold5	12840000	12850000	2
scaffold5	12850000	12860000	2
scaffold5	12860000	12870000	1
scaffold5	12870000	12880000	0
scaffold5	12880000	12890000	0
scaffold5	12890000	12900000	0
scaffold5	12900000	12910000	0
scaffold5	12910000	12920000	1
scaffold5	12920000	12930000	1
scaffold5	12930000	12940000	1
scaffold5	12940000	12950000	0
scaffold5	12950000	12960000	2
scaffold5	12960000	12970000	2
scaffold5	12970000	12980000	1
scaffold5	12980000	12990000	2
scaffold5	12990000	13000000	1
scaffold5	13000000	13010000	1
scaffold5	13010000	13020000	2
scaffold5	13020000	13030000	0
scaffold5	13030000	13040000	0
scaffold5	13040000	13050000	0
scaffold5	13050000	13060000	0
scaffold5	13060000	13070000	2
scaffold5	13070000	13080000	2
scaffold5	13080000	13090000	2
scaffold5	13090000	13100000	3
scaffold5	13100000	13110000	3
scaffold5	13110000	13120000	1
scaffold5	13120000	13130000	0
scaffold5	13130000	13140000	0
scaffold5	13140000	13150000	1
scaffold5	13150000	13160000	1
scaffold5	13160000	13170000	1
scaffold5	13170000	13180000	2
scaffold5	13180000	13190000	2
scaffold5	13190000	13200000	1
scaffold5	13200000	13210000	2
scaffold5	13210000	13220000	1
scaffold5	13220000	13230000	1
scaffold5	13230000	13240000	2
scaffold5	13240000	13250000	1
scaffold5	13250000	13260000	1
scaffold5	13260000	13270000	1
scaffold5	13270000	13280000	0
scaffold5	13280000	13290000	1
scaffold5	13290000	13300000	1
scaffold5	13300000	13310000	1
scaffold5	13310000	13320000	0
scaffold5	13320000	13330000	0
scaffold5	13330000	13340000	0
scaffold5	13340000	13350000	0
scaffold5	13350000	13360000	1
scaffold5	13360000	13370000	2
scaffold5	13370000	13380000	2
scaffold5	13380000	13390000	2
scaffold5	13390000	13400000	2
scaffold5	13400000	13410000	1
scaffold5	13410000	13420000	1
scaffold5	13420000	13430000	1
scaffold5	13430000	13440000	1
scaffold5	13440000	13450000	2
scaffold5	13450000	13460000	0
scaffold5	13460000	13470000	0
scaffold5	13470000	13480000	0
scaffold5	13480000	13490000	2
scaffold5	13490000	13500000	2
scaffold5	13500000	13510000	1
scaffold5	13510000	13520000	1
scaffold5	13520000	13530000	0
scaffold5	13530000	13540000	1
scaffold5	13540000	13550000	2
scaffold5	13550000	13560000	1
scaffold5	13560000	13570000	1
scaffold5	13570000	13580000	1
scaffold5	13580000	13590000	1
scaffold5	13590000	13600000	1
scaffold5	13600000	13610000	1
scaffold5	13610000	13620000	1
scaffold5	13620000	13630000	1
scaffold5	13630000	13640000	1
scaffold5	13640000	13650000	2
scaffold5	13650000	13660000	2
scaffold5	13660000	13670000	3
scaffold5	13670000	13680000	1
scaffold5	13680000	13690000	0
scaffold5	13690000	13700000	1
scaffold5	13700000	13710000	1
scaffold5	13710000	13720000	0
scaffold5	13720000	13730000	0
scaffold5	13730000	13740000	1
scaffold5	13740000	13750000	3
scaffold5	13750000	13760000	2
scaffold5	13760000	13770000	1
scaffold5	13770000	13780000	0
scaffold5	13780000	13790000	1
scaffold5	13790000	13800000	1
scaffold5	13800000	13810000	2
scaffold5	13810000	13820000	1
scaffold5	13820000	13830000	1
scaffold5	13830000	13840000	2
scaffold5	13840000	13850000	2
scaffold5	13850000	13860000	1
scaffold5	13860000	13870000	2
scaffold5	13870000	13880000	1
scaffold5	13880000	13890000	3
scaffold5	13890000	13900000	1
scaffold5	13900000	13910000	1
scaffold5	13910000	13920000	2
scaffold5	13920000	13930000	2
scaffold5	13930000	13940000	2
scaffold5	13940000	13950000	2
scaffold5	13950000	13960000	1
scaffold5	13960000	13970000	1
scaffold5	13970000	13980000	2
scaffold5	13980000	13990000	2
scaffold5	13990000	14000000	1
scaffold5	14000000	14010000	0
scaffold5	14010000	14020000	0
scaffold5	14020000	14030000	0
scaffold5	14030000	14040000	0
scaffold5	14040000	14050000	0
scaffold5	14050000	14060000	1
scaffold5	14060000	14070000	1
scaffold5	14070000	14080000	1
scaffold5	14080000	14090000	1
scaffold5	14090000	14100000	2
scaffold5	14100000	14110000	1
scaffold5	14110000	14120000	1
scaffold5	14120000	14130000	2
scaffold5	14130000	14140000	1
scaffold5	14140000	14150000	1
scaffold5	14150000	14160000	2
scaffold5	14160000	14170000	1
scaffold5	14170000	14180000	2
scaffold5	14180000	14190000	1
scaffold5	14190000	14200000	1
scaffold5	14200000	14210000	1
scaffold5	14210000	14220000	2
scaffold5	14220000	14230000	0
scaffold5	14230000	14240000	0
scaffold5	14240000	14250000	0
scaffold5	14250000	14260000	1
scaffold5	14260000	14270000	1
scaffold5	14270000	14280000	1
scaffold5	14280000	14290000	1
scaffold5	14290000	14300000	1
scaffold5	14300000	14310000	1
scaffold5	14310000	14320000	1
scaffold5	14320000	14330000	2
scaffold5	14330000	14340000	2
scaffold5	14340000	14350000	0
scaffold5	14350000	14360000	1
scaffold5	14360000	14370000	0
scaffold5	14370000	14380000	1
scaffold5	14380000	14390000	3
scaffold5	14390000	14400000	0
scaffold5	14400000	14410000	2
scaffold5	14410000	14420000	2
scaffold5	14420000	14430000	0
scaffold5	14430000	14440000	0
scaffold5	14440000	14450000	1
scaffold5	14450000	14460000	0
scaffold5	14460000	14470000	0
scaffold5	14470000	14480000	1
scaffold5	14480000	14490000	1
scaffold5	14490000	14500000	1
scaffold5	14500000	14510000	1
scaffold5	14510000	14520000	0
scaffold5	14520000	14530000	0
scaffold5	14530000	14540000	0
scaffold5	14540000	14550000	0
scaffold5	14550000	14560000	0
scaffold5	14560000	14570000	0
scaffold5	14570000	14580000	0
scaffold5	14580000	14590000	1
scaffold5	14590000	14600000	0
scaffold5	14600000	14610000	0
scaffold5	14610000	14620000	2
scaffold5	14620000	14630000	1
scaffold5	14630000	14640000	0
scaffold5	14640000	14650000	1
scaffold5	14650000	14660000	3
scaffold5	14660000	14670000	1
scaffold5	14670000	14680000	2
scaffold5	14680000	14690000	1
scaffold5	14690000	14700000	1
scaffold5	14700000	14710000	1
scaffold5	14710000	14720000	1
scaffold5	14720000	14730000	1
scaffold5	14730000	14740000	1
scaffold5	14740000	14750000	1
scaffold5	14750000	14760000	0
scaffold5	14760000	14770000	0
scaffold5	14770000	14780000	0
scaffold5	14780000	14790000	1
scaffold5	14790000	14800000	1
scaffold5	14800000	14810000	2
scaffold5	14810000	14820000	1
scaffold5	14820000	14830000	2
scaffold5	14830000	14840000	2
scaffold5	14840000	14850000	3
scaffold5	14850000	14860000	3
scaffold5	14860000	14870000	1
scaffold5	14870000	14880000	1
scaffold5	14880000	14890000	1
scaffold5	14890000	14900000	1
scaffold5	14900000	14910000	2
scaffold5	14910000	14920000	1
scaffold5	14920000	14930000	3
scaffold5	14930000	14940000	1
scaffold5	14940000	14950000	0
scaffold5	14950000	14960000	0
scaffold5	14960000	14970000	0
scaffold5	14970000	14980000	0
scaffold5	14980000	14990000	0
scaffold5	14990000	15000000	0
scaffold5	15000000	15010000	0
scaffold5	15010000	15020000	0
scaffold5	15020000	15030000	0
scaffold5	15030000	15040000	1
scaffold5	15040000	15050000	1
scaffold5	15050000	15060000	1
scaffold5	15060000	15070000	2
scaffold5	15070000	15080000	3
scaffold5	15080000	15090000	2
scaffold5	15090000	15100000	1
scaffold5	15100000	15110000	1
scaffold5	15110000	15120000	1
scaffold5	15120000	15130000	1
scaffold5	15130000	15140000	3
scaffold5	15140000	15150000	2
scaffold5	15150000	15160000	1
scaffold5	15160000	15170000	1
scaffold5	15170000	15180000	1
scaffold5	15180000	15190000	3
scaffold5	15190000	15200000	1
scaffold5	15200000	15210000	1
scaffold5	15210000	15220000	2
scaffold5	15220000	15230000	1
scaffold5	15230000	15240000	1
scaffold5	15240000	15250000	2
scaffold5	15250000	15260000	1
scaffold5	15260000	15270000	2
scaffold5	15270000	15280000	2
scaffold5	15280000	15290000	1
scaffold5	15290000	15300000	2
scaffold5	15300000	15310000	1
scaffold5	15310000	15320000	1
scaffold5	15320000	15330000	1
scaffold5	15330000	15340000	1
scaffold5	15340000	15350000	1
scaffold5	15350000	15360000	1
scaffold5	15360000	15370000	1
scaffold5	15370000	15380000	1
scaffold5	15380000	15390000	1
scaffold5	15390000	15400000	3
scaffold5	15400000	15410000	1
scaffold5	15410000	15420000	1
scaffold5	15420000	15430000	2
scaffold5	15430000	15440000	0
scaffold5	15440000	15450000	0
scaffold5	15450000	15460000	1
scaffold5	15460000	15470000	1
scaffold5	15470000	15480000	1
scaffold5	15480000	15490000	3
scaffold5	15490000	15500000	1
scaffold5	15500000	15510000	2
scaffold5	15510000	15520000	2
scaffold5	15520000	15530000	2
scaffold5	15530000	15540000	1
scaffold5	15540000	15550000	2
scaffold5	15550000	15560000	1
scaffold5	15560000	15570000	1
scaffold5	15570000	15580000	1
scaffold5	15580000	15590000	1
scaffold5	15590000	15600000	1
scaffold5	15600000	15610000	1
scaffold5	15610000	15620000	0
scaffold5	15620000	15630000	1
scaffold5	15630000	15640000	1
scaffold5	15640000	15650000	0
scaffold5	15650000	15660000	1
scaffold5	15660000	15670000	1
scaffold5	15670000	15680000	1
scaffold5	15680000	15690000	2
scaffold5	15690000	15700000	2
scaffold5	15700000	15710000	1
scaffold5	15710000	15720000	1
scaffold5	15720000	15730000	1
scaffold5	15730000	15740000	1
scaffold5	15740000	15750000	1
scaffold5	15750000	15760000	1
scaffold5	15760000	15770000	1
scaffold5	15770000	15780000	1
scaffold5	15780000	15790000	2
scaffold5	15790000	15800000	2
scaffold5	15800000	15810000	1
scaffold5	15810000	15820000	3
scaffold5	15820000	15830000	3
scaffold5	15830000	15840000	1
scaffold5	15840000	15850000	1
scaffold5	15850000	15860000	2
scaffold5	15860000	15870000	2
scaffold5	15870000	15880000	1
scaffold5	15880000	15890000	1
scaffold5	15890000	15900000	1
scaffold5	15900000	15910000	1
scaffold5	15910000	15920000	1
scaffold5	15920000	15930000	0
scaffold5	15930000	15940000	1
scaffold5	15940000	15950000	3
scaffold5	15950000	15960000	2
scaffold5	15960000	15970000	1
scaffold5	15970000	15980000	1
scaffold5	15980000	15990000	0
scaffold5	15990000	16000000	1
scaffold5	16000000	16010000	0
scaffold5	16010000	16020000	0
scaffold5	16020000	16030000	0
scaffold5	16030000	16040000	2
scaffold5	16040000	16050000	2
scaffold5	16050000	16060000	2
scaffold5	16060000	16070000	2
scaffold5	16070000	16080000	1
scaffold5	16080000	16090000	0
scaffold5	16090000	16100000	0
scaffold5	16100000	16110000	0
scaffold5	16110000	16120000	0
scaffold5	16120000	16130000	0
scaffold5	16130000	16140000	0
scaffold5	16140000	16150000	0
scaffold5	16150000	16160000	0
scaffold5	16160000	16170000	0
scaffold5	16170000	16180000	0
scaffold5	16180000	16190000	1
scaffold5	16190000	16200000	1
scaffold5	16200000	16210000	0
scaffold5	16210000	16220000	1
scaffold5	16220000	16230000	1
scaffold5	16230000	16240000	1
scaffold5	16240000	16250000	1
scaffold5	16250000	16260000	1
scaffold5	16260000	16270000	1
scaffold5	16270000	16280000	2
scaffold5	16280000	16290000	3
scaffold5	16290000	16300000	1
scaffold5	16300000	16310000	1
scaffold5	16310000	16320000	0
scaffold5	16320000	16330000	1
scaffold5	16330000	16340000	2
scaffold5	16340000	16350000	2
scaffold5	16350000	16360000	1
scaffold5	16360000	16370000	2
scaffold5	16370000	16380000	1
scaffold5	16380000	16390000	0
scaffold5	16390000	16400000	0
scaffold5	16400000	16410000	0
scaffold5	16410000	16420000	1
scaffold5	16420000	16430000	1
scaffold5	16430000	16440000	1
scaffold5	16440000	16450000	2
scaffold5	16450000	16460000	1
scaffold5	16460000	16470000	2
scaffold5	16470000	16480000	1
scaffold5	16480000	16490000	1
scaffold5	16490000	16500000	1
scaffold5	16500000	16510000	1
scaffold5	16510000	16520000	1
scaffold5	16520000	16530000	1
scaffold5	16530000	16540000	1
scaffold5	16540000	16550000	1
scaffold5	16550000	16560000	1
scaffold5	16560000	16570000	1
scaffold5	16570000	16580000	2
scaffold5	16580000	16590000	1
scaffold5	16590000	16600000	1
scaffold5	16600000	16610000	1
scaffold5	16610000	16620000	2
scaffold5	16620000	16630000	1
scaffold5	16630000	16640000	2
scaffold5	16640000	16650000	2
scaffold5	16650000	16660000	2
scaffold5	16660000	16670000	1
scaffold5	16670000	16680000	2
scaffold5	16680000	16690000	1
scaffold5	16690000	16700000	1
scaffold5	16700000	16710000	2
scaffold5	16710000	16720000	1
scaffold5	16720000	16730000	2
scaffold5	16730000	16740000	1
scaffold5	16740000	16750000	2
scaffold5	16750000	16760000	1
scaffold5	16760000	16770000	2
scaffold5	16770000	16780000	3
scaffold5	16780000	16790000	2
scaffold5	16790000	16800000	1
scaffold5	16800000	16810000	3
scaffold5	16810000	16820000	1
scaffold5	16820000	16830000	2
scaffold5	16830000	16840000	1
scaffold5	16840000	16850000	0
scaffold5	16850000	16860000	1
scaffold5	16860000	16870000	0
scaffold5	16870000	16880000	1
scaffold5	16880000	16890000	0
scaffold5	16890000	16900000	1
scaffold5	16900000	16910000	0
scaffold5	16910000	16920000	0
scaffold5	16920000	16930000	2
scaffold5	16930000	16940000	3
scaffold5	16940000	16950000	1
scaffold5	16950000	16960000	2
scaffold5	16960000	16970000	2
scaffold5	16970000	16980000	0
scaffold5	16980000	16990000	1
scaffold5	16990000	17000000	1
scaffold5	17000000	17010000	1
scaffold5	17010000	17020000	1
scaffold5	17020000	17030000	1
scaffold5	17030000	17040000	1
scaffold5	17040000	17050000	1
scaffold5	17050000	17060000	1
scaffold5	17060000	17070000	2
scaffold5	17070000	17080000	1
scaffold5	17080000	17090000	1
scaffold5	17090000	17100000	3
scaffold5	17100000	17110000	1
scaffold5	17110000	17120000	0
scaffold5	17120000	17130000	3
scaffold5	17130000	17140000	2
scaffold5	17140000	17150000	1
scaffold5	17150000	17160000	1
scaffold5	17160000	17170000	2
scaffold5	17170000	17180000	2
scaffold5	17180000	17190000	2
scaffold5	17190000	17200000	3
scaffold5	17200000	17210000	2
scaffold5	17210000	17220000	1
scaffold5	17220000	17230000	0
scaffold5	17230000	17240000	0
scaffold5	17240000	17250000	0
scaffold5	17250000	17260000	0
scaffold5	17260000	17270000	0
scaffold5	17270000	17280000	1
scaffold5	17280000	17290000	1
scaffold5	17290000	17300000	2
scaffold5	17300000	17310000	1
scaffold5	17310000	17320000	1
scaffold5	17320000	17330000	0
scaffold5	17330000	17340000	1
scaffold5	17340000	17350000	2
scaffold5	17350000	17360000	1
scaffold5	17360000	17370000	1
scaffold5	17370000	17380000	1
scaffold5	17380000	17390000	2
scaffold5	17390000	17400000	2
scaffold5	17400000	17410000	1
scaffold5	17410000	17420000	1
scaffold5	17420000	17430000	0
scaffold5	17430000	17440000	0
scaffold5	17440000	17450000	2
scaffold5	17450000	17460000	0
scaffold5	17460000	17470000	0
scaffold5	17470000	17480000	0
scaffold5	17480000	17490000	1
scaffold5	17490000	17500000	1
scaffold5	17500000	17510000	1
scaffold5	17510000	17520000	2
scaffold5	17520000	17530000	1
scaffold5	17530000	17540000	3
scaffold5	17540000	17550000	1
scaffold5	17550000	17560000	0
scaffold5	17560000	17570000	1
scaffold5	17570000	17580000	2
scaffold5	17580000	17590000	1
scaffold5	17590000	17600000	1
scaffold5	17600000	17610000	1
scaffold5	17610000	17620000	0
scaffold5	17620000	17630000	1
scaffold5	17630000	17640000	0
scaffold5	17640000	17650000	1
scaffold5	17650000	17660000	1
scaffold5	17660000	17670000	2
scaffold5	17670000	17680000	2
scaffold5	17680000	17690000	1
scaffold5	17690000	17700000	2
scaffold5	17700000	17710000	1
scaffold5	17710000	17720000	0
scaffold5	17720000	17730000	1
scaffold5	17730000	17740000	1
scaffold5	17740000	17750000	1
scaffold5	17750000	17760000	2
scaffold5	17760000	17770000	1
scaffold5	17770000	17780000	2
scaffold5	17780000	17790000	2
scaffold5	17790000	17800000	3
scaffold5	17800000	17810000	1
scaffold5	17810000	17820000	1
scaffold5	17820000	17830000	1
scaffold5	17830000	17840000	2
scaffold5	17840000	17850000	3
scaffold5	17850000	17860000	2
scaffold5	17860000	17870000	1
scaffold5	17870000	17880000	0
scaffold5	17880000	17890000	0
scaffold5	17890000	17900000	0
scaffold5	17900000	17910000	0
scaffold5	17910000	17920000	1
scaffold5	17920000	17930000	0
scaffold5	17930000	17940000	1
scaffold5	17940000	17950000	1
scaffold5	17950000	17960000	2
scaffold5	17960000	17970000	1
scaffold5	17970000	17980000	1
scaffold5	17980000	17990000	2
scaffold5	17990000	18000000	1
scaffold5	18000000	18010000	1
scaffold5	18010000	18020000	1
scaffold5	18020000	18030000	0
scaffold5	18030000	18040000	0
scaffold5	18040000	18050000	1
scaffold5	18050000	18060000	3
scaffold5	18060000	18070000	2
scaffold5	18070000	18080000	1
scaffold5	18080000	18090000	1
scaffold5	18090000	18100000	1
scaffold5	18100000	18110000	2
scaffold5	18110000	18120000	1
scaffold5	18120000	18130000	2
scaffold5	18130000	18140000	1
scaffold5	18140000	18150000	1
scaffold5	18150000	18160000	2
scaffold5	18160000	18170000	1
scaffold5	18170000	18180000	1
scaffold5	18180000	18190000	2
scaffold5	18190000	18200000	0
scaffold5	18200000	18210000	0
scaffold5	18210000	18220000	1
scaffold5	18220000	18230000	1
scaffold5	18230000	18240000	0
scaffold5	18240000	18250000	1
scaffold5	18250000	18260000	2
scaffold5	18260000	18270000	1
scaffold5	18270000	18280000	1
scaffold5	18280000	18290000	1
scaffold5	18290000	18300000	1
scaffold5	18300000	18310000	1
scaffold5	18310000	18320000	2
scaffold5	18320000	18330000	1
scaffold5	18330000	18340000	2
scaffold5	18340000	18350000	2
scaffold5	18350000	18360000	2
scaffold5	18360000	18370000	1
scaffold5	18370000	18380000	0
scaffold5	18380000	18390000	0
scaffold5	18390000	18400000	0
scaffold5	18400000	18410000	0
scaffold5	18410000	18420000	0
scaffold5	18420000	18430000	0
scaffold5	18430000	18440000	0
scaffold5	18440000	18450000	0
scaffold5	18450000	18460000	0
scaffold5	18460000	18470000	0
scaffold5	18470000	18480000	0
scaffold5	18480000	18490000	2
scaffold5	18490000	18500000	2
scaffold5	18500000	18510000	1
scaffold5	18510000	18520000	4
scaffold5	18520000	18530000	1
scaffold5	18530000	18540000	1
scaffold5	18540000	18550000	0
scaffold5	18550000	18560000	3
scaffold5	18560000	18570000	2
scaffold5	18570000	18580000	1
scaffold5	18580000	18590000	2
scaffold5	18590000	18600000	1
scaffold5	18600000	18610000	3
scaffold5	18610000	18620000	3
scaffold5	18620000	18630000	1
scaffold5	18630000	18640000	0
scaffold5	18640000	18650000	0
scaffold5	18650000	18660000	0
scaffold5	18660000	18670000	1
scaffold5	18670000	18680000	1
scaffold5	18680000	18690000	1
scaffold5	18690000	18700000	1
scaffold5	18700000	18710000	1
scaffold5	18710000	18720000	4
scaffold5	18720000	18730000	0
scaffold5	18730000	18740000	0
scaffold5	18740000	18750000	1
scaffold5	18750000	18760000	0
scaffold5	18760000	18770000	0
scaffold5	18770000	18780000	1
scaffold5	18780000	18790000	3
scaffold5	18790000	18800000	1
scaffold5	18800000	18810000	1
scaffold5	18810000	18820000	0
scaffold5	18820000	18830000	0
scaffold5	18830000	18840000	2
scaffold5	18840000	18850000	0
scaffold5	18850000	18860000	0
scaffold5	18860000	18870000	0
scaffold5	18870000	18880000	0
scaffold5	18880000	18890000	0
scaffold5	18890000	18900000	0
scaffold5	18900000	18910000	0
scaffold5	18910000	18920000	0
scaffold5	18920000	18930000	0
scaffold5	18930000	18940000	0
scaffold5	18940000	18950000	0
scaffold5	18950000	18960000	0
scaffold5	18960000	18970000	0
scaffold5	18970000	18980000	0
scaffold5	18980000	18990000	1
scaffold5	18990000	19000000	1
scaffold5	19000000	19010000	0
scaffold5	19010000	19020000	0
scaffold5	19020000	19030000	0
scaffold5	19030000	19040000	0
scaffold5	19040000	19050000	1
scaffold5	19050000	19060000	0
scaffold5	19060000	19070000	0
scaffold5	19070000	19080000	0
scaffold5	19080000	19090000	1
scaffold5	19090000	19100000	1
scaffold5	19100000	19110000	1
scaffold5	19110000	19120000	1
scaffold5	19120000	19130000	1
scaffold5	19130000	19140000	2
scaffold5	19140000	19150000	2
scaffold5	19150000	19160000	1
scaffold5	19160000	19170000	1
scaffold5	19170000	19180000	0
scaffold5	19180000	19190000	0
scaffold5	19190000	19200000	2
scaffold5	19200000	19210000	1
scaffold5	19210000	19220000	2
scaffold5	19220000	19230000	1
scaffold5	19230000	19240000	1
scaffold5	19240000	19250000	2
scaffold5	19250000	19260000	2
scaffold5	19260000	19270000	2
scaffold5	19270000	19280000	1
scaffold5	19280000	19290000	0
scaffold5	19290000	19300000	1
scaffold5	19300000	19310000	2
scaffold5	19310000	19320000	1
scaffold5	19320000	19330000	2
scaffold5	19330000	19340000	2
scaffold5	19340000	19350000	1
scaffold5	19350000	19360000	2
scaffold5	19360000	19370000	1
scaffold5	19370000	19380000	1
scaffold5	19380000	19390000	1
scaffold5	19390000	19400000	1
scaffold5	19400000	19410000	2
scaffold5	19410000	19420000	1
scaffold5	19420000	19430000	0
scaffold5	19430000	19440000	1
scaffold5	19440000	19450000	2
scaffold5	19450000	19460000	1
scaffold5	19460000	19470000	2
scaffold5	19470000	19480000	2
scaffold5	19480000	19490000	3
scaffold5	19490000	19500000	0
scaffold5	19500000	19510000	1
scaffold5	19510000	19520000	1
scaffold5	19520000	19530000	2
scaffold5	19530000	19540000	1
scaffold5	19540000	19550000	1
scaffold5	19550000	19560000	1
scaffold5	19560000	19570000	2
scaffold5	19570000	19580000	2
scaffold5	19580000	19590000	1
scaffold5	19590000	19600000	1
scaffold5	19600000	19610000	1
scaffold5	19610000	19620000	1
scaffold5	19620000	19630000	1
scaffold5	19630000	19640000	1
scaffold5	19640000	19650000	2
scaffold5	19650000	19660000	1
scaffold5	19660000	19670000	1
scaffold5	19670000	19680000	1
scaffold5	19680000	19690000	1
scaffold5	19690000	19700000	1
scaffold5	19700000	19710000	1
scaffold5	19710000	19720000	1
scaffold5	19720000	19730000	2
scaffold5	19730000	19740000	1
scaffold5	19740000	19750000	2
scaffold5	19750000	19760000	3
scaffold5	19760000	19770000	2
scaffold5	19770000	19780000	1
scaffold5	19780000	19790000	2
scaffold5	19790000	19800000	1
scaffold5	19800000	19810000	1
scaffold5	19810000	19820000	1
scaffold5	19820000	19830000	1
scaffold5	19830000	19840000	2
scaffold5	19840000	19850000	1
scaffold5	19850000	19860000	1
scaffold5	19860000	19870000	2
scaffold5	19870000	19880000	2
scaffold5	19880000	19890000	1
scaffold5	19890000	19900000	1
scaffold5	19900000	19910000	1
scaffold5	19910000	19920000	0
scaffold5	19920000	19930000	1
scaffold5	19930000	19940000	3
scaffold5	19940000	19950000	2
scaffold5	19950000	19960000	1
scaffold5	19960000	19970000	2
scaffold5	19970000	19980000	2
scaffold5	19980000	19990000	2
scaffold5	19990000	20000000	3
scaffold5	20000000	20010000	2
scaffold5	20010000	20020000	1
scaffold5	20020000	20030000	2
scaffold5	20030000	20040000	1
scaffold5	20040000	20050000	1
scaffold5	20050000	20060000	1
scaffold5	20060000	20070000	0
scaffold5	20070000	20080000	2
scaffold5	20080000	20090000	2
scaffold5	20090000	20100000	1
scaffold5	20100000	20110000	1
scaffold5	20110000	20120000	1
scaffold5	20120000	20130000	1
scaffold5	20130000	20140000	1
scaffold5	20140000	20150000	2
scaffold5	20150000	20160000	1
scaffold5	20160000	20170000	1
scaffold5	20170000	20180000	1
scaffold5	20180000	20190000	2
scaffold5	20190000	20200000	1
scaffold5	20200000	20210000	0
scaffold5	20210000	20220000	0
scaffold5	20220000	20230000	1
scaffold5	20230000	20240000	1
scaffold5	20240000	20250000	1
scaffold5	20250000	20260000	1
scaffold5	20260000	20270000	1
scaffold5	20270000	20280000	1
scaffold5	20280000	20290000	1
scaffold5	20290000	20300000	1
scaffold5	20300000	20310000	0
scaffold5	20310000	20320000	1
scaffold5	20320000	20330000	1
scaffold5	20330000	20340000	1
scaffold5	20340000	20350000	1
scaffold5	20350000	20360000	1
scaffold5	20360000	20370000	2
scaffold5	20370000	20380000	3
scaffold5	20380000	20390000	1
scaffold5	20390000	20400000	1
scaffold5	20400000	20410000	1
scaffold5	20410000	20420000	1
scaffold5	20420000	20430000	0
scaffold5	20430000	20440000	1
scaffold5	20440000	20450000	1
scaffold5	20450000	20460000	1
scaffold5	20460000	20470000	2
scaffold5	20470000	20480000	1
scaffold5	20480000	20490000	1
scaffold5	20490000	20500000	1
scaffold5	20500000	20510000	2
scaffold5	20510000	20520000	0
scaffold5	20520000	20530000	0
scaffold5	20530000	20540000	1
scaffold5	20540000	20550000	1
scaffold5	20550000	20560000	1
scaffold5	20560000	20570000	1
scaffold5	20570000	20580000	2
scaffold5	20580000	20590000	1
scaffold5	20590000	20600000	2
scaffold5	20600000	20610000	3
scaffold5	20610000	20620000	1
scaffold5	20620000	20630000	1
scaffold5	20630000	20640000	0
scaffold5	20640000	20650000	0
scaffold5	20650000	20660000	0
scaffold5	20660000	20670000	1
scaffold5	20670000	20680000	1
scaffold5	20680000	20690000	1
scaffold5	20690000	20700000	1
scaffold5	20700000	20710000	1
scaffold5	20710000	20720000	1
scaffold5	20720000	20730000	2
scaffold5	20730000	20740000	2
scaffold5	20740000	20750000	1
scaffold5	20750000	20760000	1
scaffold5	20760000	20770000	0
scaffold5	20770000	20780000	0
scaffold5	20780000	20790000	0
scaffold5	20790000	20800000	1
scaffold5	20800000	20810000	0
scaffold5	20810000	20820000	1
scaffold5	20820000	20830000	2
scaffold5	20830000	20840000	1
scaffold5	20840000	20850000	1
scaffold5	20850000	20860000	1
scaffold5	20860000	20870000	1
scaffold5	20870000	20880000	1
scaffold5	20880000	20890000	1
scaffold5	20890000	20900000	1
scaffold5	20900000	20910000	1
scaffold5	20910000	20920000	1
scaffold5	20920000	20930000	0
scaffold5	20930000	20940000	2
scaffold5	20940000	20950000	2
scaffold5	20950000	20960000	2
scaffold5	20960000	20970000	1
scaffold5	20970000	20980000	0
scaffold5	20980000	20990000	1
scaffold5	20990000	21000000	1
scaffold5	21000000	21010000	0
scaffold5	21010000	21020000	0
scaffold5	21020000	21030000	1
scaffold5	21030000	21040000	2
scaffold5	21040000	21050000	1
scaffold5	21050000	21060000	1
scaffold5	21060000	21070000	3
scaffold5	21070000	21080000	1
scaffold5	21080000	21090000	1
scaffold5	21090000	21100000	3
scaffold5	21100000	21110000	1
scaffold5	21110000	21120000	2
scaffold5	21120000	21130000	0
scaffold5	21130000	21140000	1
scaffold5	21140000	21150000	1
scaffold5	21150000	21160000	1
scaffold5	21160000	21170000	0
scaffold5	21170000	21180000	2
scaffold5	21180000	21190000	1
scaffold5	21190000	21200000	1
scaffold5	21200000	21210000	3
scaffold5	21210000	21220000	1
scaffold5	21220000	21230000	1
scaffold5	21230000	21240000	1
scaffold5	21240000	21250000	2
scaffold5	21250000	21260000	1
scaffold5	21260000	21270000	0
scaffold5	21270000	21280000	1
scaffold5	21280000	21290000	2
scaffold5	21290000	21300000	3
scaffold5	21300000	21310000	1
scaffold5	21310000	21320000	2
scaffold5	21320000	21330000	2
scaffold5	21330000	21340000	1
scaffold5	21340000	21350000	1
scaffold5	21350000	21360000	1
scaffold5	21360000	21370000	1
scaffold5	21370000	21380000	3
scaffold5	21380000	21390000	1
scaffold5	21390000	21400000	1
scaffold5	21400000	21410000	2
scaffold5	21410000	21420000	1
scaffold5	21420000	21430000	0
scaffold5	21430000	21440000	0
scaffold5	21440000	21450000	2
scaffold5	21450000	21460000	2
scaffold5	21460000	21470000	2
scaffold5	21470000	21480000	2
scaffold5	21480000	21490000	2
scaffold5	21490000	21500000	1
scaffold5	21500000	21510000	1
scaffold5	21510000	21520000	1
scaffold5	21520000	21530000	1
scaffold5	21530000	21540000	1
scaffold5	21540000	21550000	2
scaffold5	21550000	21560000	2
scaffold5	21560000	21570000	1
scaffold5	21570000	21580000	1
scaffold5	21580000	21590000	0
scaffold5	21590000	21600000	1
scaffold5	21600000	21610000	2
scaffold5	21610000	21620000	1
scaffold5	21620000	21630000	0
scaffold5	21630000	21640000	1
scaffold5	21640000	21650000	1
scaffold5	21650000	21660000	1
scaffold5	21660000	21670000	1
scaffold5	21670000	21680000	1
scaffold5	21680000	21690000	4
scaffold5	21690000	21700000	2
scaffold5	21700000	21710000	1
scaffold5	21710000	21720000	0
scaffold5	21720000	21730000	2
scaffold5	21730000	21740000	1
scaffold5	21740000	21750000	1
scaffold5	21750000	21760000	1
scaffold5	21760000	21770000	2
scaffold5	21770000	21780000	1
scaffold5	21780000	21790000	1
scaffold5	21790000	21800000	0
scaffold5	21800000	21810000	0
scaffold5	21810000	21820000	0
scaffold5	21820000	21830000	0
scaffold5	21830000	21840000	1
scaffold5	21840000	21850000	1
scaffold5	21850000	21860000	1
scaffold5	21860000	21870000	1
scaffold5	21870000	21880000	2
scaffold5	21880000	21890000	1
scaffold5	21890000	21900000	3
scaffold5	21900000	21910000	1
scaffold5	21910000	21920000	3
scaffold5	21920000	21930000	1
scaffold5	21930000	21940000	0
scaffold5	21940000	21950000	0
scaffold5	21950000	21960000	0
scaffold5	21960000	21970000	0
scaffold5	21970000	21980000	0
scaffold5	21980000	21990000	0
scaffold5	21990000	22000000	0
scaffold5	22000000	22010000	1
scaffold5	22010000	22020000	1
scaffold5	22020000	22030000	2
scaffold5	22030000	22040000	1
scaffold5	22040000	22050000	1
scaffold5	22050000	22060000	1
scaffold5	22060000	22070000	1
scaffold5	22070000	22080000	2
scaffold5	22080000	22090000	2
scaffold5	22090000	22100000	2
scaffold5	22100000	22110000	1
scaffold5	22110000	22120000	2
scaffold5	22120000	22130000	1
scaffold5	22130000	22140000	2
scaffold5	22140000	22150000	2
scaffold5	22150000	22160000	2
scaffold5	22160000	22170000	2
scaffold5	22170000	22180000	1
scaffold5	22180000	22190000	1
scaffold5	22190000	22200000	1
scaffold5	22200000	22210000	3
scaffold5	22210000	22220000	3
scaffold5	22220000	22230000	2
scaffold5	22230000	22240000	1
scaffold5	22240000	22250000	1
scaffold5	22250000	22260000	2
scaffold5	22260000	22270000	1
scaffold5	22270000	22280000	2
scaffold5	22280000	22290000	1
scaffold5	22290000	22300000	0
scaffold5	22300000	22310000	0
scaffold5	22310000	22320000	1
scaffold5	22320000	22330000	1
scaffold5	22330000	22340000	2
scaffold5	22340000	22350000	2
scaffold5	22350000	22360000	1
scaffold5	22360000	22370000	2
scaffold5	22370000	22380000	1
scaffold5	22380000	22390000	1
scaffold5	22390000	22400000	1
scaffold5	22400000	22410000	1
scaffold5	22410000	22420000	1
scaffold5	22420000	22430000	1
scaffold5	22430000	22440000	2
scaffold5	22440000	22450000	1
scaffold5	22450000	22460000	1
scaffold5	22460000	22470000	1
scaffold5	22470000	22480000	1
scaffold5	22480000	22490000	1
scaffold5	22490000	22500000	0
scaffold5	22500000	22510000	2
scaffold5	22510000	22520000	1
scaffold5	22520000	22530000	1
scaffold5	22530000	22540000	0
scaffold5	22540000	22550000	1
scaffold5	22550000	22560000	0
scaffold5	22560000	22570000	1
scaffold5	22570000	22580000	3
scaffold5	22580000	22590000	2
scaffold5	22590000	22600000	1
scaffold5	22600000	22610000	1
scaffold5	22610000	22620000	1
scaffold5	22620000	22630000	2
scaffold5	22630000	22640000	1
scaffold5	22640000	22650000	1
scaffold5	22650000	22660000	1
scaffold5	22660000	22670000	1
scaffold5	22670000	22680000	0
scaffold5	22680000	22690000	1
scaffold5	22690000	22700000	1
scaffold5	22700000	22710000	2
scaffold5	22710000	22720000	2
scaffold5	22720000	22730000	1
scaffold5	22730000	22740000	0
scaffold5	22740000	22750000	0
scaffold5	22750000	22760000	1
scaffold5	22760000	22770000	2
scaffold5	22770000	22780000	1
scaffold5	22780000	22790000	2
scaffold5	22790000	22800000	2
scaffold5	22800000	22810000	2
scaffold5	22810000	22820000	1
scaffold5	22820000	22830000	1
scaffold5	22830000	22840000	0
scaffold5	22840000	22850000	0
scaffold5	22850000	22860000	0
scaffold5	22860000	22870000	1
scaffold5	22870000	22880000	0
scaffold5	22880000	22890000	0
scaffold5	22890000	22900000	1
scaffold5	22900000	22910000	0
scaffold5	22910000	22920000	1
scaffold5	22920000	22930000	1
scaffold5	22930000	22940000	1
scaffold5	22940000	22950000	3
scaffold5	22950000	22960000	1
scaffold5	22960000	22970000	1
scaffold5	22970000	22980000	1
scaffold5	22980000	22990000	0
scaffold5	22990000	23000000	0
scaffold5	23000000	23010000	2
scaffold5	23010000	23020000	3
scaffold5	23020000	23030000	1
scaffold5	23030000	23040000	1
scaffold5	23040000	23050000	1
scaffold5	23050000	23060000	2
scaffold5	23060000	23070000	2
scaffold5	23070000	23080000	0
scaffold5	23080000	23090000	0
scaffold5	23090000	23100000	0
scaffold5	23100000	23110000	0
scaffold5	23110000	23120000	0
scaffold5	23120000	23130000	1
scaffold5	23130000	23140000	1
scaffold5	23140000	23150000	1
scaffold5	23150000	23160000	2
scaffold5	23160000	23170000	0
scaffold5	23170000	23180000	0
scaffold5	23180000	23190000	0
scaffold5	23190000	23200000	1
scaffold5	23200000	23210000	2
scaffold5	23210000	23220000	1
scaffold5	23220000	23230000	2
scaffold5	23230000	23240000	2
scaffold5	23240000	23250000	1
scaffold5	23250000	23260000	1
scaffold5	23260000	23270000	2
scaffold5	23270000	23280000	1
scaffold5	23280000	23290000	0
scaffold5	23290000	23300000	0
scaffold5	23300000	23310000	0
scaffold5	23310000	23320000	0
scaffold5	23320000	23330000	0
scaffold5	23330000	23340000	1
scaffold5	23340000	23350000	1
scaffold5	23350000	23360000	2
scaffold5	23360000	23370000	1
scaffold5	23370000	23380000	2
scaffold5	23380000	23390000	3
scaffold5	23390000	23400000	2
scaffold5	23400000	23410000	1
scaffold5	23410000	23420000	0
scaffold5	23420000	23430000	0
scaffold5	23430000	23440000	1
scaffold5	23440000	23450000	1
scaffold5	23450000	23460000	2
scaffold5	23460000	23470000	1
scaffold5	23470000	23480000	1
scaffold5	23480000	23490000	1
scaffold5	23490000	23500000	2
scaffold5	23500000	23510000	2
scaffold5	23510000	23520000	1
scaffold5	23520000	23530000	2
scaffold5	23530000	23540000	2
scaffold5	23540000	23550000	2
scaffold5	23550000	23560000	1
scaffold5	23560000	23570000	2
scaffold5	23570000	23580000	2
scaffold5	23580000	23590000	1
scaffold5	23590000	23600000	1
scaffold5	23600000	23610000	2
scaffold5	23610000	23620000	1
scaffold5	23620000	23630000	1
scaffold5	23630000	23640000	1
scaffold5	23640000	23650000	1
scaffold5	23650000	23660000	1
scaffold5	23660000	23670000	1
scaffold5	23670000	23680000	1
scaffold5	23680000	23690000	1
scaffold5	23690000	23700000	3
scaffold5	23700000	23710000	1
scaffold5	23710000	23720000	1
scaffold5	23720000	23730000	1
scaffold5	23730000	23740000	2
scaffold5	23740000	23750000	0
scaffold5	23750000	23760000	1
scaffold5	23760000	23770000	1
scaffold5	23770000	23780000	2
scaffold5	23780000	23790000	0
scaffold5	23790000	23800000	2
scaffold5	23800000	23810000	0
scaffold5	23810000	23820000	2
scaffold5	23820000	23830000	1
scaffold5	23830000	23840000	1
scaffold5	23840000	23850000	2
scaffold5	23850000	23860000	0
scaffold5	23860000	23870000	0
scaffold5	23870000	23880000	0
scaffold5	23880000	23890000	0
scaffold5	23890000	23900000	0
scaffold5	23900000	23910000	0
scaffold5	23910000	23920000	0
scaffold5	23920000	23930000	3
scaffold5	23930000	23940000	0
scaffold5	23940000	23950000	0
scaffold5	23950000	23960000	1
scaffold5	23960000	23970000	1
scaffold5	23970000	23980000	2
scaffold5	23980000	23990000	1
scaffold5	23990000	24000000	1
scaffold5	24000000	24010000	1
scaffold5	24010000	24020000	0
scaffold5	24020000	24030000	1
scaffold5	24030000	24040000	2
scaffold5	24040000	24050000	1
scaffold5	24050000	24060000	2
scaffold5	24060000	24070000	1
scaffold5	24070000	24080000	2
scaffold5	24080000	24090000	2
scaffold5	24090000	24100000	1
scaffold5	24100000	24110000	1
scaffold5	24110000	24120000	1
scaffold5	24120000	24130000	2
scaffold5	24130000	24140000	1
scaffold5	24140000	24150000	0
scaffold5	24150000	24160000	2
scaffold5	24160000	24170000	1
scaffold5	24170000	24180000	2
scaffold5	24180000	24190000	1
scaffold5	24190000	24200000	1
scaffold5	24200000	24210000	1
scaffold5	24210000	24220000	0
scaffold5	24220000	24230000	1
scaffold5	24230000	24240000	1
scaffold5	24240000	24250000	2
scaffold5	24250000	24260000	1
scaffold5	24260000	24270000	1
scaffold5	24270000	24280000	1
scaffold5	24280000	24290000	1
scaffold5	24290000	24300000	1
scaffold5	24300000	24310000	1
scaffold5	24310000	24320000	1
scaffold5	24320000	24330000	2
scaffold5	24330000	24340000	2
scaffold5	24340000	24350000	1
scaffold5	24350000	24360000	1
scaffold5	24360000	24370000	1
scaffold5	24370000	24380000	1
scaffold5	24380000	24390000	1
scaffold5	24390000	24400000	1
scaffold5	24400000	24410000	1
scaffold5	24410000	24420000	2
scaffold5	24420000	24430000	3
scaffold5	24430000	24440000	3
scaffold5	24440000	24450000	1
scaffold5	24450000	24460000	4
scaffold5	24460000	24470000	1
scaffold5	24470000	24480000	2
scaffold5	24480000	24490000	1
scaffold5	24490000	24500000	1
scaffold5	24500000	24510000	1
scaffold5	24510000	24520000	2
scaffold5	24520000	24530000	2
scaffold5	24530000	24540000	2
scaffold5	24540000	24550000	2
scaffold5	24550000	24560000	3
scaffold5	24560000	24570000	1
scaffold5	24570000	24580000	1
scaffold5	24580000	24590000	1
scaffold5	24590000	24600000	2
scaffold5	24600000	24610000	1
scaffold5	24610000	24620000	1
scaffold5	24620000	24630000	2
scaffold5	24630000	24640000	2
scaffold5	24640000	24650000	2
scaffold5	24650000	24660000	1
scaffold5	24660000	24670000	3
scaffold5	24670000	24680000	2
scaffold5	24680000	24690000	1
scaffold5	24690000	24700000	2
scaffold5	24700000	24710000	0
scaffold5	24710000	24720000	1
scaffold5	24720000	24730000	1
scaffold5	24730000	24740000	3
scaffold5	24740000	24750000	4
scaffold5	24750000	24760000	2
scaffold5	24760000	24770000	1
scaffold5	24770000	24780000	1
scaffold5	24780000	24790000	2
scaffold5	24790000	24800000	3
scaffold5	24800000	24810000	2
scaffold5	24810000	24820000	1
scaffold5	24820000	24830000	2
scaffold5	24830000	24840000	1
scaffold5	24840000	24850000	0
scaffold5	24850000	24860000	0
scaffold5	24860000	24869671	0
scaffold6	0	10000	0
scaffold6	10000	20000	1
scaffold6	20000	30000	1
scaffold6	30000	40000	1
scaffold6	40000	50000	1
scaffold6	50000	60000	1
scaffold6	60000	70000	3
scaffold6	70000	80000	0
scaffold6	80000	90000	0
scaffold6	90000	100000	0
scaffold6	100000	110000	0
scaffold6	110000	120000	1
scaffold6	120000	130000	2
scaffold6	130000	140000	2
scaffold6	140000	150000	2
scaffold6	150000	160000	1
scaffold6	160000	170000	2
scaffold6	170000	180000	1
scaffold6	180000	190000	2
scaffold6	190000	200000	1
scaffold6	200000	210000	2
scaffold6	210000	220000	2
scaffold6	220000	230000	1
scaffold6	230000	240000	1
scaffold6	240000	250000	1
scaffold6	250000	260000	1
scaffold6	260000	270000	1
scaffold6	270000	280000	1
scaffold6	280000	290000	1
scaffold6	290000	300000	1
scaffold6	300000	310000	1
scaffold6	310000	320000	1
scaffold6	320000	330000	2
scaffold6	330000	340000	1
scaffold6	340000	350000	1
scaffold6	350000	360000	3
scaffold6	360000	370000	1
scaffold6	370000	380000	0
scaffold6	380000	390000	0
scaffold6	390000	400000	1
scaffold6	400000	410000	2
scaffold6	410000	420000	2
scaffold6	420000	430000	1
scaffold6	430000	440000	0
scaffold6	440000	450000	0
scaffold6	450000	460000	1
scaffold6	460000	470000	0
scaffold6	470000	480000	0
scaffold6	480000	490000	0
scaffold6	490000	500000	1
scaffold6	500000	510000	0
scaffold6	510000	520000	0
scaffold6	520000	530000	0
scaffold6	530000	540000	1
scaffold6	540000	550000	0
scaffold6	550000	560000	0
scaffold6	560000	570000	0
scaffold6	570000	580000	0
scaffold6	580000	590000	0
scaffold6	590000	600000	0
scaffold6	600000	610000	0
scaffold6	610000	620000	1
scaffold6	620000	630000	2
scaffold6	630000	640000	1
scaffold6	640000	650000	0
scaffold6	650000	660000	0
scaffold6	660000	670000	0
scaffold6	670000	680000	0
scaffold6	680000	690000	1
scaffold6	690000	700000	1
scaffold6	700000	710000	2
scaffold6	710000	720000	1
scaffold6	720000	730000	2
scaffold6	730000	740000	2
scaffold6	740000	750000	0
scaffold6	750000	760000	1
scaffold6	760000	770000	1
scaffold6	770000	780000	0
scaffold6	780000	790000	1
scaffold6	790000	800000	1
scaffold6	800000	810000	1
scaffold6	810000	820000	1
scaffold6	820000	830000	2
scaffold6	830000	840000	1
scaffold6	840000	850000	0
scaffold6	850000	860000	0
scaffold6	860000	870000	3
scaffold6	870000	880000	2
scaffold6	880000	890000	1
scaffold6	890000	900000	2
scaffold6	900000	910000	1
scaffold6	910000	920000	1
scaffold6	920000	930000	1
scaffold6	930000	940000	1
scaffold6	940000	950000	1
scaffold6	950000	960000	2
scaffold6	960000	970000	2
scaffold6	970000	980000	1
scaffold6	980000	990000	2
scaffold6	990000	1000000	1
scaffold6	1000000	1010000	0
scaffold6	1010000	1020000	1
scaffold6	1020000	1030000	1
scaffold6	1030000	1040000	2
scaffold6	1040000	1050000	1
scaffold6	1050000	1060000	1
scaffold6	1060000	1070000	2
scaffold6	1070000	1080000	1
scaffold6	1080000	1090000	2
scaffold6	1090000	1100000	0
scaffold6	1100000	1110000	0
scaffold6	1110000	1120000	1
scaffold6	1120000	1130000	3
scaffold6	1130000	1140000	2
scaffold6	1140000	1150000	0
scaffold6	1150000	1160000	0
scaffold6	1160000	1170000	1
scaffold6	1170000	1180000	0
scaffold6	1180000	1190000	1
scaffold6	1190000	1200000	2
scaffold6	1200000	1210000	1
scaffold6	1210000	1220000	1
scaffold6	1220000	1230000	2
scaffold6	1230000	1240000	1
scaffold6	1240000	1250000	2
scaffold6	1250000	1260000	2
scaffold6	1260000	1270000	2
scaffold6	1270000	1280000	1
scaffold6	1280000	1290000	2
scaffold6	1290000	1300000	1
scaffold6	1300000	1310000	1
scaffold6	1310000	1320000	1
scaffold6	1320000	1330000	1
scaffold6	1330000	1340000	1
scaffold6	1340000	1350000	1
scaffold6	1350000	1360000	1
scaffold6	1360000	1370000	1
scaffold6	1370000	1380000	2
scaffold6	1380000	1390000	1
scaffold6	1390000	1400000	1
scaffold6	1400000	1410000	1
scaffold6	1410000	1420000	3
scaffold6	1420000	1430000	0
scaffold6	1430000	1440000	0
scaffold6	1440000	1450000	0
scaffold6	1450000	1460000	0
scaffold6	1460000	1470000	1
scaffold6	1470000	1480000	1
scaffold6	1480000	1490000	1
scaffold6	1490000	1500000	3
scaffold6	1500000	1510000	1
scaffold6	1510000	1520000	2
scaffold6	1520000	1530000	1
scaffold6	1530000	1540000	2
scaffold6	1540000	1550000	0
scaffold6	1550000	1560000	2
scaffold6	1560000	1570000	3
scaffold6	1570000	1580000	2
scaffold6	1580000	1590000	2
scaffold6	1590000	1600000	2
scaffold6	1600000	1610000	3
scaffold6	1610000	1620000	2
scaffold6	1620000	1630000	1
scaffold6	1630000	1640000	1
scaffold6	1640000	1650000	2
scaffold6	1650000	1660000	1
scaffold6	1660000	1670000	1
scaffold6	1670000	1680000	0
scaffold6	1680000	1690000	0
scaffold6	1690000	1700000	1
scaffold6	1700000	1710000	1
scaffold6	1710000	1720000	2
scaffold6	1720000	1730000	2
scaffold6	1730000	1740000	1
scaffold6	1740000	1750000	2
scaffold6	1750000	1760000	1
scaffold6	1760000	1770000	1
scaffold6	1770000	1780000	2
scaffold6	1780000	1790000	2
scaffold6	1790000	1800000	1
scaffold6	1800000	1810000	1
scaffold6	1810000	1820000	1
scaffold6	1820000	1830000	2
scaffold6	1830000	1840000	1
scaffold6	1840000	1850000	1
scaffold6	1850000	1860000	1
scaffold6	1860000	1870000	4
scaffold6	1870000	1880000	2
scaffold6	1880000	1890000	1
scaffold6	1890000	1900000	0
scaffold6	1900000	1910000	0
scaffold6	1910000	1920000	2
scaffold6	1920000	1930000	1
scaffold6	1930000	1940000	2
scaffold6	1940000	1950000	2
scaffold6	1950000	1960000	1
scaffold6	1960000	1970000	1
scaffold6	1970000	1980000	2
scaffold6	1980000	1990000	1
scaffold6	1990000	2000000	1
scaffold6	2000000	2010000	2
scaffold6	2010000	2020000	1
scaffold6	2020000	2030000	2
scaffold6	2030000	2040000	1
scaffold6	2040000	2050000	2
scaffold6	2050000	2060000	0
scaffold6	2060000	2070000	0
scaffold6	2070000	2080000	0
scaffold6	2080000	2090000	0
scaffold6	2090000	2100000	0
scaffold6	2100000	2110000	0
scaffold6	2110000	2120000	0
scaffold6	2120000	2130000	0
scaffold6	2130000	2140000	0
scaffold6	2140000	2150000	1
scaffold6	2150000	2160000	0
scaffold6	2160000	2170000	0
scaffold6	2170000	2180000	0
scaffold6	2180000	2190000	0
scaffold6	2190000	2200000	0
scaffold6	2200000	2210000	0
scaffold6	2210000	2220000	1
scaffold6	2220000	2230000	1
scaffold6	2230000	2240000	0
scaffold6	2240000	2250000	1
scaffold6	2250000	2260000	1
scaffold6	2260000	2270000	3
scaffold6	2270000	2280000	2
scaffold6	2280000	2290000	1
scaffold6	2290000	2300000	1
scaffold6	2300000	2310000	2
scaffold6	2310000	2320000	1
scaffold6	2320000	2330000	1
scaffold6	2330000	2340000	1
scaffold6	2340000	2350000	1
scaffold6	2350000	2360000	2
scaffold6	2360000	2370000	0
scaffold6	2370000	2380000	0
scaffold6	2380000	2390000	2
scaffold6	2390000	2400000	3
scaffold6	2400000	2410000	0
scaffold6	2410000	2420000	0
scaffold6	2420000	2430000	0
scaffold6	2430000	2440000	1
scaffold6	2440000	2450000	1
scaffold6	2450000	2460000	1
scaffold6	2460000	2470000	1
scaffold6	2470000	2480000	0
scaffold6	2480000	2490000	3
scaffold6	2490000	2500000	1
scaffold6	2500000	2510000	2
scaffold6	2510000	2520000	1
scaffold6	2520000	2530000	3
scaffold6	2530000	2540000	2
scaffold6	2540000	2550000	1
scaffold6	2550000	2560000	0
scaffold6	2560000	2570000	2
scaffold6	2570000	2580000	2
scaffold6	2580000	2590000	1
scaffold6	2590000	2600000	1
scaffold6	2600000	2610000	1
scaffold6	2610000	2620000	1
scaffold6	2620000	2630000	1
scaffold6	2630000	2640000	2
scaffold6	2640000	2650000	2
scaffold6	2650000	2660000	0
scaffold6	2660000	2670000	1
scaffold6	2670000	2680000	1
scaffold6	2680000	2690000	3
scaffold6	2690000	2700000	1
scaffold6	2700000	2710000	1
scaffold6	2710000	2720000	1
scaffold6	2720000	2730000	0
scaffold6	2730000	2740000	1
scaffold6	2740000	2750000	3
scaffold6	2750000	2760000	1
scaffold6	2760000	2770000	2
scaffold6	2770000	2780000	2
scaffold6	2780000	2790000	3
scaffold6	2790000	2800000	3
scaffold6	2800000	2810000	3
scaffold6	2810000	2820000	1
scaffold6	2820000	2830000	0
scaffold6	2830000	2840000	0
scaffold6	2840000	2850000	1
scaffold6	2850000	2860000	2
scaffold6	2860000	2870000	2
scaffold6	2870000	2880000	2
scaffold6	2880000	2890000	2
scaffold6	2890000	2900000	2
scaffold6	2900000	2910000	1
scaffold6	2910000	2920000	2
scaffold6	2920000	2930000	1
scaffold6	2930000	2940000	1
scaffold6	2940000	2950000	1
scaffold6	2950000	2960000	1
scaffold6	2960000	2970000	1
scaffold6	2970000	2980000	2
scaffold6	2980000	2990000	1
scaffold6	2990000	3000000	2
scaffold6	3000000	3010000	2
scaffold6	3010000	3020000	2
scaffold6	3020000	3030000	1
scaffold6	3030000	3040000	1
scaffold6	3040000	3050000	3
scaffold6	3050000	3060000	3
scaffold6	3060000	3070000	1
scaffold6	3070000	3080000	1
scaffold6	3080000	3090000	2
scaffold6	3090000	3100000	2
scaffold6	3100000	3110000	0
scaffold6	3110000	3120000	0
scaffold6	3120000	3130000	0
scaffold6	3130000	3140000	1
scaffold6	3140000	3150000	1
scaffold6	3150000	3160000	0
scaffold6	3160000	3170000	0
scaffold6	3170000	3180000	0
scaffold6	3180000	3190000	0
scaffold6	3190000	3200000	1
scaffold6	3200000	3210000	1
scaffold6	3210000	3220000	2
scaffold6	3220000	3230000	1
scaffold6	3230000	3240000	1
scaffold6	3240000	3250000	2
scaffold6	3250000	3260000	1
scaffold6	3260000	3270000	1
scaffold6	3270000	3280000	1
scaffold6	3280000	3290000	1
scaffold6	3290000	3300000	1
scaffold6	3300000	3310000	0
scaffold6	3310000	3320000	1
scaffold6	3320000	3330000	1
scaffold6	3330000	3340000	1
scaffold6	3340000	3350000	1
scaffold6	3350000	3360000	1
scaffold6	3360000	3370000	1
scaffold6	3370000	3380000	2
scaffold6	3380000	3390000	2
scaffold6	3390000	3400000	1
scaffold6	3400000	3410000	1
scaffold6	3410000	3420000	1
scaffold6	3420000	3430000	1
scaffold6	3430000	3440000	1
scaffold6	3440000	3450000	2
scaffold6	3450000	3460000	1
scaffold6	3460000	3470000	0
scaffold6	3470000	3480000	0
scaffold6	3480000	3490000	0
scaffold6	3490000	3500000	0
scaffold6	3500000	3510000	0
scaffold6	3510000	3520000	1
scaffold6	3520000	3530000	0
scaffold6	3530000	3540000	0
scaffold6	3540000	3550000	0
scaffold6	3550000	3560000	0
scaffold6	3560000	3570000	0
scaffold6	3570000	3580000	0
scaffold6	3580000	3590000	0
scaffold6	3590000	3600000	0
scaffold6	3600000	3610000	1
scaffold6	3610000	3620000	1
scaffold6	3620000	3630000	1
scaffold6	3630000	3640000	2
scaffold6	3640000	3650000	1
scaffold6	3650000	3660000	0
scaffold6	3660000	3670000	0
scaffold6	3670000	3680000	0
scaffold6	3680000	3690000	1
scaffold6	3690000	3700000	1
scaffold6	3700000	3710000	4
scaffold6	3710000	3720000	1
scaffold6	3720000	3730000	1
scaffold6	3730000	3740000	1
scaffold6	3740000	3750000	2
scaffold6	3750000	3760000	1
scaffold6	3760000	3770000	2
scaffold6	3770000	3780000	1
scaffold6	3780000	3790000	2
scaffold6	3790000	3800000	2
scaffold6	3800000	3810000	2
scaffold6	3810000	3820000	3
scaffold6	3820000	3830000	3
scaffold6	3830000	3840000	1
scaffold6	3840000	3850000	1
scaffold6	3850000	3860000	1
scaffold6	3860000	3870000	2
scaffold6	3870000	3880000	2
scaffold6	3880000	3890000	2
scaffold6	3890000	3900000	2
scaffold6	3900000	3910000	0
scaffold6	3910000	3920000	1
scaffold6	3920000	3930000	1
scaffold6	3930000	3940000	0
scaffold6	3940000	3950000	0
scaffold6	3950000	3960000	1
scaffold6	3960000	3970000	0
scaffold6	3970000	3980000	2
scaffold6	3980000	3990000	1
scaffold6	3990000	4000000	1
scaffold6	4000000	4010000	0
scaffold6	4010000	4020000	0
scaffold6	4020000	4030000	1
scaffold6	4030000	4040000	1
scaffold6	4040000	4050000	0
scaffold6	4050000	4060000	0
scaffold6	4060000	4070000	1
scaffold6	4070000	4080000	0
scaffold6	4080000	4090000	3
scaffold6	4090000	4100000	2
scaffold6	4100000	4110000	0
scaffold6	4110000	4120000	2
scaffold6	4120000	4130000	1
scaffold6	4130000	4140000	1
scaffold6	4140000	4150000	2
scaffold6	4150000	4160000	2
scaffold6	4160000	4170000	2
scaffold6	4170000	4180000	1
scaffold6	4180000	4190000	2
scaffold6	4190000	4200000	4
scaffold6	4200000	4210000	1
scaffold6	4210000	4220000	2
scaffold6	4220000	4230000	2
scaffold6	4230000	4240000	1
scaffold6	4240000	4250000	1
scaffold6	4250000	4260000	1
scaffold6	4260000	4270000	1
scaffold6	4270000	4280000	0
scaffold6	4280000	4290000	1
scaffold6	4290000	4300000	2
scaffold6	4300000	4310000	1
scaffold6	4310000	4320000	0
scaffold6	4320000	4330000	0
scaffold6	4330000	4340000	2
scaffold6	4340000	4350000	1
scaffold6	4350000	4360000	1
scaffold6	4360000	4370000	2
scaffold6	4370000	4380000	1
scaffold6	4380000	4390000	1
scaffold6	4390000	4400000	1
scaffold6	4400000	4410000	1
scaffold6	4410000	4420000	1
scaffold6	4420000	4430000	1
scaffold6	4430000	4440000	1
scaffold6	4440000	4450000	1
scaffold6	4450000	4460000	1
scaffold6	4460000	4470000	1
scaffold6	4470000	4480000	2
scaffold6	4480000	4490000	2
scaffold6	4490000	4500000	1
scaffold6	4500000	4510000	0
scaffold6	4510000	4520000	0
scaffold6	4520000	4530000	0
scaffold6	4530000	4540000	0
scaffold6	4540000	4550000	0
scaffold6	4550000	4560000	0
scaffold6	4560000	4570000	0
scaffold6	4570000	4580000	1
scaffold6	4580000	4590000	0
scaffold6	4590000	4600000	1
scaffold6	4600000	4610000	0
scaffold6	4610000	4620000	1
scaffold6	4620000	4630000	2
scaffold6	4630000	4640000	1
scaffold6	4640000	4650000	2
scaffold6	4650000	4660000	2
scaffold6	4660000	4670000	1
scaffold6	4670000	4680000	2
scaffold6	4680000	4690000	0
scaffold6	4690000	4700000	0
scaffold6	4700000	4710000	0
scaffold6	4710000	4720000	0
scaffold6	4720000	4730000	2
scaffold6	4730000	4740000	1
scaffold6	4740000	4750000	2
scaffold6	4750000	4760000	1
scaffold6	4760000	4770000	0
scaffold6	4770000	4780000	1
scaffold6	4780000	4790000	1
scaffold6	4790000	4800000	1
scaffold6	4800000	4810000	2
scaffold6	4810000	4820000	1
scaffold6	4820000	4830000	1
scaffold6	4830000	4840000	2
scaffold6	4840000	4850000	2
scaffold6	4850000	4860000	2
scaffold6	4860000	4870000	1
scaffold6	4870000	4880000	1
scaffold6	4880000	4890000	1
scaffold6	4890000	4900000	0
scaffold6	4900000	4910000	1
scaffold6	4910000	4920000	1
scaffold6	4920000	4930000	1
scaffold6	4930000	4940000	2
scaffold6	4940000	4950000	1
scaffold6	4950000	4960000	1
scaffold6	4960000	4970000	1
scaffold6	4970000	4980000	1
scaffold6	4980000	4990000	2
scaffold6	4990000	5000000	1
scaffold6	5000000	5010000	1
scaffold6	5010000	5020000	1
scaffold6	5020000	5030000	1
scaffold6	5030000	5040000	1
scaffold6	5040000	5050000	1
scaffold6	5050000	5060000	1
scaffold6	5060000	5070000	1
scaffold6	5070000	5080000	1
scaffold6	5080000	5090000	1
scaffold6	5090000	5100000	1
scaffold6	5100000	5110000	1
scaffold6	5110000	5120000	1
scaffold6	5120000	5130000	1
scaffold6	5130000	5140000	1
scaffold6	5140000	5150000	1
scaffold6	5150000	5160000	0
scaffold6	5160000	5170000	0
scaffold6	5170000	5180000	3
scaffold6	5180000	5190000	2
scaffold6	5190000	5200000	1
scaffold6	5200000	5210000	2
scaffold6	5210000	5220000	1
scaffold6	5220000	5230000	1
scaffold6	5230000	5240000	1
scaffold6	5240000	5250000	1
scaffold6	5250000	5260000	0
scaffold6	5260000	5270000	1
scaffold6	5270000	5280000	3
scaffold6	5280000	5290000	1
scaffold6	5290000	5300000	0
scaffold6	5300000	5310000	1
scaffold6	5310000	5320000	0
scaffold6	5320000	5330000	1
scaffold6	5330000	5340000	2
scaffold6	5340000	5350000	1
scaffold6	5350000	5360000	1
scaffold6	5360000	5370000	0
scaffold6	5370000	5380000	0
scaffold6	5380000	5390000	0
scaffold6	5390000	5400000	1
scaffold6	5400000	5410000	3
scaffold6	5410000	5420000	2
scaffold6	5420000	5430000	2
scaffold6	5430000	5440000	0
scaffold6	5440000	5450000	3
scaffold6	5450000	5460000	2
scaffold6	5460000	5470000	2
scaffold6	5470000	5480000	0
scaffold6	5480000	5490000	1
scaffold6	5490000	5500000	2
scaffold6	5500000	5510000	1
scaffold6	5510000	5520000	2
scaffold6	5520000	5530000	2
scaffold6	5530000	5540000	2
scaffold6	5540000	5550000	1
scaffold6	5550000	5560000	1
scaffold6	5560000	5570000	1
scaffold6	5570000	5580000	1
scaffold6	5580000	5590000	0
scaffold6	5590000	5600000	0
scaffold6	5600000	5610000	1
scaffold6	5610000	5620000	2
scaffold6	5620000	5630000	1
scaffold6	5630000	5640000	1
scaffold6	5640000	5650000	1
scaffold6	5650000	5660000	1
scaffold6	5660000	5670000	0
scaffold6	5670000	5680000	0
scaffold6	5680000	5690000	0
scaffold6	5690000	5700000	0
scaffold6	5700000	5710000	0
scaffold6	5710000	5720000	0
scaffold6	5720000	5730000	0
scaffold6	5730000	5740000	0
scaffold6	5740000	5750000	0
scaffold6	5750000	5760000	2
scaffold6	5760000	5770000	1
scaffold6	5770000	5780000	1
scaffold6	5780000	5790000	1
scaffold6	5790000	5800000	1
scaffold6	5800000	5810000	1
scaffold6	5810000	5820000	1
scaffold6	5820000	5830000	0
scaffold6	5830000	5840000	1
scaffold6	5840000	5850000	1
scaffold6	5850000	5860000	2
scaffold6	5860000	5870000	3
scaffold6	5870000	5880000	0
scaffold6	5880000	5890000	2
scaffold6	5890000	5900000	1
scaffold6	5900000	5910000	2
scaffold6	5910000	5920000	1
scaffold6	5920000	5930000	1
scaffold6	5930000	5940000	0
scaffold6	5940000	5950000	0
scaffold6	5950000	5960000	0
scaffold6	5960000	5970000	1
scaffold6	5970000	5980000	0
scaffold6	5980000	5990000	2
scaffold6	5990000	6000000	2
scaffold6	6000000	6010000	1
scaffold6	6010000	6020000	1
scaffold6	6020000	6030000	2
scaffold6	6030000	6040000	3
scaffold6	6040000	6050000	2
scaffold6	6050000	6060000	1
scaffold6	6060000	6070000	1
scaffold6	6070000	6080000	1
scaffold6	6080000	6090000	0
scaffold6	6090000	6100000	0
scaffold6	6100000	6110000	0
scaffold6	6110000	6120000	0
scaffold6	6120000	6130000	0
scaffold6	6130000	6140000	0
scaffold6	6140000	6150000	0
scaffold6	6150000	6160000	1
scaffold6	6160000	6170000	2
scaffold6	6170000	6180000	2
scaffold6	6180000	6190000	1
scaffold6	6190000	6200000	2
scaffold6	6200000	6210000	3
scaffold6	6210000	6220000	3
scaffold6	6220000	6230000	1
scaffold6	6230000	6240000	0
scaffold6	6240000	6250000	1
scaffold6	6250000	6260000	0
scaffold6	6260000	6270000	2
scaffold6	6270000	6280000	2
scaffold6	6280000	6290000	1
scaffold6	6290000	6300000	2
scaffold6	6300000	6310000	1
scaffold6	6310000	6320000	1
scaffold6	6320000	6330000	0
scaffold6	6330000	6340000	1
scaffold6	6340000	6350000	3
scaffold6	6350000	6360000	0
scaffold6	6360000	6370000	1
scaffold6	6370000	6380000	0
scaffold6	6380000	6390000	0
scaffold6	6390000	6400000	0
scaffold6	6400000	6410000	0
scaffold6	6410000	6420000	0
scaffold6	6420000	6430000	1
scaffold6	6430000	6440000	1
scaffold6	6440000	6450000	3
scaffold6	6450000	6460000	1
scaffold6	6460000	6470000	1
scaffold6	6470000	6480000	1
scaffold6	6480000	6490000	1
scaffold6	6490000	6500000	2
scaffold6	6500000	6510000	1
scaffold6	6510000	6520000	1
scaffold6	6520000	6530000	2
scaffold6	6530000	6540000	1
scaffold6	6540000	6550000	0
scaffold6	6550000	6560000	0
scaffold6	6560000	6570000	0
scaffold6	6570000	6580000	1
scaffold6	6580000	6590000	0
scaffold6	6590000	6600000	0
scaffold6	6600000	6610000	0
scaffold6	6610000	6620000	1
scaffold6	6620000	6630000	2
scaffold6	6630000	6640000	1
scaffold6	6640000	6650000	0
scaffold6	6650000	6660000	2
scaffold6	6660000	6670000	2
scaffold6	6670000	6680000	1
scaffold6	6680000	6690000	1
scaffold6	6690000	6700000	1
scaffold6	6700000	6710000	1
scaffold6	6710000	6720000	0
scaffold6	6720000	6730000	1
scaffold6	6730000	6740000	1
scaffold6	6740000	6750000	1
scaffold6	6750000	6760000	3
scaffold6	6760000	6770000	2
scaffold6	6770000	6780000	0
scaffold6	6780000	6790000	3
scaffold6	6790000	6800000	1
scaffold6	6800000	6810000	1
scaffold6	6810000	6820000	1
scaffold6	6820000	6830000	1
scaffold6	6830000	6840000	1
scaffold6	6840000	6850000	0
scaffold6	6850000	6860000	1
scaffold6	6860000	6870000	1
scaffold6	6870000	6880000	1
scaffold6	6880000	6890000	0
scaffold6	6890000	6900000	0
scaffold6	6900000	6910000	1
scaffold6	6910000	6920000	0
scaffold6	6920000	6930000	0
scaffold6	6930000	6940000	0
scaffold6	6940000	6950000	0
scaffold6	6950000	6960000	0
scaffold6	6960000	6970000	0
scaffold6	6970000	6980000	0
scaffold6	6980000	6990000	1
scaffold6	6990000	7000000	0
scaffold6	7000000	7010000	0
scaffold6	7010000	7020000	0
scaffold6	7020000	7030000	0
scaffold6	7030000	7040000	0
scaffold6	7040000	7050000	0
scaffold6	7050000	7060000	0
scaffold6	7060000	7070000	1
scaffold6	7070000	7080000	3
scaffold6	7080000	7090000	1
scaffold6	7090000	7100000	1
scaffold6	7100000	7110000	2
scaffold6	7110000	7120000	1
scaffold6	7120000	7130000	1
scaffold6	7130000	7140000	0
scaffold6	7140000	7150000	0
scaffold6	7150000	7160000	2
scaffold6	7160000	7170000	2
scaffold6	7170000	7180000	2
scaffold6	7180000	7190000	2
scaffold6	7190000	7200000	1
scaffold6	7200000	7210000	1
scaffold6	7210000	7220000	2
scaffold6	7220000	7230000	2
scaffold6	7230000	7240000	1
scaffold6	7240000	7250000	1
scaffold6	7250000	7260000	2
scaffold6	7260000	7270000	1
scaffold6	7270000	7280000	2
scaffold6	7280000	7290000	2
scaffold6	7290000	7300000	1
scaffold6	7300000	7310000	3
scaffold6	7310000	7320000	2
scaffold6	7320000	7330000	1
scaffold6	7330000	7340000	1
scaffold6	7340000	7350000	2
scaffold6	7350000	7360000	1
scaffold6	7360000	7370000	1
scaffold6	7370000	7380000	2
scaffold6	7380000	7390000	1
scaffold6	7390000	7400000	1
scaffold6	7400000	7410000	1
scaffold6	7410000	7420000	1
scaffold6	7420000	7430000	2
scaffold6	7430000	7440000	1
scaffold6	7440000	7450000	1
scaffold6	7450000	7460000	2
scaffold6	7460000	7470000	2
scaffold6	7470000	7480000	1
scaffold6	7480000	7490000	1
scaffold6	7490000	7500000	1
scaffold6	7500000	7510000	1
scaffold6	7510000	7520000	1
scaffold6	7520000	7530000	0
scaffold6	7530000	7540000	1
scaffold6	7540000	7550000	0
scaffold6	7550000	7560000	0
scaffold6	7560000	7570000	2
scaffold6	7570000	7580000	0
scaffold6	7580000	7590000	0
scaffold6	7590000	7600000	0
scaffold6	7600000	7610000	0
scaffold6	7610000	7620000	0
scaffold6	7620000	7630000	0
scaffold6	7630000	7640000	2
scaffold6	7640000	7650000	2
scaffold6	7650000	7660000	3
scaffold6	7660000	7670000	2
scaffold6	7670000	7680000	2
scaffold6	7680000	7690000	2
scaffold6	7690000	7700000	1
scaffold6	7700000	7710000	1
scaffold6	7710000	7720000	1
scaffold6	7720000	7730000	2
scaffold6	7730000	7740000	1
scaffold6	7740000	7750000	2
scaffold6	7750000	7760000	1
scaffold6	7760000	7770000	1
scaffold6	7770000	7780000	1
scaffold6	7780000	7790000	1
scaffold6	7790000	7800000	1
scaffold6	7800000	7810000	1
scaffold6	7810000	7820000	1
scaffold6	7820000	7830000	1
scaffold6	7830000	7840000	1
scaffold6	7840000	7850000	2
scaffold6	7850000	7860000	2
scaffold6	7860000	7870000	1
scaffold6	7870000	7880000	0
scaffold6	7880000	7890000	0
scaffold6	7890000	7900000	0
scaffold6	7900000	7910000	0
scaffold6	7910000	7920000	1
scaffold6	7920000	7930000	0
scaffold6	7930000	7940000	1
scaffold6	7940000	7950000	2
scaffold6	7950000	7960000	1
scaffold6	7960000	7970000	0
scaffold6	7970000	7980000	1
scaffold6	7980000	7990000	1
scaffold6	7990000	8000000	1
scaffold6	8000000	8010000	2
scaffold6	8010000	8020000	0
scaffold6	8020000	8030000	0
scaffold6	8030000	8040000	2
scaffold6	8040000	8050000	2
scaffold6	8050000	8060000	1
scaffold6	8060000	8070000	0
scaffold6	8070000	8080000	0
scaffold6	8080000	8090000	0
scaffold6	8090000	8100000	0
scaffold6	8100000	8110000	0
scaffold6	8110000	8120000	0
scaffold6	8120000	8130000	0
scaffold6	8130000	8140000	2
scaffold6	8140000	8150000	1
scaffold6	8150000	8160000	1
scaffold6	8160000	8170000	2
scaffold6	8170000	8180000	1
scaffold6	8180000	8190000	1
scaffold6	8190000	8200000	2
scaffold6	8200000	8210000	1
scaffold6	8210000	8220000	1
scaffold6	8220000	8230000	1
scaffold6	8230000	8240000	1
scaffold6	8240000	8250000	0
scaffold6	8250000	8260000	1
scaffold6	8260000	8270000	1
scaffold6	8270000	8280000	1
scaffold6	8280000	8290000	2
scaffold6	8290000	8300000	3
scaffold6	8300000	8310000	4
scaffold6	8310000	8320000	1
scaffold6	8320000	8330000	1
scaffold6	8330000	8340000	0
scaffold6	8340000	8350000	0
scaffold6	8350000	8360000	1
scaffold6	8360000	8370000	1
scaffold6	8370000	8380000	2
scaffold6	8380000	8390000	2
scaffold6	8390000	8400000	3
scaffold6	8400000	8410000	0
scaffold6	8410000	8420000	1
scaffold6	8420000	8430000	1
scaffold6	8430000	8440000	2
scaffold6	8440000	8450000	2
scaffold6	8450000	8460000	2
scaffold6	8460000	8470000	1
scaffold6	8470000	8480000	1
scaffold6	8480000	8490000	1
scaffold6	8490000	8500000	1
scaffold6	8500000	8510000	0
scaffold6	8510000	8520000	1
scaffold6	8520000	8530000	1
scaffold6	8530000	8540000	2
scaffold6	8540000	8550000	1
scaffold6	8550000	8560000	1
scaffold6	8560000	8570000	1
scaffold6	8570000	8580000	0
scaffold6	8580000	8590000	1
scaffold6	8590000	8600000	1
scaffold6	8600000	8610000	2
scaffold6	8610000	8620000	2
scaffold6	8620000	8630000	2
scaffold6	8630000	8640000	0
scaffold6	8640000	8650000	0
scaffold6	8650000	8660000	1
scaffold6	8660000	8670000	1
scaffold6	8670000	8680000	1
scaffold6	8680000	8690000	1
scaffold6	8690000	8700000	1
scaffold6	8700000	8710000	2
scaffold6	8710000	8720000	1
scaffold6	8720000	8730000	2
scaffold6	8730000	8740000	1
scaffold6	8740000	8750000	2
scaffold6	8750000	8760000	2
scaffold6	8760000	8770000	1
scaffold6	8770000	8780000	1
scaffold6	8780000	8790000	1
scaffold6	8790000	8800000	0
scaffold6	8800000	8810000	0
scaffold6	8810000	8820000	0
scaffold6	8820000	8830000	1
scaffold6	8830000	8840000	2
scaffold6	8840000	8850000	1
scaffold6	8850000	8860000	1
scaffold6	8860000	8870000	1
scaffold6	8870000	8880000	1
scaffold6	8880000	8890000	2
scaffold6	8890000	8900000	2
scaffold6	8900000	8910000	4
scaffold6	8910000	8920000	2
scaffold6	8920000	8930000	0
scaffold6	8930000	8940000	1
scaffold6	8940000	8950000	1
scaffold6	8950000	8960000	2
scaffold6	8960000	8970000	1
scaffold6	8970000	8980000	2
scaffold6	8980000	8990000	0
scaffold6	8990000	9000000	1
scaffold6	9000000	9010000	1
scaffold6	9010000	9020000	2
scaffold6	9020000	9030000	3
scaffold6	9030000	9040000	2
scaffold6	9040000	9050000	2
scaffold6	9050000	9060000	2
scaffold6	9060000	9070000	1
scaffold6	9070000	9080000	1
scaffold6	9080000	9090000	2
scaffold6	9090000	9100000	3
scaffold6	9100000	9110000	1
scaffold6	9110000	9120000	1
scaffold6	9120000	9130000	1
scaffold6	9130000	9140000	1
scaffold6	9140000	9150000	0
scaffold6	9150000	9160000	1
scaffold6	9160000	9170000	1
scaffold6	9170000	9180000	1
scaffold6	9180000	9190000	0
scaffold6	9190000	9200000	0
scaffold6	9200000	9210000	0
scaffold6	9210000	9220000	0
scaffold6	9220000	9230000	0
scaffold6	9230000	9240000	0
scaffold6	9240000	9250000	0
scaffold6	9250000	9260000	0
scaffold6	9260000	9270000	0
scaffold6	9270000	9280000	0
scaffold6	9280000	9290000	0
scaffold6	9290000	9300000	3
scaffold6	9300000	9310000	3
scaffold6	9310000	9320000	1
scaffold6	9320000	9330000	1
scaffold6	9330000	9340000	0
scaffold6	9340000	9350000	1
scaffold6	9350000	9360000	1
scaffold6	9360000	9370000	2
scaffold6	9370000	9380000	1
scaffold6	9380000	9390000	2
scaffold6	9390000	9400000	1
scaffold6	9400000	9410000	1
scaffold6	9410000	9420000	0
scaffold6	9420000	9430000	0
scaffold6	9430000	9440000	0
scaffold6	9440000	9450000	0
scaffold6	9450000	9460000	1
scaffold6	9460000	9470000	2
scaffold6	9470000	9480000	1
scaffold6	9480000	9490000	0
scaffold6	9490000	9500000	0
scaffold6	9500000	9510000	1
scaffold6	9510000	9520000	2
scaffold6	9520000	9530000	1
scaffold6	9530000	9540000	0
scaffold6	9540000	9550000	0
scaffold6	9550000	9560000	1
scaffold6	9560000	9570000	0
scaffold6	9570000	9580000	0
scaffold6	9580000	9590000	0
scaffold6	9590000	9600000	1
scaffold6	9600000	9610000	1
scaffold6	9610000	9620000	2
scaffold6	9620000	9630000	3
scaffold6	9630000	9640000	2
scaffold6	9640000	9650000	1
scaffold6	9650000	9660000	0
scaffold6	9660000	9670000	1
scaffold6	9670000	9680000	2
scaffold6	9680000	9690000	1
scaffold6	9690000	9700000	1
scaffold6	9700000	9710000	1
scaffold6	9710000	9720000	1
scaffold6	9720000	9730000	2
scaffold6	9730000	9740000	2
scaffold6	9740000	9750000	1
scaffold6	9750000	9760000	0
scaffold6	9760000	9770000	2
scaffold6	9770000	9780000	2
scaffold6	9780000	9790000	2
scaffold6	9790000	9800000	0
scaffold6	9800000	9810000	0
scaffold6	9810000	9820000	0
scaffold6	9820000	9830000	1
scaffold6	9830000	9840000	1
scaffold6	9840000	9850000	2
scaffold6	9850000	9860000	1
scaffold6	9860000	9870000	2
scaffold6	9870000	9880000	1
scaffold6	9880000	9890000	1
scaffold6	9890000	9900000	1
scaffold6	9900000	9910000	2
scaffold6	9910000	9920000	0
scaffold6	9920000	9930000	0
scaffold6	9930000	9940000	2
scaffold6	9940000	9950000	2
scaffold6	9950000	9960000	2
scaffold6	9960000	9970000	1
scaffold6	9970000	9980000	1
scaffold6	9980000	9990000	1
scaffold6	9990000	10000000	1
scaffold6	10000000	10010000	1
scaffold6	10010000	10020000	1
scaffold6	10020000	10030000	1
scaffold6	10030000	10040000	1
scaffold6	10040000	10050000	1
scaffold6	10050000	10060000	1
scaffold6	10060000	10070000	1
scaffold6	10070000	10080000	1
scaffold6	10080000	10090000	0
scaffold6	10090000	10100000	0
scaffold6	10100000	10110000	1
scaffold6	10110000	10120000	4
scaffold6	10120000	10130000	1
scaffold6	10130000	10140000	0
scaffold6	10140000	10150000	0
scaffold6	10150000	10160000	1
scaffold6	10160000	10170000	1
scaffold6	10170000	10180000	0
scaffold6	10180000	10190000	1
scaffold6	10190000	10200000	1
scaffold6	10200000	10210000	1
scaffold6	10210000	10220000	2
scaffold6	10220000	10230000	1
scaffold6	10230000	10240000	1
scaffold6	10240000	10250000	0
scaffold6	10250000	10260000	1
scaffold6	10260000	10270000	1
scaffold6	10270000	10280000	1
scaffold6	10280000	10290000	1
scaffold6	10290000	10300000	2
scaffold6	10300000	10310000	0
scaffold6	10310000	10320000	0
scaffold6	10320000	10330000	0
scaffold6	10330000	10340000	2
scaffold6	10340000	10350000	1
scaffold6	10350000	10360000	0
scaffold6	10360000	10370000	0
scaffold6	10370000	10380000	1
scaffold6	10380000	10390000	1
scaffold6	10390000	10400000	1
scaffold6	10400000	10410000	0
scaffold6	10410000	10420000	1
scaffold6	10420000	10430000	0
scaffold6	10430000	10440000	3
scaffold6	10440000	10450000	1
scaffold6	10450000	10460000	0
scaffold6	10460000	10470000	0
scaffold6	10470000	10480000	1
scaffold6	10480000	10490000	0
scaffold6	10490000	10500000	0
scaffold6	10500000	10510000	0
scaffold6	10510000	10520000	1
scaffold6	10520000	10530000	1
scaffold6	10530000	10540000	1
scaffold6	10540000	10550000	3
scaffold6	10550000	10560000	1
scaffold6	10560000	10570000	1
scaffold6	10570000	10580000	1
scaffold6	10580000	10590000	1
scaffold6	10590000	10600000	1
scaffold6	10600000	10610000	1
scaffold6	10610000	10620000	1
scaffold6	10620000	10630000	2
scaffold6	10630000	10640000	2
scaffold6	10640000	10650000	1
scaffold6	10650000	10660000	1
scaffold6	10660000	10670000	0
scaffold6	10670000	10680000	0
scaffold6	10680000	10690000	0
scaffold6	10690000	10700000	0
scaffold6	10700000	10710000	0
scaffold6	10710000	10720000	0
scaffold6	10720000	10730000	0
scaffold6	10730000	10740000	0
scaffold6	10740000	10750000	0
scaffold6	10750000	10760000	0
scaffold6	10760000	10770000	1
scaffold6	10770000	10780000	0
scaffold6	10780000	10790000	0
scaffold6	10790000	10800000	0
scaffold6	10800000	10810000	0
scaffold6	10810000	10820000	0
scaffold6	10820000	10830000	0
scaffold6	10830000	10840000	0
scaffold6	10840000	10850000	0
scaffold6	10850000	10860000	0
scaffold6	10860000	10870000	1
scaffold6	10870000	10880000	0
scaffold6	10880000	10890000	0
scaffold6	10890000	10900000	1
scaffold6	10900000	10910000	1
scaffold6	10910000	10920000	1
scaffold6	10920000	10930000	2
scaffold6	10930000	10940000	2
scaffold6	10940000	10950000	1
scaffold6	10950000	10960000	2
scaffold6	10960000	10970000	1
scaffold6	10970000	10980000	2
scaffold6	10980000	10990000	1
scaffold6	10990000	11000000	0
scaffold6	11000000	11010000	0
scaffold6	11010000	11020000	0
scaffold6	11020000	11030000	1
scaffold6	11030000	11040000	2
scaffold6	11040000	11050000	2
scaffold6	11050000	11060000	1
scaffold6	11060000	11070000	1
scaffold6	11070000	11080000	2
scaffold6	11080000	11090000	2
scaffold6	11090000	11100000	3
scaffold6	11100000	11110000	1
scaffold6	11110000	11120000	1
scaffold6	11120000	11130000	1
scaffold6	11130000	11140000	1
scaffold6	11140000	11150000	1
scaffold6	11150000	11160000	2
scaffold6	11160000	11170000	2
scaffold6	11170000	11180000	1
scaffold6	11180000	11190000	1
scaffold6	11190000	11200000	2
scaffold6	11200000	11210000	3
scaffold6	11210000	11220000	1
scaffold6	11220000	11230000	1
scaffold6	11230000	11240000	1
scaffold6	11240000	11250000	1
scaffold6	11250000	11260000	2
scaffold6	11260000	11270000	3
scaffold6	11270000	11280000	0
scaffold6	11280000	11290000	0
scaffold6	11290000	11300000	0
scaffold6	11300000	11310000	0
scaffold6	11310000	11320000	0
scaffold6	11320000	11330000	0
scaffold6	11330000	11340000	0
scaffold6	11340000	11350000	0
scaffold6	11350000	11360000	0
scaffold6	11360000	11370000	0
scaffold6	11370000	11380000	0
scaffold6	11380000	11390000	0
scaffold6	11390000	11400000	0
scaffold6	11400000	11410000	0
scaffold6	11410000	11420000	0
scaffold6	11420000	11430000	1
scaffold6	11430000	11440000	0
scaffold6	11440000	11450000	1
scaffold6	11450000	11460000	1
scaffold6	11460000	11470000	1
scaffold6	11470000	11480000	1
scaffold6	11480000	11490000	1
scaffold6	11490000	11500000	1
scaffold6	11500000	11510000	1
scaffold6	11510000	11520000	1
scaffold6	11520000	11530000	2
scaffold6	11530000	11540000	1
scaffold6	11540000	11550000	1
scaffold6	11550000	11560000	0
scaffold6	11560000	11570000	1
scaffold6	11570000	11580000	2
scaffold6	11580000	11590000	2
scaffold6	11590000	11600000	0
scaffold6	11600000	11610000	2
scaffold6	11610000	11620000	1
scaffold6	11620000	11630000	3
scaffold6	11630000	11640000	1
scaffold6	11640000	11650000	1
scaffold6	11650000	11660000	1
scaffold6	11660000	11670000	2
scaffold6	11670000	11680000	0
scaffold6	11680000	11690000	1
scaffold6	11690000	11700000	0
scaffold6	11700000	11710000	0
scaffold6	11710000	11720000	0
scaffold6	11720000	11730000	1
scaffold6	11730000	11740000	0
scaffold6	11740000	11750000	0
scaffold6	11750000	11760000	0
scaffold6	11760000	11770000	0
scaffold6	11770000	11780000	0
scaffold6	11780000	11790000	0
scaffold6	11790000	11800000	0
scaffold6	11800000	11810000	0
scaffold6	11810000	11820000	1
scaffold6	11820000	11830000	2
scaffold6	11830000	11840000	1
scaffold6	11840000	11850000	1
scaffold6	11850000	11860000	2
scaffold6	11860000	11870000	1
scaffold6	11870000	11880000	1
scaffold6	11880000	11890000	2
scaffold6	11890000	11900000	2
scaffold6	11900000	11910000	2
scaffold6	11910000	11920000	2
scaffold6	11920000	11930000	2
scaffold6	11930000	11940000	2
scaffold6	11940000	11950000	0
scaffold6	11950000	11960000	2
scaffold6	11960000	11970000	1
scaffold6	11970000	11980000	1
scaffold6	11980000	11990000	2
scaffold6	11990000	12000000	0
scaffold6	12000000	12010000	1
scaffold6	12010000	12020000	1
scaffold6	12020000	12030000	1
scaffold6	12030000	12040000	1
scaffold6	12040000	12050000	3
scaffold6	12050000	12060000	2
scaffold6	12060000	12070000	1
scaffold6	12070000	12080000	0
scaffold6	12080000	12090000	0
scaffold6	12090000	12100000	0
scaffold6	12100000	12110000	1
scaffold6	12110000	12120000	1
scaffold6	12120000	12130000	2
scaffold6	12130000	12140000	1
scaffold6	12140000	12150000	1
scaffold6	12150000	12160000	1
scaffold6	12160000	12170000	0
scaffold6	12170000	12180000	1
scaffold6	12180000	12190000	1
scaffold6	12190000	12200000	2
scaffold6	12200000	12210000	0
scaffold6	12210000	12220000	0
scaffold6	12220000	12230000	0
scaffold6	12230000	12240000	0
scaffold6	12240000	12250000	1
scaffold6	12250000	12260000	1
scaffold6	12260000	12270000	1
scaffold6	12270000	12280000	1
scaffold6	12280000	12290000	1
scaffold6	12290000	12300000	1
scaffold6	12300000	12310000	1
scaffold6	12310000	12320000	1
scaffold6	12320000	12330000	2
scaffold6	12330000	12340000	1
scaffold6	12340000	12350000	2
scaffold6	12350000	12360000	1
scaffold6	12360000	12370000	0
scaffold6	12370000	12380000	0
scaffold6	12380000	12390000	0
scaffold6	12390000	12400000	0
scaffold6	12400000	12410000	0
scaffold6	12410000	12420000	0
scaffold6	12420000	12430000	1
scaffold6	12430000	12440000	1
scaffold6	12440000	12450000	1
scaffold6	12450000	12460000	1
scaffold6	12460000	12470000	1
scaffold6	12470000	12480000	1
scaffold6	12480000	12490000	1
scaffold6	12490000	12500000	1
scaffold6	12500000	12510000	2
scaffold6	12510000	12520000	1
scaffold6	12520000	12530000	1
scaffold6	12530000	12540000	1
scaffold6	12540000	12550000	1
scaffold6	12550000	12560000	1
scaffold6	12560000	12570000	0
scaffold6	12570000	12580000	0
scaffold6	12580000	12590000	0
scaffold6	12590000	12600000	1
scaffold6	12600000	12610000	0
scaffold6	12610000	12620000	0
scaffold6	12620000	12630000	0
scaffold6	12630000	12640000	0
scaffold6	12640000	12650000	0
scaffold6	12650000	12660000	0
scaffold6	12660000	12670000	0
scaffold6	12670000	12680000	1
scaffold6	12680000	12690000	1
scaffold6	12690000	12700000	1
scaffold6	12700000	12710000	0
scaffold6	12710000	12720000	0
scaffold6	12720000	12730000	0
scaffold6	12730000	12740000	0
scaffold6	12740000	12750000	0
scaffold6	12750000	12760000	0
scaffold6	12760000	12770000	0
scaffold6	12770000	12780000	0
scaffold6	12780000	12790000	0
scaffold6	12790000	12800000	0
scaffold6	12800000	12810000	0
scaffold6	12810000	12820000	0
scaffold6	12820000	12830000	1
scaffold6	12830000	12840000	1
scaffold6	12840000	12850000	1
scaffold6	12850000	12860000	1
scaffold6	12860000	12870000	1
scaffold6	12870000	12880000	1
scaffold6	12880000	12890000	1
scaffold6	12890000	12900000	1
scaffold6	12900000	12910000	0
scaffold6	12910000	12920000	1
scaffold6	12920000	12930000	1
scaffold6	12930000	12940000	0
scaffold6	12940000	12950000	0
scaffold6	12950000	12960000	0
scaffold6	12960000	12970000	1
scaffold6	12970000	12980000	1
scaffold6	12980000	12990000	2
scaffold6	12990000	13000000	1
scaffold6	13000000	13010000	1
scaffold6	13010000	13020000	0
scaffold6	13020000	13030000	0
scaffold6	13030000	13040000	0
scaffold6	13040000	13050000	0
scaffold6	13050000	13060000	1
scaffold6	13060000	13070000	1
scaffold6	13070000	13080000	2
scaffold6	13080000	13090000	1
scaffold6	13090000	13100000	0
scaffold6	13100000	13110000	0
scaffold6	13110000	13120000	0
scaffold6	13120000	13130000	0
scaffold6	13130000	13140000	0
scaffold6	13140000	13150000	0
scaffold6	13150000	13160000	0
scaffold6	13160000	13170000	1
scaffold6	13170000	13180000	1
scaffold6	13180000	13190000	1
scaffold6	13190000	13200000	1
scaffold6	13200000	13210000	0
scaffold6	13210000	13220000	0
scaffold6	13220000	13230000	1
scaffold6	13230000	13240000	2
scaffold6	13240000	13250000	1
scaffold6	13250000	13260000	2
scaffold6	13260000	13270000	1
scaffold6	13270000	13280000	0
scaffold6	13280000	13290000	1
scaffold6	13290000	13300000	0
scaffold6	13300000	13310000	1
scaffold6	13310000	13320000	1
scaffold6	13320000	13330000	1
scaffold6	13330000	13340000	0
scaffold6	13340000	13350000	1
scaffold6	13350000	13360000	1
scaffold6	13360000	13370000	1
scaffold6	13370000	13380000	1
scaffold6	13380000	13390000	1
scaffold6	13390000	13400000	0
scaffold6	13400000	13410000	0
scaffold6	13410000	13420000	0
scaffold6	13420000	13430000	2
scaffold6	13430000	13440000	1
scaffold6	13440000	13450000	2
scaffold6	13450000	13460000	1
scaffold6	13460000	13470000	1
scaffold6	13470000	13480000	0
scaffold6	13480000	13490000	0
scaffold6	13490000	13500000	1
scaffold6	13500000	13510000	1
scaffold6	13510000	13520000	1
scaffold6	13520000	13530000	0
scaffold6	13530000	13540000	1
scaffold6	13540000	13550000	2
scaffold6	13550000	13560000	3
scaffold6	13560000	13570000	1
scaffold6	13570000	13580000	1
scaffold6	13580000	13590000	3
scaffold6	13590000	13600000	1
scaffold6	13600000	13610000	2
scaffold6	13610000	13620000	2
scaffold6	13620000	13630000	2
scaffold6	13630000	13640000	2
scaffold6	13640000	13650000	1
scaffold6	13650000	13660000	0
scaffold6	13660000	13670000	0
scaffold6	13670000	13680000	0
scaffold6	13680000	13690000	0
scaffold6	13690000	13700000	1
scaffold6	13700000	13710000	1
scaffold6	13710000	13720000	1
scaffold6	13720000	13730000	1
scaffold6	13730000	13740000	1
scaffold6	13740000	13750000	1
scaffold6	13750000	13760000	0
scaffold6	13760000	13770000	1
scaffold6	13770000	13780000	2
scaffold6	13780000	13790000	1
scaffold6	13790000	13800000	1
scaffold6	13800000	13810000	1
scaffold6	13810000	13820000	1
scaffold6	13820000	13830000	0
scaffold6	13830000	13840000	0
scaffold6	13840000	13850000	0
scaffold6	13850000	13860000	0
scaffold6	13860000	13870000	0
scaffold6	13870000	13880000	1
scaffold6	13880000	13890000	2
scaffold6	13890000	13900000	0
scaffold6	13900000	13910000	0
scaffold6	13910000	13920000	0
scaffold6	13920000	13930000	1
scaffold6	13930000	13940000	1
scaffold6	13940000	13950000	1
scaffold6	13950000	13960000	2
scaffold6	13960000	13970000	2
scaffold6	13970000	13980000	2
scaffold6	13980000	13990000	2
scaffold6	13990000	14000000	2
scaffold6	14000000	14010000	0
scaffold6	14010000	14020000	0
scaffold6	14020000	14030000	0
scaffold6	14030000	14040000	1
scaffold6	14040000	14050000	1
scaffold6	14050000	14060000	1
scaffold6	14060000	14070000	0
scaffold6	14070000	14080000	1
scaffold6	14080000	14090000	0
scaffold6	14090000	14100000	1
scaffold6	14100000	14110000	0
scaffold6	14110000	14120000	1
scaffold6	14120000	14130000	1
scaffold6	14130000	14140000	1
scaffold6	14140000	14150000	0
scaffold6	14150000	14160000	1
scaffold6	14160000	14170000	0
scaffold6	14170000	14180000	1
scaffold6	14180000	14190000	1
scaffold6	14190000	14200000	0
scaffold6	14200000	14210000	1
scaffold6	14210000	14220000	2
scaffold6	14220000	14230000	3
scaffold6	14230000	14240000	1
scaffold6	14240000	14250000	1
scaffold6	14250000	14260000	2
scaffold6	14260000	14270000	2
scaffold6	14270000	14280000	1
scaffold6	14280000	14290000	2
scaffold6	14290000	14300000	1
scaffold6	14300000	14310000	1
scaffold6	14310000	14320000	1
scaffold6	14320000	14330000	1
scaffold6	14330000	14340000	1
scaffold6	14340000	14350000	1
scaffold6	14350000	14360000	1
scaffold6	14360000	14370000	1
scaffold6	14370000	14380000	1
scaffold6	14380000	14390000	0
scaffold6	14390000	14400000	0
scaffold6	14400000	14410000	0
scaffold6	14410000	14420000	1
scaffold6	14420000	14430000	0
scaffold6	14430000	14440000	2
scaffold6	14440000	14450000	1
scaffold6	14450000	14460000	3
scaffold6	14460000	14470000	0
scaffold6	14470000	14480000	2
scaffold6	14480000	14490000	1
scaffold6	14490000	14500000	1
scaffold6	14500000	14510000	1
scaffold6	14510000	14520000	1
scaffold6	14520000	14530000	1
scaffold6	14530000	14540000	2
scaffold6	14540000	14550000	0
scaffold6	14550000	14560000	0
scaffold6	14560000	14570000	0
scaffold6	14570000	14580000	0
scaffold6	14580000	14590000	0
scaffold6	14590000	14600000	0
scaffold6	14600000	14610000	0
scaffold6	14610000	14620000	1
scaffold6	14620000	14630000	0
scaffold6	14630000	14640000	0
scaffold6	14640000	14650000	0
scaffold6	14650000	14660000	0
scaffold6	14660000	14670000	0
scaffold6	14670000	14680000	0
scaffold6	14680000	14690000	0
scaffold6	14690000	14700000	0
scaffold6	14700000	14710000	0
scaffold6	14710000	14720000	0
scaffold6	14720000	14730000	0
scaffold6	14730000	14740000	0
scaffold6	14740000	14750000	0
scaffold6	14750000	14760000	0
scaffold6	14760000	14770000	0
scaffold6	14770000	14780000	0
scaffold6	14780000	14790000	0
scaffold6	14790000	14800000	1
scaffold6	14800000	14810000	1
scaffold6	14810000	14820000	1
scaffold6	14820000	14830000	2
scaffold6	14830000	14840000	1
scaffold6	14840000	14850000	1
scaffold6	14850000	14860000	1
scaffold6	14860000	14870000	1
scaffold6	14870000	14880000	2
scaffold6	14880000	14890000	2
scaffold6	14890000	14900000	1
scaffold6	14900000	14910000	3
scaffold6	14910000	14920000	1
scaffold6	14920000	14930000	1
scaffold6	14930000	14940000	1
scaffold6	14940000	14950000	1
scaffold6	14950000	14960000	0
scaffold6	14960000	14970000	1
scaffold6	14970000	14980000	2
scaffold6	14980000	14990000	2
scaffold6	14990000	15000000	3
scaffold6	15000000	15010000	2
scaffold6	15010000	15020000	1
scaffold6	15020000	15030000	2
scaffold6	15030000	15040000	0
scaffold6	15040000	15050000	0
scaffold6	15050000	15060000	1
scaffold6	15060000	15070000	1
scaffold6	15070000	15080000	0
scaffold6	15080000	15090000	1
scaffold6	15090000	15100000	1
scaffold6	15100000	15110000	1
scaffold6	15110000	15120000	1
scaffold6	15120000	15130000	1
scaffold6	15130000	15140000	1
scaffold6	15140000	15150000	0
scaffold6	15150000	15160000	1
scaffold6	15160000	15170000	0
scaffold6	15170000	15180000	0
scaffold6	15180000	15190000	1
scaffold6	15190000	15200000	1
scaffold6	15200000	15210000	1
scaffold6	15210000	15220000	2
scaffold6	15220000	15230000	0
scaffold6	15230000	15240000	2
scaffold6	15240000	15250000	1
scaffold6	15250000	15260000	1
scaffold6	15260000	15270000	2
scaffold6	15270000	15280000	2
scaffold6	15280000	15290000	0
scaffold6	15290000	15300000	1
scaffold6	15300000	15310000	2
scaffold6	15310000	15320000	1
scaffold6	15320000	15330000	1
scaffold6	15330000	15340000	0
scaffold6	15340000	15350000	0
scaffold6	15350000	15360000	1
scaffold6	15360000	15370000	1
scaffold6	15370000	15380000	1
scaffold6	15380000	15390000	2
scaffold6	15390000	15400000	1
scaffold6	15400000	15410000	1
scaffold6	15410000	15420000	2
scaffold6	15420000	15430000	1
scaffold6	15430000	15440000	0
scaffold6	15440000	15450000	1
scaffold6	15450000	15460000	0
scaffold6	15460000	15470000	1
scaffold6	15470000	15480000	2
scaffold6	15480000	15490000	0
scaffold6	15490000	15500000	1
scaffold6	15500000	15510000	1
scaffold6	15510000	15520000	1
scaffold6	15520000	15530000	1
scaffold6	15530000	15540000	1
scaffold6	15540000	15550000	1
scaffold6	15550000	15560000	1
scaffold6	15560000	15570000	1
scaffold6	15570000	15580000	1
scaffold6	15580000	15590000	0
scaffold6	15590000	15600000	0
scaffold6	15600000	15610000	1
scaffold6	15610000	15620000	0
scaffold6	15620000	15630000	1
scaffold6	15630000	15640000	1
scaffold6	15640000	15650000	0
scaffold6	15650000	15660000	1
scaffold6	15660000	15670000	2
scaffold6	15670000	15680000	1
scaffold6	15680000	15690000	1
scaffold6	15690000	15700000	1
scaffold6	15700000	15710000	0
scaffold6	15710000	15720000	0
scaffold6	15720000	15730000	2
scaffold6	15730000	15740000	2
scaffold6	15740000	15750000	1
scaffold6	15750000	15760000	3
scaffold6	15760000	15770000	1
scaffold6	15770000	15780000	1
scaffold6	15780000	15790000	1
scaffold6	15790000	15800000	2
scaffold6	15800000	15810000	1
scaffold6	15810000	15820000	2
scaffold6	15820000	15830000	1
scaffold6	15830000	15840000	0
scaffold6	15840000	15850000	0
scaffold6	15850000	15860000	2
scaffold6	15860000	15870000	1
scaffold6	15870000	15880000	0
scaffold6	15880000	15890000	0
scaffold6	15890000	15900000	1
scaffold6	15900000	15910000	1
scaffold6	15910000	15920000	1
scaffold6	15920000	15930000	1
scaffold6	15930000	15940000	1
scaffold6	15940000	15950000	1
scaffold6	15950000	15960000	2
scaffold6	15960000	15970000	1
scaffold6	15970000	15980000	1
scaffold6	15980000	15990000	0
scaffold6	15990000	16000000	0
scaffold6	16000000	16010000	0
scaffold6	16010000	16020000	0
scaffold6	16020000	16030000	0
scaffold6	16030000	16040000	0
scaffold6	16040000	16050000	0
scaffold6	16050000	16060000	0
scaffold6	16060000	16070000	0
scaffold6	16070000	16080000	0
scaffold6	16080000	16090000	1
scaffold6	16090000	16100000	0
scaffold6	16100000	16110000	0
scaffold6	16110000	16120000	0
scaffold6	16120000	16130000	1
scaffold6	16130000	16140000	2
scaffold6	16140000	16150000	2
scaffold6	16150000	16160000	1
scaffold6	16160000	16170000	1
scaffold6	16170000	16180000	1
scaffold6	16180000	16190000	1
scaffold6	16190000	16200000	1
scaffold6	16200000	16210000	1
scaffold6	16210000	16220000	0
scaffold6	16220000	16230000	0
scaffold6	16230000	16240000	1
scaffold6	16240000	16250000	1
scaffold6	16250000	16260000	1
scaffold6	16260000	16270000	1
scaffold6	16270000	16280000	1
scaffold6	16280000	16290000	1
scaffold6	16290000	16300000	1
scaffold6	16300000	16310000	0
scaffold6	16310000	16320000	0
scaffold6	16320000	16330000	1
scaffold6	16330000	16340000	1
scaffold6	16340000	16350000	1
scaffold6	16350000	16360000	1
scaffold6	16360000	16370000	1
scaffold6	16370000	16380000	2
scaffold6	16380000	16390000	2
scaffold6	16390000	16400000	1
scaffold6	16400000	16410000	1
scaffold6	16410000	16420000	0
scaffold6	16420000	16430000	0
scaffold6	16430000	16440000	0
scaffold6	16440000	16450000	0
scaffold6	16450000	16460000	0
scaffold6	16460000	16470000	0
scaffold6	16470000	16480000	0
scaffold6	16480000	16490000	0
scaffold6	16490000	16500000	0
scaffold6	16500000	16510000	0
scaffold6	16510000	16520000	0
scaffold6	16520000	16530000	0
scaffold6	16530000	16540000	1
scaffold6	16540000	16550000	1
scaffold6	16550000	16560000	1
scaffold6	16560000	16570000	1
scaffold6	16570000	16580000	1
scaffold6	16580000	16590000	1
scaffold6	16590000	16600000	2
scaffold6	16600000	16610000	2
scaffold6	16610000	16620000	0
scaffold6	16620000	16630000	0
scaffold6	16630000	16640000	2
scaffold6	16640000	16650000	1
scaffold6	16650000	16660000	1
scaffold6	16660000	16670000	1
scaffold6	16670000	16680000	2
scaffold6	16680000	16690000	1
scaffold6	16690000	16700000	1
scaffold6	16700000	16710000	1
scaffold6	16710000	16720000	1
scaffold6	16720000	16730000	1
scaffold6	16730000	16740000	1
scaffold6	16740000	16750000	1
scaffold6	16750000	16760000	2
scaffold6	16760000	16770000	2
scaffold6	16770000	16780000	1
scaffold6	16780000	16790000	1
scaffold6	16790000	16800000	0
scaffold6	16800000	16810000	1
scaffold6	16810000	16820000	1
scaffold6	16820000	16830000	3
scaffold6	16830000	16840000	1
scaffold6	16840000	16850000	2
scaffold6	16850000	16860000	1
scaffold6	16860000	16870000	1
scaffold6	16870000	16880000	1
scaffold6	16880000	16890000	1
scaffold6	16890000	16900000	1
scaffold6	16900000	16910000	0
scaffold6	16910000	16920000	0
scaffold6	16920000	16930000	0
scaffold6	16930000	16940000	0
scaffold6	16940000	16950000	0
scaffold6	16950000	16960000	0
scaffold6	16960000	16970000	0
scaffold6	16970000	16980000	0
scaffold6	16980000	16990000	0
scaffold6	16990000	17000000	0
scaffold6	17000000	17010000	0
scaffold6	17010000	17020000	0
scaffold6	17020000	17030000	1
scaffold6	17030000	17040000	1
scaffold6	17040000	17050000	1
scaffold6	17050000	17060000	1
scaffold6	17060000	17070000	0
scaffold6	17070000	17080000	0
scaffold6	17080000	17090000	1
scaffold6	17090000	17100000	0
scaffold6	17100000	17110000	1
scaffold6	17110000	17120000	2
scaffold6	17120000	17130000	1
scaffold6	17130000	17140000	1
scaffold6	17140000	17150000	0
scaffold6	17150000	17160000	0
scaffold6	17160000	17170000	0
scaffold6	17170000	17180000	1
scaffold6	17180000	17190000	1
scaffold6	17190000	17200000	1
scaffold6	17200000	17210000	0
scaffold6	17210000	17220000	1
scaffold6	17220000	17230000	1
scaffold6	17230000	17240000	0
scaffold6	17240000	17250000	0
scaffold6	17250000	17260000	1
scaffold6	17260000	17270000	0
scaffold6	17270000	17280000	3
scaffold6	17280000	17290000	1
scaffold6	17290000	17300000	0
scaffold6	17300000	17310000	0
scaffold6	17310000	17320000	0
scaffold6	17320000	17330000	0
scaffold6	17330000	17340000	0
scaffold6	17340000	17350000	0
scaffold6	17350000	17360000	0
scaffold6	17360000	17370000	0
scaffold6	17370000	17380000	0
scaffold6	17380000	17390000	0
scaffold6	17390000	17400000	0
scaffold6	17400000	17410000	0
scaffold6	17410000	17420000	0
scaffold6	17420000	17430000	0
scaffold6	17430000	17440000	2
scaffold6	17440000	17450000	0
scaffold6	17450000	17460000	0
scaffold6	17460000	17470000	0
scaffold6	17470000	17480000	0
scaffold6	17480000	17490000	0
scaffold6	17490000	17500000	2
scaffold6	17500000	17510000	0
scaffold6	17510000	17520000	0
scaffold6	17520000	17530000	0
scaffold6	17530000	17540000	0
scaffold6	17540000	17550000	0
scaffold6	17550000	17560000	0
scaffold6	17560000	17570000	0
scaffold6	17570000	17580000	0
scaffold6	17580000	17590000	0
scaffold6	17590000	17600000	0
scaffold6	17600000	17610000	1
scaffold6	17610000	17620000	1
scaffold6	17620000	17630000	1
scaffold6	17630000	17640000	1
scaffold6	17640000	17650000	1
scaffold6	17650000	17660000	1
scaffold6	17660000	17670000	1
scaffold6	17670000	17680000	1
scaffold6	17680000	17690000	0
scaffold6	17690000	17700000	0
scaffold6	17700000	17710000	0
scaffold6	17710000	17720000	0
scaffold6	17720000	17730000	0
scaffold6	17730000	17740000	0
scaffold6	17740000	17750000	0
scaffold6	17750000	17760000	0
scaffold6	17760000	17770000	0
scaffold6	17770000	17780000	1
scaffold6	17780000	17790000	3
scaffold6	17790000	17800000	1
scaffold6	17800000	17810000	0
scaffold6	17810000	17820000	0
scaffold6	17820000	17830000	0
scaffold6	17830000	17840000	0
scaffold6	17840000	17850000	1
scaffold6	17850000	17860000	0
scaffold6	17860000	17870000	0
scaffold6	17870000	17880000	0
scaffold6	17880000	17890000	1
scaffold6	17890000	17900000	0
scaffold6	17900000	17910000	0
scaffold6	17910000	17920000	0
scaffold6	17920000	17930000	0
scaffold6	17930000	17940000	0
scaffold6	17940000	17950000	1
scaffold6	17950000	17960000	0
scaffold6	17960000	17970000	0
scaffold6	17970000	17980000	0
scaffold6	17980000	17990000	0
scaffold6	17990000	18000000	0
scaffold6	18000000	18010000	2
scaffold6	18010000	18020000	1
scaffold6	18020000	18030000	1
scaffold6	18030000	18040000	1
scaffold6	18040000	18050000	0
scaffold6	18050000	18060000	1
scaffold6	18060000	18070000	1
scaffold6	18070000	18080000	1
scaffold6	18080000	18090000	1
scaffold6	18090000	18100000	1
scaffold6	18100000	18110000	2
scaffold6	18110000	18120000	2
scaffold6	18120000	18130000	0
scaffold6	18130000	18140000	0
scaffold6	18140000	18150000	2
scaffold6	18150000	18160000	1
scaffold6	18160000	18170000	1
scaffold6	18170000	18180000	1
scaffold6	18180000	18190000	1
scaffold6	18190000	18200000	2
scaffold6	18200000	18210000	1
scaffold6	18210000	18220000	1
scaffold6	18220000	18230000	1
scaffold6	18230000	18240000	1
scaffold6	18240000	18250000	1
scaffold6	18250000	18260000	1
scaffold6	18260000	18270000	1
scaffold6	18270000	18280000	1
scaffold6	18280000	18290000	1
scaffold6	18290000	18300000	1
scaffold6	18300000	18310000	2
scaffold6	18310000	18320000	1
scaffold6	18320000	18330000	1
scaffold6	18330000	18340000	1
scaffold6	18340000	18350000	0
scaffold6	18350000	18360000	1
scaffold6	18360000	18370000	0
scaffold6	18370000	18380000	1
scaffold6	18380000	18390000	0
scaffold6	18390000	18400000	0
scaffold6	18400000	18410000	1
scaffold6	18410000	18420000	0
scaffold6	18420000	18430000	0
scaffold6	18430000	18440000	0
scaffold6	18440000	18450000	1
scaffold6	18450000	18460000	3
scaffold6	18460000	18470000	1
scaffold6	18470000	18480000	1
scaffold6	18480000	18490000	1
scaffold6	18490000	18500000	1
scaffold6	18500000	18510000	1
scaffold6	18510000	18520000	1
scaffold6	18520000	18530000	1
scaffold6	18530000	18540000	1
scaffold6	18540000	18550000	1
scaffold6	18550000	18560000	0
scaffold6	18560000	18570000	0
scaffold6	18570000	18580000	0
scaffold6	18580000	18590000	0
scaffold6	18590000	18600000	1
scaffold6	18600000	18610000	2
scaffold6	18610000	18620000	1
scaffold6	18620000	18630000	0
scaffold6	18630000	18640000	0
scaffold6	18640000	18650000	1
scaffold6	18650000	18660000	1
scaffold6	18660000	18670000	0
scaffold6	18670000	18680000	1
scaffold6	18680000	18690000	1
scaffold6	18690000	18700000	1
scaffold6	18700000	18710000	2
scaffold6	18710000	18720000	1
scaffold6	18720000	18730000	1
scaffold6	18730000	18740000	2
scaffold6	18740000	18750000	1
scaffold6	18750000	18760000	0
scaffold6	18760000	18770000	0
scaffold6	18770000	18780000	0
scaffold6	18780000	18790000	0
scaffold6	18790000	18800000	0
scaffold6	18800000	18810000	0
scaffold6	18810000	18820000	0
scaffold6	18820000	18830000	0
scaffold6	18830000	18840000	1
scaffold6	18840000	18850000	1
scaffold6	18850000	18860000	1
scaffold6	18860000	18870000	1
scaffold6	18870000	18880000	1
scaffold6	18880000	18890000	1
scaffold6	18890000	18900000	1
scaffold6	18900000	18910000	1
scaffold6	18910000	18920000	1
scaffold6	18920000	18930000	1
scaffold6	18930000	18940000	1
scaffold6	18940000	18950000	1
scaffold6	18950000	18960000	2
scaffold6	18960000	18970000	1
scaffold6	18970000	18980000	2
scaffold6	18980000	18990000	1
scaffold6	18990000	19000000	1
scaffold6	19000000	19010000	0
scaffold6	19010000	19020000	0
scaffold6	19020000	19030000	0
scaffold6	19030000	19040000	0
scaffold6	19040000	19050000	1
scaffold6	19050000	19060000	2
scaffold6	19060000	19070000	1
scaffold6	19070000	19080000	2
scaffold6	19080000	19090000	1
scaffold6	19090000	19100000	1
scaffold6	19100000	19110000	1
scaffold6	19110000	19120000	1
scaffold6	19120000	19130000	2
scaffold6	19130000	19140000	2
scaffold6	19140000	19150000	1
scaffold6	19150000	19160000	1
scaffold6	19160000	19170000	2
scaffold6	19170000	19180000	0
scaffold6	19180000	19190000	1
scaffold6	19190000	19200000	0
scaffold6	19200000	19210000	0
scaffold6	19210000	19220000	1
scaffold6	19220000	19230000	1
scaffold6	19230000	19240000	2
scaffold6	19240000	19250000	2
scaffold6	19250000	19260000	1
scaffold6	19260000	19270000	0
scaffold6	19270000	19280000	0
scaffold6	19280000	19290000	2
scaffold6	19290000	19300000	1
scaffold6	19300000	19310000	2
scaffold6	19310000	19320000	1
scaffold6	19320000	19330000	0
scaffold6	19330000	19340000	2
scaffold6	19340000	19350000	1
scaffold6	19350000	19360000	1
scaffold6	19360000	19370000	2
scaffold6	19370000	19380000	1
scaffold6	19380000	19390000	3
scaffold6	19390000	19400000	1
scaffold6	19400000	19410000	1
scaffold6	19410000	19420000	0
scaffold6	19420000	19430000	1
scaffold6	19430000	19440000	0
scaffold6	19440000	19450000	1
scaffold6	19450000	19460000	0
scaffold6	19460000	19470000	1
scaffold6	19470000	19480000	1
scaffold6	19480000	19490000	1
scaffold6	19490000	19500000	2
scaffold6	19500000	19510000	0
scaffold6	19510000	19520000	0
scaffold6	19520000	19530000	1
scaffold6	19530000	19540000	2
scaffold6	19540000	19550000	0
scaffold6	19550000	19560000	1
scaffold6	19560000	19570000	2
scaffold6	19570000	19580000	2
scaffold6	19580000	19590000	1
scaffold6	19590000	19600000	0
scaffold6	19600000	19610000	1
scaffold6	19610000	19620000	2
scaffold6	19620000	19630000	3
scaffold6	19630000	19640000	1
scaffold6	19640000	19650000	0
scaffold6	19650000	19660000	0
scaffold6	19660000	19670000	0
scaffold6	19670000	19680000	0
scaffold6	19680000	19690000	1
scaffold6	19690000	19700000	0
scaffold6	19700000	19710000	0
scaffold6	19710000	19720000	0
scaffold6	19720000	19730000	0
scaffold6	19730000	19740000	2
scaffold6	19740000	19750000	1
scaffold6	19750000	19760000	1
scaffold6	19760000	19770000	1
scaffold6	19770000	19780000	2
scaffold6	19780000	19790000	1
scaffold6	19790000	19800000	1
scaffold6	19800000	19810000	0
scaffold6	19810000	19820000	0
scaffold6	19820000	19830000	1
scaffold6	19830000	19840000	1
scaffold6	19840000	19850000	2
scaffold6	19850000	19860000	0
scaffold6	19860000	19870000	3
scaffold6	19870000	19880000	0
scaffold6	19880000	19890000	2
scaffold6	19890000	19900000	1
scaffold6	19900000	19910000	1
scaffold6	19910000	19920000	1
scaffold6	19920000	19930000	0
scaffold6	19930000	19940000	0
scaffold6	19940000	19950000	0
scaffold6	19950000	19960000	0
scaffold6	19960000	19970000	1
scaffold6	19970000	19980000	1
scaffold6	19980000	19990000	1
scaffold6	19990000	20000000	2
scaffold6	20000000	20010000	1
scaffold6	20010000	20020000	1
scaffold6	20020000	20030000	0
scaffold6	20030000	20040000	0
scaffold6	20040000	20050000	0
scaffold6	20050000	20060000	0
scaffold6	20060000	20070000	0
scaffold6	20070000	20080000	2
scaffold6	20080000	20090000	0
scaffold6	20090000	20100000	0
scaffold6	20100000	20110000	1
scaffold6	20110000	20120000	1
scaffold6	20120000	20130000	0
scaffold6	20130000	20140000	1
scaffold6	20140000	20150000	1
scaffold6	20150000	20160000	1
scaffold6	20160000	20170000	3
scaffold6	20170000	20180000	1
scaffold6	20180000	20190000	2
scaffold6	20190000	20200000	2
scaffold6	20200000	20210000	2
scaffold6	20210000	20220000	2
scaffold6	20220000	20230000	0
scaffold6	20230000	20240000	1
scaffold6	20240000	20250000	0
scaffold6	20250000	20260000	1
scaffold6	20260000	20270000	1
scaffold6	20270000	20280000	2
scaffold6	20280000	20290000	1
scaffold6	20290000	20300000	1
scaffold6	20300000	20310000	1
scaffold6	20310000	20320000	1
scaffold6	20320000	20330000	2
scaffold6	20330000	20340000	2
scaffold6	20340000	20350000	2
scaffold6	20350000	20360000	1
scaffold6	20360000	20370000	1
scaffold6	20370000	20380000	0
scaffold6	20380000	20390000	0
scaffold6	20390000	20400000	0
scaffold6	20400000	20410000	0
scaffold6	20410000	20420000	0
scaffold6	20420000	20430000	0
scaffold6	20430000	20440000	0
scaffold6	20440000	20450000	0
scaffold6	20450000	20460000	0
scaffold6	20460000	20470000	0
scaffold6	20470000	20480000	0
scaffold6	20480000	20490000	0
scaffold6	20490000	20500000	0
scaffold6	20500000	20510000	0
scaffold6	20510000	20520000	2
scaffold6	20520000	20530000	1
scaffold6	20530000	20540000	0
scaffold6	20540000	20550000	0
scaffold6	20550000	20560000	0
scaffold6	20560000	20570000	0
scaffold6	20570000	20580000	0
scaffold6	20580000	20590000	0
scaffold6	20590000	20600000	1
scaffold6	20600000	20610000	0
scaffold6	20610000	20620000	1
scaffold6	20620000	20630000	2
scaffold6	20630000	20640000	1
scaffold6	20640000	20650000	1
scaffold6	20650000	20660000	0
scaffold6	20660000	20670000	0
scaffold6	20670000	20680000	0
scaffold6	20680000	20690000	0
scaffold6	20690000	20700000	0
scaffold6	20700000	20710000	1
scaffold6	20710000	20720000	1
scaffold6	20720000	20730000	2
scaffold6	20730000	20740000	2
scaffold6	20740000	20750000	3
scaffold6	20750000	20760000	1
scaffold6	20760000	20770000	1
scaffold6	20770000	20780000	1
scaffold6	20780000	20790000	1
scaffold6	20790000	20800000	0
scaffold6	20800000	20810000	0
scaffold6	20810000	20820000	0
scaffold6	20820000	20830000	2
scaffold6	20830000	20840000	1
scaffold6	20840000	20850000	1
scaffold6	20850000	20860000	2
scaffold6	20860000	20870000	2
scaffold6	20870000	20880000	1
scaffold6	20880000	20890000	1
scaffold6	20890000	20900000	1
scaffold6	20900000	20910000	1
scaffold6	20910000	20920000	1
scaffold6	20920000	20930000	2
scaffold6	20930000	20940000	2
scaffold6	20940000	20950000	1
scaffold6	20950000	20960000	1
scaffold6	20960000	20970000	2
scaffold6	20970000	20980000	2
scaffold6	20980000	20990000	1
scaffold6	20990000	21000000	0
scaffold6	21000000	21010000	0
scaffold6	21010000	21020000	1
scaffold6	21020000	21030000	1
scaffold6	21030000	21040000	2
scaffold6	21040000	21050000	2
scaffold6	21050000	21060000	1
scaffold6	21060000	21070000	1
scaffold6	21070000	21080000	0
scaffold6	21080000	21090000	0
scaffold6	21090000	21100000	0
scaffold6	21100000	21110000	1
scaffold6	21110000	21120000	1
scaffold6	21120000	21130000	1
scaffold6	21130000	21140000	1
scaffold6	21140000	21150000	2
scaffold6	21150000	21160000	2
scaffold6	21160000	21170000	0
scaffold6	21170000	21180000	0
scaffold6	21180000	21190000	0
scaffold6	21190000	21200000	1
scaffold6	21200000	21210000	0
scaffold6	21210000	21220000	0
scaffold6	21220000	21230000	0
scaffold6	21230000	21240000	0
scaffold6	21240000	21250000	0
scaffold6	21250000	21260000	0
scaffold6	21260000	21270000	0
scaffold6	21270000	21280000	0
scaffold6	21280000	21290000	0
scaffold6	21290000	21300000	0
scaffold6	21300000	21310000	0
scaffold6	21310000	21320000	0
scaffold6	21320000	21330000	0
scaffold6	21330000	21340000	0
scaffold6	21340000	21350000	1
scaffold6	21350000	21360000	1
scaffold6	21360000	21370000	1
scaffold6	21370000	21380000	3
scaffold6	21380000	21390000	2
scaffold6	21390000	21400000	2
scaffold6	21400000	21410000	1
scaffold6	21410000	21420000	2
scaffold6	21420000	21430000	2
scaffold6	21430000	21440000	1
scaffold6	21440000	21450000	4
scaffold6	21450000	21460000	1
scaffold6	21460000	21470000	1
scaffold6	21470000	21480000	2
scaffold6	21480000	21490000	1
scaffold6	21490000	21500000	0
scaffold6	21500000	21510000	0
scaffold6	21510000	21520000	1
scaffold6	21520000	21530000	2
scaffold6	21530000	21540000	0
scaffold6	21540000	21550000	1
scaffold6	21550000	21560000	2
scaffold6	21560000	21570000	1
scaffold6	21570000	21580000	1
scaffold6	21580000	21590000	0
scaffold6	21590000	21600000	0
scaffold6	21600000	21610000	1
scaffold6	21610000	21620000	2
scaffold6	21620000	21630000	1
scaffold6	21630000	21640000	1
scaffold6	21640000	21650000	0
scaffold6	21650000	21660000	0
scaffold6	21660000	21670000	0
scaffold6	21670000	21680000	0
scaffold6	21680000	21690000	0
scaffold6	21690000	21700000	1
scaffold6	21700000	21710000	0
scaffold6	21710000	21720000	1
scaffold6	21720000	21730000	0
scaffold6	21730000	21740000	1
scaffold6	21740000	21750000	1
scaffold6	21750000	21760000	1
scaffold6	21760000	21770000	1
scaffold6	21770000	21780000	2
scaffold6	21780000	21790000	2
scaffold6	21790000	21800000	2
scaffold6	21800000	21810000	1
scaffold6	21810000	21820000	1
scaffold6	21820000	21830000	1
scaffold6	21830000	21840000	2
scaffold6	21840000	21850000	2
scaffold6	21850000	21860000	1
scaffold6	21860000	21870000	1
scaffold6	21870000	21880000	0
scaffold6	21880000	21890000	1
scaffold6	21890000	21900000	1
scaffold6	21900000	21910000	0
scaffold6	21910000	21920000	0
scaffold6	21920000	21930000	0
scaffold6	21930000	21940000	0
scaffold6	21940000	21950000	1
scaffold6	21950000	21960000	2
scaffold6	21960000	21970000	1
scaffold6	21970000	21980000	1
scaffold6	21980000	21990000	1
scaffold6	21990000	22000000	0
scaffold6	22000000	22010000	0
scaffold6	22010000	22020000	0
scaffold6	22020000	22030000	0
scaffold6	22030000	22040000	0
scaffold6	22040000	22050000	2
scaffold6	22050000	22060000	1
scaffold6	22060000	22070000	1
scaffold6	22070000	22080000	0
scaffold6	22080000	22090000	1
scaffold6	22090000	22100000	2
scaffold6	22100000	22110000	2
scaffold6	22110000	22120000	1
scaffold6	22120000	22130000	1
scaffold6	22130000	22140000	1
scaffold6	22140000	22150000	1
scaffold6	22150000	22160000	0
scaffold6	22160000	22170000	0
scaffold6	22170000	22180000	1
scaffold6	22180000	22190000	1
scaffold6	22190000	22200000	1
scaffold6	22200000	22210000	2
scaffold6	22210000	22220000	0
scaffold6	22220000	22230000	1
scaffold6	22230000	22240000	3
scaffold6	22240000	22250000	0
scaffold6	22250000	22260000	0
scaffold6	22260000	22270000	0
scaffold6	22270000	22280000	0
scaffold6	22280000	22290000	0
scaffold6	22290000	22300000	0
scaffold6	22300000	22310000	0
scaffold6	22310000	22320000	0
scaffold6	22320000	22330000	0
scaffold6	22330000	22340000	0
scaffold6	22340000	22350000	0
scaffold6	22350000	22360000	2
scaffold6	22360000	22370000	2
scaffold6	22370000	22380000	2
scaffold6	22380000	22390000	1
scaffold6	22390000	22400000	1
scaffold6	22400000	22410000	3
scaffold6	22410000	22420000	2
scaffold6	22420000	22430000	1
scaffold6	22430000	22440000	1
scaffold6	22440000	22450000	1
scaffold6	22450000	22460000	3
scaffold6	22460000	22470000	1
scaffold6	22470000	22480000	1
scaffold6	22480000	22490000	1
scaffold6	22490000	22500000	0
scaffold6	22500000	22510000	1
scaffold6	22510000	22520000	1
scaffold6	22520000	22530000	1
scaffold6	22530000	22540000	1
scaffold6	22540000	22550000	0
scaffold6	22550000	22560000	0
scaffold6	22560000	22570000	1
scaffold6	22570000	22580000	2
scaffold6	22580000	22590000	2
scaffold6	22590000	22600000	1
scaffold6	22600000	22610000	0
scaffold6	22610000	22620000	0
scaffold6	22620000	22630000	1
scaffold6	22630000	22640000	0
scaffold6	22640000	22650000	0
scaffold6	22650000	22660000	0
scaffold6	22660000	22670000	0
scaffold6	22670000	22680000	2
scaffold6	22680000	22690000	1
scaffold6	22690000	22700000	0
scaffold6	22700000	22710000	0
scaffold6	22710000	22720000	0
scaffold6	22720000	22730000	0
scaffold6	22730000	22740000	1
scaffold6	22740000	22750000	2
scaffold6	22750000	22760000	2
scaffold6	22760000	22770000	1
scaffold6	22770000	22780000	2
scaffold6	22780000	22790000	2
scaffold6	22790000	22800000	1
scaffold6	22800000	22810000	0
scaffold6	22810000	22820000	0
scaffold6	22820000	22830000	2
scaffold6	22830000	22840000	2
scaffold6	22840000	22850000	2
scaffold6	22850000	22860000	2
scaffold6	22860000	22870000	3
scaffold6	22870000	22880000	2
scaffold6	22880000	22890000	1
scaffold6	22890000	22900000	2
scaffold6	22900000	22910000	0
scaffold6	22910000	22920000	0
scaffold6	22920000	22930000	0
scaffold6	22930000	22940000	1
scaffold6	22940000	22950000	1
scaffold6	22950000	22960000	0
scaffold6	22960000	22970000	0
scaffold6	22970000	22980000	0
scaffold6	22980000	22990000	1
scaffold6	22990000	23000000	2
scaffold6	23000000	23010000	1
scaffold6	23010000	23020000	2
scaffold6	23020000	23030000	0
scaffold6	23030000	23040000	1
scaffold6	23040000	23050000	2
scaffold6	23050000	23060000	2
scaffold6	23060000	23070000	0
scaffold6	23070000	23080000	0
scaffold6	23080000	23090000	0
scaffold6	23090000	23100000	0
scaffold6	23100000	23110000	0
scaffold6	23110000	23120000	0
scaffold6	23120000	23130000	0
scaffold6	23130000	23140000	0
scaffold6	23140000	23150000	0
scaffold6	23150000	23160000	0
scaffold6	23160000	23170000	0
scaffold6	23170000	23180000	0
scaffold6	23180000	23190000	0
scaffold6	23190000	23200000	0
scaffold6	23200000	23210000	0
scaffold6	23210000	23220000	0
scaffold6	23220000	23230000	0
scaffold6	23230000	23240000	1
scaffold6	23240000	23250000	1
scaffold6	23250000	23260000	3
scaffold6	23260000	23270000	2
scaffold6	23270000	23280000	1
scaffold6	23280000	23290000	1
scaffold6	23290000	23300000	1
scaffold6	23300000	23310000	1
scaffold6	23310000	23320000	0
scaffold6	23320000	23330000	0
scaffold6	23330000	23340000	1
scaffold6	23340000	23350000	1
scaffold6	23350000	23360000	1
scaffold6	23360000	23370000	1
scaffold6	23370000	23380000	1
scaffold6	23380000	23390000	0
scaffold6	23390000	23400000	0
scaffold6	23400000	23410000	0
scaffold6	23410000	23420000	1
scaffold6	23420000	23430000	1
scaffold6	23430000	23440000	3
scaffold6	23440000	23450000	1
scaffold6	23450000	23460000	1
scaffold6	23460000	23470000	1
scaffold6	23470000	23480000	1
scaffold6	23480000	23490000	2
scaffold6	23490000	23500000	2
scaffold6	23500000	23510000	1
scaffold6	23510000	23520000	2
scaffold6	23520000	23530000	1
scaffold6	23530000	23540000	0
scaffold6	23540000	23550000	0
scaffold6	23550000	23560000	0
scaffold6	23560000	23570000	0
scaffold6	23570000	23580000	1
scaffold6	23580000	23590000	1
scaffold6	23590000	23600000	1
scaffold6	23600000	23610000	1
scaffold6	23610000	23620000	1
scaffold6	23620000	23630000	1
scaffold6	23630000	23640000	1
scaffold6	23640000	23650000	1
scaffold6	23650000	23660000	1
scaffold6	23660000	23670000	1
scaffold6	23670000	23680000	1
scaffold6	23680000	23690000	1
scaffold6	23690000	23700000	0
scaffold6	23700000	23710000	0
scaffold6	23710000	23720000	0
scaffold6	23720000	23730000	0
scaffold6	23730000	23740000	0
scaffold6	23740000	23750000	0
scaffold6	23750000	23760000	0
scaffold6	23760000	23770000	0
scaffold6	23770000	23780000	1
scaffold6	23780000	23790000	0
scaffold6	23790000	23800000	0
scaffold6	23800000	23810000	0
scaffold6	23810000	23820000	2
scaffold6	23820000	23830000	1
scaffold6	23830000	23840000	2
scaffold6	23840000	23850000	1
scaffold6	23850000	23860000	1
scaffold6	23860000	23870000	1
scaffold6	23870000	23880000	0
scaffold6	23880000	23890000	0
scaffold6	23890000	23900000	0
scaffold6	23900000	23910000	1
scaffold6	23910000	23920000	2
scaffold6	23920000	23930000	1
scaffold6	23930000	23940000	0
scaffold6	23940000	23950000	0
scaffold6	23950000	23960000	0
scaffold6	23960000	23970000	0
scaffold6	23970000	23980000	0
scaffold6	23980000	23990000	0
scaffold6	23990000	24000000	2
scaffold6	24000000	24010000	2
scaffold6	24010000	24020000	1
scaffold6	24020000	24030000	1
scaffold6	24030000	24040000	1
scaffold6	24040000	24050000	1
scaffold6	24050000	24060000	1
scaffold6	24060000	24070000	2
scaffold6	24070000	24080000	1
scaffold6	24080000	24090000	0
scaffold6	24090000	24100000	0
scaffold6	24100000	24110000	2
scaffold6	24110000	24120000	2
scaffold6	24120000	24130000	2
scaffold6	24130000	24140000	1
scaffold6	24140000	24150000	1
scaffold6	24150000	24160000	2
scaffold6	24160000	24170000	2
scaffold6	24170000	24180000	2
scaffold6	24180000	24190000	1
scaffold6	24190000	24200000	1
scaffold6	24200000	24210000	0
scaffold6	24210000	24220000	1
scaffold6	24220000	24230000	0
scaffold6	24230000	24240000	1
scaffold6	24240000	24250000	1
scaffold6	24250000	24260000	0
scaffold6	24260000	24270000	0
scaffold6	24270000	24280000	0
scaffold6	24280000	24290000	1
scaffold6	24290000	24300000	0
scaffold6	24300000	24310000	1
scaffold6	24310000	24320000	1
scaffold6	24320000	24330000	0
scaffold6	24330000	24340000	0
scaffold6	24340000	24350000	0
scaffold6	24350000	24360000	0
scaffold6	24360000	24370000	0
scaffold6	24370000	24380000	1
scaffold6	24380000	24390000	1
scaffold6	24390000	24400000	1
scaffold6	24400000	24410000	0
scaffold6	24410000	24420000	2
scaffold6	24420000	24430000	1
scaffold6	24430000	24440000	2
scaffold6	24440000	24450000	1
scaffold6	24450000	24460000	0
scaffold6	24460000	24470000	2
scaffold6	24470000	24480000	2
scaffold6	24480000	24490000	0
scaffold6	24490000	24500000	1
scaffold6	24500000	24510000	2
scaffold6	24510000	24520000	2
scaffold6	24520000	24530000	1
scaffold6	24530000	24540000	0
scaffold6	24540000	24550000	0
scaffold6	24550000	24560000	0
scaffold6	24560000	24570000	0
scaffold6	24570000	24580000	2
scaffold6	24580000	24590000	0
scaffold6	24590000	24600000	2
scaffold6	24600000	24610000	2
scaffold6	24610000	24620000	2
scaffold6	24620000	24630000	0
scaffold6	24630000	24640000	0
scaffold6	24640000	24650000	0
scaffold6	24650000	24660000	0
scaffold6	24660000	24670000	1
scaffold6	24670000	24680000	0
scaffold6	24680000	24690000	1
scaffold6	24690000	24700000	2
scaffold6	24700000	24710000	2
scaffold6	24710000	24720000	0
scaffold6	24720000	24730000	1
scaffold6	24730000	24740000	1
scaffold6	24740000	24750000	1
scaffold6	24750000	24760000	1
scaffold6	24760000	24770000	2
scaffold6	24770000	24780000	2
scaffold6	24780000	24790000	1
scaffold6	24790000	24800000	2
scaffold6	24800000	24810000	1
scaffold6	24810000	24820000	1
scaffold6	24820000	24830000	1
scaffold6	24830000	24840000	1
scaffold6	24840000	24850000	1
scaffold6	24850000	24860000	1
scaffold6	24860000	24870000	1
scaffold6	24870000	24880000	1
scaffold6	24880000	24890000	1
scaffold6	24890000	24900000	1
scaffold6	24900000	24910000	1
scaffold6	24910000	24920000	1
scaffold6	24920000	24930000	1
scaffold6	24930000	24940000	1
scaffold6	24940000	24950000	2
scaffold6	24950000	24960000	1
scaffold6	24960000	24970000	1
scaffold6	24970000	24980000	1
scaffold6	24980000	24990000	1
scaffold6	24990000	25000000	1
scaffold6	25000000	25010000	1
scaffold6	25010000	25020000	2
scaffold6	25020000	25030000	2
scaffold6	25030000	25040000	1
scaffold6	25040000	25050000	1
scaffold6	25050000	25060000	1
scaffold6	25060000	25070000	2
scaffold6	25070000	25080000	1
scaffold6	25080000	25090000	1
scaffold6	25090000	25100000	0
scaffold6	25100000	25110000	3
scaffold6	25110000	25120000	2
scaffold6	25120000	25130000	0
scaffold6	25130000	25140000	2
scaffold6	25140000	25150000	0
scaffold6	25150000	25160000	0
scaffold6	25160000	25170000	0
scaffold6	25170000	25180000	0
scaffold6	25180000	25190000	0
scaffold6	25190000	25200000	1
scaffold6	25200000	25210000	0
scaffold6	25210000	25220000	0
scaffold6	25220000	25230000	0
scaffold6	25230000	25240000	1
scaffold6	25240000	25250000	0
scaffold6	25250000	25260000	0
scaffold6	25260000	25270000	0
scaffold6	25270000	25280000	0
scaffold6	25280000	25290000	1
scaffold6	25290000	25300000	0
scaffold6	25300000	25310000	0
scaffold6	25310000	25320000	0
scaffold6	25320000	25330000	0
scaffold6	25330000	25340000	0
scaffold6	25340000	25350000	1
scaffold6	25350000	25360000	1
scaffold6	25360000	25370000	1
scaffold6	25370000	25380000	1
scaffold6	25380000	25390000	1
scaffold6	25390000	25400000	2
scaffold6	25400000	25410000	0
scaffold6	25410000	25420000	0
scaffold6	25420000	25430000	0
scaffold6	25430000	25440000	1
scaffold6	25440000	25450000	2
scaffold6	25450000	25460000	2
scaffold6	25460000	25470000	1
scaffold6	25470000	25480000	1
scaffold6	25480000	25490000	1
scaffold6	25490000	25500000	1
scaffold6	25500000	25510000	1
scaffold6	25510000	25520000	2
scaffold6	25520000	25530000	3
scaffold6	25530000	25540000	1
scaffold6	25540000	25550000	1
scaffold6	25550000	25560000	2
scaffold6	25560000	25570000	1
scaffold6	25570000	25580000	0
scaffold6	25580000	25590000	1
scaffold6	25590000	25600000	1
scaffold6	25600000	25610000	1
scaffold6	25610000	25620000	1
scaffold6	25620000	25630000	1
scaffold6	25630000	25640000	1
scaffold6	25640000	25650000	1
scaffold6	25650000	25660000	2
scaffold6	25660000	25670000	2
scaffold6	25670000	25680000	1
scaffold6	25680000	25690000	2
scaffold6	25690000	25700000	2
scaffold6	25700000	25710000	1
scaffold6	25710000	25720000	3
scaffold6	25720000	25730000	2
scaffold6	25730000	25740000	2
scaffold6	25740000	25750000	2
scaffold6	25750000	25760000	1
scaffold6	25760000	25770000	2
scaffold6	25770000	25780000	1
scaffold6	25780000	25790000	1
scaffold6	25790000	25800000	2
scaffold6	25800000	25810000	1
scaffold6	25810000	25820000	3
scaffold6	25820000	25830000	1
scaffold6	25830000	25840000	1
scaffold6	25840000	25850000	1
scaffold6	25850000	25860000	1
scaffold6	25860000	25870000	1
scaffold6	25870000	25880000	2
scaffold6	25880000	25890000	1
scaffold6	25890000	25900000	3
scaffold6	25900000	25910000	1
scaffold6	25910000	25920000	1
scaffold6	25920000	25930000	1
scaffold6	25930000	25940000	1
scaffold6	25940000	25950000	3
scaffold6	25950000	25960000	1
scaffold6	25960000	25970000	1
scaffold6	25970000	25980000	1
scaffold6	25980000	25990000	1
scaffold6	25990000	26000000	2
scaffold6	26000000	26010000	1
scaffold6	26010000	26020000	0
scaffold6	26020000	26030000	0
scaffold6	26030000	26040000	0
scaffold6	26040000	26050000	1
scaffold6	26050000	26060000	3
scaffold6	26060000	26070000	3
scaffold6	26070000	26080000	1
scaffold6	26080000	26090000	2
scaffold6	26090000	26100000	1
scaffold6	26100000	26110000	1
scaffold6	26110000	26120000	0
scaffold6	26120000	26130000	2
scaffold6	26130000	26140000	1
scaffold6	26140000	26150000	2
scaffold6	26150000	26160000	2
scaffold6	26160000	26170000	1
scaffold6	26170000	26180000	1
scaffold6	26180000	26190000	1
scaffold6	26190000	26200000	2
scaffold6	26200000	26210000	2
scaffold6	26210000	26220000	2
scaffold6	26220000	26230000	2
scaffold6	26230000	26240000	1
scaffold6	26240000	26250000	0
scaffold6	26250000	26260000	0
scaffold6	26260000	26270000	0
scaffold6	26270000	26280000	1
scaffold6	26280000	26290000	1
scaffold6	26290000	26300000	2
scaffold6	26300000	26310000	1
scaffold6	26310000	26320000	1
scaffold6	26320000	26330000	2
scaffold6	26330000	26340000	1
scaffold6	26340000	26350000	1
scaffold6	26350000	26360000	0
scaffold6	26360000	26370000	0
scaffold6	26370000	26380000	3
scaffold6	26380000	26390000	3
scaffold6	26390000	26400000	0
scaffold6	26400000	26404781	0
scaffold7	0	10000	0
scaffold7	10000	20000	1
scaffold7	20000	30000	3
scaffold7	30000	40000	1
scaffold7	40000	50000	1
scaffold7	50000	60000	1
scaffold7	60000	70000	2
scaffold7	70000	80000	1
scaffold7	80000	90000	0
scaffold7	90000	100000	1
scaffold7	100000	110000	1
scaffold7	110000	120000	1
scaffold7	120000	130000	0
scaffold7	130000	140000	0
scaffold7	140000	150000	0
scaffold7	150000	160000	0
scaffold7	160000	170000	0
scaffold7	170000	180000	0
scaffold7	180000	190000	2
scaffold7	190000	200000	1
scaffold7	200000	210000	2
scaffold7	210000	220000	4
scaffold7	220000	230000	0
scaffold7	230000	240000	0
scaffold7	240000	250000	1
scaffold7	250000	260000	0
scaffold7	260000	270000	0
scaffold7	270000	280000	0
scaffold7	280000	290000	0
scaffold7	290000	300000	1
scaffold7	300000	310000	3
scaffold7	310000	320000	2
scaffold7	320000	330000	2
scaffold7	330000	340000	2
scaffold7	340000	350000	1
scaffold7	350000	360000	2
scaffold7	360000	370000	1
scaffold7	370000	380000	0
scaffold7	380000	390000	0
scaffold7	390000	400000	0
scaffold7	400000	410000	0
scaffold7	410000	420000	1
scaffold7	420000	430000	1
scaffold7	430000	440000	0
scaffold7	440000	450000	0
scaffold7	450000	460000	1
scaffold7	460000	470000	2
scaffold7	470000	480000	1
scaffold7	480000	490000	1
scaffold7	490000	500000	0
scaffold7	500000	510000	1
scaffold7	510000	520000	0
scaffold7	520000	530000	0
scaffold7	530000	540000	0
scaffold7	540000	550000	1
scaffold7	550000	560000	2
scaffold7	560000	570000	0
scaffold7	570000	580000	0
scaffold7	580000	590000	1
scaffold7	590000	600000	2
scaffold7	600000	610000	1
scaffold7	610000	620000	1
scaffold7	620000	630000	2
scaffold7	630000	640000	1
scaffold7	640000	650000	1
scaffold7	650000	660000	2
scaffold7	660000	670000	3
scaffold7	670000	680000	1
scaffold7	680000	690000	1
scaffold7	690000	700000	1
scaffold7	700000	710000	2
scaffold7	710000	720000	1
scaffold7	720000	730000	2
scaffold7	730000	740000	2
scaffold7	740000	750000	2
scaffold7	750000	760000	2
scaffold7	760000	770000	1
scaffold7	770000	780000	0
scaffold7	780000	790000	0
scaffold7	790000	800000	1
scaffold7	800000	810000	2
scaffold7	810000	820000	1
scaffold7	820000	830000	1
scaffold7	830000	840000	2
scaffold7	840000	850000	2
scaffold7	850000	860000	2
scaffold7	860000	870000	1
scaffold7	870000	880000	0
scaffold7	880000	890000	0
scaffold7	890000	900000	0
scaffold7	900000	910000	0
scaffold7	910000	920000	0
scaffold7	920000	930000	1
scaffold7	930000	940000	2
scaffold7	940000	950000	2
scaffold7	950000	960000	2
scaffold7	960000	970000	1
scaffold7	970000	980000	2
scaffold7	980000	990000	2
scaffold7	990000	1000000	0
scaffold7	1000000	1010000	0
scaffold7	1010000	1020000	0
scaffold7	1020000	1030000	1
scaffold7	1030000	1040000	0
scaffold7	1040000	1050000	0
scaffold7	1050000	1060000	1
scaffold7	1060000	1070000	1
scaffold7	1070000	1080000	0
scaffold7	1080000	1090000	0
scaffold7	1090000	1100000	0
scaffold7	1100000	1110000	0
scaffold7	1110000	1120000	0
scaffold7	1120000	1130000	0
scaffold7	1130000	1140000	0
scaffold7	1140000	1150000	0
scaffold7	1150000	1160000	0
scaffold7	1160000	1170000	0
scaffold7	1170000	1180000	0
scaffold7	1180000	1190000	0
scaffold7	1190000	1200000	1
scaffold7	1200000	1210000	1
scaffold7	1210000	1220000	1
scaffold7	1220000	1230000	0
scaffold7	1230000	1240000	0
scaffold7	1240000	1250000	0
scaffold7	1250000	1260000	1
scaffold7	1260000	1270000	2
scaffold7	1270000	1280000	1
scaffold7	1280000	1290000	2
scaffold7	1290000	1300000	1
scaffold7	1300000	1310000	1
scaffold7	1310000	1320000	1
scaffold7	1320000	1330000	1
scaffold7	1330000	1340000	0
scaffold7	1340000	1350000	0
scaffold7	1350000	1360000	0
scaffold7	1360000	1370000	1
scaffold7	1370000	1380000	2
scaffold7	1380000	1390000	2
scaffold7	1390000	1400000	0
scaffold7	1400000	1410000	0
scaffold7	1410000	1420000	0
scaffold7	1420000	1430000	0
scaffold7	1430000	1440000	0
scaffold7	1440000	1450000	0
scaffold7	1450000	1460000	0
scaffold7	1460000	1470000	0
scaffold7	1470000	1480000	0
scaffold7	1480000	1490000	0
scaffold7	1490000	1500000	0
scaffold7	1500000	1510000	2
scaffold7	1510000	1520000	1
scaffold7	1520000	1530000	0
scaffold7	1530000	1540000	0
scaffold7	1540000	1550000	0
scaffold7	1550000	1560000	1
scaffold7	1560000	1570000	0
scaffold7	1570000	1580000	0
scaffold7	1580000	1590000	0
scaffold7	1590000	1600000	1
scaffold7	1600000	1610000	0
scaffold7	1610000	1620000	0
scaffold7	1620000	1630000	0
scaffold7	1630000	1640000	0
scaffold7	1640000	1650000	0
scaffold7	1650000	1660000	0
scaffold7	1660000	1670000	0
scaffold7	1670000	1680000	1
scaffold7	1680000	1690000	0
scaffold7	1690000	1700000	0
scaffold7	1700000	1710000	0
scaffold7	1710000	1720000	0
scaffold7	1720000	1730000	1
scaffold7	1730000	1740000	2
scaffold7	1740000	1750000	1
scaffold7	1750000	1760000	1
scaffold7	1760000	1770000	2
scaffold7	1770000	1780000	0
scaffold7	1780000	1790000	0
scaffold7	1790000	1800000	2
scaffold7	1800000	1810000	1
scaffold7	1810000	1820000	1
scaffold7	1820000	1830000	1
scaffold7	1830000	1840000	1
scaffold7	1840000	1850000	1
scaffold7	1850000	1860000	1
scaffold7	1860000	1870000	1
scaffold7	1870000	1880000	0
scaffold7	1880000	1890000	0
scaffold7	1890000	1900000	0
scaffold7	1900000	1910000	0
scaffold7	1910000	1920000	1
scaffold7	1920000	1930000	0
scaffold7	1930000	1940000	0
scaffold7	1940000	1950000	1
scaffold7	1950000	1960000	1
scaffold7	1960000	1970000	2
scaffold7	1970000	1980000	1
scaffold7	1980000	1990000	0
scaffold7	1990000	2000000	0
scaffold7	2000000	2010000	0
scaffold7	2010000	2020000	0
scaffold7	2020000	2030000	1
scaffold7	2030000	2040000	1
scaffold7	2040000	2050000	2
scaffold7	2050000	2060000	1
scaffold7	2060000	2070000	1
scaffold7	2070000	2080000	1
scaffold7	2080000	2090000	1
scaffold7	2090000	2100000	1
scaffold7	2100000	2110000	1
scaffold7	2110000	2120000	3
scaffold7	2120000	2130000	1
scaffold7	2130000	2140000	1
scaffold7	2140000	2150000	0
scaffold7	2150000	2160000	1
scaffold7	2160000	2170000	3
scaffold7	2170000	2180000	2
scaffold7	2180000	2190000	1
scaffold7	2190000	2200000	1
scaffold7	2200000	2210000	2
scaffold7	2210000	2220000	2
scaffold7	2220000	2230000	1
scaffold7	2230000	2240000	1
scaffold7	2240000	2250000	1
scaffold7	2250000	2260000	0
scaffold7	2260000	2270000	0
scaffold7	2270000	2280000	3
scaffold7	2280000	2290000	1
scaffold7	2290000	2300000	1
scaffold7	2300000	2310000	1
scaffold7	2310000	2320000	1
scaffold7	2320000	2330000	2
scaffold7	2330000	2340000	2
scaffold7	2340000	2350000	1
scaffold7	2350000	2360000	1
scaffold7	2360000	2370000	2
scaffold7	2370000	2380000	1
scaffold7	2380000	2390000	0
scaffold7	2390000	2400000	0
scaffold7	2400000	2410000	0
scaffold7	2410000	2420000	0
scaffold7	2420000	2430000	0
scaffold7	2430000	2440000	1
scaffold7	2440000	2450000	1
scaffold7	2450000	2460000	0
scaffold7	2460000	2470000	0
scaffold7	2470000	2480000	0
scaffold7	2480000	2490000	0
scaffold7	2490000	2500000	1
scaffold7	2500000	2510000	1
scaffold7	2510000	2520000	0
scaffold7	2520000	2530000	0
scaffold7	2530000	2540000	0
scaffold7	2540000	2550000	0
scaffold7	2550000	2560000	1
scaffold7	2560000	2570000	1
scaffold7	2570000	2580000	0
scaffold7	2580000	2590000	0
scaffold7	2590000	2600000	0
scaffold7	2600000	2610000	0
scaffold7	2610000	2620000	0
scaffold7	2620000	2630000	1
scaffold7	2630000	2640000	1
scaffold7	2640000	2650000	2
scaffold7	2650000	2660000	1
scaffold7	2660000	2670000	1
scaffold7	2670000	2680000	0
scaffold7	2680000	2690000	0
scaffold7	2690000	2700000	2
scaffold7	2700000	2710000	2
scaffold7	2710000	2720000	1
scaffold7	2720000	2730000	1
scaffold7	2730000	2740000	1
scaffold7	2740000	2750000	1
scaffold7	2750000	2760000	3
scaffold7	2760000	2770000	2
scaffold7	2770000	2780000	1
scaffold7	2780000	2790000	1
scaffold7	2790000	2800000	0
scaffold7	2800000	2810000	0
scaffold7	2810000	2820000	0
scaffold7	2820000	2830000	0
scaffold7	2830000	2840000	1
scaffold7	2840000	2850000	0
scaffold7	2850000	2860000	0
scaffold7	2860000	2870000	1
scaffold7	2870000	2880000	2
scaffold7	2880000	2890000	1
scaffold7	2890000	2900000	1
scaffold7	2900000	2910000	1
scaffold7	2910000	2920000	1
scaffold7	2920000	2930000	0
scaffold7	2930000	2940000	1
scaffold7	2940000	2950000	2
scaffold7	2950000	2960000	0
scaffold7	2960000	2970000	0
scaffold7	2970000	2980000	0
scaffold7	2980000	2990000	0
scaffold7	2990000	3000000	0
scaffold7	3000000	3010000	0
scaffold7	3010000	3020000	1
scaffold7	3020000	3030000	1
scaffold7	3030000	3040000	1
scaffold7	3040000	3050000	0
scaffold7	3050000	3060000	0
scaffold7	3060000	3070000	0
scaffold7	3070000	3080000	0
scaffold7	3080000	3090000	1
scaffold7	3090000	3100000	1
scaffold7	3100000	3110000	2
scaffold7	3110000	3120000	1
scaffold7	3120000	3130000	1
scaffold7	3130000	3140000	2
scaffold7	3140000	3150000	1
scaffold7	3150000	3160000	2
scaffold7	3160000	3170000	1
scaffold7	3170000	3180000	2
scaffold7	3180000	3190000	2
scaffold7	3190000	3200000	2
scaffold7	3200000	3210000	1
scaffold7	3210000	3220000	2
scaffold7	3220000	3230000	2
scaffold7	3230000	3240000	1
scaffold7	3240000	3250000	1
scaffold7	3250000	3260000	2
scaffold7	3260000	3270000	1
scaffold7	3270000	3280000	0
scaffold7	3280000	3290000	1
scaffold7	3290000	3300000	1
scaffold7	3300000	3310000	0
scaffold7	3310000	3320000	0
scaffold7	3320000	3330000	0
scaffold7	3330000	3340000	2
scaffold7	3340000	3350000	3
scaffold7	3350000	3360000	2
scaffold7	3360000	3370000	1
scaffold7	3370000	3380000	1
scaffold7	3380000	3390000	1
scaffold7	3390000	3400000	0
scaffold7	3400000	3410000	1
scaffold7	3410000	3420000	2
scaffold7	3420000	3430000	1
scaffold7	3430000	3440000	1
scaffold7	3440000	3450000	1
scaffold7	3450000	3460000	1
scaffold7	3460000	3470000	1
scaffold7	3470000	3480000	0
scaffold7	3480000	3490000	0
scaffold7	3490000	3500000	1
scaffold7	3500000	3510000	1
scaffold7	3510000	3520000	0
scaffold7	3520000	3530000	0
scaffold7	3530000	3540000	0
scaffold7	3540000	3550000	1
scaffold7	3550000	3560000	2
scaffold7	3560000	3570000	1
scaffold7	3570000	3580000	0
scaffold7	3580000	3590000	1
scaffold7	3590000	3600000	1
scaffold7	3600000	3610000	0
scaffold7	3610000	3620000	0
scaffold7	3620000	3630000	2
scaffold7	3630000	3640000	2
scaffold7	3640000	3650000	1
scaffold7	3650000	3660000	3
scaffold7	3660000	3670000	1
scaffold7	3670000	3680000	0
scaffold7	3680000	3690000	0
scaffold7	3690000	3700000	0
scaffold7	3700000	3710000	0
scaffold7	3710000	3720000	0
scaffold7	3720000	3730000	0
scaffold7	3730000	3740000	1
scaffold7	3740000	3750000	0
scaffold7	3750000	3760000	0
scaffold7	3760000	3770000	0
scaffold7	3770000	3780000	0
scaffold7	3780000	3790000	0
scaffold7	3790000	3800000	1
scaffold7	3800000	3810000	0
scaffold7	3810000	3820000	0
scaffold7	3820000	3830000	0
scaffold7	3830000	3840000	0
scaffold7	3840000	3850000	1
scaffold7	3850000	3860000	1
scaffold7	3860000	3870000	1
scaffold7	3870000	3880000	0
scaffold7	3880000	3890000	0
scaffold7	3890000	3900000	1
scaffold7	3900000	3910000	0
scaffold7	3910000	3920000	0
scaffold7	3920000	3930000	0
scaffold7	3930000	3940000	1
scaffold7	3940000	3950000	1
scaffold7	3950000	3960000	1
scaffold7	3960000	3970000	0
scaffold7	3970000	3980000	0
scaffold7	3980000	3990000	0
scaffold7	3990000	4000000	0
scaffold7	4000000	4010000	1
scaffold7	4010000	4020000	1
scaffold7	4020000	4030000	1
scaffold7	4030000	4040000	1
scaffold7	4040000	4050000	1
scaffold7	4050000	4060000	1
scaffold7	4060000	4070000	1
scaffold7	4070000	4080000	1
scaffold7	4080000	4090000	2
scaffold7	4090000	4100000	1
scaffold7	4100000	4110000	1
scaffold7	4110000	4120000	1
scaffold7	4120000	4130000	0
scaffold7	4130000	4140000	0
scaffold7	4140000	4150000	0
scaffold7	4150000	4160000	2
scaffold7	4160000	4170000	1
scaffold7	4170000	4180000	1
scaffold7	4180000	4190000	1
scaffold7	4190000	4200000	1
scaffold7	4200000	4210000	1
scaffold7	4210000	4220000	0
scaffold7	4220000	4230000	0
scaffold7	4230000	4240000	0
scaffold7	4240000	4250000	0
scaffold7	4250000	4260000	0
scaffold7	4260000	4270000	1
scaffold7	4270000	4280000	1
scaffold7	4280000	4290000	0
scaffold7	4290000	4300000	1
scaffold7	4300000	4310000	0
scaffold7	4310000	4320000	0
scaffold7	4320000	4330000	0
scaffold7	4330000	4340000	0
scaffold7	4340000	4350000	1
scaffold7	4350000	4360000	1
scaffold7	4360000	4370000	2
scaffold7	4370000	4380000	1
scaffold7	4380000	4390000	1
scaffold7	4390000	4400000	2
scaffold7	4400000	4410000	1
scaffold7	4410000	4420000	1
scaffold7	4420000	4430000	3
scaffold7	4430000	4440000	1
scaffold7	4440000	4450000	0
scaffold7	4450000	4460000	3
scaffold7	4460000	4470000	1
scaffold7	4470000	4480000	0
scaffold7	4480000	4490000	0
scaffold7	4490000	4500000	0
scaffold7	4500000	4510000	2
scaffold7	4510000	4520000	1
scaffold7	4520000	4530000	0
scaffold7	4530000	4540000	0
scaffold7	4540000	4550000	1
scaffold7	4550000	4560000	1
scaffold7	4560000	4570000	0
scaffold7	4570000	4580000	0
scaffold7	4580000	4590000	1
scaffold7	4590000	4600000	0
scaffold7	4600000	4610000	0
scaffold7	4610000	4620000	0
scaffold7	4620000	4630000	1
scaffold7	4630000	4640000	1
scaffold7	4640000	4650000	3
scaffold7	4650000	4660000	1
scaffold7	4660000	4670000	1
scaffold7	4670000	4680000	2
scaffold7	4680000	4690000	1
scaffold7	4690000	4700000	2
scaffold7	4700000	4710000	1
scaffold7	4710000	4720000	0
scaffold7	4720000	4730000	0
scaffold7	4730000	4740000	1
scaffold7	4740000	4750000	0
scaffold7	4750000	4760000	0
scaffold7	4760000	4770000	0
scaffold7	4770000	4780000	1
scaffold7	4780000	4790000	0
scaffold7	4790000	4800000	0
scaffold7	4800000	4810000	1
scaffold7	4810000	4820000	1
scaffold7	4820000	4830000	2
scaffold7	4830000	4840000	1
scaffold7	4840000	4850000	1
scaffold7	4850000	4860000	1
scaffold7	4860000	4870000	0
scaffold7	4870000	4880000	0
scaffold7	4880000	4890000	0
scaffold7	4890000	4900000	0
scaffold7	4900000	4910000	1
scaffold7	4910000	4920000	1
scaffold7	4920000	4930000	0
scaffold7	4930000	4940000	1
scaffold7	4940000	4950000	1
scaffold7	4950000	4960000	1
scaffold7	4960000	4970000	0
scaffold7	4970000	4980000	0
scaffold7	4980000	4990000	0
scaffold7	4990000	5000000	0
scaffold7	5000000	5010000	1
scaffold7	5010000	5020000	1
scaffold7	5020000	5030000	2
scaffold7	5030000	5040000	2
scaffold7	5040000	5050000	1
scaffold7	5050000	5060000	1
scaffold7	5060000	5070000	1
scaffold7	5070000	5080000	2
scaffold7	5080000	5090000	1
scaffold7	5090000	5100000	1
scaffold7	5100000	5110000	0
scaffold7	5110000	5120000	1
scaffold7	5120000	5130000	1
scaffold7	5130000	5140000	0
scaffold7	5140000	5150000	0
scaffold7	5150000	5160000	0
scaffold7	5160000	5170000	0
scaffold7	5170000	5180000	0
scaffold7	5180000	5190000	1
scaffold7	5190000	5200000	2
scaffold7	5200000	5210000	1
scaffold7	5210000	5220000	1
scaffold7	5220000	5230000	1
scaffold7	5230000	5240000	2
scaffold7	5240000	5250000	0
scaffold7	5250000	5260000	0
scaffold7	5260000	5270000	0
scaffold7	5270000	5280000	1
scaffold7	5280000	5290000	2
scaffold7	5290000	5300000	1
scaffold7	5300000	5310000	0
scaffold7	5310000	5320000	0
scaffold7	5320000	5330000	2
scaffold7	5330000	5340000	2
scaffold7	5340000	5350000	2
scaffold7	5350000	5360000	0
scaffold7	5360000	5370000	0
scaffold7	5370000	5380000	0
scaffold7	5380000	5390000	0
scaffold7	5390000	5400000	0
scaffold7	5400000	5410000	0
scaffold7	5410000	5420000	0
scaffold7	5420000	5430000	2
scaffold7	5430000	5440000	1
scaffold7	5440000	5450000	1
scaffold7	5450000	5460000	1
scaffold7	5460000	5470000	2
scaffold7	5470000	5480000	4
scaffold7	5480000	5490000	1
scaffold7	5490000	5500000	0
scaffold7	5500000	5510000	0
scaffold7	5510000	5520000	0
scaffold7	5520000	5530000	0
scaffold7	5530000	5540000	0
scaffold7	5540000	5550000	0
scaffold7	5550000	5560000	0
scaffold7	5560000	5570000	0
scaffold7	5570000	5580000	0
scaffold7	5580000	5590000	0
scaffold7	5590000	5600000	0
scaffold7	5600000	5610000	0
scaffold7	5610000	5620000	0
scaffold7	5620000	5630000	0
scaffold7	5630000	5640000	0
scaffold7	5640000	5650000	2
scaffold7	5650000	5660000	0
scaffold7	5660000	5670000	1
scaffold7	5670000	5680000	1
scaffold7	5680000	5690000	1
scaffold7	5690000	5700000	2
scaffold7	5700000	5710000	2
scaffold7	5710000	5720000	2
scaffold7	5720000	5730000	1
scaffold7	5730000	5740000	0
scaffold7	5740000	5750000	0
scaffold7	5750000	5760000	0
scaffold7	5760000	5770000	0
scaffold7	5770000	5780000	0
scaffold7	5780000	5790000	0
scaffold7	5790000	5800000	0
scaffold7	5800000	5810000	0
scaffold7	5810000	5820000	0
scaffold7	5820000	5830000	0
scaffold7	5830000	5840000	1
scaffold7	5840000	5850000	1
scaffold7	5850000	5860000	1
scaffold7	5860000	5870000	1
scaffold7	5870000	5880000	1
scaffold7	5880000	5890000	1
scaffold7	5890000	5900000	1
scaffold7	5900000	5910000	1
scaffold7	5910000	5920000	0
scaffold7	5920000	5930000	0
scaffold7	5930000	5940000	0
scaffold7	5940000	5950000	0
scaffold7	5950000	5960000	0
scaffold7	5960000	5970000	0
scaffold7	5970000	5980000	0
scaffold7	5980000	5990000	1
scaffold7	5990000	6000000	1
scaffold7	6000000	6010000	1
scaffold7	6010000	6020000	1
scaffold7	6020000	6030000	0
scaffold7	6030000	6040000	0
scaffold7	6040000	6050000	0
scaffold7	6050000	6060000	0
scaffold7	6060000	6070000	1
scaffold7	6070000	6080000	1
scaffold7	6080000	6090000	1
scaffold7	6090000	6100000	1
scaffold7	6100000	6110000	1
scaffold7	6110000	6120000	1
scaffold7	6120000	6130000	1
scaffold7	6130000	6140000	1
scaffold7	6140000	6150000	0
scaffold7	6150000	6160000	0
scaffold7	6160000	6170000	0
scaffold7	6170000	6180000	0
scaffold7	6180000	6190000	0
scaffold7	6190000	6200000	0
scaffold7	6200000	6210000	0
scaffold7	6210000	6220000	1
scaffold7	6220000	6230000	0
scaffold7	6230000	6240000	0
scaffold7	6240000	6250000	0
scaffold7	6250000	6260000	1
scaffold7	6260000	6270000	1
scaffold7	6270000	6280000	0
scaffold7	6280000	6290000	2
scaffold7	6290000	6300000	0
scaffold7	6300000	6310000	1
scaffold7	6310000	6320000	2
scaffold7	6320000	6330000	0
scaffold7	6330000	6340000	0
scaffold7	6340000	6350000	0
scaffold7	6350000	6360000	0
scaffold7	6360000	6370000	2
scaffold7	6370000	6380000	2
scaffold7	6380000	6390000	2
scaffold7	6390000	6400000	1
scaffold7	6400000	6410000	2
scaffold7	6410000	6420000	2
scaffold7	6420000	6430000	1
scaffold7	6430000	6440000	2
scaffold7	6440000	6450000	1
scaffold7	6450000	6460000	1
scaffold7	6460000	6470000	1
scaffold7	6470000	6480000	2
scaffold7	6480000	6490000	0
scaffold7	6490000	6500000	2
scaffold7	6500000	6510000	1
scaffold7	6510000	6520000	1
scaffold7	6520000	6530000	1
scaffold7	6530000	6540000	2
scaffold7	6540000	6550000	1
scaffold7	6550000	6560000	1
scaffold7	6560000	6570000	0
scaffold7	6570000	6580000	2
scaffold7	6580000	6590000	1
scaffold7	6590000	6600000	0
scaffold7	6600000	6610000	1
scaffold7	6610000	6620000	1
scaffold7	6620000	6630000	0
scaffold7	6630000	6640000	1
scaffold7	6640000	6650000	2
scaffold7	6650000	6660000	2
scaffold7	6660000	6670000	1
scaffold7	6670000	6680000	1
scaffold7	6680000	6690000	1
scaffold7	6690000	6700000	1
scaffold7	6700000	6710000	1
scaffold7	6710000	6720000	1
scaffold7	6720000	6730000	1
scaffold7	6730000	6740000	1
scaffold7	6740000	6750000	2
scaffold7	6750000	6760000	1
scaffold7	6760000	6770000	1
scaffold7	6770000	6780000	1
scaffold7	6780000	6790000	0
scaffold7	6790000	6800000	0
scaffold7	6800000	6810000	1
scaffold7	6810000	6820000	1
scaffold7	6820000	6830000	2
scaffold7	6830000	6840000	1
scaffold7	6840000	6850000	0
scaffold7	6850000	6860000	0
scaffold7	6860000	6870000	0
scaffold7	6870000	6880000	0
scaffold7	6880000	6890000	0
scaffold7	6890000	6900000	0
scaffold7	6900000	6910000	1
scaffold7	6910000	6920000	0
scaffold7	6920000	6930000	0
scaffold7	6930000	6940000	2
scaffold7	6940000	6950000	0
scaffold7	6950000	6960000	0
scaffold7	6960000	6970000	0
scaffold7	6970000	6980000	0
scaffold7	6980000	6990000	0
scaffold7	6990000	7000000	0
scaffold7	7000000	7010000	0
scaffold7	7010000	7020000	1
scaffold7	7020000	7030000	2
scaffold7	7030000	7040000	0
scaffold7	7040000	7050000	0
scaffold7	7050000	7060000	1
scaffold7	7060000	7070000	1
scaffold7	7070000	7080000	1
scaffold7	7080000	7090000	0
scaffold7	7090000	7100000	1
scaffold7	7100000	7110000	1
scaffold7	7110000	7120000	2
scaffold7	7120000	7130000	2
scaffold7	7130000	7140000	1
scaffold7	7140000	7150000	0
scaffold7	7150000	7160000	2
scaffold7	7160000	7170000	2
scaffold7	7170000	7180000	1
scaffold7	7180000	7190000	1
scaffold7	7190000	7200000	1
scaffold7	7200000	7210000	1
scaffold7	7210000	7220000	1
scaffold7	7220000	7230000	1
scaffold7	7230000	7240000	2
scaffold7	7240000	7250000	2
scaffold7	7250000	7260000	1
scaffold7	7260000	7270000	1
scaffold7	7270000	7280000	1
scaffold7	7280000	7290000	0
scaffold7	7290000	7300000	0
scaffold7	7300000	7310000	1
scaffold7	7310000	7320000	0
scaffold7	7320000	7330000	0
scaffold7	7330000	7340000	1
scaffold7	7340000	7350000	2
scaffold7	7350000	7360000	1
scaffold7	7360000	7370000	1
scaffold7	7370000	7380000	1
scaffold7	7380000	7390000	1
scaffold7	7390000	7400000	3
scaffold7	7400000	7410000	1
scaffold7	7410000	7420000	1
scaffold7	7420000	7430000	0
scaffold7	7430000	7440000	0
scaffold7	7440000	7450000	0
scaffold7	7450000	7460000	0
scaffold7	7460000	7470000	4
scaffold7	7470000	7480000	6
scaffold7	7480000	7490000	4
scaffold7	7490000	7500000	3
scaffold7	7500000	7510000	0
scaffold7	7510000	7520000	3
scaffold7	7520000	7530000	0
scaffold7	7530000	7540000	0
scaffold7	7540000	7550000	0
scaffold7	7550000	7560000	0
scaffold7	7560000	7570000	2
scaffold7	7570000	7580000	0
scaffold7	7580000	7590000	0
scaffold7	7590000	7600000	0
scaffold7	7600000	7610000	0
scaffold7	7610000	7620000	2
scaffold7	7620000	7630000	2
scaffold7	7630000	7640000	0
scaffold7	7640000	7650000	0
scaffold7	7650000	7660000	0
scaffold7	7660000	7670000	1
scaffold7	7670000	7680000	2
scaffold7	7680000	7690000	1
scaffold7	7690000	7700000	2
scaffold7	7700000	7710000	2
scaffold7	7710000	7720000	2
scaffold7	7720000	7730000	1
scaffold7	7730000	7740000	1
scaffold7	7740000	7750000	1
scaffold7	7750000	7760000	1
scaffold7	7760000	7770000	0
scaffold7	7770000	7780000	0
scaffold7	7780000	7790000	0
scaffold7	7790000	7800000	1
scaffold7	7800000	7810000	1
scaffold7	7810000	7820000	0
scaffold7	7820000	7830000	0
scaffold7	7830000	7840000	1
scaffold7	7840000	7850000	1
scaffold7	7850000	7860000	2
scaffold7	7860000	7870000	2
scaffold7	7870000	7880000	1
scaffold7	7880000	7890000	0
scaffold7	7890000	7900000	0
scaffold7	7900000	7910000	2
scaffold7	7910000	7920000	0
scaffold7	7920000	7930000	1
scaffold7	7930000	7940000	1
scaffold7	7940000	7950000	2
scaffold7	7950000	7960000	2
scaffold7	7960000	7970000	1
scaffold7	7970000	7980000	3
scaffold7	7980000	7990000	1
scaffold7	7990000	8000000	1
scaffold7	8000000	8010000	1
scaffold7	8010000	8020000	1
scaffold7	8020000	8030000	1
scaffold7	8030000	8040000	0
scaffold7	8040000	8050000	1
scaffold7	8050000	8060000	2
scaffold7	8060000	8070000	1
scaffold7	8070000	8080000	1
scaffold7	8080000	8090000	1
scaffold7	8090000	8100000	1
scaffold7	8100000	8110000	0
scaffold7	8110000	8120000	1
scaffold7	8120000	8130000	2
scaffold7	8130000	8140000	3
scaffold7	8140000	8150000	1
scaffold7	8150000	8160000	2
scaffold7	8160000	8170000	3
scaffold7	8170000	8180000	2
scaffold7	8180000	8190000	2
scaffold7	8190000	8200000	2
scaffold7	8200000	8210000	1
scaffold7	8210000	8220000	0
scaffold7	8220000	8230000	0
scaffold7	8230000	8240000	0
scaffold7	8240000	8250000	0
scaffold7	8250000	8260000	0
scaffold7	8260000	8270000	1
scaffold7	8270000	8280000	0
scaffold7	8280000	8290000	1
scaffold7	8290000	8300000	1
scaffold7	8300000	8310000	0
scaffold7	8310000	8320000	1
scaffold7	8320000	8330000	2
scaffold7	8330000	8340000	1
scaffold7	8340000	8350000	1
scaffold7	8350000	8360000	1
scaffold7	8360000	8370000	1
scaffold7	8370000	8380000	0
scaffold7	8380000	8390000	0
scaffold7	8390000	8400000	0
scaffold7	8400000	8410000	2
scaffold7	8410000	8420000	1
scaffold7	8420000	8430000	0
scaffold7	8430000	8440000	1
scaffold7	8440000	8450000	1
scaffold7	8450000	8460000	0
scaffold7	8460000	8470000	0
scaffold7	8470000	8480000	0
scaffold7	8480000	8490000	1
scaffold7	8490000	8500000	0
scaffold7	8500000	8510000	0
scaffold7	8510000	8520000	2
scaffold7	8520000	8530000	1
scaffold7	8530000	8540000	2
scaffold7	8540000	8550000	1
scaffold7	8550000	8560000	1
scaffold7	8560000	8570000	2
scaffold7	8570000	8580000	0
scaffold7	8580000	8590000	0
scaffold7	8590000	8600000	1
scaffold7	8600000	8610000	0
scaffold7	8610000	8620000	0
scaffold7	8620000	8630000	1
scaffold7	8630000	8640000	1
scaffold7	8640000	8650000	0
scaffold7	8650000	8660000	2
scaffold7	8660000	8670000	2
scaffold7	8670000	8680000	2
scaffold7	8680000	8690000	1
scaffold7	8690000	8700000	1
scaffold7	8700000	8710000	1
scaffold7	8710000	8720000	2
scaffold7	8720000	8730000	3
scaffold7	8730000	8740000	2
scaffold7	8740000	8750000	0
scaffold7	8750000	8760000	0
scaffold7	8760000	8770000	0
scaffold7	8770000	8780000	1
scaffold7	8780000	8790000	2
scaffold7	8790000	8800000	1
scaffold7	8800000	8810000	1
scaffold7	8810000	8820000	1
scaffold7	8820000	8830000	3
scaffold7	8830000	8840000	1
scaffold7	8840000	8850000	0
scaffold7	8850000	8860000	0
scaffold7	8860000	8870000	0
scaffold7	8870000	8880000	0
scaffold7	8880000	8890000	0
scaffold7	8890000	8900000	0
scaffold7	8900000	8910000	0
scaffold7	8910000	8920000	0
scaffold7	8920000	8930000	0
scaffold7	8930000	8940000	0
scaffold7	8940000	8950000	0
scaffold7	8950000	8960000	0
scaffold7	8960000	8970000	0
scaffold7	8970000	8980000	0
scaffold7	8980000	8990000	0
scaffold7	8990000	9000000	0
scaffold7	9000000	9010000	1
scaffold7	9010000	9020000	1
scaffold7	9020000	9030000	0
scaffold7	9030000	9040000	1
scaffold7	9040000	9050000	1
scaffold7	9050000	9060000	0
scaffold7	9060000	9070000	1
scaffold7	9070000	9080000	1
scaffold7	9080000	9090000	0
scaffold7	9090000	9100000	0
scaffold7	9100000	9110000	0
scaffold7	9110000	9120000	0
scaffold7	9120000	9130000	0
scaffold7	9130000	9140000	0
scaffold7	9140000	9150000	0
scaffold7	9150000	9160000	0
scaffold7	9160000	9170000	0
scaffold7	9170000	9180000	0
scaffold7	9180000	9190000	0
scaffold7	9190000	9200000	0
scaffold7	9200000	9210000	0
scaffold7	9210000	9220000	0
scaffold7	9220000	9230000	0
scaffold7	9230000	9240000	1
scaffold7	9240000	9250000	1
scaffold7	9250000	9260000	1
scaffold7	9260000	9270000	2
scaffold7	9270000	9280000	1
scaffold7	9280000	9290000	0
scaffold7	9290000	9300000	0
scaffold7	9300000	9310000	0
scaffold7	9310000	9320000	1
scaffold7	9320000	9330000	1
scaffold7	9330000	9340000	0
scaffold7	9340000	9350000	1
scaffold7	9350000	9360000	1
scaffold7	9360000	9370000	1
scaffold7	9370000	9380000	2
scaffold7	9380000	9390000	2
scaffold7	9390000	9400000	2
scaffold7	9400000	9410000	2
scaffold7	9410000	9420000	2
scaffold7	9420000	9430000	1
scaffold7	9430000	9440000	0
scaffold7	9440000	9450000	1
scaffold7	9450000	9460000	1
scaffold7	9460000	9470000	0
scaffold7	9470000	9480000	0
scaffold7	9480000	9490000	0
scaffold7	9490000	9500000	2
scaffold7	9500000	9510000	1
scaffold7	9510000	9520000	3
scaffold7	9520000	9530000	1
scaffold7	9530000	9540000	0
scaffold7	9540000	9550000	0
scaffold7	9550000	9560000	2
scaffold7	9560000	9570000	1
scaffold7	9570000	9580000	1
scaffold7	9580000	9590000	0
scaffold7	9590000	9600000	0
scaffold7	9600000	9610000	0
scaffold7	9610000	9620000	0
scaffold7	9620000	9630000	0
scaffold7	9630000	9640000	0
scaffold7	9640000	9650000	0
scaffold7	9650000	9660000	1
scaffold7	9660000	9670000	1
scaffold7	9670000	9680000	1
scaffold7	9680000	9690000	2
scaffold7	9690000	9700000	1
scaffold7	9700000	9710000	2
scaffold7	9710000	9720000	1
scaffold7	9720000	9730000	1
scaffold7	9730000	9740000	1
scaffold7	9740000	9750000	1
scaffold7	9750000	9760000	1
scaffold7	9760000	9770000	0
scaffold7	9770000	9780000	0
scaffold7	9780000	9790000	0
scaffold7	9790000	9800000	0
scaffold7	9800000	9810000	2
scaffold7	9810000	9820000	2
scaffold7	9820000	9830000	1
scaffold7	9830000	9840000	1
scaffold7	9840000	9850000	2
scaffold7	9850000	9860000	1
scaffold7	9860000	9870000	1
scaffold7	9870000	9880000	1
scaffold7	9880000	9890000	1
scaffold7	9890000	9900000	0
scaffold7	9900000	9910000	0
scaffold7	9910000	9920000	0
scaffold7	9920000	9930000	0
scaffold7	9930000	9940000	0
scaffold7	9940000	9950000	0
scaffold7	9950000	9960000	0
scaffold7	9960000	9970000	1
scaffold7	9970000	9980000	1
scaffold7	9980000	9990000	1
scaffold7	9990000	10000000	1
scaffold7	10000000	10010000	1
scaffold7	10010000	10020000	0
scaffold7	10020000	10030000	0
scaffold7	10030000	10040000	0
scaffold7	10040000	10050000	1
scaffold7	10050000	10060000	0
scaffold7	10060000	10070000	0
scaffold7	10070000	10080000	0
scaffold7	10080000	10090000	0
scaffold7	10090000	10100000	0
scaffold7	10100000	10110000	2
scaffold7	10110000	10120000	3
scaffold7	10120000	10130000	1
scaffold7	10130000	10140000	2
scaffold7	10140000	10150000	1
scaffold7	10150000	10160000	0
scaffold7	10160000	10170000	0
scaffold7	10170000	10180000	1
scaffold7	10180000	10190000	1
scaffold7	10190000	10200000	2
scaffold7	10200000	10210000	1
scaffold7	10210000	10220000	1
scaffold7	10220000	10230000	2
scaffold7	10230000	10240000	0
scaffold7	10240000	10250000	0
scaffold7	10250000	10260000	1
scaffold7	10260000	10270000	1
scaffold7	10270000	10280000	1
scaffold7	10280000	10290000	1
scaffold7	10290000	10300000	1
scaffold7	10300000	10310000	2
scaffold7	10310000	10320000	2
scaffold7	10320000	10330000	1
scaffold7	10330000	10340000	1
scaffold7	10340000	10350000	0
scaffold7	10350000	10360000	0
scaffold7	10360000	10370000	0
scaffold7	10370000	10380000	0
scaffold7	10380000	10390000	1
scaffold7	10390000	10400000	1
scaffold7	10400000	10410000	1
scaffold7	10410000	10420000	1
scaffold7	10420000	10430000	1
scaffold7	10430000	10440000	1
scaffold7	10440000	10450000	0
scaffold7	10450000	10460000	0
scaffold7	10460000	10470000	0
scaffold7	10470000	10480000	1
scaffold7	10480000	10490000	0
scaffold7	10490000	10500000	1
scaffold7	10500000	10510000	1
scaffold7	10510000	10520000	1
scaffold7	10520000	10530000	1
scaffold7	10530000	10540000	1
scaffold7	10540000	10550000	1
scaffold7	10550000	10560000	0
scaffold7	10560000	10570000	0
scaffold7	10570000	10580000	1
scaffold7	10580000	10590000	0
scaffold7	10590000	10600000	0
scaffold7	10600000	10610000	3
scaffold7	10610000	10620000	0
scaffold7	10620000	10630000	0
scaffold7	10630000	10640000	0
scaffold7	10640000	10650000	0
scaffold7	10650000	10660000	0
scaffold7	10660000	10670000	0
scaffold7	10670000	10680000	2
scaffold7	10680000	10690000	1
scaffold7	10690000	10700000	0
scaffold7	10700000	10710000	1
scaffold7	10710000	10720000	1
scaffold7	10720000	10730000	1
scaffold7	10730000	10740000	0
scaffold7	10740000	10750000	0
scaffold7	10750000	10760000	1
scaffold7	10760000	10770000	1
scaffold7	10770000	10780000	1
scaffold7	10780000	10790000	0
scaffold7	10790000	10800000	0
scaffold7	10800000	10810000	0
scaffold7	10810000	10820000	0
scaffold7	10820000	10830000	0
scaffold7	10830000	10840000	0
scaffold7	10840000	10850000	1
scaffold7	10850000	10860000	1
scaffold7	10860000	10870000	2
scaffold7	10870000	10880000	1
scaffold7	10880000	10890000	1
scaffold7	10890000	10900000	1
scaffold7	10900000	10910000	1
scaffold7	10910000	10920000	1
scaffold7	10920000	10930000	0
scaffold7	10930000	10940000	1
scaffold7	10940000	10950000	1
scaffold7	10950000	10960000	1
scaffold7	10960000	10970000	1
scaffold7	10970000	10980000	1
scaffold7	10980000	10990000	2
scaffold7	10990000	11000000	2
scaffold7	11000000	11010000	2
scaffold7	11010000	11020000	4
scaffold7	11020000	11030000	1
scaffold7	11030000	11040000	0
scaffold7	11040000	11050000	0
scaffold7	11050000	11060000	1
scaffold7	11060000	11070000	2
scaffold7	11070000	11080000	1
scaffold7	11080000	11090000	2
scaffold7	11090000	11100000	1
scaffold7	11100000	11110000	0
scaffold7	11110000	11120000	0
scaffold7	11120000	11130000	0
scaffold7	11130000	11140000	1
scaffold7	11140000	11150000	0
scaffold7	11150000	11160000	1
scaffold7	11160000	11170000	1
scaffold7	11170000	11180000	2
scaffold7	11180000	11190000	1
scaffold7	11190000	11200000	2
scaffold7	11200000	11210000	1
scaffold7	11210000	11220000	1
scaffold7	11220000	11230000	0
scaffold7	11230000	11240000	1
scaffold7	11240000	11250000	1
scaffold7	11250000	11260000	0
scaffold7	11260000	11270000	1
scaffold7	11270000	11280000	1
scaffold7	11280000	11290000	1
scaffold7	11290000	11300000	1
scaffold7	11300000	11310000	0
scaffold7	11310000	11320000	0
scaffold7	11320000	11330000	0
scaffold7	11330000	11340000	0
scaffold7	11340000	11350000	0
scaffold7	11350000	11360000	0
scaffold7	11360000	11370000	0
scaffold7	11370000	11380000	0
scaffold7	11380000	11390000	1
scaffold7	11390000	11400000	1
scaffold7	11400000	11410000	1
scaffold7	11410000	11420000	1
scaffold7	11420000	11430000	1
scaffold7	11430000	11440000	2
scaffold7	11440000	11450000	1
scaffold7	11450000	11460000	1
scaffold7	11460000	11470000	2
scaffold7	11470000	11480000	1
scaffold7	11480000	11490000	2
scaffold7	11490000	11500000	1
scaffold7	11500000	11510000	3
scaffold7	11510000	11520000	3
scaffold7	11520000	11530000	1
scaffold7	11530000	11540000	1
scaffold7	11540000	11550000	1
scaffold7	11550000	11560000	0
scaffold7	11560000	11570000	2
scaffold7	11570000	11580000	1
scaffold7	11580000	11590000	0
scaffold7	11590000	11600000	0
scaffold7	11600000	11610000	2
scaffold7	11610000	11620000	1
scaffold7	11620000	11630000	0
scaffold7	11630000	11640000	1
scaffold7	11640000	11650000	3
scaffold7	11650000	11660000	0
scaffold7	11660000	11670000	2
scaffold7	11670000	11680000	1
scaffold7	11680000	11690000	1
scaffold7	11690000	11700000	1
scaffold7	11700000	11710000	0
scaffold7	11710000	11720000	1
scaffold7	11720000	11730000	0
scaffold7	11730000	11740000	0
scaffold7	11740000	11750000	0
scaffold7	11750000	11760000	0
scaffold7	11760000	11770000	1
scaffold7	11770000	11780000	1
scaffold7	11780000	11790000	2
scaffold7	11790000	11800000	2
scaffold7	11800000	11810000	0
scaffold7	11810000	11820000	1
scaffold7	11820000	11830000	1
scaffold7	11830000	11840000	1
scaffold7	11840000	11850000	2
scaffold7	11850000	11860000	1
scaffold7	11860000	11870000	1
scaffold7	11870000	11880000	0
scaffold7	11880000	11890000	0
scaffold7	11890000	11900000	0
scaffold7	11900000	11910000	0
scaffold7	11910000	11920000	0
scaffold7	11920000	11930000	0
scaffold7	11930000	11940000	1
scaffold7	11940000	11950000	1
scaffold7	11950000	11960000	1
scaffold7	11960000	11970000	2
scaffold7	11970000	11980000	2
scaffold7	11980000	11990000	1
scaffold7	11990000	12000000	1
scaffold7	12000000	12010000	2
scaffold7	12010000	12020000	0
scaffold7	12020000	12030000	0
scaffold7	12030000	12040000	1
scaffold7	12040000	12050000	3
scaffold7	12050000	12060000	1
scaffold7	12060000	12070000	0
scaffold7	12070000	12080000	1
scaffold7	12080000	12090000	1
scaffold7	12090000	12100000	1
scaffold7	12100000	12110000	0
scaffold7	12110000	12120000	1
scaffold7	12120000	12130000	1
scaffold7	12130000	12140000	2
scaffold7	12140000	12150000	1
scaffold7	12150000	12160000	0
scaffold7	12160000	12170000	0
scaffold7	12170000	12180000	2
scaffold7	12180000	12190000	1
scaffold7	12190000	12200000	1
scaffold7	12200000	12210000	2
scaffold7	12210000	12220000	2
scaffold7	12220000	12230000	1
scaffold7	12230000	12240000	1
scaffold7	12240000	12250000	1
scaffold7	12250000	12260000	2
scaffold7	12260000	12270000	1
scaffold7	12270000	12280000	1
scaffold7	12280000	12290000	1
scaffold7	12290000	12300000	0
scaffold7	12300000	12310000	1
scaffold7	12310000	12320000	0
scaffold7	12320000	12330000	0
scaffold7	12330000	12340000	0
scaffold7	12340000	12350000	1
scaffold7	12350000	12360000	1
scaffold7	12360000	12370000	0
scaffold7	12370000	12380000	1
scaffold7	12380000	12390000	1
scaffold7	12390000	12400000	0
scaffold7	12400000	12410000	1
scaffold7	12410000	12420000	1
scaffold7	12420000	12430000	0
scaffold7	12430000	12440000	1
scaffold7	12440000	12450000	1
scaffold7	12450000	12460000	1
scaffold7	12460000	12470000	1
scaffold7	12470000	12480000	2
scaffold7	12480000	12490000	1
scaffold7	12490000	12500000	1
scaffold7	12500000	12510000	1
scaffold7	12510000	12520000	1
scaffold7	12520000	12530000	1
scaffold7	12530000	12540000	1
scaffold7	12540000	12550000	0
scaffold7	12550000	12560000	1
scaffold7	12560000	12570000	2
scaffold7	12570000	12580000	0
scaffold7	12580000	12590000	1
scaffold7	12590000	12600000	1
scaffold7	12600000	12610000	0
scaffold7	12610000	12620000	1
scaffold7	12620000	12630000	0
scaffold7	12630000	12640000	1
scaffold7	12640000	12650000	1
scaffold7	12650000	12660000	1
scaffold7	12660000	12670000	2
scaffold7	12670000	12680000	1
scaffold7	12680000	12690000	1
scaffold7	12690000	12700000	1
scaffold7	12700000	12710000	1
scaffold7	12710000	12720000	1
scaffold7	12720000	12730000	2
scaffold7	12730000	12740000	1
scaffold7	12740000	12750000	1
scaffold7	12750000	12760000	0
scaffold7	12760000	12770000	0
scaffold7	12770000	12780000	0
scaffold7	12780000	12790000	1
scaffold7	12790000	12800000	1
scaffold7	12800000	12810000	1
scaffold7	12810000	12820000	0
scaffold7	12820000	12830000	1
scaffold7	12830000	12840000	2
scaffold7	12840000	12850000	2
scaffold7	12850000	12860000	1
scaffold7	12860000	12870000	1
scaffold7	12870000	12880000	1
scaffold7	12880000	12890000	1
scaffold7	12890000	12900000	1
scaffold7	12900000	12910000	1
scaffold7	12910000	12920000	1
scaffold7	12920000	12930000	1
scaffold7	12930000	12940000	0
scaffold7	12940000	12950000	2
scaffold7	12950000	12960000	1
scaffold7	12960000	12970000	1
scaffold7	12970000	12980000	1
scaffold7	12980000	12990000	1
scaffold7	12990000	13000000	2
scaffold7	13000000	13010000	2
scaffold7	13010000	13020000	1
scaffold7	13020000	13030000	1
scaffold7	13030000	13040000	1
scaffold7	13040000	13050000	0
scaffold7	13050000	13060000	0
scaffold7	13060000	13070000	0
scaffold7	13070000	13080000	1
scaffold7	13080000	13090000	2
scaffold7	13090000	13100000	1
scaffold7	13100000	13110000	0
scaffold7	13110000	13120000	0
scaffold7	13120000	13130000	0
scaffold7	13130000	13140000	0
scaffold7	13140000	13150000	1
scaffold7	13150000	13160000	2
scaffold7	13160000	13170000	2
scaffold7	13170000	13180000	1
scaffold7	13180000	13190000	0
scaffold7	13190000	13200000	0
scaffold7	13200000	13210000	1
scaffold7	13210000	13220000	1
scaffold7	13220000	13230000	1
scaffold7	13230000	13240000	1
scaffold7	13240000	13250000	1
scaffold7	13250000	13260000	1
scaffold7	13260000	13270000	1
scaffold7	13270000	13280000	1
scaffold7	13280000	13290000	1
scaffold7	13290000	13300000	0
scaffold7	13300000	13310000	1
scaffold7	13310000	13320000	2
scaffold7	13320000	13330000	0
scaffold7	13330000	13340000	1
scaffold7	13340000	13350000	1
scaffold7	13350000	13360000	2
scaffold7	13360000	13370000	1
scaffold7	13370000	13380000	1
scaffold7	13380000	13390000	1
scaffold7	13390000	13400000	0
scaffold7	13400000	13410000	0
scaffold7	13410000	13420000	0
scaffold7	13420000	13430000	1
scaffold7	13430000	13440000	2
scaffold7	13440000	13450000	0
scaffold7	13450000	13460000	0
scaffold7	13460000	13470000	0
scaffold7	13470000	13480000	0
scaffold7	13480000	13490000	0
scaffold7	13490000	13500000	0
scaffold7	13500000	13510000	0
scaffold7	13510000	13520000	0
scaffold7	13520000	13530000	0
scaffold7	13530000	13540000	0
scaffold7	13540000	13550000	0
scaffold7	13550000	13560000	0
scaffold7	13560000	13570000	1
scaffold7	13570000	13580000	1
scaffold7	13580000	13590000	0
scaffold7	13590000	13600000	4
scaffold7	13600000	13610000	0
scaffold7	13610000	13620000	2
scaffold7	13620000	13630000	2
scaffold7	13630000	13640000	1
scaffold7	13640000	13650000	1
scaffold7	13650000	13660000	0
scaffold7	13660000	13670000	1
scaffold7	13670000	13680000	1
scaffold7	13680000	13690000	0
scaffold7	13690000	13700000	0
scaffold7	13700000	13710000	0
scaffold7	13710000	13720000	0
scaffold7	13720000	13730000	0
scaffold7	13730000	13740000	0
scaffold7	13740000	13750000	0
scaffold7	13750000	13760000	0
scaffold7	13760000	13770000	0
scaffold7	13770000	13780000	0
scaffold7	13780000	13790000	2
scaffold7	13790000	13800000	0
scaffold7	13800000	13810000	1
scaffold7	13810000	13820000	2
scaffold7	13820000	13830000	1
scaffold7	13830000	13840000	0
scaffold7	13840000	13850000	0
scaffold7	13850000	13860000	0
scaffold7	13860000	13870000	0
scaffold7	13870000	13880000	0
scaffold7	13880000	13890000	0
scaffold7	13890000	13900000	0
scaffold7	13900000	13910000	0
scaffold7	13910000	13920000	1
scaffold7	13920000	13930000	0
scaffold7	13930000	13940000	1
scaffold7	13940000	13950000	1
scaffold7	13950000	13960000	1
scaffold7	13960000	13970000	1
scaffold7	13970000	13980000	2
scaffold7	13980000	13990000	2
scaffold7	13990000	14000000	1
scaffold7	14000000	14010000	0
scaffold7	14010000	14020000	1
scaffold7	14020000	14030000	0
scaffold7	14030000	14040000	0
scaffold7	14040000	14050000	1
scaffold7	14050000	14060000	0
scaffold7	14060000	14070000	1
scaffold7	14070000	14080000	1
scaffold7	14080000	14090000	0
scaffold7	14090000	14100000	0
scaffold7	14100000	14110000	0
scaffold7	14110000	14120000	0
scaffold7	14120000	14130000	1
scaffold7	14130000	14140000	1
scaffold7	14140000	14150000	1
scaffold7	14150000	14160000	4
scaffold7	14160000	14170000	1
scaffold7	14170000	14180000	1
scaffold7	14180000	14190000	1
scaffold7	14190000	14200000	1
scaffold7	14200000	14210000	0
scaffold7	14210000	14220000	0
scaffold7	14220000	14230000	0
scaffold7	14230000	14240000	0
scaffold7	14240000	14250000	0
scaffold7	14250000	14260000	0
scaffold7	14260000	14270000	2
scaffold7	14270000	14280000	0
scaffold7	14280000	14290000	0
scaffold7	14290000	14300000	0
scaffold7	14300000	14310000	0
scaffold7	14310000	14320000	0
scaffold7	14320000	14330000	0
scaffold7	14330000	14340000	0
scaffold7	14340000	14350000	1
scaffold7	14350000	14360000	2
scaffold7	14360000	14370000	0
scaffold7	14370000	14380000	0
scaffold7	14380000	14390000	1
scaffold7	14390000	14400000	1
scaffold7	14400000	14410000	1
scaffold7	14410000	14420000	1
scaffold7	14420000	14430000	2
scaffold7	14430000	14440000	1
scaffold7	14440000	14450000	1
scaffold7	14450000	14460000	0
scaffold7	14460000	14470000	0
scaffold7	14470000	14480000	0
scaffold7	14480000	14490000	0
scaffold7	14490000	14500000	0
scaffold7	14500000	14510000	1
scaffold7	14510000	14520000	1
scaffold7	14520000	14530000	0
scaffold7	14530000	14540000	1
scaffold7	14540000	14550000	1
scaffold7	14550000	14560000	1
scaffold7	14560000	14570000	1
scaffold7	14570000	14580000	0
scaffold7	14580000	14590000	0
scaffold7	14590000	14600000	1
scaffold7	14600000	14610000	1
scaffold7	14610000	14620000	1
scaffold7	14620000	14630000	2
scaffold7	14630000	14640000	1
scaffold7	14640000	14650000	1
scaffold7	14650000	14660000	1
scaffold7	14660000	14670000	0
scaffold7	14670000	14680000	0
scaffold7	14680000	14690000	1
scaffold7	14690000	14700000	1
scaffold7	14700000	14710000	0
scaffold7	14710000	14720000	0
scaffold7	14720000	14730000	0
scaffold7	14730000	14740000	0
scaffold7	14740000	14750000	0
scaffold7	14750000	14760000	0
scaffold7	14760000	14770000	0
scaffold7	14770000	14780000	0
scaffold7	14780000	14790000	0
scaffold7	14790000	14800000	2
scaffold7	14800000	14810000	1
scaffold7	14810000	14820000	1
scaffold7	14820000	14830000	0
scaffold7	14830000	14840000	1
scaffold7	14840000	14850000	0
scaffold7	14850000	14860000	1
scaffold7	14860000	14870000	1
scaffold7	14870000	14880000	0
scaffold7	14880000	14890000	0
scaffold7	14890000	14900000	0
scaffold7	14900000	14910000	0
scaffold7	14910000	14920000	0
scaffold7	14920000	14930000	0
scaffold7	14930000	14940000	2
scaffold7	14940000	14950000	1
scaffold7	14950000	14960000	1
scaffold7	14960000	14970000	1
scaffold7	14970000	14980000	1
scaffold7	14980000	14990000	1
scaffold7	14990000	15000000	1
scaffold7	15000000	15010000	1
scaffold7	15010000	15020000	2
scaffold7	15020000	15030000	2
scaffold7	15030000	15040000	1
scaffold7	15040000	15050000	1
scaffold7	15050000	15060000	1
scaffold7	15060000	15070000	2
scaffold7	15070000	15080000	1
scaffold7	15080000	15090000	4
scaffold7	15090000	15100000	1
scaffold7	15100000	15110000	1
scaffold7	15110000	15120000	0
scaffold7	15120000	15130000	1
scaffold7	15130000	15140000	0
scaffold7	15140000	15150000	1
scaffold7	15150000	15160000	1
scaffold7	15160000	15170000	1
scaffold7	15170000	15180000	1
scaffold7	15180000	15190000	2
scaffold7	15190000	15200000	1
scaffold7	15200000	15210000	1
scaffold7	15210000	15220000	0
scaffold7	15220000	15230000	0
scaffold7	15230000	15240000	0
scaffold7	15240000	15250000	0
scaffold7	15250000	15260000	0
scaffold7	15260000	15270000	1
scaffold7	15270000	15280000	1
scaffold7	15280000	15290000	0
scaffold7	15290000	15300000	0
scaffold7	15300000	15310000	1
scaffold7	15310000	15320000	1
scaffold7	15320000	15330000	1
scaffold7	15330000	15340000	2
scaffold7	15340000	15350000	3
scaffold7	15350000	15360000	0
scaffold7	15360000	15370000	1
scaffold7	15370000	15380000	1
scaffold7	15380000	15390000	0
scaffold7	15390000	15400000	1
scaffold7	15400000	15410000	0
scaffold7	15410000	15420000	1
scaffold7	15420000	15430000	1
scaffold7	15430000	15440000	0
scaffold7	15440000	15450000	1
scaffold7	15450000	15460000	0
scaffold7	15460000	15470000	0
scaffold7	15470000	15480000	0
scaffold7	15480000	15490000	0
scaffold7	15490000	15500000	0
scaffold7	15500000	15510000	1
scaffold7	15510000	15520000	0
scaffold7	15520000	15530000	0
scaffold7	15530000	15540000	0
scaffold7	15540000	15550000	2
scaffold7	15550000	15560000	1
scaffold7	15560000	15570000	1
scaffold7	15570000	15580000	2
scaffold7	15580000	15590000	1
scaffold7	15590000	15600000	1
scaffold7	15600000	15610000	1
scaffold7	15610000	15620000	0
scaffold7	15620000	15630000	0
scaffold7	15630000	15640000	1
scaffold7	15640000	15650000	2
scaffold7	15650000	15660000	1
scaffold7	15660000	15670000	1
scaffold7	15670000	15680000	0
scaffold7	15680000	15690000	0
scaffold7	15690000	15700000	0
scaffold7	15700000	15710000	0
scaffold7	15710000	15720000	0
scaffold7	15720000	15730000	0
scaffold7	15730000	15740000	1
scaffold7	15740000	15750000	2
scaffold7	15750000	15760000	1
scaffold7	15760000	15770000	1
scaffold7	15770000	15780000	2
scaffold7	15780000	15790000	2
scaffold7	15790000	15800000	3
scaffold7	15800000	15810000	2
scaffold7	15810000	15820000	0
scaffold7	15820000	15830000	1
scaffold7	15830000	15840000	0
scaffold7	15840000	15850000	0
scaffold7	15850000	15860000	1
scaffold7	15860000	15870000	1
scaffold7	15870000	15880000	1
scaffold7	15880000	15890000	1
scaffold7	15890000	15900000	1
scaffold7	15900000	15910000	2
scaffold7	15910000	15920000	1
scaffold7	15920000	15930000	1
scaffold7	15930000	15940000	1
scaffold7	15940000	15950000	1
scaffold7	15950000	15960000	0
scaffold7	15960000	15970000	0
scaffold7	15970000	15980000	0
scaffold7	15980000	15990000	1
scaffold7	15990000	16000000	1
scaffold7	16000000	16010000	2
scaffold7	16010000	16020000	2
scaffold7	16020000	16030000	1
scaffold7	16030000	16040000	0
scaffold7	16040000	16050000	0
scaffold7	16050000	16060000	1
scaffold7	16060000	16070000	2
scaffold7	16070000	16080000	1
scaffold7	16080000	16090000	1
scaffold7	16090000	16100000	2
scaffold7	16100000	16110000	1
scaffold7	16110000	16120000	0
scaffold7	16120000	16130000	1
scaffold7	16130000	16140000	0
scaffold7	16140000	16150000	0
scaffold7	16150000	16160000	3
scaffold7	16160000	16170000	1
scaffold7	16170000	16180000	1
scaffold7	16180000	16190000	0
scaffold7	16190000	16200000	2
scaffold7	16200000	16210000	1
scaffold7	16210000	16220000	1
scaffold7	16220000	16230000	2
scaffold7	16230000	16240000	1
scaffold7	16240000	16250000	3
scaffold7	16250000	16260000	0
scaffold7	16260000	16270000	1
scaffold7	16270000	16280000	1
scaffold7	16280000	16290000	1
scaffold7	16290000	16300000	2
scaffold7	16300000	16310000	3
scaffold7	16310000	16320000	1
scaffold7	16320000	16330000	1
scaffold7	16330000	16340000	2
scaffold7	16340000	16350000	2
scaffold7	16350000	16360000	1
scaffold7	16360000	16370000	2
scaffold7	16370000	16380000	1
scaffold7	16380000	16390000	1
scaffold7	16390000	16400000	0
scaffold7	16400000	16410000	1
scaffold7	16410000	16420000	0
scaffold7	16420000	16430000	0
scaffold7	16430000	16440000	0
scaffold7	16440000	16450000	0
scaffold7	16450000	16460000	0
scaffold7	16460000	16470000	1
scaffold7	16470000	16480000	1
scaffold7	16480000	16490000	1
scaffold7	16490000	16500000	1
scaffold7	16500000	16510000	1
scaffold7	16510000	16520000	1
scaffold7	16520000	16530000	1
scaffold7	16530000	16540000	1
scaffold7	16540000	16550000	1
scaffold7	16550000	16560000	1
scaffold7	16560000	16570000	2
scaffold7	16570000	16580000	2
scaffold7	16580000	16590000	1
scaffold7	16590000	16600000	1
scaffold7	16600000	16610000	1
scaffold7	16610000	16620000	1
scaffold7	16620000	16630000	1
scaffold7	16630000	16640000	1
scaffold7	16640000	16650000	1
scaffold7	16650000	16660000	1
scaffold7	16660000	16670000	1
scaffold7	16670000	16680000	2
scaffold7	16680000	16690000	2
scaffold7	16690000	16700000	1
scaffold7	16700000	16710000	1
scaffold7	16710000	16720000	2
scaffold7	16720000	16730000	2
scaffold7	16730000	16740000	4
scaffold7	16740000	16750000	3
scaffold7	16750000	16760000	2
scaffold7	16760000	16770000	0
scaffold7	16770000	16780000	0
scaffold7	16780000	16790000	0
scaffold7	16790000	16800000	0
scaffold7	16800000	16810000	0
scaffold7	16810000	16820000	0
scaffold7	16820000	16830000	1
scaffold7	16830000	16840000	2
scaffold7	16840000	16850000	2
scaffold7	16850000	16860000	2
scaffold7	16860000	16870000	2
scaffold7	16870000	16880000	1
scaffold7	16880000	16890000	0
scaffold7	16890000	16900000	0
scaffold7	16900000	16910000	0
scaffold7	16910000	16920000	0
scaffold7	16920000	16930000	1
scaffold7	16930000	16940000	1
scaffold7	16940000	16950000	2
scaffold7	16950000	16960000	1
scaffold7	16960000	16970000	1
scaffold7	16970000	16980000	1
scaffold7	16980000	16990000	1
scaffold7	16990000	17000000	1
scaffold7	17000000	17010000	1
scaffold7	17010000	17020000	2
scaffold7	17020000	17030000	1
scaffold7	17030000	17040000	0
scaffold7	17040000	17050000	4
scaffold7	17050000	17060000	3
scaffold7	17060000	17070000	1
scaffold7	17070000	17080000	1
scaffold7	17080000	17090000	1
scaffold7	17090000	17100000	1
scaffold7	17100000	17110000	2
scaffold7	17110000	17120000	0
scaffold7	17120000	17130000	1
scaffold7	17130000	17140000	0
scaffold7	17140000	17150000	1
scaffold7	17150000	17160000	3
scaffold7	17160000	17170000	1
scaffold7	17170000	17180000	0
scaffold7	17180000	17190000	0
scaffold7	17190000	17200000	0
scaffold7	17200000	17210000	0
scaffold7	17210000	17220000	1
scaffold7	17220000	17230000	1
scaffold7	17230000	17240000	0
scaffold7	17240000	17250000	0
scaffold7	17250000	17260000	1
scaffold7	17260000	17270000	2
scaffold7	17270000	17280000	1
scaffold7	17280000	17290000	1
scaffold7	17290000	17300000	1
scaffold7	17300000	17310000	2
scaffold7	17310000	17320000	1
scaffold7	17320000	17330000	1
scaffold7	17330000	17340000	1
scaffold7	17340000	17350000	1
scaffold7	17350000	17360000	1
scaffold7	17360000	17370000	0
scaffold7	17370000	17380000	0
scaffold7	17380000	17390000	1
scaffold7	17390000	17400000	0
scaffold7	17400000	17410000	0
scaffold7	17410000	17420000	1
scaffold7	17420000	17430000	1
scaffold7	17430000	17440000	1
scaffold7	17440000	17450000	1
scaffold7	17450000	17460000	1
scaffold7	17460000	17470000	0
scaffold7	17470000	17480000	1
scaffold7	17480000	17490000	1
scaffold7	17490000	17500000	2
scaffold7	17500000	17510000	1
scaffold7	17510000	17520000	0
scaffold7	17520000	17530000	1
scaffold7	17530000	17540000	0
scaffold7	17540000	17550000	0
scaffold7	17550000	17560000	0
scaffold7	17560000	17570000	0
scaffold7	17570000	17580000	0
scaffold7	17580000	17590000	0
scaffold7	17590000	17600000	0
scaffold7	17600000	17610000	0
scaffold7	17610000	17620000	2
scaffold7	17620000	17630000	1
scaffold7	17630000	17640000	0
scaffold7	17640000	17650000	0
scaffold7	17650000	17660000	0
scaffold7	17660000	17670000	0
scaffold7	17670000	17680000	1
scaffold7	17680000	17690000	0
scaffold7	17690000	17700000	1
scaffold7	17700000	17710000	0
scaffold7	17710000	17720000	2
scaffold7	17720000	17730000	2
scaffold7	17730000	17740000	1
scaffold7	17740000	17750000	1
scaffold7	17750000	17760000	1
scaffold7	17760000	17770000	1
scaffold7	17770000	17780000	1
scaffold7	17780000	17790000	1
scaffold7	17790000	17800000	1
scaffold7	17800000	17810000	1
scaffold7	17810000	17820000	1
scaffold7	17820000	17830000	0
scaffold7	17830000	17840000	0
scaffold7	17840000	17850000	0
scaffold7	17850000	17860000	0
scaffold7	17860000	17870000	0
scaffold7	17870000	17880000	0
scaffold7	17880000	17890000	0
scaffold7	17890000	17900000	0
scaffold7	17900000	17910000	0
scaffold7	17910000	17920000	0
scaffold7	17920000	17930000	1
scaffold7	17930000	17940000	0
scaffold7	17940000	17950000	0
scaffold7	17950000	17960000	0
scaffold7	17960000	17970000	0
scaffold7	17970000	17980000	0
scaffold7	17980000	17990000	0
scaffold7	17990000	18000000	0
scaffold7	18000000	18010000	0
scaffold7	18010000	18020000	0
scaffold7	18020000	18030000	0
scaffold7	18030000	18040000	2
scaffold7	18040000	18050000	0
scaffold7	18050000	18060000	1
scaffold7	18060000	18070000	0
scaffold7	18070000	18080000	0
scaffold7	18080000	18090000	0
scaffold7	18090000	18100000	0
scaffold7	18100000	18110000	0
scaffold7	18110000	18120000	0
scaffold7	18120000	18130000	1
scaffold7	18130000	18140000	3
scaffold7	18140000	18150000	1
scaffold7	18150000	18160000	0
scaffold7	18160000	18170000	0
scaffold7	18170000	18180000	1
scaffold7	18180000	18190000	0
scaffold7	18190000	18200000	0
scaffold7	18200000	18210000	0
scaffold7	18210000	18220000	0
scaffold7	18220000	18230000	0
scaffold7	18230000	18240000	0
scaffold7	18240000	18250000	0
scaffold7	18250000	18260000	0
scaffold7	18260000	18270000	0
scaffold7	18270000	18280000	0
scaffold7	18280000	18290000	0
scaffold7	18290000	18300000	3
scaffold7	18300000	18310000	2
scaffold7	18310000	18320000	0
scaffold7	18320000	18330000	0
scaffold7	18330000	18340000	0
scaffold7	18340000	18350000	0
scaffold7	18350000	18360000	0
scaffold7	18360000	18370000	0
scaffold7	18370000	18380000	2
scaffold7	18380000	18390000	0
scaffold7	18390000	18400000	0
scaffold7	18400000	18410000	0
scaffold7	18410000	18420000	0
scaffold7	18420000	18430000	0
scaffold7	18430000	18440000	0
scaffold7	18440000	18450000	0
scaffold7	18450000	18460000	1
scaffold7	18460000	18470000	1
scaffold7	18470000	18480000	0
scaffold7	18480000	18490000	0
scaffold7	18490000	18500000	0
scaffold7	18500000	18510000	0
scaffold7	18510000	18520000	0
scaffold7	18520000	18530000	0
scaffold7	18530000	18540000	1
scaffold7	18540000	18550000	0
scaffold7	18550000	18560000	0
scaffold7	18560000	18570000	0
scaffold7	18570000	18580000	0
scaffold7	18580000	18590000	0
scaffold7	18590000	18600000	0
scaffold7	18600000	18610000	1
scaffold7	18610000	18620000	1
scaffold7	18620000	18630000	1
scaffold7	18630000	18640000	0
scaffold7	18640000	18650000	0
scaffold7	18650000	18660000	1
scaffold7	18660000	18670000	0
scaffold7	18670000	18680000	0
scaffold7	18680000	18690000	0
scaffold7	18690000	18700000	1
scaffold7	18700000	18710000	0
scaffold7	18710000	18720000	0
scaffold7	18720000	18730000	1
scaffold7	18730000	18740000	0
scaffold7	18740000	18750000	1
scaffold7	18750000	18760000	0
scaffold7	18760000	18770000	0
scaffold7	18770000	18780000	0
scaffold7	18780000	18790000	0
scaffold7	18790000	18800000	1
scaffold7	18800000	18810000	0
scaffold7	18810000	18820000	0
scaffold7	18820000	18830000	1
scaffold7	18830000	18840000	0
scaffold7	18840000	18850000	0
scaffold7	18850000	18860000	0
scaffold7	18860000	18870000	3
scaffold7	18870000	18880000	0
scaffold7	18880000	18890000	0
scaffold7	18890000	18900000	1
scaffold7	18900000	18910000	0
scaffold7	18910000	18920000	0
scaffold7	18920000	18930000	1
scaffold7	18930000	18940000	3
scaffold7	18940000	18950000	0
scaffold7	18950000	18960000	1
scaffold7	18960000	18970000	0
scaffold7	18970000	18980000	0
scaffold7	18980000	18990000	0
scaffold7	18990000	19000000	2
scaffold7	19000000	19010000	0
scaffold7	19010000	19020000	0
scaffold7	19020000	19030000	1
scaffold7	19030000	19040000	0
scaffold7	19040000	19050000	0
scaffold7	19050000	19060000	0
scaffold7	19060000	19070000	0
scaffold7	19070000	19080000	0
scaffold7	19080000	19090000	1
scaffold7	19090000	19100000	0
scaffold7	19100000	19110000	0
scaffold7	19110000	19120000	0
scaffold7	19120000	19130000	0
scaffold7	19130000	19140000	0
scaffold7	19140000	19150000	0
scaffold7	19150000	19160000	1
scaffold7	19160000	19170000	0
scaffold7	19170000	19180000	0
scaffold7	19180000	19190000	1
scaffold7	19190000	19200000	2
scaffold7	19200000	19210000	0
scaffold7	19210000	19220000	0
scaffold7	19220000	19230000	2
scaffold7	19230000	19240000	0
scaffold7	19240000	19250000	0
scaffold7	19250000	19260000	1
scaffold7	19260000	19270000	1
scaffold7	19270000	19280000	1
scaffold7	19280000	19290000	1
scaffold7	19290000	19300000	1
scaffold7	19300000	19310000	0
scaffold7	19310000	19320000	0
scaffold7	19320000	19330000	0
scaffold7	19330000	19340000	0
scaffold7	19340000	19350000	0
scaffold7	19350000	19360000	0
scaffold7	19360000	19370000	0
scaffold7	19370000	19380000	1
scaffold7	19380000	19390000	0
scaffold7	19390000	19400000	0
scaffold7	19400000	19410000	0
scaffold7	19410000	19420000	0
scaffold7	19420000	19430000	0
scaffold7	19430000	19440000	0
scaffold7	19440000	19450000	0
scaffold7	19450000	19460000	0
scaffold7	19460000	19470000	1
scaffold7	19470000	19480000	0
scaffold7	19480000	19490000	0
scaffold7	19490000	19500000	0
scaffold7	19500000	19510000	0
scaffold7	19510000	19520000	0
scaffold7	19520000	19530000	0
scaffold7	19530000	19540000	1
scaffold7	19540000	19550000	0
scaffold7	19550000	19560000	0
scaffold7	19560000	19570000	0
scaffold7	19570000	19580000	0
scaffold7	19580000	19590000	0
scaffold7	19590000	19600000	0
scaffold7	19600000	19610000	0
scaffold7	19610000	19620000	4
scaffold7	19620000	19630000	1
scaffold7	19630000	19640000	0
scaffold7	19640000	19650000	0
scaffold7	19650000	19660000	0
scaffold7	19660000	19670000	0
scaffold7	19670000	19680000	0
scaffold7	19680000	19690000	0
scaffold7	19690000	19700000	2
scaffold7	19700000	19710000	0
scaffold7	19710000	19720000	0
scaffold7	19720000	19730000	0
scaffold7	19730000	19740000	0
scaffold7	19740000	19750000	0
scaffold7	19750000	19760000	0
scaffold7	19760000	19770000	0
scaffold7	19770000	19780000	1
scaffold7	19780000	19790000	1
scaffold7	19790000	19800000	0
scaffold7	19800000	19810000	0
scaffold7	19810000	19820000	0
scaffold7	19820000	19830000	0
scaffold7	19830000	19840000	0
scaffold7	19840000	19850000	0
scaffold7	19850000	19860000	1
scaffold7	19860000	19870000	0
scaffold7	19870000	19880000	0
scaffold7	19880000	19890000	0
scaffold7	19890000	19900000	0
scaffold7	19900000	19910000	1
scaffold7	19910000	19920000	0
scaffold7	19920000	19930000	0
scaffold7	19930000	19940000	0
scaffold7	19940000	19950000	1
scaffold7	19950000	19960000	1
scaffold7	19960000	19970000	1
scaffold7	19970000	19980000	0
scaffold7	19980000	19990000	0
scaffold7	19990000	20000000	1
scaffold7	20000000	20010000	0
scaffold7	20010000	20020000	0
scaffold7	20020000	20030000	1
scaffold7	20030000	20040000	0
scaffold7	20040000	20050000	0
scaffold7	20050000	20060000	0
scaffold7	20060000	20070000	0
scaffold7	20070000	20080000	0
scaffold7	20080000	20090000	0
scaffold7	20090000	20100000	1
scaffold7	20100000	20110000	0
scaffold7	20110000	20120000	1
scaffold7	20120000	20130000	0
scaffold7	20130000	20140000	0
scaffold7	20140000	20150000	0
scaffold7	20150000	20160000	0
scaffold7	20160000	20170000	2
scaffold7	20170000	20180000	0
scaffold7	20180000	20190000	1
scaffold7	20190000	20200000	1
scaffold7	20200000	20210000	1
scaffold7	20210000	20220000	2
scaffold7	20220000	20230000	2
scaffold7	20230000	20240000	1
scaffold7	20240000	20250000	1
scaffold7	20250000	20260000	0
scaffold7	20260000	20270000	1
scaffold7	20270000	20280000	1
scaffold7	20280000	20290000	0
scaffold7	20290000	20300000	0
scaffold7	20300000	20310000	0
scaffold7	20310000	20320000	1
scaffold7	20320000	20330000	0
scaffold7	20330000	20340000	1
scaffold7	20340000	20350000	0
scaffold7	20350000	20360000	0
scaffold7	20360000	20370000	1
scaffold7	20370000	20380000	1
scaffold7	20380000	20390000	0
scaffold7	20390000	20400000	0
scaffold7	20400000	20410000	1
scaffold7	20410000	20420000	2
scaffold7	20420000	20430000	1
scaffold7	20430000	20440000	1
scaffold7	20440000	20450000	1
scaffold7	20450000	20460000	0
scaffold7	20460000	20470000	1
scaffold7	20470000	20480000	1
scaffold7	20480000	20490000	1
scaffold7	20490000	20500000	0
scaffold7	20500000	20510000	0
scaffold7	20510000	20520000	0
scaffold7	20520000	20530000	0
scaffold7	20530000	20540000	0
scaffold7	20540000	20550000	1
scaffold7	20550000	20560000	0
scaffold7	20560000	20570000	0
scaffold7	20570000	20580000	0
scaffold7	20580000	20590000	0
scaffold7	20590000	20600000	0
scaffold7	20600000	20610000	0
scaffold7	20610000	20620000	0
scaffold7	20620000	20630000	0
scaffold7	20630000	20640000	0
scaffold7	20640000	20650000	1
scaffold7	20650000	20660000	0
scaffold7	20660000	20670000	0
scaffold7	20670000	20680000	0
scaffold7	20680000	20690000	2
scaffold7	20690000	20700000	0
scaffold7	20700000	20710000	0
scaffold7	20710000	20720000	0
scaffold7	20720000	20730000	2
scaffold7	20730000	20740000	1
scaffold7	20740000	20750000	0
scaffold7	20750000	20760000	0
scaffold7	20760000	20770000	0
scaffold7	20770000	20780000	0
scaffold7	20780000	20790000	0
scaffold7	20790000	20800000	0
scaffold7	20800000	20810000	0
scaffold7	20810000	20820000	0
scaffold7	20820000	20830000	0
scaffold7	20830000	20840000	0
scaffold7	20840000	20850000	0
scaffold7	20850000	20860000	1
scaffold7	20860000	20870000	0
scaffold7	20870000	20880000	0
scaffold7	20880000	20890000	1
scaffold7	20890000	20900000	1
scaffold7	20900000	20910000	0
scaffold7	20910000	20920000	0
scaffold7	20920000	20930000	0
scaffold7	20930000	20940000	0
scaffold7	20940000	20950000	0
scaffold7	20950000	20960000	0
scaffold7	20960000	20970000	0
scaffold7	20970000	20980000	0
scaffold7	20980000	20990000	0
scaffold7	20990000	21000000	0
scaffold7	21000000	21010000	0
scaffold7	21010000	21020000	0
scaffold7	21020000	21030000	0
scaffold7	21030000	21040000	0
scaffold7	21040000	21050000	1
scaffold7	21050000	21060000	0
scaffold7	21060000	21070000	0
scaffold7	21070000	21080000	0
scaffold7	21080000	21090000	0
scaffold7	21090000	21100000	0
scaffold7	21100000	21110000	0
scaffold7	21110000	21120000	0
scaffold7	21120000	21130000	0
scaffold7	21130000	21140000	0
scaffold7	21140000	21150000	0
scaffold7	21150000	21160000	0
scaffold7	21160000	21170000	0
scaffold7	21170000	21180000	0
scaffold7	21180000	21190000	0
scaffold7	21190000	21200000	0
scaffold7	21200000	21210000	0
scaffold7	21210000	21220000	0
scaffold7	21220000	21230000	2
scaffold7	21230000	21240000	1
scaffold7	21240000	21250000	1
scaffold7	21250000	21260000	0
scaffold7	21260000	21270000	0
scaffold7	21270000	21280000	0
scaffold7	21280000	21290000	0
scaffold7	21290000	21300000	0
scaffold7	21300000	21310000	0
scaffold7	21310000	21320000	0
scaffold7	21320000	21330000	0
scaffold7	21330000	21340000	1
scaffold7	21340000	21350000	1
scaffold7	21350000	21360000	1
scaffold7	21360000	21370000	2
scaffold7	21370000	21380000	0
scaffold7	21380000	21390000	0
scaffold7	21390000	21400000	0
scaffold7	21400000	21410000	0
scaffold7	21410000	21420000	1
scaffold7	21420000	21430000	0
scaffold7	21430000	21440000	0
scaffold7	21440000	21450000	0
scaffold7	21450000	21460000	0
scaffold7	21460000	21470000	0
scaffold7	21470000	21480000	0
scaffold7	21480000	21490000	0
scaffold7	21490000	21500000	0
scaffold7	21500000	21510000	0
scaffold7	21510000	21520000	0
scaffold7	21520000	21530000	2
scaffold7	21530000	21540000	1
scaffold7	21540000	21550000	0
scaffold7	21550000	21560000	1
scaffold7	21560000	21570000	1
scaffold7	21570000	21580000	1
scaffold7	21580000	21590000	0
scaffold7	21590000	21600000	0
scaffold7	21600000	21610000	1
scaffold7	21610000	21620000	1
scaffold7	21620000	21630000	0
scaffold7	21630000	21640000	0
scaffold7	21640000	21650000	0
scaffold7	21650000	21660000	1
scaffold7	21660000	21670000	0
scaffold7	21670000	21680000	1
scaffold7	21680000	21690000	0
scaffold7	21690000	21700000	0
scaffold7	21700000	21710000	0
scaffold7	21710000	21720000	0
scaffold7	21720000	21730000	0
scaffold7	21730000	21740000	1
scaffold7	21740000	21750000	0
scaffold7	21750000	21760000	0
scaffold7	21760000	21770000	0
scaffold7	21770000	21780000	0
scaffold7	21780000	21790000	1
scaffold7	21790000	21800000	0
scaffold7	21800000	21810000	0
scaffold7	21810000	21820000	0
scaffold7	21820000	21830000	2
scaffold7	21830000	21840000	0
scaffold7	21840000	21850000	0
scaffold7	21850000	21860000	0
scaffold7	21860000	21870000	2
scaffold7	21870000	21880000	1
scaffold7	21880000	21890000	1
scaffold7	21890000	21900000	0
scaffold7	21900000	21910000	0
scaffold7	21910000	21920000	1
scaffold7	21920000	21930000	1
scaffold7	21930000	21940000	0
scaffold7	21940000	21950000	0
scaffold7	21950000	21960000	0
scaffold7	21960000	21970000	1
scaffold7	21970000	21980000	0
scaffold7	21980000	21990000	0
scaffold7	21990000	22000000	0
scaffold7	22000000	22010000	0
scaffold7	22010000	22020000	0
scaffold7	22020000	22030000	1
scaffold7	22030000	22040000	0
scaffold7	22040000	22050000	0
scaffold7	22050000	22060000	0
scaffold7	22060000	22070000	0
scaffold7	22070000	22080000	1
scaffold7	22080000	22090000	1
scaffold7	22090000	22100000	1
scaffold7	22100000	22110000	1
scaffold7	22110000	22120000	1
scaffold7	22120000	22130000	0
scaffold7	22130000	22140000	1
scaffold7	22140000	22150000	1
scaffold7	22150000	22160000	1
scaffold7	22160000	22170000	1
scaffold7	22170000	22180000	1
scaffold7	22180000	22190000	0
scaffold7	22190000	22200000	0
scaffold7	22200000	22210000	0
scaffold7	22210000	22220000	0
scaffold7	22220000	22230000	1
scaffold7	22230000	22240000	1
scaffold7	22240000	22250000	1
scaffold7	22250000	22260000	1
scaffold7	22260000	22270000	1
scaffold7	22270000	22280000	1
scaffold7	22280000	22290000	0
scaffold7	22290000	22300000	0
scaffold7	22300000	22310000	0
scaffold7	22310000	22320000	0
scaffold7	22320000	22330000	0
scaffold7	22330000	22340000	0
scaffold7	22340000	22350000	0
scaffold7	22350000	22360000	0
scaffold7	22360000	22370000	1
scaffold7	22370000	22380000	0
scaffold7	22380000	22390000	1
scaffold7	22390000	22400000	1
scaffold7	22400000	22410000	1
scaffold7	22410000	22420000	2
scaffold7	22420000	22430000	1
scaffold7	22430000	22440000	0
scaffold7	22440000	22450000	1
scaffold7	22450000	22460000	0
scaffold7	22460000	22470000	0
scaffold7	22470000	22480000	0
scaffold7	22480000	22490000	0
scaffold7	22490000	22500000	1
scaffold7	22500000	22510000	2
scaffold7	22510000	22520000	1
scaffold7	22520000	22530000	1
scaffold7	22530000	22540000	0
scaffold7	22540000	22550000	1
scaffold7	22550000	22560000	2
scaffold7	22560000	22570000	2
scaffold7	22570000	22580000	1
scaffold7	22580000	22590000	2
scaffold7	22590000	22600000	1
scaffold7	22600000	22610000	1
scaffold7	22610000	22620000	0
scaffold7	22620000	22630000	0
scaffold7	22630000	22640000	0
scaffold7	22640000	22650000	1
scaffold7	22650000	22660000	1
scaffold7	22660000	22670000	2
scaffold7	22670000	22680000	1
scaffold7	22680000	22690000	1
scaffold7	22690000	22700000	1
scaffold7	22700000	22710000	0
scaffold7	22710000	22720000	1
scaffold7	22720000	22730000	1
scaffold7	22730000	22740000	2
scaffold7	22740000	22750000	1
scaffold7	22750000	22760000	1
scaffold7	22760000	22770000	1
scaffold7	22770000	22780000	1
scaffold7	22780000	22790000	0
scaffold7	22790000	22800000	1
scaffold7	22800000	22810000	1
scaffold7	22810000	22820000	0
scaffold7	22820000	22830000	0
scaffold7	22830000	22840000	0
scaffold7	22840000	22850000	0
scaffold7	22850000	22860000	0
scaffold7	22860000	22870000	1
scaffold7	22870000	22880000	2
scaffold7	22880000	22890000	0
scaffold7	22890000	22900000	1
scaffold7	22900000	22910000	1
scaffold7	22910000	22920000	1
scaffold7	22920000	22930000	0
scaffold7	22930000	22940000	0
scaffold7	22940000	22950000	1
scaffold7	22950000	22960000	2
scaffold7	22960000	22970000	2
scaffold7	22970000	22980000	1
scaffold7	22980000	22990000	1
scaffold7	22990000	23000000	1
scaffold7	23000000	23010000	0
scaffold7	23010000	23020000	0
scaffold7	23020000	23030000	0
scaffold7	23030000	23040000	0
scaffold7	23040000	23050000	1
scaffold7	23050000	23060000	3
scaffold7	23060000	23070000	1
scaffold7	23070000	23080000	0
scaffold7	23080000	23090000	0
scaffold7	23090000	23100000	0
scaffold7	23100000	23110000	1
scaffold7	23110000	23120000	1
scaffold7	23120000	23130000	0
scaffold7	23130000	23140000	0
scaffold7	23140000	23150000	0
scaffold7	23150000	23160000	0
scaffold7	23160000	23170000	0
scaffold7	23170000	23180000	0
scaffold7	23180000	23190000	0
scaffold7	23190000	23200000	0
scaffold7	23200000	23210000	0
scaffold7	23210000	23220000	1
scaffold7	23220000	23230000	0
scaffold7	23230000	23240000	0
scaffold7	23240000	23250000	1
scaffold7	23250000	23260000	1
scaffold7	23260000	23270000	0
scaffold7	23270000	23280000	0
scaffold7	23280000	23290000	0
scaffold7	23290000	23300000	0
scaffold7	23300000	23310000	0
scaffold7	23310000	23320000	0
scaffold7	23320000	23330000	1
scaffold7	23330000	23340000	0
scaffold7	23340000	23350000	0
scaffold7	23350000	23360000	0
scaffold7	23360000	23370000	0
scaffold7	23370000	23380000	0
scaffold7	23380000	23390000	1
scaffold7	23390000	23400000	1
scaffold7	23400000	23410000	0
scaffold7	23410000	23420000	2
scaffold7	23420000	23430000	1
scaffold7	23430000	23440000	2
scaffold7	23440000	23450000	0
scaffold7	23450000	23460000	1
scaffold7	23460000	23470000	2
scaffold7	23470000	23480000	2
scaffold7	23480000	23490000	1
scaffold7	23490000	23500000	2
scaffold7	23500000	23510000	2
scaffold7	23510000	23520000	0
scaffold7	23520000	23530000	0
scaffold7	23530000	23540000	2
scaffold7	23540000	23550000	3
scaffold7	23550000	23560000	5
scaffold7	23560000	23570000	0
scaffold7	23570000	23580000	3
scaffold7	23580000	23590000	2
scaffold7	23590000	23600000	1
scaffold7	23600000	23610000	0
scaffold7	23610000	23620000	2
scaffold7	23620000	23630000	1
scaffold7	23630000	23640000	2
scaffold7	23640000	23650000	2
scaffold7	23650000	23660000	2
scaffold7	23660000	23670000	0
scaffold7	23670000	23680000	0
scaffold7	23680000	23690000	1
scaffold7	23690000	23700000	2
scaffold7	23700000	23710000	1
scaffold7	23710000	23720000	1
scaffold7	23720000	23730000	1
scaffold7	23730000	23740000	1
scaffold7	23740000	23750000	1
scaffold7	23750000	23760000	1
scaffold7	23760000	23770000	1
scaffold7	23770000	23780000	0
scaffold7	23780000	23790000	0
scaffold7	23790000	23800000	1
scaffold7	23800000	23810000	3
scaffold7	23810000	23820000	2
scaffold7	23820000	23830000	1
scaffold7	23830000	23840000	1
scaffold7	23840000	23850000	3
scaffold7	23850000	23860000	1
scaffold7	23860000	23870000	0
scaffold7	23870000	23880000	1
scaffold7	23880000	23890000	0
scaffold7	23890000	23900000	0
scaffold7	23900000	23910000	1
scaffold7	23910000	23920000	1
scaffold7	23920000	23930000	0
scaffold7	23930000	23940000	0
scaffold7	23940000	23950000	0
scaffold7	23950000	23960000	0
scaffold7	23960000	23970000	0
scaffold7	23970000	23980000	0
scaffold7	23980000	23990000	1
scaffold7	23990000	24000000	2
scaffold7	24000000	24010000	1
scaffold7	24010000	24020000	0
scaffold7	24020000	24030000	0
scaffold7	24030000	24040000	1
scaffold7	24040000	24050000	1
scaffold7	24050000	24060000	0
scaffold7	24060000	24070000	0
scaffold7	24070000	24080000	0
scaffold7	24080000	24090000	0
scaffold7	24090000	24100000	0
scaffold7	24100000	24110000	0
scaffold7	24110000	24120000	0
scaffold7	24120000	24130000	0
scaffold7	24130000	24140000	0
scaffold7	24140000	24150000	0
scaffold7	24150000	24160000	1
scaffold7	24160000	24170000	1
scaffold7	24170000	24180000	0
scaffold7	24180000	24190000	0
scaffold7	24190000	24200000	0
scaffold7	24200000	24210000	0
scaffold7	24210000	24220000	1
scaffold7	24220000	24230000	1
scaffold7	24230000	24240000	1
scaffold7	24240000	24250000	1
scaffold7	24250000	24260000	1
scaffold7	24260000	24270000	2
scaffold7	24270000	24280000	1
scaffold7	24280000	24290000	1
scaffold7	24290000	24300000	2
scaffold7	24300000	24310000	2
scaffold7	24310000	24320000	1
scaffold7	24320000	24330000	2
scaffold7	24330000	24340000	1
scaffold7	24340000	24350000	2
scaffold7	24350000	24360000	2
scaffold7	24360000	24370000	2
scaffold7	24370000	24380000	1
scaffold7	24380000	24390000	1
scaffold7	24390000	24400000	2
scaffold7	24400000	24410000	2
scaffold7	24410000	24420000	2
scaffold7	24420000	24430000	1
scaffold7	24430000	24440000	1
scaffold7	24440000	24450000	0
scaffold7	24450000	24460000	0
scaffold7	24460000	24470000	0
scaffold7	24470000	24480000	1
scaffold7	24480000	24490000	1
scaffold7	24490000	24500000	0
scaffold7	24500000	24510000	0
scaffold7	24510000	24520000	2
scaffold7	24520000	24530000	1
scaffold7	24530000	24540000	1
scaffold7	24540000	24550000	1
scaffold7	24550000	24560000	1
scaffold7	24560000	24570000	1
scaffold7	24570000	24580000	2
scaffold7	24580000	24590000	2
scaffold7	24590000	24600000	1
scaffold7	24600000	24610000	1
scaffold7	24610000	24620000	1
scaffold7	24620000	24630000	1
scaffold7	24630000	24640000	0
scaffold7	24640000	24650000	0
scaffold7	24650000	24660000	0
scaffold7	24660000	24670000	1
scaffold7	24670000	24680000	2
scaffold7	24680000	24690000	1
scaffold7	24690000	24700000	1
scaffold7	24700000	24710000	1
scaffold7	24710000	24720000	0
scaffold7	24720000	24730000	1
scaffold7	24730000	24740000	1
scaffold7	24740000	24750000	1
scaffold7	24750000	24760000	2
scaffold7	24760000	24770000	2
scaffold7	24770000	24780000	2
scaffold7	24780000	24790000	1
scaffold7	24790000	24800000	1
scaffold7	24800000	24810000	3
scaffold7	24810000	24820000	1
scaffold7	24820000	24830000	0
scaffold7	24830000	24840000	0
scaffold7	24840000	24850000	0
scaffold7	24850000	24860000	1
scaffold7	24860000	24870000	0
scaffold7	24870000	24880000	1
scaffold7	24880000	24890000	1
scaffold7	24890000	24900000	1
scaffold7	24900000	24910000	0
scaffold7	24910000	24920000	0
scaffold7	24920000	24930000	1
scaffold7	24930000	24940000	1
scaffold7	24940000	24950000	1
scaffold7	24950000	24960000	0
scaffold7	24960000	24970000	1
scaffold7	24970000	24980000	1
scaffold7	24980000	24990000	2
scaffold7	24990000	25000000	1
scaffold7	25000000	25010000	2
scaffold7	25010000	25020000	1
scaffold7	25020000	25030000	0
scaffold7	25030000	25040000	0
scaffold7	25040000	25050000	0
scaffold7	25050000	25060000	0
scaffold7	25060000	25070000	0
scaffold7	25070000	25080000	0
scaffold7	25080000	25090000	0
scaffold7	25090000	25100000	0
scaffold7	25100000	25110000	0
scaffold7	25110000	25120000	0
scaffold7	25120000	25130000	0
scaffold7	25130000	25140000	0
scaffold7	25140000	25150000	0
scaffold7	25150000	25160000	0
scaffold7	25160000	25170000	0
scaffold7	25170000	25180000	0
scaffold7	25180000	25190000	0
scaffold7	25190000	25200000	0
scaffold7	25200000	25210000	0
scaffold7	25210000	25220000	1
scaffold7	25220000	25230000	0
scaffold7	25230000	25240000	0
scaffold7	25240000	25250000	0
scaffold7	25250000	25260000	0
scaffold7	25260000	25270000	0
scaffold7	25270000	25280000	0
scaffold7	25280000	25290000	0
scaffold7	25290000	25300000	0
scaffold7	25300000	25310000	0
scaffold7	25310000	25320000	0
scaffold7	25320000	25330000	0
scaffold7	25330000	25340000	0
scaffold7	25340000	25350000	0
scaffold7	25350000	25360000	0
scaffold7	25360000	25370000	0
scaffold7	25370000	25380000	0
scaffold7	25380000	25390000	0
scaffold7	25390000	25400000	0
scaffold7	25400000	25410000	0
scaffold7	25410000	25420000	0
scaffold7	25420000	25430000	2
scaffold7	25430000	25440000	0
scaffold7	25440000	25450000	1
scaffold7	25450000	25460000	1
scaffold7	25460000	25470000	1
scaffold7	25470000	25480000	2
scaffold7	25480000	25490000	0
scaffold7	25490000	25500000	1
scaffold7	25500000	25510000	2
scaffold7	25510000	25520000	0
scaffold7	25520000	25530000	1
scaffold7	25530000	25540000	0
scaffold7	25540000	25550000	2
scaffold7	25550000	25560000	2
scaffold7	25560000	25570000	0
scaffold7	25570000	25580000	0
scaffold7	25580000	25590000	0
scaffold7	25590000	25600000	0
scaffold7	25600000	25610000	1
scaffold7	25610000	25620000	2
scaffold7	25620000	25630000	1
scaffold7	25630000	25640000	1
scaffold7	25640000	25650000	1
scaffold7	25650000	25660000	1
scaffold7	25660000	25670000	2
scaffold7	25670000	25680000	1
scaffold7	25680000	25690000	0
scaffold7	25690000	25700000	0
scaffold7	25700000	25710000	0
scaffold7	25710000	25720000	0
scaffold7	25720000	25730000	1
scaffold7	25730000	25740000	1
scaffold7	25740000	25750000	1
scaffold7	25750000	25760000	1
scaffold7	25760000	25770000	0
scaffold7	25770000	25780000	0
scaffold7	25780000	25790000	0
scaffold7	25790000	25800000	1
scaffold7	25800000	25810000	1
scaffold7	25810000	25820000	1
scaffold7	25820000	25830000	2
scaffold7	25830000	25840000	1
scaffold7	25840000	25850000	2
scaffold7	25850000	25860000	1
scaffold7	25860000	25870000	1
scaffold7	25870000	25880000	0
scaffold7	25880000	25890000	1
scaffold7	25890000	25900000	2
scaffold7	25900000	25910000	2
scaffold7	25910000	25920000	1
scaffold7	25920000	25930000	1
scaffold7	25930000	25940000	0
scaffold7	25940000	25950000	1
scaffold7	25950000	25960000	1
scaffold7	25960000	25970000	1
scaffold7	25970000	25980000	0
scaffold7	25980000	25990000	0
scaffold7	25990000	26000000	0
scaffold7	26000000	26010000	0
scaffold7	26010000	26020000	1
scaffold7	26020000	26030000	1
scaffold7	26030000	26040000	1
scaffold7	26040000	26050000	0
scaffold7	26050000	26060000	0
scaffold7	26060000	26070000	0
scaffold7	26070000	26080000	1
scaffold7	26080000	26090000	1
scaffold7	26090000	26100000	0
scaffold7	26100000	26110000	0
scaffold7	26110000	26120000	0
scaffold7	26120000	26130000	0
scaffold7	26130000	26140000	1
scaffold7	26140000	26150000	0
scaffold7	26150000	26160000	0
scaffold7	26160000	26170000	0
scaffold7	26170000	26180000	1
scaffold7	26180000	26190000	0
scaffold7	26190000	26200000	1
scaffold7	26200000	26210000	1
scaffold7	26210000	26220000	1
scaffold7	26220000	26230000	0
scaffold7	26230000	26240000	0
scaffold7	26240000	26250000	0
scaffold7	26250000	26260000	0
scaffold7	26260000	26270000	2
scaffold7	26270000	26280000	1
scaffold7	26280000	26290000	1
scaffold7	26290000	26300000	1
scaffold7	26300000	26310000	0
scaffold7	26310000	26320000	1
scaffold7	26320000	26330000	0
scaffold7	26330000	26340000	0
scaffold7	26340000	26350000	1
scaffold7	26350000	26360000	2
scaffold7	26360000	26370000	3
scaffold7	26370000	26378192	0
scaffold8	0	10000	0
scaffold8	10000	20000	0
scaffold8	20000	30000	0
scaffold8	30000	40000	0
scaffold8	40000	50000	0
scaffold8	50000	60000	0
scaffold8	60000	70000	0
scaffold8	70000	80000	0
scaffold8	80000	90000	1
scaffold8	90000	100000	0
scaffold8	100000	110000	0
scaffold8	110000	120000	2
scaffold8	120000	130000	0
scaffold8	130000	140000	1
scaffold8	140000	150000	1
scaffold8	150000	160000	1
scaffold8	160000	170000	0
scaffold8	170000	180000	1
scaffold8	180000	190000	1
scaffold8	190000	200000	1
scaffold8	200000	210000	1
scaffold8	210000	220000	1
scaffold8	220000	230000	1
scaffold8	230000	240000	1
scaffold8	240000	250000	2
scaffold8	250000	260000	1
scaffold8	260000	270000	0
scaffold8	270000	280000	0
scaffold8	280000	290000	0
scaffold8	290000	300000	0
scaffold8	300000	310000	0
scaffold8	310000	320000	2
scaffold8	320000	330000	1
scaffold8	330000	340000	0
scaffold8	340000	350000	0
scaffold8	350000	360000	1
scaffold8	360000	370000	0
scaffold8	370000	380000	0
scaffold8	380000	390000	0
scaffold8	390000	400000	1
scaffold8	400000	410000	2
scaffold8	410000	420000	1
scaffold8	420000	430000	1
scaffold8	430000	440000	1
scaffold8	440000	450000	1
scaffold8	450000	460000	1
scaffold8	460000	470000	1
scaffold8	470000	480000	2
scaffold8	480000	490000	2
scaffold8	490000	500000	1
scaffold8	500000	510000	0
scaffold8	510000	520000	0
scaffold8	520000	530000	0
scaffold8	530000	540000	0
scaffold8	540000	550000	1
scaffold8	550000	560000	1
scaffold8	560000	570000	3
scaffold8	570000	580000	3
scaffold8	580000	590000	1
scaffold8	590000	600000	0
scaffold8	600000	610000	1
scaffold8	610000	620000	1
scaffold8	620000	630000	1
scaffold8	630000	640000	1
scaffold8	640000	650000	0
scaffold8	650000	660000	1
scaffold8	660000	670000	1
scaffold8	670000	680000	2
scaffold8	680000	690000	3
scaffold8	690000	700000	1
scaffold8	700000	710000	2
scaffold8	710000	720000	1
scaffold8	720000	730000	2
scaffold8	730000	740000	1
scaffold8	740000	750000	2
scaffold8	750000	760000	1
scaffold8	760000	770000	3
scaffold8	770000	780000	1
scaffold8	780000	790000	1
scaffold8	790000	800000	3
scaffold8	800000	810000	2
scaffold8	810000	820000	2
scaffold8	820000	830000	2
scaffold8	830000	840000	1
scaffold8	840000	850000	1
scaffold8	850000	860000	0
scaffold8	860000	870000	1
scaffold8	870000	880000	2
scaffold8	880000	890000	1
scaffold8	890000	900000	1
scaffold8	900000	910000	1
scaffold8	910000	920000	1
scaffold8	920000	930000	1
scaffold8	930000	940000	1
scaffold8	940000	950000	2
scaffold8	950000	960000	1
scaffold8	960000	970000	1
scaffold8	970000	980000	1
scaffold8	980000	990000	3
scaffold8	990000	1000000	2
scaffold8	1000000	1010000	1
scaffold8	1010000	1020000	2
scaffold8	1020000	1030000	1
scaffold8	1030000	1040000	1
scaffold8	1040000	1050000	2
scaffold8	1050000	1060000	2
scaffold8	1060000	1070000	2
scaffold8	1070000	1080000	2
scaffold8	1080000	1090000	3
scaffold8	1090000	1100000	2
scaffold8	1100000	1110000	2
scaffold8	1110000	1120000	2
scaffold8	1120000	1130000	4
scaffold8	1130000	1140000	3
scaffold8	1140000	1150000	1
scaffold8	1150000	1160000	1
scaffold8	1160000	1170000	1
scaffold8	1170000	1180000	1
scaffold8	1180000	1190000	1
scaffold8	1190000	1200000	1
scaffold8	1200000	1210000	1
scaffold8	1210000	1220000	1
scaffold8	1220000	1230000	1
scaffold8	1230000	1240000	1
scaffold8	1240000	1250000	1
scaffold8	1250000	1260000	2
scaffold8	1260000	1270000	0
scaffold8	1270000	1280000	0
scaffold8	1280000	1290000	0
scaffold8	1290000	1300000	0
scaffold8	1300000	1310000	0
scaffold8	1310000	1320000	1
scaffold8	1320000	1330000	1
scaffold8	1330000	1340000	1
scaffold8	1340000	1350000	0
scaffold8	1350000	1360000	2
scaffold8	1360000	1370000	4
scaffold8	1370000	1380000	1
scaffold8	1380000	1390000	2
scaffold8	1390000	1400000	2
scaffold8	1400000	1410000	0
scaffold8	1410000	1420000	0
scaffold8	1420000	1430000	0
scaffold8	1430000	1440000	0
scaffold8	1440000	1450000	0
scaffold8	1450000	1460000	0
scaffold8	1460000	1470000	2
scaffold8	1470000	1480000	1
scaffold8	1480000	1490000	1
scaffold8	1490000	1500000	0
scaffold8	1500000	1510000	2
scaffold8	1510000	1520000	2
scaffold8	1520000	1530000	2
scaffold8	1530000	1540000	1
scaffold8	1540000	1550000	0
scaffold8	1550000	1560000	0
scaffold8	1560000	1570000	0
scaffold8	1570000	1580000	0
scaffold8	1580000	1590000	0
scaffold8	1590000	1600000	2
scaffold8	1600000	1610000	2
scaffold8	1610000	1620000	1
scaffold8	1620000	1630000	0
scaffold8	1630000	1640000	0
scaffold8	1640000	1650000	1
scaffold8	1650000	1660000	1
scaffold8	1660000	1670000	1
scaffold8	1670000	1680000	2
scaffold8	1680000	1690000	2
scaffold8	1690000	1700000	1
scaffold8	1700000	1710000	1
scaffold8	1710000	1720000	2
scaffold8	1720000	1730000	0
scaffold8	1730000	1740000	0
scaffold8	1740000	1750000	0
scaffold8	1750000	1760000	0
scaffold8	1760000	1770000	0
scaffold8	1770000	1780000	0
scaffold8	1780000	1790000	0
scaffold8	1790000	1800000	0
scaffold8	1800000	1810000	0
scaffold8	1810000	1820000	0
scaffold8	1820000	1830000	1
scaffold8	1830000	1840000	1
scaffold8	1840000	1850000	2
scaffold8	1850000	1860000	0
scaffold8	1860000	1870000	0
scaffold8	1870000	1880000	0
scaffold8	1880000	1890000	0
scaffold8	1890000	1900000	1
scaffold8	1900000	1910000	1
scaffold8	1910000	1920000	1
scaffold8	1920000	1930000	2
scaffold8	1930000	1940000	1
scaffold8	1940000	1950000	2
scaffold8	1950000	1960000	2
scaffold8	1960000	1970000	1
scaffold8	1970000	1980000	1
scaffold8	1980000	1990000	2
scaffold8	1990000	2000000	2
scaffold8	2000000	2010000	1
scaffold8	2010000	2020000	1
scaffold8	2020000	2030000	0
scaffold8	2030000	2040000	0
scaffold8	2040000	2050000	0
scaffold8	2050000	2060000	1
scaffold8	2060000	2070000	2
scaffold8	2070000	2080000	0
scaffold8	2080000	2090000	0
scaffold8	2090000	2100000	0
scaffold8	2100000	2110000	1
scaffold8	2110000	2120000	1
scaffold8	2120000	2130000	1
scaffold8	2130000	2140000	1
scaffold8	2140000	2150000	2
scaffold8	2150000	2160000	0
scaffold8	2160000	2170000	1
scaffold8	2170000	2180000	3
scaffold8	2180000	2190000	1
scaffold8	2190000	2200000	0
scaffold8	2200000	2210000	0
scaffold8	2210000	2220000	0
scaffold8	2220000	2230000	0
scaffold8	2230000	2240000	1
scaffold8	2240000	2250000	1
scaffold8	2250000	2260000	1
scaffold8	2260000	2270000	1
scaffold8	2270000	2280000	1
scaffold8	2280000	2290000	0
scaffold8	2290000	2300000	0
scaffold8	2300000	2310000	0
scaffold8	2310000	2320000	0
scaffold8	2320000	2330000	0
scaffold8	2330000	2340000	1
scaffold8	2340000	2350000	0
scaffold8	2350000	2360000	1
scaffold8	2360000	2370000	1
scaffold8	2370000	2380000	1
scaffold8	2380000	2390000	1
scaffold8	2390000	2400000	0
scaffold8	2400000	2410000	0
scaffold8	2410000	2420000	0
scaffold8	2420000	2430000	2
scaffold8	2430000	2440000	2
scaffold8	2440000	2450000	1
scaffold8	2450000	2460000	2
scaffold8	2460000	2470000	1
scaffold8	2470000	2480000	2
scaffold8	2480000	2490000	2
scaffold8	2490000	2500000	0
scaffold8	2500000	2510000	0
scaffold8	2510000	2520000	0
scaffold8	2520000	2530000	0
scaffold8	2530000	2540000	0
scaffold8	2540000	2550000	0
scaffold8	2550000	2560000	0
scaffold8	2560000	2570000	1
scaffold8	2570000	2580000	1
scaffold8	2580000	2590000	1
scaffold8	2590000	2600000	0
scaffold8	2600000	2610000	1
scaffold8	2610000	2620000	2
scaffold8	2620000	2630000	2
scaffold8	2630000	2640000	1
scaffold8	2640000	2650000	0
scaffold8	2650000	2660000	0
scaffold8	2660000	2670000	0
scaffold8	2670000	2680000	0
scaffold8	2680000	2690000	1
scaffold8	2690000	2700000	1
scaffold8	2700000	2710000	1
scaffold8	2710000	2720000	1
scaffold8	2720000	2730000	1
scaffold8	2730000	2740000	0
scaffold8	2740000	2750000	0
scaffold8	2750000	2760000	0
scaffold8	2760000	2770000	0
scaffold8	2770000	2780000	0
scaffold8	2780000	2790000	0
scaffold8	2790000	2800000	0
scaffold8	2800000	2810000	0
scaffold8	2810000	2820000	0
scaffold8	2820000	2830000	0
scaffold8	2830000	2840000	0
scaffold8	2840000	2850000	0
scaffold8	2850000	2860000	0
scaffold8	2860000	2870000	0
scaffold8	2870000	2880000	0
scaffold8	2880000	2890000	0
scaffold8	2890000	2900000	0
scaffold8	2900000	2910000	0
scaffold8	2910000	2920000	0
scaffold8	2920000	2930000	1
scaffold8	2930000	2940000	1
scaffold8	2940000	2950000	1
scaffold8	2950000	2960000	7
scaffold8	2960000	2970000	1
scaffold8	2970000	2980000	1
scaffold8	2980000	2990000	2
scaffold8	2990000	3000000	3
scaffold8	3000000	3010000	2
scaffold8	3010000	3020000	1
scaffold8	3020000	3030000	2
scaffold8	3030000	3040000	3
scaffold8	3040000	3050000	0
scaffold8	3050000	3060000	1
scaffold8	3060000	3070000	1
scaffold8	3070000	3080000	1
scaffold8	3080000	3090000	2
scaffold8	3090000	3100000	1
scaffold8	3100000	3110000	2
scaffold8	3110000	3120000	2
scaffold8	3120000	3130000	2
scaffold8	3130000	3140000	1
scaffold8	3140000	3150000	2
scaffold8	3150000	3160000	1
scaffold8	3160000	3170000	1
scaffold8	3170000	3180000	0
scaffold8	3180000	3190000	0
scaffold8	3190000	3200000	0
scaffold8	3200000	3210000	0
scaffold8	3210000	3220000	1
scaffold8	3220000	3230000	2
scaffold8	3230000	3240000	3
scaffold8	3240000	3250000	2
scaffold8	3250000	3260000	1
scaffold8	3260000	3270000	1
scaffold8	3270000	3280000	2
scaffold8	3280000	3290000	3
scaffold8	3290000	3300000	2
scaffold8	3300000	3310000	2
scaffold8	3310000	3320000	1
scaffold8	3320000	3330000	2
scaffold8	3330000	3340000	2
scaffold8	3340000	3350000	2
scaffold8	3350000	3360000	1
scaffold8	3360000	3370000	0
scaffold8	3370000	3380000	0
scaffold8	3380000	3390000	0
scaffold8	3390000	3400000	1
scaffold8	3400000	3410000	1
scaffold8	3410000	3420000	1
scaffold8	3420000	3430000	2
scaffold8	3430000	3440000	2
scaffold8	3440000	3450000	1
scaffold8	3450000	3460000	1
scaffold8	3460000	3470000	2
scaffold8	3470000	3480000	2
scaffold8	3480000	3490000	1
scaffold8	3490000	3500000	1
scaffold8	3500000	3510000	0
scaffold8	3510000	3520000	0
scaffold8	3520000	3530000	1
scaffold8	3530000	3540000	1
scaffold8	3540000	3550000	2
scaffold8	3550000	3560000	1
scaffold8	3560000	3570000	1
scaffold8	3570000	3580000	1
scaffold8	3580000	3590000	1
scaffold8	3590000	3600000	1
scaffold8	3600000	3610000	1
scaffold8	3610000	3620000	1
scaffold8	3620000	3630000	1
scaffold8	3630000	3640000	1
scaffold8	3640000	3650000	2
scaffold8	3650000	3660000	2
scaffold8	3660000	3670000	1
scaffold8	3670000	3680000	1
scaffold8	3680000	3690000	1
scaffold8	3690000	3700000	2
scaffold8	3700000	3710000	2
scaffold8	3710000	3720000	0
scaffold8	3720000	3730000	0
scaffold8	3730000	3740000	0
scaffold8	3740000	3750000	0
scaffold8	3750000	3760000	1
scaffold8	3760000	3770000	1
scaffold8	3770000	3780000	1
scaffold8	3780000	3790000	0
scaffold8	3790000	3800000	1
scaffold8	3800000	3810000	2
scaffold8	3810000	3820000	2
scaffold8	3820000	3830000	1
scaffold8	3830000	3840000	3
scaffold8	3840000	3850000	2
scaffold8	3850000	3860000	2
scaffold8	3860000	3870000	2
scaffold8	3870000	3880000	1
scaffold8	3880000	3890000	1
scaffold8	3890000	3900000	1
scaffold8	3900000	3910000	1
scaffold8	3910000	3920000	2
scaffold8	3920000	3930000	2
scaffold8	3930000	3940000	2
scaffold8	3940000	3950000	0
scaffold8	3950000	3960000	0
scaffold8	3960000	3970000	0
scaffold8	3970000	3980000	0
scaffold8	3980000	3990000	0
scaffold8	3990000	4000000	0
scaffold8	4000000	4010000	1
scaffold8	4010000	4020000	2
scaffold8	4020000	4030000	1
scaffold8	4030000	4040000	1
scaffold8	4040000	4050000	1
scaffold8	4050000	4060000	1
scaffold8	4060000	4070000	1
scaffold8	4070000	4080000	1
scaffold8	4080000	4090000	1
scaffold8	4090000	4100000	3
scaffold8	4100000	4110000	1
scaffold8	4110000	4120000	2
scaffold8	4120000	4130000	1
scaffold8	4130000	4140000	1
scaffold8	4140000	4150000	1
scaffold8	4150000	4160000	2
scaffold8	4160000	4170000	1
scaffold8	4170000	4180000	0
scaffold8	4180000	4190000	0
scaffold8	4190000	4200000	0
scaffold8	4200000	4210000	1
scaffold8	4210000	4220000	1
scaffold8	4220000	4230000	2
scaffold8	4230000	4240000	1
scaffold8	4240000	4250000	1
scaffold8	4250000	4260000	1
scaffold8	4260000	4270000	1
scaffold8	4270000	4280000	1
scaffold8	4280000	4290000	1
scaffold8	4290000	4300000	2
scaffold8	4300000	4310000	1
scaffold8	4310000	4320000	2
scaffold8	4320000	4330000	1
scaffold8	4330000	4340000	0
scaffold8	4340000	4350000	2
scaffold8	4350000	4360000	2
scaffold8	4360000	4370000	1
scaffold8	4370000	4380000	0
scaffold8	4380000	4390000	1
scaffold8	4390000	4400000	2
scaffold8	4400000	4410000	1
scaffold8	4410000	4420000	0
scaffold8	4420000	4430000	1
scaffold8	4430000	4440000	2
scaffold8	4440000	4450000	2
scaffold8	4450000	4460000	1
scaffold8	4460000	4470000	1
scaffold8	4470000	4480000	0
scaffold8	4480000	4490000	1
scaffold8	4490000	4500000	1
scaffold8	4500000	4510000	0
scaffold8	4510000	4520000	0
scaffold8	4520000	4530000	0
scaffold8	4530000	4540000	0
scaffold8	4540000	4550000	1
scaffold8	4550000	4560000	2
scaffold8	4560000	4570000	1
scaffold8	4570000	4580000	0
scaffold8	4580000	4590000	0
scaffold8	4590000	4600000	1
scaffold8	4600000	4610000	1
scaffold8	4610000	4620000	1
scaffold8	4620000	4630000	0
scaffold8	4630000	4640000	2
scaffold8	4640000	4650000	2
scaffold8	4650000	4660000	2
scaffold8	4660000	4670000	1
scaffold8	4670000	4680000	1
scaffold8	4680000	4690000	1
scaffold8	4690000	4700000	1
scaffold8	4700000	4710000	1
scaffold8	4710000	4720000	1
scaffold8	4720000	4730000	1
scaffold8	4730000	4740000	1
scaffold8	4740000	4750000	2
scaffold8	4750000	4760000	0
scaffold8	4760000	4770000	1
scaffold8	4770000	4780000	1
scaffold8	4780000	4790000	1
scaffold8	4790000	4800000	2
scaffold8	4800000	4810000	0
scaffold8	4810000	4820000	0
scaffold8	4820000	4830000	0
scaffold8	4830000	4840000	2
scaffold8	4840000	4850000	1
scaffold8	4850000	4860000	3
scaffold8	4860000	4870000	1
scaffold8	4870000	4880000	2
scaffold8	4880000	4890000	2
scaffold8	4890000	4900000	1
scaffold8	4900000	4910000	2
scaffold8	4910000	4920000	1
scaffold8	4920000	4930000	0
scaffold8	4930000	4940000	0
scaffold8	4940000	4950000	0
scaffold8	4950000	4960000	0
scaffold8	4960000	4970000	0
scaffold8	4970000	4980000	0
scaffold8	4980000	4990000	1
scaffold8	4990000	5000000	2
scaffold8	5000000	5010000	2
scaffold8	5010000	5020000	2
scaffold8	5020000	5030000	2
scaffold8	5030000	5040000	1
scaffold8	5040000	5050000	1
scaffold8	5050000	5060000	2
scaffold8	5060000	5070000	1
scaffold8	5070000	5080000	0
scaffold8	5080000	5090000	1
scaffold8	5090000	5100000	1
scaffold8	5100000	5110000	2
scaffold8	5110000	5120000	1
scaffold8	5120000	5130000	0
scaffold8	5130000	5140000	0
scaffold8	5140000	5150000	1
scaffold8	5150000	5160000	1
scaffold8	5160000	5170000	2
scaffold8	5170000	5180000	0
scaffold8	5180000	5190000	0
scaffold8	5190000	5200000	0
scaffold8	5200000	5210000	0
scaffold8	5210000	5220000	0
scaffold8	5220000	5230000	0
scaffold8	5230000	5240000	0
scaffold8	5240000	5250000	0
scaffold8	5250000	5260000	0
scaffold8	5260000	5270000	0
scaffold8	5270000	5280000	1
scaffold8	5280000	5290000	1
scaffold8	5290000	5300000	2
scaffold8	5300000	5310000	2
scaffold8	5310000	5320000	1
scaffold8	5320000	5330000	1
scaffold8	5330000	5340000	1
scaffold8	5340000	5350000	4
scaffold8	5350000	5360000	1
scaffold8	5360000	5370000	1
scaffold8	5370000	5380000	1
scaffold8	5380000	5390000	2
scaffold8	5390000	5400000	0
scaffold8	5400000	5410000	1
scaffold8	5410000	5420000	1
scaffold8	5420000	5430000	1
scaffold8	5430000	5440000	0
scaffold8	5440000	5450000	0
scaffold8	5450000	5460000	2
scaffold8	5460000	5470000	1
scaffold8	5470000	5480000	1
scaffold8	5480000	5490000	2
scaffold8	5490000	5500000	2
scaffold8	5500000	5510000	1
scaffold8	5510000	5520000	1
scaffold8	5520000	5530000	2
scaffold8	5530000	5540000	0
scaffold8	5540000	5550000	0
scaffold8	5550000	5560000	0
scaffold8	5560000	5570000	0
scaffold8	5570000	5580000	0
scaffold8	5580000	5590000	0
scaffold8	5590000	5600000	1
scaffold8	5600000	5610000	1
scaffold8	5610000	5620000	1
scaffold8	5620000	5630000	2
scaffold8	5630000	5640000	0
scaffold8	5640000	5650000	0
scaffold8	5650000	5660000	1
scaffold8	5660000	5670000	1
scaffold8	5670000	5680000	2
scaffold8	5680000	5690000	0
scaffold8	5690000	5700000	1
scaffold8	5700000	5710000	1
scaffold8	5710000	5720000	1
scaffold8	5720000	5730000	2
scaffold8	5730000	5740000	1
scaffold8	5740000	5750000	1
scaffold8	5750000	5760000	1
scaffold8	5760000	5770000	0
scaffold8	5770000	5780000	1
scaffold8	5780000	5790000	2
scaffold8	5790000	5800000	2
scaffold8	5800000	5810000	1
scaffold8	5810000	5820000	2
scaffold8	5820000	5830000	0
scaffold8	5830000	5840000	1
scaffold8	5840000	5850000	3
scaffold8	5850000	5860000	1
scaffold8	5860000	5870000	1
scaffold8	5870000	5880000	1
scaffold8	5880000	5890000	0
scaffold8	5890000	5900000	0
scaffold8	5900000	5910000	1
scaffold8	5910000	5920000	2
scaffold8	5920000	5930000	0
scaffold8	5930000	5940000	0
scaffold8	5940000	5950000	0
scaffold8	5950000	5960000	0
scaffold8	5960000	5970000	0
scaffold8	5970000	5980000	0
scaffold8	5980000	5990000	0
scaffold8	5990000	6000000	0
scaffold8	6000000	6010000	0
scaffold8	6010000	6020000	0
scaffold8	6020000	6030000	1
scaffold8	6030000	6040000	0
scaffold8	6040000	6050000	1
scaffold8	6050000	6060000	1
scaffold8	6060000	6070000	1
scaffold8	6070000	6080000	1
scaffold8	6080000	6090000	1
scaffold8	6090000	6100000	1
scaffold8	6100000	6110000	0
scaffold8	6110000	6120000	1
scaffold8	6120000	6130000	2
scaffold8	6130000	6140000	1
scaffold8	6140000	6150000	3
scaffold8	6150000	6160000	2
scaffold8	6160000	6170000	0
scaffold8	6170000	6180000	1
scaffold8	6180000	6190000	0
scaffold8	6190000	6200000	0
scaffold8	6200000	6210000	0
scaffold8	6210000	6220000	0
scaffold8	6220000	6230000	0
scaffold8	6230000	6240000	0
scaffold8	6240000	6250000	0
scaffold8	6250000	6260000	0
scaffold8	6260000	6270000	0
scaffold8	6270000	6280000	1
scaffold8	6280000	6290000	2
scaffold8	6290000	6300000	2
scaffold8	6300000	6310000	1
scaffold8	6310000	6320000	2
scaffold8	6320000	6330000	2
scaffold8	6330000	6340000	0
scaffold8	6340000	6350000	0
scaffold8	6350000	6360000	0
scaffold8	6360000	6370000	0
scaffold8	6370000	6380000	1
scaffold8	6380000	6390000	1
scaffold8	6390000	6400000	2
scaffold8	6400000	6410000	1
scaffold8	6410000	6420000	1
scaffold8	6420000	6430000	1
scaffold8	6430000	6440000	1
scaffold8	6440000	6450000	2
scaffold8	6450000	6460000	2
scaffold8	6460000	6470000	1
scaffold8	6470000	6480000	0
scaffold8	6480000	6490000	0
scaffold8	6490000	6500000	0
scaffold8	6500000	6510000	1
scaffold8	6510000	6520000	2
scaffold8	6520000	6530000	2
scaffold8	6530000	6540000	1
scaffold8	6540000	6550000	2
scaffold8	6550000	6560000	1
scaffold8	6560000	6570000	1
scaffold8	6570000	6580000	1
scaffold8	6580000	6590000	0
scaffold8	6590000	6600000	0
scaffold8	6600000	6610000	0
scaffold8	6610000	6620000	1
scaffold8	6620000	6630000	2
scaffold8	6630000	6640000	1
scaffold8	6640000	6650000	0
scaffold8	6650000	6660000	0
scaffold8	6660000	6670000	0
scaffold8	6670000	6680000	0
scaffold8	6680000	6690000	1
scaffold8	6690000	6700000	2
scaffold8	6700000	6710000	1
scaffold8	6710000	6720000	1
scaffold8	6720000	6730000	4
scaffold8	6730000	6740000	0
scaffold8	6740000	6750000	1
scaffold8	6750000	6760000	1
scaffold8	6760000	6770000	2
scaffold8	6770000	6780000	1
scaffold8	6780000	6790000	2
scaffold8	6790000	6800000	2
scaffold8	6800000	6810000	2
scaffold8	6810000	6820000	1
scaffold8	6820000	6830000	1
scaffold8	6830000	6840000	1
scaffold8	6840000	6850000	1
scaffold8	6850000	6860000	2
scaffold8	6860000	6870000	1
scaffold8	6870000	6880000	2
scaffold8	6880000	6890000	2
scaffold8	6890000	6900000	2
scaffold8	6900000	6910000	1
scaffold8	6910000	6920000	1
scaffold8	6920000	6930000	1
scaffold8	6930000	6940000	1
scaffold8	6940000	6950000	1
scaffold8	6950000	6960000	1
scaffold8	6960000	6970000	1
scaffold8	6970000	6980000	1
scaffold8	6980000	6990000	1
scaffold8	6990000	7000000	1
scaffold8	7000000	7010000	1
scaffold8	7010000	7020000	1
scaffold8	7020000	7030000	2
scaffold8	7030000	7040000	2
scaffold8	7040000	7050000	2
scaffold8	7050000	7060000	2
scaffold8	7060000	7070000	1
scaffold8	7070000	7080000	1
scaffold8	7080000	7090000	2
scaffold8	7090000	7100000	0
scaffold8	7100000	7110000	2
scaffold8	7110000	7120000	1
scaffold8	7120000	7130000	1
scaffold8	7130000	7140000	2
scaffold8	7140000	7150000	2
scaffold8	7150000	7160000	2
scaffold8	7160000	7170000	2
scaffold8	7170000	7180000	3
scaffold8	7180000	7190000	2
scaffold8	7190000	7200000	1
scaffold8	7200000	7210000	2
scaffold8	7210000	7220000	2
scaffold8	7220000	7230000	2
scaffold8	7230000	7240000	0
scaffold8	7240000	7250000	1
scaffold8	7250000	7260000	1
scaffold8	7260000	7270000	1
scaffold8	7270000	7280000	1
scaffold8	7280000	7290000	0
scaffold8	7290000	7300000	2
scaffold8	7300000	7310000	1
scaffold8	7310000	7320000	2
scaffold8	7320000	7330000	0
scaffold8	7330000	7340000	0
scaffold8	7340000	7350000	0
scaffold8	7350000	7360000	1
scaffold8	7360000	7370000	1
scaffold8	7370000	7380000	1
scaffold8	7380000	7390000	1
scaffold8	7390000	7400000	1
scaffold8	7400000	7410000	1
scaffold8	7410000	7420000	0
scaffold8	7420000	7430000	0
scaffold8	7430000	7440000	0
scaffold8	7440000	7450000	0
scaffold8	7450000	7460000	0
scaffold8	7460000	7470000	0
scaffold8	7470000	7480000	1
scaffold8	7480000	7490000	0
scaffold8	7490000	7500000	0
scaffold8	7500000	7510000	0
scaffold8	7510000	7520000	0
scaffold8	7520000	7530000	0
scaffold8	7530000	7540000	0
scaffold8	7540000	7550000	1
scaffold8	7550000	7560000	1
scaffold8	7560000	7570000	1
scaffold8	7570000	7580000	2
scaffold8	7580000	7590000	2
scaffold8	7590000	7600000	0
scaffold8	7600000	7610000	1
scaffold8	7610000	7620000	1
scaffold8	7620000	7630000	0
scaffold8	7630000	7640000	2
scaffold8	7640000	7650000	2
scaffold8	7650000	7660000	1
scaffold8	7660000	7670000	1
scaffold8	7670000	7680000	0
scaffold8	7680000	7690000	3
scaffold8	7690000	7700000	1
scaffold8	7700000	7710000	1
scaffold8	7710000	7720000	1
scaffold8	7720000	7730000	1
scaffold8	7730000	7740000	2
scaffold8	7740000	7750000	1
scaffold8	7750000	7760000	1
scaffold8	7760000	7770000	1
scaffold8	7770000	7780000	1
scaffold8	7780000	7790000	1
scaffold8	7790000	7800000	0
scaffold8	7800000	7810000	2
scaffold8	7810000	7820000	1
scaffold8	7820000	7830000	1
scaffold8	7830000	7840000	2
scaffold8	7840000	7850000	2
scaffold8	7850000	7860000	1
scaffold8	7860000	7870000	1
scaffold8	7870000	7880000	1
scaffold8	7880000	7890000	1
scaffold8	7890000	7900000	1
scaffold8	7900000	7910000	1
scaffold8	7910000	7920000	1
scaffold8	7920000	7930000	0
scaffold8	7930000	7940000	0
scaffold8	7940000	7950000	1
scaffold8	7950000	7960000	1
scaffold8	7960000	7970000	2
scaffold8	7970000	7980000	2
scaffold8	7980000	7990000	1
scaffold8	7990000	8000000	0
scaffold8	8000000	8010000	0
scaffold8	8010000	8020000	0
scaffold8	8020000	8030000	1
scaffold8	8030000	8040000	2
scaffold8	8040000	8050000	0
scaffold8	8050000	8060000	0
scaffold8	8060000	8070000	0
scaffold8	8070000	8080000	0
scaffold8	8080000	8090000	0
scaffold8	8090000	8100000	1
scaffold8	8100000	8110000	0
scaffold8	8110000	8120000	1
scaffold8	8120000	8130000	0
scaffold8	8130000	8140000	0
scaffold8	8140000	8150000	0
scaffold8	8150000	8160000	0
scaffold8	8160000	8170000	1
scaffold8	8170000	8180000	3
scaffold8	8180000	8190000	2
scaffold8	8190000	8200000	1
scaffold8	8200000	8210000	2
scaffold8	8210000	8220000	2
scaffold8	8220000	8230000	1
scaffold8	8230000	8240000	1
scaffold8	8240000	8250000	1
scaffold8	8250000	8260000	1
scaffold8	8260000	8270000	1
scaffold8	8270000	8280000	1
scaffold8	8280000	8290000	2
scaffold8	8290000	8300000	0
scaffold8	8300000	8310000	0
scaffold8	8310000	8320000	1
scaffold8	8320000	8330000	2
scaffold8	8330000	8340000	2
scaffold8	8340000	8350000	1
scaffold8	8350000	8360000	0
scaffold8	8360000	8370000	1
scaffold8	8370000	8380000	0
scaffold8	8380000	8390000	1
scaffold8	8390000	8400000	1
scaffold8	8400000	8410000	1
scaffold8	8410000	8420000	1
scaffold8	8420000	8430000	1
scaffold8	8430000	8440000	1
scaffold8	8440000	8450000	1
scaffold8	8450000	8460000	1
scaffold8	8460000	8470000	0
scaffold8	8470000	8480000	1
scaffold8	8480000	8490000	1
scaffold8	8490000	8500000	2
scaffold8	8500000	8510000	1
scaffold8	8510000	8520000	0
scaffold8	8520000	8530000	3
scaffold8	8530000	8540000	1
scaffold8	8540000	8550000	2
scaffold8	8550000	8560000	2
scaffold8	8560000	8570000	1
scaffold8	8570000	8580000	1
scaffold8	8580000	8590000	1
scaffold8	8590000	8600000	3
scaffold8	8600000	8610000	1
scaffold8	8610000	8620000	1
scaffold8	8620000	8630000	1
scaffold8	8630000	8640000	1
scaffold8	8640000	8650000	0
scaffold8	8650000	8660000	1
scaffold8	8660000	8670000	1
scaffold8	8670000	8680000	1
scaffold8	8680000	8690000	1
scaffold8	8690000	8700000	1
scaffold8	8700000	8710000	1
scaffold8	8710000	8720000	1
scaffold8	8720000	8730000	1
scaffold8	8730000	8740000	0
scaffold8	8740000	8750000	1
scaffold8	8750000	8760000	1
scaffold8	8760000	8770000	1
scaffold8	8770000	8780000	1
scaffold8	8780000	8790000	2
scaffold8	8790000	8800000	1
scaffold8	8800000	8810000	1
scaffold8	8810000	8820000	0
scaffold8	8820000	8830000	0
scaffold8	8830000	8840000	0
scaffold8	8840000	8850000	0
scaffold8	8850000	8860000	0
scaffold8	8860000	8870000	0
scaffold8	8870000	8880000	0
scaffold8	8880000	8890000	1
scaffold8	8890000	8900000	0
scaffold8	8900000	8910000	0
scaffold8	8910000	8920000	1
scaffold8	8920000	8930000	0
scaffold8	8930000	8940000	1
scaffold8	8940000	8950000	1
scaffold8	8950000	8960000	1
scaffold8	8960000	8970000	1
scaffold8	8970000	8980000	1
scaffold8	8980000	8990000	1
scaffold8	8990000	9000000	1
scaffold8	9000000	9010000	1
scaffold8	9010000	9020000	2
scaffold8	9020000	9030000	1
scaffold8	9030000	9040000	1
scaffold8	9040000	9050000	2
scaffold8	9050000	9060000	1
scaffold8	9060000	9070000	2
scaffold8	9070000	9080000	2
scaffold8	9080000	9090000	1
scaffold8	9090000	9100000	1
scaffold8	9100000	9110000	1
scaffold8	9110000	9120000	2
scaffold8	9120000	9130000	2
scaffold8	9130000	9140000	1
scaffold8	9140000	9150000	1
scaffold8	9150000	9160000	0
scaffold8	9160000	9170000	0
scaffold8	9170000	9180000	0
scaffold8	9180000	9190000	2
scaffold8	9190000	9200000	2
scaffold8	9200000	9210000	1
scaffold8	9210000	9220000	1
scaffold8	9220000	9230000	0
scaffold8	9230000	9240000	0
scaffold8	9240000	9250000	1
scaffold8	9250000	9260000	2
scaffold8	9260000	9270000	2
scaffold8	9270000	9280000	2
scaffold8	9280000	9290000	1
scaffold8	9290000	9300000	1
scaffold8	9300000	9310000	2
scaffold8	9310000	9320000	1
scaffold8	9320000	9330000	1
scaffold8	9330000	9340000	1
scaffold8	9340000	9350000	0
scaffold8	9350000	9360000	0
scaffold8	9360000	9370000	0
scaffold8	9370000	9380000	0
scaffold8	9380000	9390000	0
scaffold8	9390000	9400000	0
scaffold8	9400000	9410000	0
scaffold8	9410000	9420000	1
scaffold8	9420000	9430000	1
scaffold8	9430000	9440000	1
scaffold8	9440000	9450000	1
scaffold8	9450000	9460000	1
scaffold8	9460000	9470000	1
scaffold8	9470000	9480000	1
scaffold8	9480000	9490000	1
scaffold8	9490000	9500000	1
scaffold8	9500000	9510000	0
scaffold8	9510000	9520000	0
scaffold8	9520000	9530000	0
scaffold8	9530000	9540000	0
scaffold8	9540000	9550000	1
scaffold8	9550000	9560000	1
scaffold8	9560000	9570000	2
scaffold8	9570000	9580000	1
scaffold8	9580000	9590000	0
scaffold8	9590000	9600000	1
scaffold8	9600000	9610000	2
scaffold8	9610000	9620000	0
scaffold8	9620000	9630000	1
scaffold8	9630000	9640000	1
scaffold8	9640000	9650000	3
scaffold8	9650000	9660000	1
scaffold8	9660000	9670000	1
scaffold8	9670000	9680000	1
scaffold8	9680000	9690000	3
scaffold8	9690000	9700000	2
scaffold8	9700000	9710000	2
scaffold8	9710000	9720000	2
scaffold8	9720000	9730000	1
scaffold8	9730000	9740000	1
scaffold8	9740000	9750000	1
scaffold8	9750000	9760000	1
scaffold8	9760000	9770000	0
scaffold8	9770000	9780000	0
scaffold8	9780000	9790000	2
scaffold8	9790000	9800000	1
scaffold8	9800000	9810000	0
scaffold8	9810000	9820000	1
scaffold8	9820000	9830000	1
scaffold8	9830000	9840000	1
scaffold8	9840000	9850000	0
scaffold8	9850000	9860000	1
scaffold8	9860000	9870000	2
scaffold8	9870000	9880000	1
scaffold8	9880000	9890000	1
scaffold8	9890000	9900000	1
scaffold8	9900000	9910000	2
scaffold8	9910000	9920000	1
scaffold8	9920000	9930000	2
scaffold8	9930000	9940000	1
scaffold8	9940000	9950000	1
scaffold8	9950000	9960000	1
scaffold8	9960000	9970000	2
scaffold8	9970000	9980000	2
scaffold8	9980000	9990000	2
scaffold8	9990000	10000000	1
scaffold8	10000000	10010000	3
scaffold8	10010000	10020000	2
scaffold8	10020000	10030000	2
scaffold8	10030000	10040000	1
scaffold8	10040000	10050000	1
scaffold8	10050000	10060000	0
scaffold8	10060000	10070000	1
scaffold8	10070000	10080000	1
scaffold8	10080000	10090000	1
scaffold8	10090000	10100000	0
scaffold8	10100000	10110000	1
scaffold8	10110000	10120000	0
scaffold8	10120000	10130000	0
scaffold8	10130000	10140000	0
scaffold8	10140000	10150000	0
scaffold8	10150000	10160000	0
scaffold8	10160000	10170000	1
scaffold8	10170000	10180000	1
scaffold8	10180000	10190000	0
scaffold8	10190000	10200000	0
scaffold8	10200000	10210000	2
scaffold8	10210000	10220000	1
scaffold8	10220000	10230000	0
scaffold8	10230000	10240000	0
scaffold8	10240000	10250000	0
scaffold8	10250000	10260000	1
scaffold8	10260000	10270000	1
scaffold8	10270000	10280000	0
scaffold8	10280000	10290000	0
scaffold8	10290000	10300000	0
scaffold8	10300000	10310000	0
scaffold8	10310000	10320000	0
scaffold8	10320000	10330000	1
scaffold8	10330000	10340000	2
scaffold8	10340000	10350000	3
scaffold8	10350000	10360000	1
scaffold8	10360000	10370000	1
scaffold8	10370000	10380000	1
scaffold8	10380000	10390000	1
scaffold8	10390000	10400000	0
scaffold8	10400000	10410000	1
scaffold8	10410000	10420000	1
scaffold8	10420000	10430000	1
scaffold8	10430000	10440000	1
scaffold8	10440000	10450000	1
scaffold8	10450000	10460000	0
scaffold8	10460000	10470000	0
scaffold8	10470000	10480000	1
scaffold8	10480000	10490000	1
scaffold8	10490000	10500000	0
scaffold8	10500000	10510000	1
scaffold8	10510000	10520000	2
scaffold8	10520000	10530000	1
scaffold8	10530000	10540000	0
scaffold8	10540000	10550000	1
scaffold8	10550000	10560000	0
scaffold8	10560000	10570000	1
scaffold8	10570000	10580000	1
scaffold8	10580000	10590000	2
scaffold8	10590000	10600000	1
scaffold8	10600000	10610000	1
scaffold8	10610000	10620000	1
scaffold8	10620000	10630000	2
scaffold8	10630000	10640000	0
scaffold8	10640000	10650000	0
scaffold8	10650000	10660000	0
scaffold8	10660000	10670000	1
scaffold8	10670000	10680000	1
scaffold8	10680000	10690000	0
scaffold8	10690000	10700000	0
scaffold8	10700000	10710000	1
scaffold8	10710000	10720000	0
scaffold8	10720000	10730000	0
scaffold8	10730000	10740000	0
scaffold8	10740000	10750000	1
scaffold8	10750000	10760000	0
scaffold8	10760000	10770000	0
scaffold8	10770000	10780000	1
scaffold8	10780000	10790000	1
scaffold8	10790000	10800000	0
scaffold8	10800000	10810000	0
scaffold8	10810000	10820000	0
scaffold8	10820000	10830000	0
scaffold8	10830000	10840000	0
scaffold8	10840000	10850000	0
scaffold8	10850000	10860000	0
scaffold8	10860000	10870000	1
scaffold8	10870000	10880000	1
scaffold8	10880000	10890000	1
scaffold8	10890000	10900000	1
scaffold8	10900000	10910000	1
scaffold8	10910000	10920000	1
scaffold8	10920000	10930000	1
scaffold8	10930000	10940000	1
scaffold8	10940000	10950000	1
scaffold8	10950000	10960000	0
scaffold8	10960000	10970000	0
scaffold8	10970000	10980000	0
scaffold8	10980000	10990000	0
scaffold8	10990000	11000000	0
scaffold8	11000000	11010000	1
scaffold8	11010000	11020000	0
scaffold8	11020000	11030000	0
scaffold8	11030000	11040000	0
scaffold8	11040000	11050000	0
scaffold8	11050000	11060000	0
scaffold8	11060000	11070000	0
scaffold8	11070000	11080000	0
scaffold8	11080000	11090000	0
scaffold8	11090000	11100000	0
scaffold8	11100000	11110000	0
scaffold8	11110000	11120000	1
scaffold8	11120000	11130000	1
scaffold8	11130000	11140000	2
scaffold8	11140000	11150000	1
scaffold8	11150000	11160000	0
scaffold8	11160000	11170000	0
scaffold8	11170000	11180000	0
scaffold8	11180000	11190000	2
scaffold8	11190000	11200000	0
scaffold8	11200000	11210000	0
scaffold8	11210000	11220000	0
scaffold8	11220000	11230000	1
scaffold8	11230000	11240000	2
scaffold8	11240000	11250000	1
scaffold8	11250000	11260000	1
scaffold8	11260000	11270000	0
scaffold8	11270000	11280000	1
scaffold8	11280000	11290000	0
scaffold8	11290000	11300000	0
scaffold8	11300000	11310000	0
scaffold8	11310000	11320000	1
scaffold8	11320000	11330000	2
scaffold8	11330000	11340000	1
scaffold8	11340000	11350000	1
scaffold8	11350000	11360000	1
scaffold8	11360000	11370000	0
scaffold8	11370000	11380000	0
scaffold8	11380000	11390000	1
scaffold8	11390000	11400000	0
scaffold8	11400000	11410000	3
scaffold8	11410000	11420000	1
scaffold8	11420000	11430000	1
scaffold8	11430000	11440000	1
scaffold8	11440000	11450000	1
scaffold8	11450000	11460000	1
scaffold8	11460000	11470000	1
scaffold8	11470000	11480000	1
scaffold8	11480000	11490000	0
scaffold8	11490000	11500000	0
scaffold8	11500000	11510000	0
scaffold8	11510000	11520000	0
scaffold8	11520000	11530000	2
scaffold8	11530000	11540000	1
scaffold8	11540000	11550000	0
scaffold8	11550000	11560000	0
scaffold8	11560000	11570000	0
scaffold8	11570000	11580000	1
scaffold8	11580000	11590000	1
scaffold8	11590000	11600000	3
scaffold8	11600000	11610000	1
scaffold8	11610000	11620000	1
scaffold8	11620000	11630000	1
scaffold8	11630000	11640000	2
scaffold8	11640000	11650000	1
scaffold8	11650000	11660000	1
scaffold8	11660000	11670000	1
scaffold8	11670000	11680000	1
scaffold8	11680000	11690000	2
scaffold8	11690000	11700000	1
scaffold8	11700000	11710000	2
scaffold8	11710000	11720000	1
scaffold8	11720000	11730000	0
scaffold8	11730000	11740000	0
scaffold8	11740000	11750000	0
scaffold8	11750000	11760000	0
scaffold8	11760000	11770000	0
scaffold8	11770000	11780000	1
scaffold8	11780000	11790000	0
scaffold8	11790000	11800000	0
scaffold8	11800000	11810000	0
scaffold8	11810000	11820000	0
scaffold8	11820000	11830000	1
scaffold8	11830000	11840000	0
scaffold8	11840000	11850000	1
scaffold8	11850000	11860000	2
scaffold8	11860000	11870000	2
scaffold8	11870000	11880000	2
scaffold8	11880000	11890000	2
scaffold8	11890000	11900000	1
scaffold8	11900000	11910000	1
scaffold8	11910000	11920000	0
scaffold8	11920000	11930000	0
scaffold8	11930000	11940000	0
scaffold8	11940000	11950000	1
scaffold8	11950000	11960000	0
scaffold8	11960000	11970000	0
scaffold8	11970000	11980000	0
scaffold8	11980000	11990000	0
scaffold8	11990000	12000000	0
scaffold8	12000000	12010000	0
scaffold8	12010000	12020000	0
scaffold8	12020000	12030000	1
scaffold8	12030000	12040000	1
scaffold8	12040000	12050000	1
scaffold8	12050000	12060000	1
scaffold8	12060000	12070000	2
scaffold8	12070000	12080000	1
scaffold8	12080000	12090000	2
scaffold8	12090000	12100000	2
scaffold8	12100000	12110000	3
scaffold8	12110000	12120000	1
scaffold8	12120000	12130000	2
scaffold8	12130000	12140000	1
scaffold8	12140000	12150000	2
scaffold8	12150000	12160000	2
scaffold8	12160000	12170000	0
scaffold8	12170000	12180000	3
scaffold8	12180000	12190000	2
scaffold8	12190000	12200000	1
scaffold8	12200000	12210000	1
scaffold8	12210000	12220000	1
scaffold8	12220000	12230000	0
scaffold8	12230000	12240000	1
scaffold8	12240000	12250000	2
scaffold8	12250000	12260000	1
scaffold8	12260000	12270000	0
scaffold8	12270000	12280000	3
scaffold8	12280000	12290000	2
scaffold8	12290000	12300000	1
scaffold8	12300000	12310000	1
scaffold8	12310000	12320000	2
scaffold8	12320000	12330000	1
scaffold8	12330000	12340000	1
scaffold8	12340000	12350000	1
scaffold8	12350000	12360000	2
scaffold8	12360000	12370000	2
scaffold8	12370000	12380000	2
scaffold8	12380000	12390000	2
scaffold8	12390000	12400000	1
scaffold8	12400000	12410000	2
scaffold8	12410000	12420000	1
scaffold8	12420000	12430000	1
scaffold8	12430000	12440000	2
scaffold8	12440000	12450000	1
scaffold8	12450000	12460000	1
scaffold8	12460000	12470000	0
scaffold8	12470000	12480000	0
scaffold8	12480000	12490000	1
scaffold8	12490000	12500000	1
scaffold8	12500000	12510000	0
scaffold8	12510000	12520000	0
scaffold8	12520000	12530000	0
scaffold8	12530000	12540000	0
scaffold8	12540000	12550000	0
scaffold8	12550000	12560000	1
scaffold8	12560000	12570000	0
scaffold8	12570000	12580000	0
scaffold8	12580000	12590000	0
scaffold8	12590000	12600000	0
scaffold8	12600000	12610000	0
scaffold8	12610000	12620000	0
scaffold8	12620000	12630000	0
scaffold8	12630000	12640000	0
scaffold8	12640000	12650000	0
scaffold8	12650000	12660000	0
scaffold8	12660000	12670000	0
scaffold8	12670000	12680000	0
scaffold8	12680000	12690000	1
scaffold8	12690000	12700000	1
scaffold8	12700000	12710000	1
scaffold8	12710000	12720000	0
scaffold8	12720000	12730000	0
scaffold8	12730000	12740000	0
scaffold8	12740000	12750000	0
scaffold8	12750000	12760000	1
scaffold8	12760000	12770000	0
scaffold8	12770000	12780000	1
scaffold8	12780000	12790000	1
scaffold8	12790000	12800000	0
scaffold8	12800000	12810000	0
scaffold8	12810000	12820000	0
scaffold8	12820000	12830000	1
scaffold8	12830000	12840000	1
scaffold8	12840000	12850000	1
scaffold8	12850000	12860000	1
scaffold8	12860000	12870000	1
scaffold8	12870000	12880000	1
scaffold8	12880000	12890000	2
scaffold8	12890000	12900000	1
scaffold8	12900000	12910000	1
scaffold8	12910000	12920000	1
scaffold8	12920000	12930000	1
scaffold8	12930000	12940000	0
scaffold8	12940000	12950000	1
scaffold8	12950000	12960000	3
scaffold8	12960000	12970000	2
scaffold8	12970000	12980000	2
scaffold8	12980000	12990000	2
scaffold8	12990000	13000000	3
scaffold8	13000000	13010000	2
scaffold8	13010000	13020000	2
scaffold8	13020000	13030000	1
scaffold8	13030000	13040000	1
scaffold8	13040000	13050000	1
scaffold8	13050000	13060000	0
scaffold8	13060000	13070000	0
scaffold8	13070000	13080000	0
scaffold8	13080000	13090000	0
scaffold8	13090000	13100000	0
scaffold8	13100000	13110000	0
scaffold8	13110000	13120000	1
scaffold8	13120000	13130000	1
scaffold8	13130000	13140000	1
scaffold8	13140000	13150000	1
scaffold8	13150000	13160000	1
scaffold8	13160000	13170000	1
scaffold8	13170000	13180000	1
scaffold8	13180000	13190000	1
scaffold8	13190000	13200000	2
scaffold8	13200000	13210000	1
scaffold8	13210000	13220000	0
scaffold8	13220000	13230000	0
scaffold8	13230000	13240000	0
scaffold8	13240000	13250000	0
scaffold8	13250000	13260000	1
scaffold8	13260000	13270000	0
scaffold8	13270000	13280000	0
scaffold8	13280000	13290000	0
scaffold8	13290000	13300000	1
scaffold8	13300000	13310000	1
scaffold8	13310000	13320000	1
scaffold8	13320000	13330000	1
scaffold8	13330000	13340000	2
scaffold8	13340000	13350000	1
scaffold8	13350000	13360000	1
scaffold8	13360000	13370000	1
scaffold8	13370000	13380000	1
scaffold8	13380000	13390000	1
scaffold8	13390000	13400000	1
scaffold8	13400000	13410000	1
scaffold8	13410000	13420000	1
scaffold8	13420000	13430000	1
scaffold8	13430000	13440000	1
scaffold8	13440000	13450000	1
scaffold8	13450000	13460000	2
scaffold8	13460000	13470000	1
scaffold8	13470000	13480000	1
scaffold8	13480000	13490000	1
scaffold8	13490000	13500000	1
scaffold8	13500000	13510000	1
scaffold8	13510000	13520000	1
scaffold8	13520000	13530000	1
scaffold8	13530000	13540000	2
scaffold8	13540000	13550000	1
scaffold8	13550000	13560000	2
scaffold8	13560000	13570000	1
scaffold8	13570000	13580000	1
scaffold8	13580000	13590000	1
scaffold8	13590000	13600000	3
scaffold8	13600000	13610000	1
scaffold8	13610000	13620000	1
scaffold8	13620000	13630000	1
scaffold8	13630000	13640000	0
scaffold8	13640000	13650000	0
scaffold8	13650000	13660000	0
scaffold8	13660000	13670000	0
scaffold8	13670000	13680000	0
scaffold8	13680000	13690000	0
scaffold8	13690000	13700000	0
scaffold8	13700000	13710000	0
scaffold8	13710000	13720000	2
scaffold8	13720000	13730000	1
scaffold8	13730000	13740000	1
scaffold8	13740000	13750000	1
scaffold8	13750000	13760000	1
scaffold8	13760000	13770000	0
scaffold8	13770000	13780000	0
scaffold8	13780000	13790000	1
scaffold8	13790000	13800000	0
scaffold8	13800000	13810000	1
scaffold8	13810000	13820000	1
scaffold8	13820000	13830000	1
scaffold8	13830000	13840000	2
scaffold8	13840000	13850000	1
scaffold8	13850000	13860000	2
scaffold8	13860000	13870000	0
scaffold8	13870000	13880000	1
scaffold8	13880000	13890000	1
scaffold8	13890000	13900000	0
scaffold8	13900000	13910000	0
scaffold8	13910000	13920000	3
scaffold8	13920000	13930000	2
scaffold8	13930000	13940000	1
scaffold8	13940000	13950000	0
scaffold8	13950000	13960000	0
scaffold8	13960000	13970000	1
scaffold8	13970000	13980000	0
scaffold8	13980000	13990000	0
scaffold8	13990000	14000000	1
scaffold8	14000000	14010000	0
scaffold8	14010000	14020000	0
scaffold8	14020000	14030000	0
scaffold8	14030000	14040000	0
scaffold8	14040000	14050000	0
scaffold8	14050000	14060000	0
scaffold8	14060000	14070000	0
scaffold8	14070000	14080000	0
scaffold8	14080000	14090000	2
scaffold8	14090000	14100000	1
scaffold8	14100000	14110000	3
scaffold8	14110000	14120000	2
scaffold8	14120000	14130000	1
scaffold8	14130000	14140000	1
scaffold8	14140000	14150000	0
scaffold8	14150000	14160000	0
scaffold8	14160000	14170000	0
scaffold8	14170000	14180000	0
scaffold8	14180000	14190000	0
scaffold8	14190000	14200000	0
scaffold8	14200000	14210000	0
scaffold8	14210000	14220000	1
scaffold8	14220000	14230000	0
scaffold8	14230000	14240000	3
scaffold8	14240000	14250000	0
scaffold8	14250000	14260000	0
scaffold8	14260000	14270000	0
scaffold8	14270000	14280000	0
scaffold8	14280000	14290000	0
scaffold8	14290000	14300000	0
scaffold8	14300000	14310000	1
scaffold8	14310000	14320000	2
scaffold8	14320000	14330000	1
scaffold8	14330000	14340000	2
scaffold8	14340000	14350000	2
scaffold8	14350000	14360000	2
scaffold8	14360000	14370000	1
scaffold8	14370000	14380000	0
scaffold8	14380000	14390000	0
scaffold8	14390000	14400000	0
scaffold8	14400000	14410000	1
scaffold8	14410000	14420000	0
scaffold8	14420000	14430000	2
scaffold8	14430000	14440000	1
scaffold8	14440000	14450000	1
scaffold8	14450000	14460000	1
scaffold8	14460000	14470000	1
scaffold8	14470000	14480000	0
scaffold8	14480000	14490000	0
scaffold8	14490000	14500000	0
scaffold8	14500000	14510000	0
scaffold8	14510000	14520000	0
scaffold8	14520000	14530000	0
scaffold8	14530000	14540000	1
scaffold8	14540000	14550000	1
scaffold8	14550000	14560000	1
scaffold8	14560000	14570000	1
scaffold8	14570000	14580000	1
scaffold8	14580000	14590000	1
scaffold8	14590000	14600000	2
scaffold8	14600000	14610000	1
scaffold8	14610000	14620000	1
scaffold8	14620000	14630000	1
scaffold8	14630000	14640000	1
scaffold8	14640000	14650000	1
scaffold8	14650000	14660000	0
scaffold8	14660000	14670000	0
scaffold8	14670000	14680000	0
scaffold8	14680000	14690000	0
scaffold8	14690000	14700000	0
scaffold8	14700000	14710000	0
scaffold8	14710000	14720000	1
scaffold8	14720000	14730000	1
scaffold8	14730000	14740000	1
scaffold8	14740000	14750000	1
scaffold8	14750000	14760000	2
scaffold8	14760000	14770000	1
scaffold8	14770000	14780000	1
scaffold8	14780000	14790000	1
scaffold8	14790000	14800000	0
scaffold8	14800000	14810000	1
scaffold8	14810000	14820000	0
scaffold8	14820000	14830000	0
scaffold8	14830000	14840000	0
scaffold8	14840000	14850000	1
scaffold8	14850000	14860000	1
scaffold8	14860000	14870000	0
scaffold8	14870000	14880000	0
scaffold8	14880000	14890000	0
scaffold8	14890000	14900000	1
scaffold8	14900000	14910000	1
scaffold8	14910000	14920000	1
scaffold8	14920000	14930000	1
scaffold8	14930000	14940000	0
scaffold8	14940000	14950000	0
scaffold8	14950000	14960000	0
scaffold8	14960000	14970000	1
scaffold8	14970000	14980000	1
scaffold8	14980000	14990000	1
scaffold8	14990000	15000000	1
scaffold8	15000000	15010000	0
scaffold8	15010000	15020000	0
scaffold8	15020000	15030000	1
scaffold8	15030000	15040000	1
scaffold8	15040000	15050000	1
scaffold8	15050000	15060000	1
scaffold8	15060000	15070000	1
scaffold8	15070000	15080000	0
scaffold8	15080000	15090000	0
scaffold8	15090000	15100000	0
scaffold8	15100000	15110000	0
scaffold8	15110000	15120000	0
scaffold8	15120000	15130000	0
scaffold8	15130000	15140000	0
scaffold8	15140000	15150000	0
scaffold8	15150000	15160000	0
scaffold8	15160000	15170000	0
scaffold8	15170000	15180000	2
scaffold8	15180000	15190000	1
scaffold8	15190000	15200000	0
scaffold8	15200000	15210000	3
scaffold8	15210000	15220000	2
scaffold8	15220000	15230000	1
scaffold8	15230000	15240000	0
scaffold8	15240000	15250000	2
scaffold8	15250000	15260000	2
scaffold8	15260000	15270000	2
scaffold8	15270000	15280000	1
scaffold8	15280000	15290000	2
scaffold8	15290000	15300000	1
scaffold8	15300000	15310000	1
scaffold8	15310000	15320000	2
scaffold8	15320000	15330000	1
scaffold8	15330000	15340000	2
scaffold8	15340000	15350000	1
scaffold8	15350000	15360000	0
scaffold8	15360000	15370000	0
scaffold8	15370000	15380000	2
scaffold8	15380000	15390000	0
scaffold8	15390000	15400000	1
scaffold8	15400000	15410000	1
scaffold8	15410000	15420000	0
scaffold8	15420000	15430000	0
scaffold8	15430000	15440000	1
scaffold8	15440000	15450000	1
scaffold8	15450000	15460000	1
scaffold8	15460000	15470000	3
scaffold8	15470000	15480000	2
scaffold8	15480000	15490000	1
scaffold8	15490000	15500000	0
scaffold8	15500000	15510000	0
scaffold8	15510000	15520000	1
scaffold8	15520000	15530000	2
scaffold8	15530000	15540000	1
scaffold8	15540000	15550000	1
scaffold8	15550000	15560000	2
scaffold8	15560000	15570000	1
scaffold8	15570000	15580000	0
scaffold8	15580000	15590000	2
scaffold8	15590000	15600000	1
scaffold8	15600000	15610000	0
scaffold8	15610000	15620000	0
scaffold8	15620000	15630000	1
scaffold8	15630000	15640000	1
scaffold8	15640000	15650000	1
scaffold8	15650000	15660000	1
scaffold8	15660000	15670000	0
scaffold8	15670000	15680000	1
scaffold8	15680000	15690000	1
scaffold8	15690000	15700000	1
scaffold8	15700000	15710000	1
scaffold8	15710000	15720000	2
scaffold8	15720000	15730000	1
scaffold8	15730000	15740000	1
scaffold8	15740000	15750000	1
scaffold8	15750000	15760000	0
scaffold8	15760000	15770000	0
scaffold8	15770000	15780000	0
scaffold8	15780000	15790000	0
scaffold8	15790000	15800000	1
scaffold8	15800000	15810000	2
scaffold8	15810000	15820000	1
scaffold8	15820000	15830000	0
scaffold8	15830000	15840000	1
scaffold8	15840000	15850000	0
scaffold8	15850000	15860000	1
scaffold8	15860000	15870000	1
scaffold8	15870000	15880000	0
scaffold8	15880000	15890000	0
scaffold8	15890000	15900000	0
scaffold8	15900000	15910000	0
scaffold8	15910000	15920000	0
scaffold8	15920000	15930000	1
scaffold8	15930000	15940000	1
scaffold8	15940000	15950000	1
scaffold8	15950000	15960000	1
scaffold8	15960000	15970000	1
scaffold8	15970000	15980000	1
scaffold8	15980000	15990000	0
scaffold8	15990000	16000000	2
scaffold8	16000000	16010000	2
scaffold8	16010000	16020000	0
scaffold8	16020000	16030000	0
scaffold8	16030000	16040000	1
scaffold8	16040000	16050000	2
scaffold8	16050000	16060000	2
scaffold8	16060000	16070000	0
scaffold8	16070000	16080000	1
scaffold8	16080000	16090000	0
scaffold8	16090000	16100000	0
scaffold8	16100000	16110000	0
scaffold8	16110000	16120000	1
scaffold8	16120000	16130000	1
scaffold8	16130000	16140000	0
scaffold8	16140000	16150000	0
scaffold8	16150000	16160000	0
scaffold8	16160000	16170000	0
scaffold8	16170000	16180000	0
scaffold8	16180000	16190000	0
scaffold8	16190000	16200000	0
scaffold8	16200000	16210000	0
scaffold8	16210000	16220000	0
scaffold8	16220000	16230000	1
scaffold8	16230000	16240000	1
scaffold8	16240000	16250000	3
scaffold8	16250000	16260000	1
scaffold8	16260000	16270000	1
scaffold8	16270000	16280000	0
scaffold8	16280000	16290000	2
scaffold8	16290000	16300000	1
scaffold8	16300000	16310000	1
scaffold8	16310000	16320000	1
scaffold8	16320000	16330000	0
scaffold8	16330000	16340000	0
scaffold8	16340000	16350000	0
scaffold8	16350000	16360000	0
scaffold8	16360000	16370000	1
scaffold8	16370000	16380000	1
scaffold8	16380000	16390000	1
scaffold8	16390000	16400000	1
scaffold8	16400000	16410000	2
scaffold8	16410000	16420000	1
scaffold8	16420000	16430000	2
scaffold8	16430000	16440000	2
scaffold8	16440000	16450000	1
scaffold8	16450000	16460000	1
scaffold8	16460000	16470000	1
scaffold8	16470000	16480000	1
scaffold8	16480000	16490000	2
scaffold8	16490000	16500000	1
scaffold8	16500000	16510000	1
scaffold8	16510000	16520000	1
scaffold8	16520000	16530000	2
scaffold8	16530000	16540000	1
scaffold8	16540000	16550000	1
scaffold8	16550000	16560000	1
scaffold8	16560000	16570000	2
scaffold8	16570000	16580000	1
scaffold8	16580000	16590000	1
scaffold8	16590000	16600000	1
scaffold8	16600000	16610000	1
scaffold8	16610000	16620000	1
scaffold8	16620000	16630000	0
scaffold8	16630000	16640000	0
scaffold8	16640000	16650000	1
scaffold8	16650000	16660000	3
scaffold8	16660000	16670000	0
scaffold8	16670000	16680000	1
scaffold8	16680000	16690000	0
scaffold8	16690000	16700000	0
scaffold8	16700000	16710000	0
scaffold8	16710000	16720000	0
scaffold8	16720000	16730000	0
scaffold8	16730000	16740000	0
scaffold8	16740000	16750000	1
scaffold8	16750000	16760000	1
scaffold8	16760000	16770000	1
scaffold8	16770000	16780000	1
scaffold8	16780000	16790000	1
scaffold8	16790000	16800000	1
scaffold8	16800000	16810000	1
scaffold8	16810000	16820000	1
scaffold8	16820000	16830000	0
scaffold8	16830000	16840000	1
scaffold8	16840000	16850000	1
scaffold8	16850000	16860000	1
scaffold8	16860000	16870000	1
scaffold8	16870000	16880000	0
scaffold8	16880000	16890000	0
scaffold8	16890000	16900000	1
scaffold8	16900000	16910000	2
scaffold8	16910000	16920000	1
scaffold8	16920000	16930000	0
scaffold8	16930000	16940000	0
scaffold8	16940000	16950000	0
scaffold8	16950000	16960000	0
scaffold8	16960000	16970000	0
scaffold8	16970000	16980000	0
scaffold8	16980000	16990000	1
scaffold8	16990000	17000000	1
scaffold8	17000000	17010000	1
scaffold8	17010000	17020000	0
scaffold8	17020000	17030000	0
scaffold8	17030000	17040000	1
scaffold8	17040000	17050000	0
scaffold8	17050000	17060000	0
scaffold8	17060000	17070000	0
scaffold8	17070000	17080000	0
scaffold8	17080000	17090000	0
scaffold8	17090000	17100000	1
scaffold8	17100000	17110000	1
scaffold8	17110000	17120000	1
scaffold8	17120000	17130000	0
scaffold8	17130000	17140000	1
scaffold8	17140000	17150000	0
scaffold8	17150000	17160000	0
scaffold8	17160000	17170000	0
scaffold8	17170000	17180000	0
scaffold8	17180000	17190000	1
scaffold8	17190000	17200000	0
scaffold8	17200000	17210000	0
scaffold8	17210000	17220000	0
scaffold8	17220000	17230000	0
scaffold8	17230000	17240000	0
scaffold8	17240000	17250000	0
scaffold8	17250000	17260000	0
scaffold8	17260000	17270000	0
scaffold8	17270000	17280000	0
scaffold8	17280000	17290000	1
scaffold8	17290000	17300000	1
scaffold8	17300000	17310000	1
scaffold8	17310000	17320000	1
scaffold8	17320000	17330000	1
scaffold8	17330000	17340000	0
scaffold8	17340000	17350000	0
scaffold8	17350000	17360000	0
scaffold8	17360000	17370000	2
scaffold8	17370000	17380000	1
scaffold8	17380000	17390000	1
scaffold8	17390000	17400000	0
scaffold8	17400000	17410000	0
scaffold8	17410000	17420000	0
scaffold8	17420000	17430000	1
scaffold8	17430000	17440000	2
scaffold8	17440000	17450000	1
scaffold8	17450000	17460000	1
scaffold8	17460000	17470000	1
scaffold8	17470000	17480000	2
scaffold8	17480000	17490000	2
scaffold8	17490000	17500000	2
scaffold8	17500000	17510000	1
scaffold8	17510000	17520000	1
scaffold8	17520000	17530000	1
scaffold8	17530000	17540000	3
scaffold8	17540000	17550000	1
scaffold8	17550000	17560000	0
scaffold8	17560000	17570000	1
scaffold8	17570000	17580000	3
scaffold8	17580000	17590000	0
scaffold8	17590000	17600000	1
scaffold8	17600000	17610000	1
scaffold8	17610000	17620000	0
scaffold8	17620000	17630000	1
scaffold8	17630000	17640000	1
scaffold8	17640000	17650000	0
scaffold8	17650000	17660000	0
scaffold8	17660000	17670000	1
scaffold8	17670000	17680000	1
scaffold8	17680000	17690000	0
scaffold8	17690000	17700000	0
scaffold8	17700000	17710000	1
scaffold8	17710000	17720000	1
scaffold8	17720000	17730000	1
scaffold8	17730000	17740000	1
scaffold8	17740000	17750000	0
scaffold8	17750000	17760000	0
scaffold8	17760000	17770000	0
scaffold8	17770000	17780000	0
scaffold8	17780000	17790000	0
scaffold8	17790000	17800000	0
scaffold8	17800000	17810000	2
scaffold8	17810000	17820000	1
scaffold8	17820000	17830000	0
scaffold8	17830000	17840000	0
scaffold8	17840000	17850000	0
scaffold8	17850000	17860000	1
scaffold8	17860000	17870000	1
scaffold8	17870000	17880000	1
scaffold8	17880000	17890000	1
scaffold8	17890000	17900000	1
scaffold8	17900000	17910000	1
scaffold8	17910000	17920000	0
scaffold8	17920000	17930000	0
scaffold8	17930000	17940000	0
scaffold8	17940000	17950000	0
scaffold8	17950000	17960000	0
scaffold8	17960000	17970000	0
scaffold8	17970000	17980000	0
scaffold8	17980000	17990000	0
scaffold8	17990000	18000000	0
scaffold8	18000000	18010000	0
scaffold8	18010000	18020000	1
scaffold8	18020000	18030000	2
scaffold8	18030000	18040000	1
scaffold8	18040000	18050000	1
scaffold8	18050000	18060000	3
scaffold8	18060000	18070000	1
scaffold8	18070000	18080000	1
scaffold8	18080000	18090000	1
scaffold8	18090000	18100000	0
scaffold8	18100000	18110000	0
scaffold8	18110000	18120000	0
scaffold8	18120000	18130000	1
scaffold8	18130000	18140000	1
scaffold8	18140000	18150000	1
scaffold8	18150000	18160000	1
scaffold8	18160000	18170000	1
scaffold8	18170000	18180000	1
scaffold8	18180000	18190000	1
scaffold8	18190000	18200000	2
scaffold8	18200000	18210000	1
scaffold8	18210000	18220000	1
scaffold8	18220000	18230000	2
scaffold8	18230000	18240000	2
scaffold8	18240000	18250000	1
scaffold8	18250000	18260000	1
scaffold8	18260000	18270000	1
scaffold8	18270000	18280000	0
scaffold8	18280000	18290000	0
scaffold8	18290000	18300000	0
scaffold8	18300000	18310000	1
scaffold8	18310000	18320000	1
scaffold8	18320000	18330000	0
scaffold8	18330000	18340000	1
scaffold8	18340000	18350000	0
scaffold8	18350000	18360000	1
scaffold8	18360000	18370000	2
scaffold8	18370000	18380000	0
scaffold8	18380000	18390000	1
scaffold8	18390000	18400000	2
scaffold8	18400000	18410000	1
scaffold8	18410000	18420000	1
scaffold8	18420000	18430000	1
scaffold8	18430000	18440000	0
scaffold8	18440000	18450000	1
scaffold8	18450000	18460000	0
scaffold8	18460000	18470000	1
scaffold8	18470000	18480000	1
scaffold8	18480000	18490000	0
scaffold8	18490000	18500000	0
scaffold8	18500000	18510000	1
scaffold8	18510000	18520000	0
scaffold8	18520000	18530000	0
scaffold8	18530000	18540000	0
scaffold8	18540000	18550000	0
scaffold8	18550000	18560000	0
scaffold8	18560000	18570000	1
scaffold8	18570000	18580000	0
scaffold8	18580000	18590000	1
scaffold8	18590000	18600000	1
scaffold8	18600000	18610000	0
scaffold8	18610000	18620000	0
scaffold8	18620000	18630000	0
scaffold8	18630000	18640000	0
scaffold8	18640000	18650000	1
scaffold8	18650000	18660000	0
scaffold8	18660000	18670000	0
scaffold8	18670000	18680000	1
scaffold8	18680000	18690000	0
scaffold8	18690000	18700000	1
scaffold8	18700000	18710000	0
scaffold8	18710000	18720000	0
scaffold8	18720000	18730000	0
scaffold8	18730000	18740000	1
scaffold8	18740000	18750000	0
scaffold8	18750000	18760000	1
scaffold8	18760000	18770000	1
scaffold8	18770000	18780000	1
scaffold8	18780000	18790000	1
scaffold8	18790000	18800000	1
scaffold8	18800000	18810000	0
scaffold8	18810000	18820000	0
scaffold8	18820000	18830000	0
scaffold8	18830000	18840000	2
scaffold8	18840000	18850000	2
scaffold8	18850000	18860000	2
scaffold8	18860000	18870000	1
scaffold8	18870000	18880000	1
scaffold8	18880000	18890000	1
scaffold8	18890000	18900000	3
scaffold8	18900000	18910000	1
scaffold8	18910000	18920000	1
scaffold8	18920000	18930000	1
scaffold8	18930000	18940000	1
scaffold8	18940000	18950000	1
scaffold8	18950000	18960000	1
scaffold8	18960000	18970000	1
scaffold8	18970000	18980000	3
scaffold8	18980000	18990000	2
scaffold8	18990000	19000000	2
scaffold8	19000000	19010000	0
scaffold8	19010000	19020000	0
scaffold8	19020000	19030000	0
scaffold8	19030000	19040000	0
scaffold8	19040000	19050000	0
scaffold8	19050000	19060000	0
scaffold8	19060000	19070000	1
scaffold8	19070000	19080000	1
scaffold8	19080000	19090000	2
scaffold8	19090000	19100000	1
scaffold8	19100000	19110000	0
scaffold8	19110000	19120000	0
scaffold8	19120000	19130000	0
scaffold8	19130000	19140000	1
scaffold8	19140000	19150000	1
scaffold8	19150000	19160000	1
scaffold8	19160000	19170000	2
scaffold8	19170000	19180000	1
scaffold8	19180000	19190000	1
scaffold8	19190000	19200000	1
scaffold8	19200000	19210000	2
scaffold8	19210000	19220000	2
scaffold8	19220000	19230000	1
scaffold8	19230000	19240000	2
scaffold8	19240000	19250000	2
scaffold8	19250000	19260000	2
scaffold8	19260000	19270000	2
scaffold8	19270000	19280000	0
scaffold8	19280000	19290000	0
scaffold8	19290000	19300000	0
scaffold8	19300000	19310000	0
scaffold8	19310000	19320000	0
scaffold8	19320000	19330000	1
scaffold8	19330000	19340000	1
scaffold8	19340000	19350000	0
scaffold8	19350000	19360000	0
scaffold8	19360000	19370000	0
scaffold8	19370000	19380000	0
scaffold8	19380000	19390000	0
scaffold8	19390000	19400000	0
scaffold8	19400000	19410000	0
scaffold8	19410000	19420000	0
scaffold8	19420000	19430000	0
scaffold8	19430000	19440000	0
scaffold8	19440000	19450000	0
scaffold8	19450000	19460000	0
scaffold8	19460000	19470000	0
scaffold8	19470000	19480000	0
scaffold8	19480000	19490000	0
scaffold8	19490000	19500000	1
scaffold8	19500000	19510000	1
scaffold8	19510000	19520000	2
scaffold8	19520000	19530000	1
scaffold8	19530000	19540000	2
scaffold8	19540000	19550000	1
scaffold8	19550000	19560000	2
scaffold8	19560000	19570000	3
scaffold8	19570000	19580000	2
scaffold8	19580000	19590000	1
scaffold8	19590000	19600000	1
scaffold8	19600000	19610000	1
scaffold8	19610000	19620000	1
scaffold8	19620000	19630000	0
scaffold8	19630000	19640000	1
scaffold8	19640000	19650000	2
scaffold8	19650000	19660000	1
scaffold8	19660000	19670000	2
scaffold8	19670000	19680000	2
scaffold8	19680000	19690000	1
scaffold8	19690000	19700000	2
scaffold8	19700000	19710000	1
scaffold8	19710000	19720000	0
scaffold8	19720000	19730000	0
scaffold8	19730000	19740000	1
scaffold8	19740000	19750000	2
scaffold8	19750000	19760000	1
scaffold8	19760000	19770000	2
scaffold8	19770000	19780000	1
scaffold8	19780000	19790000	1
scaffold8	19790000	19800000	0
scaffold8	19800000	19810000	1
scaffold8	19810000	19820000	2
scaffold8	19820000	19830000	1
scaffold8	19830000	19840000	1
scaffold8	19840000	19850000	1
scaffold8	19850000	19860000	1
scaffold8	19860000	19870000	1
scaffold8	19870000	19880000	2
scaffold8	19880000	19890000	1
scaffold8	19890000	19900000	1
scaffold8	19900000	19910000	1
scaffold8	19910000	19920000	1
scaffold8	19920000	19930000	1
scaffold8	19930000	19940000	0
scaffold8	19940000	19950000	1
scaffold8	19950000	19960000	2
scaffold8	19960000	19970000	0
scaffold8	19970000	19980000	0
scaffold8	19980000	19990000	1
scaffold8	19990000	20000000	1
scaffold8	20000000	20010000	2
scaffold8	20010000	20020000	1
scaffold8	20020000	20030000	1
scaffold8	20030000	20040000	2
scaffold8	20040000	20050000	2
scaffold8	20050000	20060000	1
scaffold8	20060000	20070000	0
scaffold8	20070000	20080000	0
scaffold8	20080000	20090000	1
scaffold8	20090000	20100000	0
scaffold8	20100000	20110000	0
scaffold8	20110000	20120000	0
scaffold8	20120000	20130000	1
scaffold8	20130000	20140000	0
scaffold8	20140000	20150000	4
scaffold8	20150000	20160000	2
scaffold8	20160000	20170000	1
scaffold8	20170000	20180000	0
scaffold8	20180000	20190000	1
scaffold8	20190000	20200000	2
scaffold8	20200000	20210000	2
scaffold8	20210000	20220000	0
scaffold8	20220000	20230000	2
scaffold8	20230000	20240000	1
scaffold8	20240000	20250000	2
scaffold8	20250000	20260000	1
scaffold8	20260000	20270000	2
scaffold8	20270000	20280000	1
scaffold8	20280000	20290000	1
scaffold8	20290000	20300000	0
scaffold8	20300000	20310000	0
scaffold8	20310000	20320000	0
scaffold8	20320000	20330000	0
scaffold8	20330000	20340000	0
scaffold8	20340000	20350000	0
scaffold8	20350000	20360000	0
scaffold8	20360000	20370000	1
scaffold8	20370000	20380000	1
scaffold8	20380000	20390000	0
scaffold8	20390000	20400000	0
scaffold8	20400000	20410000	1
scaffold8	20410000	20420000	0
scaffold8	20420000	20430000	0
scaffold8	20430000	20440000	1
scaffold8	20440000	20450000	1
scaffold8	20450000	20460000	1
scaffold8	20460000	20470000	2
scaffold8	20470000	20480000	1
scaffold8	20480000	20490000	1
scaffold8	20490000	20500000	1
scaffold8	20500000	20510000	1
scaffold8	20510000	20520000	0
scaffold8	20520000	20530000	2
scaffold8	20530000	20540000	1
scaffold8	20540000	20550000	0
scaffold8	20550000	20560000	0
scaffold8	20560000	20570000	0
scaffold8	20570000	20580000	1
scaffold8	20580000	20590000	1
scaffold8	20590000	20600000	0
scaffold8	20600000	20610000	1
scaffold8	20610000	20620000	0
scaffold8	20620000	20630000	1
scaffold8	20630000	20640000	1
scaffold8	20640000	20650000	1
scaffold8	20650000	20660000	1
scaffold8	20660000	20670000	1
scaffold8	20670000	20680000	0
scaffold8	20680000	20690000	1
scaffold8	20690000	20700000	1
scaffold8	20700000	20710000	1
scaffold8	20710000	20720000	1
scaffold8	20720000	20730000	0
scaffold8	20730000	20740000	0
scaffold8	20740000	20750000	0
scaffold8	20750000	20760000	0
scaffold8	20760000	20770000	1
scaffold8	20770000	20780000	1
scaffold8	20780000	20790000	0
scaffold8	20790000	20800000	1
scaffold8	20800000	20810000	1
scaffold8	20810000	20820000	2
scaffold8	20820000	20830000	2
scaffold8	20830000	20840000	2
scaffold8	20840000	20850000	2
scaffold8	20850000	20860000	1
scaffold8	20860000	20870000	1
scaffold8	20870000	20880000	1
scaffold8	20880000	20890000	1
scaffold8	20890000	20900000	1
scaffold8	20900000	20910000	0
scaffold8	20910000	20920000	0
scaffold8	20920000	20930000	0
scaffold8	20930000	20940000	1
scaffold8	20940000	20950000	0
scaffold8	20950000	20960000	0
scaffold8	20960000	20970000	0
scaffold8	20970000	20980000	1
scaffold8	20980000	20990000	1
scaffold8	20990000	21000000	0
scaffold8	21000000	21010000	1
scaffold8	21010000	21020000	2
scaffold8	21020000	21030000	1
scaffold8	21030000	21040000	1
scaffold8	21040000	21050000	1
scaffold8	21050000	21060000	0
scaffold8	21060000	21070000	1
scaffold8	21070000	21080000	1
scaffold8	21080000	21090000	1
scaffold8	21090000	21100000	1
scaffold8	21100000	21110000	1
scaffold8	21110000	21120000	0
scaffold8	21120000	21130000	1
scaffold8	21130000	21140000	2
scaffold8	21140000	21150000	1
scaffold8	21150000	21160000	2
scaffold8	21160000	21170000	2
scaffold8	21170000	21180000	1
scaffold8	21180000	21190000	1
scaffold8	21190000	21200000	0
scaffold8	21200000	21210000	0
scaffold8	21210000	21220000	0
scaffold8	21220000	21230000	0
scaffold8	21230000	21240000	1
scaffold8	21240000	21250000	0
scaffold8	21250000	21260000	0
scaffold8	21260000	21270000	0
scaffold8	21270000	21280000	1
scaffold8	21280000	21290000	1
scaffold8	21290000	21300000	1
scaffold8	21300000	21310000	1
scaffold8	21310000	21320000	0
scaffold8	21320000	21322506	0
scaffold9	0	10000	0
scaffold9	10000	20000	0
scaffold9	20000	30000	0
scaffold9	30000	40000	0
scaffold9	40000	50000	1
scaffold9	50000	60000	0
scaffold9	60000	70000	2
scaffold9	70000	80000	2
scaffold9	80000	90000	2
scaffold9	90000	100000	0
scaffold9	100000	110000	0
scaffold9	110000	120000	1
scaffold9	120000	130000	0
scaffold9	130000	140000	0
scaffold9	140000	150000	0
scaffold9	150000	160000	0
scaffold9	160000	170000	0
scaffold9	170000	180000	0
scaffold9	180000	190000	2
scaffold9	190000	200000	2
scaffold9	200000	210000	1
scaffold9	210000	220000	1
scaffold9	220000	230000	1
scaffold9	230000	240000	2
scaffold9	240000	250000	3
scaffold9	250000	260000	1
scaffold9	260000	270000	1
scaffold9	270000	280000	1
scaffold9	280000	290000	2
scaffold9	290000	300000	1
scaffold9	300000	310000	2
scaffold9	310000	320000	0
scaffold9	320000	330000	0
scaffold9	330000	340000	2
scaffold9	340000	350000	3
scaffold9	350000	360000	1
scaffold9	360000	370000	2
scaffold9	370000	380000	0
scaffold9	380000	390000	0
scaffold9	390000	400000	0
scaffold9	400000	410000	0
scaffold9	410000	420000	0
scaffold9	420000	430000	0
scaffold9	430000	440000	0
scaffold9	440000	450000	0
scaffold9	450000	460000	0
scaffold9	460000	470000	1
scaffold9	470000	480000	1
scaffold9	480000	490000	0
scaffold9	490000	500000	1
scaffold9	500000	510000	1
scaffold9	510000	520000	1
scaffold9	520000	530000	1
scaffold9	530000	540000	1
scaffold9	540000	550000	1
scaffold9	550000	560000	0
scaffold9	560000	570000	0
scaffold9	570000	580000	0
scaffold9	580000	590000	0
scaffold9	590000	600000	0
scaffold9	600000	610000	0
scaffold9	610000	620000	0
scaffold9	620000	630000	0
scaffold9	630000	640000	0
scaffold9	640000	650000	0
scaffold9	650000	660000	1
scaffold9	660000	670000	1
scaffold9	670000	680000	1
scaffold9	680000	690000	1
scaffold9	690000	700000	1
scaffold9	700000	710000	1
scaffold9	710000	720000	1
scaffold9	720000	730000	1
scaffold9	730000	740000	0
scaffold9	740000	750000	1
scaffold9	750000	760000	3
scaffold9	760000	770000	1
scaffold9	770000	780000	1
scaffold9	780000	790000	0
scaffold9	790000	800000	0
scaffold9	800000	810000	0
scaffold9	810000	820000	0
scaffold9	820000	830000	0
scaffold9	830000	840000	1
scaffold9	840000	850000	1
scaffold9	850000	860000	1
scaffold9	860000	870000	1
scaffold9	870000	880000	2
scaffold9	880000	890000	0
scaffold9	890000	900000	1
scaffold9	900000	910000	1
scaffold9	910000	920000	1
scaffold9	920000	930000	1
scaffold9	930000	940000	0
scaffold9	940000	950000	0
scaffold9	950000	960000	1
scaffold9	960000	970000	1
scaffold9	970000	980000	0
scaffold9	980000	990000	2
scaffold9	990000	1000000	2
scaffold9	1000000	1010000	2
scaffold9	1010000	1020000	1
scaffold9	1020000	1030000	0
scaffold9	1030000	1040000	1
scaffold9	1040000	1050000	1
scaffold9	1050000	1060000	1
scaffold9	1060000	1070000	2
scaffold9	1070000	1080000	2
scaffold9	1080000	1090000	2
scaffold9	1090000	1100000	2
scaffold9	1100000	1110000	1
scaffold9	1110000	1120000	1
scaffold9	1120000	1130000	1
scaffold9	1130000	1140000	1
scaffold9	1140000	1150000	0
scaffold9	1150000	1160000	0
scaffold9	1160000	1170000	0
scaffold9	1170000	1180000	0
scaffold9	1180000	1190000	1
scaffold9	1190000	1200000	0
scaffold9	1200000	1210000	2
scaffold9	1210000	1220000	1
scaffold9	1220000	1230000	1
scaffold9	1230000	1240000	0
scaffold9	1240000	1250000	1
scaffold9	1250000	1260000	2
scaffold9	1260000	1270000	0
scaffold9	1270000	1280000	2
scaffold9	1280000	1290000	0
scaffold9	1290000	1300000	0
scaffold9	1300000	1310000	1
scaffold9	1310000	1320000	0
scaffold9	1320000	1330000	1
scaffold9	1330000	1340000	2
scaffold9	1340000	1350000	1
scaffold9	1350000	1360000	2
scaffold9	1360000	1370000	1
scaffold9	1370000	1380000	0
scaffold9	1380000	1390000	1
scaffold9	1390000	1400000	1
scaffold9	1400000	1410000	2
scaffold9	1410000	1420000	1
scaffold9	1420000	1430000	1
scaffold9	1430000	1440000	1
scaffold9	1440000	1450000	1
scaffold9	1450000	1460000	0
scaffold9	1460000	1470000	1
scaffold9	1470000	1480000	1
scaffold9	1480000	1490000	0
scaffold9	1490000	1500000	2
scaffold9	1500000	1510000	2
scaffold9	1510000	1520000	1
scaffold9	1520000	1530000	1
scaffold9	1530000	1540000	2
scaffold9	1540000	1550000	2
scaffold9	1550000	1560000	2
scaffold9	1560000	1570000	0
scaffold9	1570000	1580000	0
scaffold9	1580000	1590000	0
scaffold9	1590000	1600000	0
scaffold9	1600000	1610000	0
scaffold9	1610000	1620000	0
scaffold9	1620000	1630000	0
scaffold9	1630000	1640000	0
scaffold9	1640000	1650000	0
scaffold9	1650000	1660000	0
scaffold9	1660000	1670000	0
scaffold9	1670000	1680000	0
scaffold9	1680000	1690000	0
scaffold9	1690000	1700000	0
scaffold9	1700000	1710000	0
scaffold9	1710000	1720000	0
scaffold9	1720000	1730000	0
scaffold9	1730000	1740000	0
scaffold9	1740000	1750000	0
scaffold9	1750000	1760000	0
scaffold9	1760000	1770000	0
scaffold9	1770000	1780000	0
scaffold9	1780000	1790000	1
scaffold9	1790000	1800000	1
scaffold9	1800000	1810000	0
scaffold9	1810000	1820000	1
scaffold9	1820000	1830000	2
scaffold9	1830000	1840000	2
scaffold9	1840000	1850000	0
scaffold9	1850000	1860000	0
scaffold9	1860000	1870000	0
scaffold9	1870000	1880000	0
scaffold9	1880000	1890000	1
scaffold9	1890000	1900000	1
scaffold9	1900000	1910000	1
scaffold9	1910000	1920000	0
scaffold9	1920000	1930000	0
scaffold9	1930000	1940000	0
scaffold9	1940000	1950000	1
scaffold9	1950000	1960000	0
scaffold9	1960000	1970000	0
scaffold9	1970000	1980000	0
scaffold9	1980000	1990000	0
scaffold9	1990000	2000000	0
scaffold9	2000000	2010000	0
scaffold9	2010000	2020000	0
scaffold9	2020000	2030000	0
scaffold9	2030000	2040000	0
scaffold9	2040000	2050000	0
scaffold9	2050000	2060000	2
scaffold9	2060000	2070000	1
scaffold9	2070000	2080000	1
scaffold9	2080000	2090000	1
scaffold9	2090000	2100000	2
scaffold9	2100000	2110000	1
scaffold9	2110000	2120000	2
scaffold9	2120000	2130000	0
scaffold9	2130000	2140000	0
scaffold9	2140000	2150000	0
scaffold9	2150000	2160000	1
scaffold9	2160000	2170000	1
scaffold9	2170000	2180000	0
scaffold9	2180000	2190000	0
scaffold9	2190000	2200000	0
scaffold9	2200000	2210000	0
scaffold9	2210000	2220000	1
scaffold9	2220000	2230000	1
scaffold9	2230000	2240000	1
scaffold9	2240000	2250000	1
scaffold9	2250000	2260000	1
scaffold9	2260000	2270000	1
scaffold9	2270000	2280000	2
scaffold9	2280000	2290000	1
scaffold9	2290000	2300000	1
scaffold9	2300000	2310000	1
scaffold9	2310000	2320000	1
scaffold9	2320000	2330000	1
scaffold9	2330000	2340000	1
scaffold9	2340000	2350000	1
scaffold9	2350000	2360000	1
scaffold9	2360000	2370000	1
scaffold9	2370000	2380000	2
scaffold9	2380000	2390000	1
scaffold9	2390000	2400000	1
scaffold9	2400000	2410000	1
scaffold9	2410000	2420000	1
scaffold9	2420000	2430000	2
scaffold9	2430000	2440000	1
scaffold9	2440000	2450000	0
scaffold9	2450000	2460000	1
scaffold9	2460000	2470000	2
scaffold9	2470000	2480000	1
scaffold9	2480000	2490000	0
scaffold9	2490000	2500000	0
scaffold9	2500000	2510000	0
scaffold9	2510000	2520000	0
scaffold9	2520000	2530000	0
scaffold9	2530000	2540000	0
scaffold9	2540000	2550000	1
scaffold9	2550000	2560000	1
scaffold9	2560000	2570000	1
scaffold9	2570000	2580000	0
scaffold9	2580000	2590000	0
scaffold9	2590000	2600000	1
scaffold9	2600000	2610000	1
scaffold9	2610000	2620000	1
scaffold9	2620000	2630000	1
scaffold9	2630000	2640000	0
scaffold9	2640000	2650000	0
scaffold9	2650000	2660000	0
scaffold9	2660000	2670000	0
scaffold9	2670000	2680000	1
scaffold9	2680000	2690000	1
scaffold9	2690000	2700000	1
scaffold9	2700000	2710000	1
scaffold9	2710000	2720000	0
scaffold9	2720000	2730000	0
scaffold9	2730000	2740000	1
scaffold9	2740000	2750000	1
scaffold9	2750000	2760000	0
scaffold9	2760000	2770000	0
scaffold9	2770000	2780000	1
scaffold9	2780000	2790000	2
scaffold9	2790000	2800000	0
scaffold9	2800000	2810000	1
scaffold9	2810000	2820000	2
scaffold9	2820000	2830000	1
scaffold9	2830000	2840000	1
scaffold9	2840000	2850000	0
scaffold9	2850000	2860000	1
scaffold9	2860000	2870000	2
scaffold9	2870000	2880000	4
scaffold9	2880000	2890000	1
scaffold9	2890000	2900000	0
scaffold9	2900000	2910000	2
scaffold9	2910000	2920000	3
scaffold9	2920000	2930000	3
scaffold9	2930000	2940000	0
scaffold9	2940000	2950000	0
scaffold9	2950000	2960000	0
scaffold9	2960000	2970000	0
scaffold9	2970000	2980000	0
scaffold9	2980000	2990000	0
scaffold9	2990000	3000000	0
scaffold9	3000000	3010000	1
scaffold9	3010000	3020000	0
scaffold9	3020000	3030000	0
scaffold9	3030000	3040000	1
scaffold9	3040000	3050000	1
scaffold9	3050000	3060000	0
scaffold9	3060000	3070000	2
scaffold9	3070000	3080000	0
scaffold9	3080000	3090000	1
scaffold9	3090000	3100000	0
scaffold9	3100000	3110000	0
scaffold9	3110000	3120000	0
scaffold9	3120000	3130000	0
scaffold9	3130000	3140000	0
scaffold9	3140000	3150000	0
scaffold9	3150000	3160000	0
scaffold9	3160000	3170000	2
scaffold9	3170000	3180000	0
scaffold9	3180000	3190000	0
scaffold9	3190000	3200000	1
scaffold9	3200000	3210000	1
scaffold9	3210000	3220000	0
scaffold9	3220000	3230000	1
scaffold9	3230000	3240000	1
scaffold9	3240000	3250000	1
scaffold9	3250000	3260000	0
scaffold9	3260000	3270000	1
scaffold9	3270000	3280000	0
scaffold9	3280000	3290000	1
scaffold9	3290000	3300000	2
scaffold9	3300000	3310000	0
scaffold9	3310000	3320000	0
scaffold9	3320000	3330000	0
scaffold9	3330000	3340000	0
scaffold9	3340000	3350000	0
scaffold9	3350000	3360000	0
scaffold9	3360000	3370000	0
scaffold9	3370000	3380000	0
scaffold9	3380000	3390000	0
scaffold9	3390000	3400000	1
scaffold9	3400000	3410000	0
scaffold9	3410000	3420000	0
scaffold9	3420000	3430000	0
scaffold9	3430000	3440000	0
scaffold9	3440000	3450000	4
scaffold9	3450000	3460000	1
scaffold9	3460000	3470000	1
scaffold9	3470000	3480000	1
scaffold9	3480000	3490000	1
scaffold9	3490000	3500000	0
scaffold9	3500000	3510000	0
scaffold9	3510000	3520000	0
scaffold9	3520000	3530000	0
scaffold9	3530000	3540000	0
scaffold9	3540000	3550000	1
scaffold9	3550000	3560000	1
scaffold9	3560000	3570000	0
scaffold9	3570000	3580000	0
scaffold9	3580000	3590000	1
scaffold9	3590000	3600000	2
scaffold9	3600000	3610000	2
scaffold9	3610000	3620000	1
scaffold9	3620000	3630000	1
scaffold9	3630000	3640000	3
scaffold9	3640000	3650000	2
scaffold9	3650000	3660000	1
scaffold9	3660000	3670000	0
scaffold9	3670000	3680000	0
scaffold9	3680000	3690000	0
scaffold9	3690000	3700000	1
scaffold9	3700000	3710000	1
scaffold9	3710000	3720000	2
scaffold9	3720000	3730000	1
scaffold9	3730000	3740000	1
scaffold9	3740000	3750000	3
scaffold9	3750000	3760000	1
scaffold9	3760000	3770000	1
scaffold9	3770000	3780000	0
scaffold9	3780000	3790000	0
scaffold9	3790000	3800000	0
scaffold9	3800000	3810000	0
scaffold9	3810000	3820000	0
scaffold9	3820000	3830000	0
scaffold9	3830000	3840000	0
scaffold9	3840000	3850000	0
scaffold9	3850000	3860000	0
scaffold9	3860000	3870000	0
scaffold9	3870000	3880000	0
scaffold9	3880000	3890000	2
scaffold9	3890000	3900000	1
scaffold9	3900000	3910000	0
scaffold9	3910000	3920000	1
scaffold9	3920000	3930000	2
scaffold9	3930000	3940000	2
scaffold9	3940000	3950000	2
scaffold9	3950000	3960000	1
scaffold9	3960000	3970000	1
scaffold9	3970000	3980000	1
scaffold9	3980000	3990000	1
scaffold9	3990000	4000000	0
scaffold9	4000000	4010000	2
scaffold9	4010000	4020000	1
scaffold9	4020000	4030000	1
scaffold9	4030000	4040000	0
scaffold9	4040000	4050000	4
scaffold9	4050000	4060000	1
scaffold9	4060000	4070000	1
scaffold9	4070000	4080000	1
scaffold9	4080000	4090000	1
scaffold9	4090000	4100000	0
scaffold9	4100000	4110000	0
scaffold9	4110000	4120000	0
scaffold9	4120000	4130000	1
scaffold9	4130000	4140000	1
scaffold9	4140000	4150000	1
scaffold9	4150000	4160000	1
scaffold9	4160000	4170000	1
scaffold9	4170000	4180000	0
scaffold9	4180000	4190000	0
scaffold9	4190000	4200000	0
scaffold9	4200000	4210000	1
scaffold9	4210000	4220000	0
scaffold9	4220000	4230000	1
scaffold9	4230000	4240000	1
scaffold9	4240000	4250000	1
scaffold9	4250000	4260000	0
scaffold9	4260000	4270000	1
scaffold9	4270000	4280000	0
scaffold9	4280000	4290000	0
scaffold9	4290000	4300000	0
scaffold9	4300000	4310000	0
scaffold9	4310000	4320000	2
scaffold9	4320000	4330000	1
scaffold9	4330000	4340000	0
scaffold9	4340000	4350000	0
scaffold9	4350000	4360000	1
scaffold9	4360000	4370000	0
scaffold9	4370000	4380000	1
scaffold9	4380000	4390000	0
scaffold9	4390000	4400000	0
scaffold9	4400000	4410000	0
scaffold9	4410000	4420000	1
scaffold9	4420000	4430000	0
scaffold9	4430000	4440000	0
scaffold9	4440000	4450000	2
scaffold9	4450000	4460000	2
scaffold9	4460000	4470000	1
scaffold9	4470000	4480000	1
scaffold9	4480000	4490000	1
scaffold9	4490000	4500000	0
scaffold9	4500000	4510000	1
scaffold9	4510000	4520000	3
scaffold9	4520000	4530000	2
scaffold9	4530000	4540000	1
scaffold9	4540000	4550000	1
scaffold9	4550000	4560000	0
scaffold9	4560000	4570000	0
scaffold9	4570000	4580000	1
scaffold9	4580000	4590000	0
scaffold9	4590000	4600000	0
scaffold9	4600000	4610000	0
scaffold9	4610000	4620000	1
scaffold9	4620000	4630000	1
scaffold9	4630000	4640000	1
scaffold9	4640000	4650000	0
scaffold9	4650000	4660000	0
scaffold9	4660000	4670000	1
scaffold9	4670000	4680000	1
scaffold9	4680000	4690000	2
scaffold9	4690000	4700000	1
scaffold9	4700000	4710000	0
scaffold9	4710000	4720000	0
scaffold9	4720000	4730000	0
scaffold9	4730000	4740000	1
scaffold9	4740000	4750000	0
scaffold9	4750000	4760000	0
scaffold9	4760000	4770000	0
scaffold9	4770000	4780000	0
scaffold9	4780000	4790000	1
scaffold9	4790000	4800000	0
scaffold9	4800000	4810000	0
scaffold9	4810000	4820000	0
scaffold9	4820000	4830000	0
scaffold9	4830000	4840000	0
scaffold9	4840000	4850000	0
scaffold9	4850000	4860000	0
scaffold9	4860000	4870000	0
scaffold9	4870000	4880000	1
scaffold9	4880000	4890000	1
scaffold9	4890000	4900000	2
scaffold9	4900000	4910000	1
scaffold9	4910000	4920000	1
scaffold9	4920000	4930000	0
scaffold9	4930000	4940000	0
scaffold9	4940000	4950000	1
scaffold9	4950000	4960000	1
scaffold9	4960000	4970000	0
scaffold9	4970000	4980000	1
scaffold9	4980000	4990000	0
scaffold9	4990000	5000000	1
scaffold9	5000000	5010000	1
scaffold9	5010000	5020000	0
scaffold9	5020000	5030000	0
scaffold9	5030000	5040000	0
scaffold9	5040000	5050000	1
scaffold9	5050000	5060000	1
scaffold9	5060000	5070000	0
scaffold9	5070000	5080000	1
scaffold9	5080000	5090000	0
scaffold9	5090000	5100000	0
scaffold9	5100000	5110000	0
scaffold9	5110000	5120000	0
scaffold9	5120000	5130000	0
scaffold9	5130000	5140000	1
scaffold9	5140000	5150000	0
scaffold9	5150000	5160000	0
scaffold9	5160000	5170000	0
scaffold9	5170000	5180000	1
scaffold9	5180000	5190000	0
scaffold9	5190000	5200000	1
scaffold9	5200000	5210000	1
scaffold9	5210000	5220000	0
scaffold9	5220000	5230000	1
scaffold9	5230000	5240000	1
scaffold9	5240000	5250000	1
scaffold9	5250000	5260000	0
scaffold9	5260000	5270000	0
scaffold9	5270000	5280000	0
scaffold9	5280000	5290000	0
scaffold9	5290000	5300000	0
scaffold9	5300000	5310000	0
scaffold9	5310000	5320000	1
scaffold9	5320000	5330000	1
scaffold9	5330000	5340000	1
scaffold9	5340000	5350000	1
scaffold9	5350000	5360000	3
scaffold9	5360000	5370000	2
scaffold9	5370000	5380000	1
scaffold9	5380000	5390000	1
scaffold9	5390000	5400000	1
scaffold9	5400000	5410000	2
scaffold9	5410000	5420000	2
scaffold9	5420000	5430000	0
scaffold9	5430000	5440000	1
scaffold9	5440000	5450000	1
scaffold9	5450000	5460000	1
scaffold9	5460000	5470000	0
scaffold9	5470000	5480000	1
scaffold9	5480000	5490000	1
scaffold9	5490000	5500000	1
scaffold9	5500000	5510000	3
scaffold9	5510000	5520000	0
scaffold9	5520000	5530000	0
scaffold9	5530000	5540000	0
scaffold9	5540000	5550000	0
scaffold9	5550000	5560000	0
scaffold9	5560000	5570000	0
scaffold9	5570000	5580000	0
scaffold9	5580000	5590000	1
scaffold9	5590000	5600000	1
scaffold9	5600000	5610000	1
scaffold9	5610000	5620000	0
scaffold9	5620000	5630000	1
scaffold9	5630000	5640000	1
scaffold9	5640000	5650000	1
scaffold9	5650000	5660000	1
scaffold9	5660000	5670000	2
scaffold9	5670000	5680000	1
scaffold9	5680000	5690000	1
scaffold9	5690000	5700000	1
scaffold9	5700000	5710000	1
scaffold9	5710000	5720000	0
scaffold9	5720000	5730000	0
scaffold9	5730000	5740000	0
scaffold9	5740000	5750000	1
scaffold9	5750000	5760000	1
scaffold9	5760000	5770000	0
scaffold9	5770000	5780000	0
scaffold9	5780000	5790000	1
scaffold9	5790000	5800000	0
scaffold9	5800000	5810000	0
scaffold9	5810000	5820000	0
scaffold9	5820000	5830000	0
scaffold9	5830000	5840000	1
scaffold9	5840000	5850000	1
scaffold9	5850000	5860000	1
scaffold9	5860000	5870000	1
scaffold9	5870000	5880000	1
scaffold9	5880000	5890000	1
scaffold9	5890000	5900000	1
scaffold9	5900000	5910000	1
scaffold9	5910000	5920000	2
scaffold9	5920000	5930000	0
scaffold9	5930000	5940000	2
scaffold9	5940000	5950000	1
scaffold9	5950000	5960000	1
scaffold9	5960000	5970000	1
scaffold9	5970000	5980000	0
scaffold9	5980000	5990000	0
scaffold9	5990000	6000000	1
scaffold9	6000000	6010000	1
scaffold9	6010000	6020000	0
scaffold9	6020000	6030000	0
scaffold9	6030000	6040000	1
scaffold9	6040000	6050000	1
scaffold9	6050000	6060000	2
scaffold9	6060000	6070000	2
scaffold9	6070000	6080000	2
scaffold9	6080000	6090000	1
scaffold9	6090000	6100000	0
scaffold9	6100000	6110000	0
scaffold9	6110000	6120000	1
scaffold9	6120000	6130000	1
scaffold9	6130000	6140000	0
scaffold9	6140000	6150000	0
scaffold9	6150000	6160000	1
scaffold9	6160000	6170000	2
scaffold9	6170000	6180000	2
scaffold9	6180000	6190000	0
scaffold9	6190000	6200000	1
scaffold9	6200000	6210000	1
scaffold9	6210000	6220000	1
scaffold9	6220000	6230000	1
scaffold9	6230000	6240000	1
scaffold9	6240000	6250000	1
scaffold9	6250000	6260000	0
scaffold9	6260000	6270000	0
scaffold9	6270000	6280000	0
scaffold9	6280000	6290000	1
scaffold9	6290000	6300000	2
scaffold9	6300000	6310000	1
scaffold9	6310000	6320000	1
scaffold9	6320000	6330000	1
scaffold9	6330000	6340000	1
scaffold9	6340000	6350000	1
scaffold9	6350000	6360000	0
scaffold9	6360000	6370000	0
scaffold9	6370000	6380000	0
scaffold9	6380000	6390000	0
scaffold9	6390000	6400000	1
scaffold9	6400000	6410000	1
scaffold9	6410000	6420000	1
scaffold9	6420000	6430000	3
scaffold9	6430000	6440000	1
scaffold9	6440000	6450000	0
scaffold9	6450000	6460000	0
scaffold9	6460000	6470000	0
scaffold9	6470000	6480000	0
scaffold9	6480000	6490000	0
scaffold9	6490000	6500000	0
scaffold9	6500000	6510000	0
scaffold9	6510000	6520000	0
scaffold9	6520000	6530000	1
scaffold9	6530000	6540000	2
scaffold9	6540000	6550000	0
scaffold9	6550000	6560000	0
scaffold9	6560000	6570000	0
scaffold9	6570000	6580000	1
scaffold9	6580000	6590000	2
scaffold9	6590000	6600000	1
scaffold9	6600000	6610000	0
scaffold9	6610000	6620000	0
scaffold9	6620000	6630000	0
scaffold9	6630000	6640000	1
scaffold9	6640000	6650000	2
scaffold9	6650000	6660000	0
scaffold9	6660000	6670000	0
scaffold9	6670000	6680000	0
scaffold9	6680000	6690000	0
scaffold9	6690000	6700000	0
scaffold9	6700000	6710000	0
scaffold9	6710000	6720000	0
scaffold9	6720000	6730000	0
scaffold9	6730000	6740000	0
scaffold9	6740000	6750000	0
scaffold9	6750000	6760000	0
scaffold9	6760000	6770000	0
scaffold9	6770000	6780000	2
scaffold9	6780000	6790000	1
scaffold9	6790000	6800000	1
scaffold9	6800000	6810000	1
scaffold9	6810000	6820000	2
scaffold9	6820000	6830000	0
scaffold9	6830000	6840000	0
scaffold9	6840000	6850000	2
scaffold9	6850000	6860000	0
scaffold9	6860000	6870000	0
scaffold9	6870000	6880000	2
scaffold9	6880000	6890000	0
scaffold9	6890000	6900000	0
scaffold9	6900000	6910000	0
scaffold9	6910000	6920000	0
scaffold9	6920000	6930000	0
scaffold9	6930000	6940000	0
scaffold9	6940000	6950000	1
scaffold9	6950000	6960000	1
scaffold9	6960000	6970000	2
scaffold9	6970000	6980000	2
scaffold9	6980000	6990000	0
scaffold9	6990000	7000000	1
scaffold9	7000000	7010000	0
scaffold9	7010000	7020000	1
scaffold9	7020000	7030000	1
scaffold9	7030000	7040000	1
scaffold9	7040000	7050000	0
scaffold9	7050000	7060000	0
scaffold9	7060000	7070000	1
scaffold9	7070000	7080000	1
scaffold9	7080000	7090000	1
scaffold9	7090000	7100000	1
scaffold9	7100000	7110000	1
scaffold9	7110000	7120000	1
scaffold9	7120000	7130000	0
scaffold9	7130000	7140000	0
scaffold9	7140000	7150000	0
scaffold9	7150000	7160000	1
scaffold9	7160000	7170000	1
scaffold9	7170000	7180000	0
scaffold9	7180000	7190000	0
scaffold9	7190000	7200000	0
scaffold9	7200000	7210000	0
scaffold9	7210000	7220000	0
scaffold9	7220000	7230000	0
scaffold9	7230000	7240000	0
scaffold9	7240000	7250000	0
scaffold9	7250000	7260000	1
scaffold9	7260000	7270000	0
scaffold9	7270000	7280000	0
scaffold9	7280000	7290000	0
scaffold9	7290000	7300000	0
scaffold9	7300000	7310000	0
scaffold9	7310000	7320000	0
scaffold9	7320000	7330000	0
scaffold9	7330000	7340000	0
scaffold9	7340000	7350000	0
scaffold9	7350000	7360000	0
scaffold9	7360000	7370000	0
scaffold9	7370000	7380000	2
scaffold9	7380000	7390000	2
scaffold9	7390000	7400000	2
scaffold9	7400000	7410000	2
scaffold9	7410000	7420000	2
scaffold9	7420000	7430000	0
scaffold9	7430000	7440000	1
scaffold9	7440000	7450000	0
scaffold9	7450000	7460000	0
scaffold9	7460000	7470000	0
scaffold9	7470000	7480000	1
scaffold9	7480000	7490000	1
scaffold9	7490000	7500000	2
scaffold9	7500000	7510000	2
scaffold9	7510000	7520000	1
scaffold9	7520000	7530000	1
scaffold9	7530000	7540000	1
scaffold9	7540000	7550000	1
scaffold9	7550000	7560000	1
scaffold9	7560000	7570000	1
scaffold9	7570000	7580000	2
scaffold9	7580000	7590000	1
scaffold9	7590000	7600000	1
scaffold9	7600000	7610000	1
scaffold9	7610000	7620000	1
scaffold9	7620000	7630000	1
scaffold9	7630000	7640000	1
scaffold9	7640000	7650000	2
scaffold9	7650000	7660000	1
scaffold9	7660000	7670000	0
scaffold9	7670000	7680000	0
scaffold9	7680000	7690000	0
scaffold9	7690000	7700000	0
scaffold9	7700000	7710000	0
scaffold9	7710000	7720000	0
scaffold9	7720000	7730000	1
scaffold9	7730000	7740000	2
scaffold9	7740000	7750000	2
scaffold9	7750000	7760000	1
scaffold9	7760000	7770000	1
scaffold9	7770000	7780000	0
scaffold9	7780000	7790000	0
scaffold9	7790000	7800000	0
scaffold9	7800000	7810000	0
scaffold9	7810000	7820000	0
scaffold9	7820000	7830000	2
scaffold9	7830000	7840000	3
scaffold9	7840000	7850000	1
scaffold9	7850000	7860000	2
scaffold9	7860000	7870000	1
scaffold9	7870000	7880000	1
scaffold9	7880000	7890000	1
scaffold9	7890000	7900000	1
scaffold9	7900000	7910000	1
scaffold9	7910000	7920000	1
scaffold9	7920000	7930000	1
scaffold9	7930000	7940000	1
scaffold9	7940000	7950000	2
scaffold9	7950000	7960000	1
scaffold9	7960000	7970000	0
scaffold9	7970000	7980000	0
scaffold9	7980000	7990000	0
scaffold9	7990000	8000000	0
scaffold9	8000000	8010000	0
scaffold9	8010000	8020000	0
scaffold9	8020000	8030000	0
scaffold9	8030000	8040000	0
scaffold9	8040000	8050000	0
scaffold9	8050000	8060000	0
scaffold9	8060000	8070000	0
scaffold9	8070000	8080000	0
scaffold9	8080000	8090000	0
scaffold9	8090000	8100000	4
scaffold9	8100000	8110000	0
scaffold9	8110000	8120000	0
scaffold9	8120000	8130000	0
scaffold9	8130000	8140000	0
scaffold9	8140000	8150000	0
scaffold9	8150000	8160000	0
scaffold9	8160000	8170000	2
scaffold9	8170000	8180000	2
scaffold9	8180000	8190000	2
scaffold9	8190000	8200000	2
scaffold9	8200000	8210000	1
scaffold9	8210000	8220000	1
scaffold9	8220000	8230000	0
scaffold9	8230000	8240000	1
scaffold9	8240000	8250000	0
scaffold9	8250000	8260000	1
scaffold9	8260000	8270000	1
scaffold9	8270000	8280000	0
scaffold9	8280000	8290000	2
scaffold9	8290000	8300000	0
scaffold9	8300000	8310000	1
scaffold9	8310000	8320000	0
scaffold9	8320000	8330000	1
scaffold9	8330000	8340000	1
scaffold9	8340000	8350000	1
scaffold9	8350000	8360000	1
scaffold9	8360000	8370000	0
scaffold9	8370000	8380000	0
scaffold9	8380000	8390000	0
scaffold9	8390000	8400000	1
scaffold9	8400000	8410000	1
scaffold9	8410000	8420000	1
scaffold9	8420000	8430000	1
scaffold9	8430000	8440000	2
scaffold9	8440000	8450000	1
scaffold9	8450000	8460000	0
scaffold9	8460000	8470000	0
scaffold9	8470000	8480000	0
scaffold9	8480000	8490000	0
scaffold9	8490000	8500000	0
scaffold9	8500000	8510000	0
scaffold9	8510000	8520000	0
scaffold9	8520000	8530000	3
scaffold9	8530000	8540000	1
scaffold9	8540000	8550000	1
scaffold9	8550000	8560000	1
scaffold9	8560000	8570000	1
scaffold9	8570000	8580000	2
scaffold9	8580000	8590000	0
scaffold9	8590000	8600000	2
scaffold9	8600000	8610000	0
scaffold9	8610000	8620000	1
scaffold9	8620000	8630000	2
scaffold9	8630000	8640000	3
scaffold9	8640000	8650000	3
scaffold9	8650000	8660000	1
scaffold9	8660000	8670000	3
scaffold9	8670000	8680000	0
scaffold9	8680000	8690000	0
scaffold9	8690000	8700000	1
scaffold9	8700000	8710000	0
scaffold9	8710000	8720000	0
scaffold9	8720000	8730000	1
scaffold9	8730000	8740000	1
scaffold9	8740000	8750000	0
scaffold9	8750000	8760000	1
scaffold9	8760000	8770000	0
scaffold9	8770000	8780000	0
scaffold9	8780000	8790000	0
scaffold9	8790000	8800000	0
scaffold9	8800000	8810000	0
scaffold9	8810000	8820000	0
scaffold9	8820000	8830000	0
scaffold9	8830000	8840000	0
scaffold9	8840000	8850000	0
scaffold9	8850000	8860000	1
scaffold9	8860000	8870000	1
scaffold9	8870000	8880000	1
scaffold9	8880000	8890000	0
scaffold9	8890000	8900000	2
scaffold9	8900000	8910000	0
scaffold9	8910000	8920000	0
scaffold9	8920000	8930000	1
scaffold9	8930000	8940000	1
scaffold9	8940000	8950000	1
scaffold9	8950000	8960000	3
scaffold9	8960000	8970000	2
scaffold9	8970000	8980000	2
scaffold9	8980000	8990000	1
scaffold9	8990000	9000000	1
scaffold9	9000000	9010000	1
scaffold9	9010000	9020000	2
scaffold9	9020000	9030000	1
scaffold9	9030000	9040000	1
scaffold9	9040000	9050000	1
scaffold9	9050000	9060000	0
scaffold9	9060000	9070000	2
scaffold9	9070000	9080000	1
scaffold9	9080000	9090000	1
scaffold9	9090000	9100000	1
scaffold9	9100000	9110000	1
scaffold9	9110000	9120000	1
scaffold9	9120000	9130000	1
scaffold9	9130000	9140000	1
scaffold9	9140000	9150000	1
scaffold9	9150000	9160000	1
scaffold9	9160000	9170000	1
scaffold9	9170000	9180000	1
scaffold9	9180000	9190000	1
scaffold9	9190000	9200000	1
scaffold9	9200000	9210000	0
scaffold9	9210000	9220000	0
scaffold9	9220000	9230000	0
scaffold9	9230000	9240000	0
scaffold9	9240000	9250000	0
scaffold9	9250000	9260000	1
scaffold9	9260000	9270000	1
scaffold9	9270000	9280000	1
scaffold9	9280000	9290000	0
scaffold9	9290000	9300000	0
scaffold9	9300000	9310000	0
scaffold9	9310000	9320000	1
scaffold9	9320000	9330000	0
scaffold9	9330000	9340000	1
scaffold9	9340000	9350000	1
scaffold9	9350000	9360000	0
scaffold9	9360000	9370000	0
scaffold9	9370000	9380000	1
scaffold9	9380000	9390000	2
scaffold9	9390000	9400000	2
scaffold9	9400000	9410000	1
scaffold9	9410000	9420000	1
scaffold9	9420000	9430000	1
scaffold9	9430000	9440000	2
scaffold9	9440000	9450000	0
scaffold9	9450000	9460000	0
scaffold9	9460000	9470000	2
scaffold9	9470000	9480000	0
scaffold9	9480000	9490000	0
scaffold9	9490000	9500000	0
scaffold9	9500000	9510000	0
scaffold9	9510000	9520000	2
scaffold9	9520000	9530000	1
scaffold9	9530000	9540000	2
scaffold9	9540000	9550000	0
scaffold9	9550000	9560000	0
scaffold9	9560000	9570000	0
scaffold9	9570000	9580000	1
scaffold9	9580000	9590000	1
scaffold9	9590000	9600000	0
scaffold9	9600000	9610000	1
scaffold9	9610000	9620000	1
scaffold9	9620000	9630000	1
scaffold9	9630000	9640000	1
scaffold9	9640000	9650000	0
scaffold9	9650000	9660000	2
scaffold9	9660000	9670000	1
scaffold9	9670000	9680000	1
scaffold9	9680000	9690000	1
scaffold9	9690000	9700000	2
scaffold9	9700000	9710000	0
scaffold9	9710000	9720000	0
scaffold9	9720000	9730000	0
scaffold9	9730000	9740000	0
scaffold9	9740000	9750000	0
scaffold9	9750000	9760000	0
scaffold9	9760000	9770000	0
scaffold9	9770000	9780000	1
scaffold9	9780000	9790000	0
scaffold9	9790000	9800000	1
scaffold9	9800000	9810000	0
scaffold9	9810000	9820000	1
scaffold9	9820000	9830000	2
scaffold9	9830000	9840000	3
scaffold9	9840000	9850000	2
scaffold9	9850000	9860000	2
scaffold9	9860000	9870000	1
scaffold9	9870000	9880000	1
scaffold9	9880000	9890000	0
scaffold9	9890000	9900000	1
scaffold9	9900000	9910000	2
scaffold9	9910000	9920000	1
scaffold9	9920000	9930000	2
scaffold9	9930000	9940000	3
scaffold9	9940000	9950000	1
scaffold9	9950000	9960000	1
scaffold9	9960000	9970000	1
scaffold9	9970000	9980000	0
scaffold9	9980000	9990000	0
scaffold9	9990000	10000000	1
scaffold9	10000000	10010000	1
scaffold9	10010000	10020000	2
scaffold9	10020000	10030000	1
scaffold9	10030000	10040000	2
scaffold9	10040000	10050000	1
scaffold9	10050000	10060000	1
scaffold9	10060000	10070000	2
scaffold9	10070000	10080000	3
scaffold9	10080000	10090000	1
scaffold9	10090000	10100000	1
scaffold9	10100000	10110000	0
scaffold9	10110000	10120000	0
scaffold9	10120000	10130000	0
scaffold9	10130000	10140000	0
scaffold9	10140000	10150000	0
scaffold9	10150000	10160000	0
scaffold9	10160000	10170000	0
scaffold9	10170000	10180000	0
scaffold9	10180000	10190000	0
scaffold9	10190000	10200000	0
scaffold9	10200000	10210000	5
scaffold9	10210000	10220000	1
scaffold9	10220000	10230000	1
scaffold9	10230000	10240000	1
scaffold9	10240000	10250000	2
scaffold9	10250000	10260000	2
scaffold9	10260000	10270000	0
scaffold9	10270000	10280000	0
scaffold9	10280000	10290000	0
scaffold9	10290000	10300000	0
scaffold9	10300000	10310000	0
scaffold9	10310000	10320000	1
scaffold9	10320000	10330000	1
scaffold9	10330000	10340000	1
scaffold9	10340000	10350000	1
scaffold9	10350000	10360000	1
scaffold9	10360000	10370000	1
scaffold9	10370000	10380000	0
scaffold9	10380000	10390000	0
scaffold9	10390000	10400000	0
scaffold9	10400000	10410000	2
scaffold9	10410000	10420000	1
scaffold9	10420000	10430000	1
scaffold9	10430000	10440000	2
scaffold9	10440000	10450000	2
scaffold9	10450000	10460000	4
scaffold9	10460000	10470000	1
scaffold9	10470000	10480000	3
scaffold9	10480000	10490000	2
scaffold9	10490000	10500000	2
scaffold9	10500000	10510000	0
scaffold9	10510000	10520000	1
scaffold9	10520000	10530000	2
scaffold9	10530000	10540000	0
scaffold9	10540000	10550000	0
scaffold9	10550000	10560000	0
scaffold9	10560000	10570000	1
scaffold9	10570000	10580000	0
scaffold9	10580000	10590000	0
scaffold9	10590000	10600000	0
scaffold9	10600000	10610000	0
scaffold9	10610000	10620000	0
scaffold9	10620000	10630000	0
scaffold9	10630000	10640000	0
scaffold9	10640000	10650000	1
scaffold9	10650000	10660000	1
scaffold9	10660000	10670000	1
scaffold9	10670000	10680000	2
scaffold9	10680000	10690000	2
scaffold9	10690000	10700000	2
scaffold9	10700000	10710000	0
scaffold9	10710000	10720000	0
scaffold9	10720000	10730000	0
scaffold9	10730000	10740000	0
scaffold9	10740000	10750000	1
scaffold9	10750000	10760000	0
scaffold9	10760000	10770000	1
scaffold9	10770000	10780000	1
scaffold9	10780000	10790000	1
scaffold9	10790000	10800000	0
scaffold9	10800000	10810000	0
scaffold9	10810000	10820000	1
scaffold9	10820000	10830000	1
scaffold9	10830000	10840000	0
scaffold9	10840000	10850000	1
scaffold9	10850000	10860000	1
scaffold9	10860000	10870000	1
scaffold9	10870000	10880000	1
scaffold9	10880000	10890000	0
scaffold9	10890000	10900000	0
scaffold9	10900000	10910000	0
scaffold9	10910000	10920000	0
scaffold9	10920000	10930000	0
scaffold9	10930000	10940000	0
scaffold9	10940000	10950000	1
scaffold9	10950000	10960000	1
scaffold9	10960000	10970000	1
scaffold9	10970000	10980000	1
scaffold9	10980000	10990000	1
scaffold9	10990000	11000000	0
scaffold9	11000000	11010000	1
scaffold9	11010000	11020000	2
scaffold9	11020000	11030000	3
scaffold9	11030000	11040000	1
scaffold9	11040000	11050000	0
scaffold9	11050000	11060000	0
scaffold9	11060000	11070000	0
scaffold9	11070000	11080000	0
scaffold9	11080000	11090000	0
scaffold9	11090000	11100000	0
scaffold9	11100000	11110000	0
scaffold9	11110000	11120000	0
scaffold9	11120000	11130000	0
scaffold9	11130000	11140000	0
scaffold9	11140000	11150000	0
scaffold9	11150000	11160000	0
scaffold9	11160000	11170000	0
scaffold9	11170000	11180000	0
scaffold9	11180000	11190000	1
scaffold9	11190000	11200000	1
scaffold9	11200000	11210000	2
scaffold9	11210000	11220000	1
scaffold9	11220000	11230000	0
scaffold9	11230000	11240000	1
scaffold9	11240000	11250000	1
scaffold9	11250000	11260000	0
scaffold9	11260000	11270000	0
scaffold9	11270000	11280000	1
scaffold9	11280000	11290000	0
scaffold9	11290000	11300000	0
scaffold9	11300000	11310000	2
scaffold9	11310000	11320000	2
scaffold9	11320000	11330000	1
scaffold9	11330000	11340000	1
scaffold9	11340000	11350000	0
scaffold9	11350000	11360000	0
scaffold9	11360000	11370000	1
scaffold9	11370000	11380000	2
scaffold9	11380000	11390000	2
scaffold9	11390000	11400000	0
scaffold9	11400000	11410000	1
scaffold9	11410000	11420000	1
scaffold9	11420000	11430000	1
scaffold9	11430000	11440000	1
scaffold9	11440000	11450000	1
scaffold9	11450000	11460000	2
scaffold9	11460000	11470000	0
scaffold9	11470000	11480000	0
scaffold9	11480000	11490000	1
scaffold9	11490000	11500000	0
scaffold9	11500000	11510000	0
scaffold9	11510000	11520000	0
scaffold9	11520000	11530000	0
scaffold9	11530000	11540000	0
scaffold9	11540000	11550000	0
scaffold9	11550000	11560000	0
scaffold9	11560000	11570000	0
scaffold9	11570000	11580000	0
scaffold9	11580000	11590000	0
scaffold9	11590000	11600000	0
scaffold9	11600000	11610000	1
scaffold9	11610000	11620000	0
scaffold9	11620000	11630000	0
scaffold9	11630000	11640000	0
scaffold9	11640000	11650000	0
scaffold9	11650000	11660000	0
scaffold9	11660000	11670000	2
scaffold9	11670000	11680000	2
scaffold9	11680000	11690000	3
scaffold9	11690000	11700000	1
scaffold9	11700000	11710000	2
scaffold9	11710000	11720000	1
scaffold9	11720000	11730000	1
scaffold9	11730000	11740000	1
scaffold9	11740000	11750000	0
scaffold9	11750000	11760000	0
scaffold9	11760000	11770000	1
scaffold9	11770000	11780000	0
scaffold9	11780000	11790000	0
scaffold9	11790000	11800000	1
scaffold9	11800000	11810000	0
scaffold9	11810000	11820000	0
scaffold9	11820000	11830000	0
scaffold9	11830000	11840000	0
scaffold9	11840000	11850000	0
scaffold9	11850000	11860000	0
scaffold9	11860000	11870000	1
scaffold9	11870000	11880000	0
scaffold9	11880000	11890000	1
scaffold9	11890000	11900000	1
scaffold9	11900000	11910000	0
scaffold9	11910000	11920000	1
scaffold9	11920000	11930000	1
scaffold9	11930000	11940000	0
scaffold9	11940000	11950000	0
scaffold9	11950000	11960000	0
scaffold9	11960000	11970000	0
scaffold9	11970000	11980000	0
scaffold9	11980000	11990000	1
scaffold9	11990000	12000000	1
scaffold9	12000000	12010000	1
scaffold9	12010000	12020000	1
scaffold9	12020000	12030000	1
scaffold9	12030000	12040000	1
scaffold9	12040000	12050000	3
scaffold9	12050000	12060000	2
scaffold9	12060000	12070000	1
scaffold9	12070000	12080000	1
scaffold9	12080000	12090000	1
scaffold9	12090000	12100000	1
scaffold9	12100000	12110000	0
scaffold9	12110000	12120000	1
scaffold9	12120000	12130000	1
scaffold9	12130000	12140000	0
scaffold9	12140000	12150000	1
scaffold9	12150000	12160000	1
scaffold9	12160000	12170000	0
scaffold9	12170000	12180000	0
scaffold9	12180000	12190000	0
scaffold9	12190000	12200000	0
scaffold9	12200000	12210000	0
scaffold9	12210000	12220000	0
scaffold9	12220000	12230000	2
scaffold9	12230000	12240000	1
scaffold9	12240000	12250000	0
scaffold9	12250000	12260000	0
scaffold9	12260000	12270000	0
scaffold9	12270000	12280000	1
scaffold9	12280000	12290000	1
scaffold9	12290000	12300000	2
scaffold9	12300000	12310000	2
scaffold9	12310000	12320000	1
scaffold9	12320000	12330000	2
scaffold9	12330000	12340000	0
scaffold9	12340000	12350000	0
scaffold9	12350000	12360000	1
scaffold9	12360000	12370000	0
scaffold9	12370000	12380000	0
scaffold9	12380000	12390000	1
scaffold9	12390000	12400000	0
scaffold9	12400000	12410000	0
scaffold9	12410000	12420000	0
scaffold9	12420000	12430000	0
scaffold9	12430000	12440000	0
scaffold9	12440000	12450000	0
scaffold9	12450000	12460000	2
scaffold9	12460000	12470000	1
scaffold9	12470000	12480000	0
scaffold9	12480000	12490000	1
scaffold9	12490000	12500000	3
scaffold9	12500000	12510000	1
scaffold9	12510000	12520000	2
scaffold9	12520000	12530000	1
scaffold9	12530000	12540000	2
scaffold9	12540000	12550000	1
scaffold9	12550000	12560000	1
scaffold9	12560000	12570000	1
scaffold9	12570000	12580000	0
scaffold9	12580000	12590000	0
scaffold9	12590000	12600000	0
scaffold9	12600000	12610000	1
scaffold9	12610000	12620000	3
scaffold9	12620000	12630000	0
scaffold9	12630000	12640000	1
scaffold9	12640000	12650000	5
scaffold9	12650000	12660000	5
scaffold9	12660000	12670000	6
scaffold9	12670000	12680000	6
scaffold9	12680000	12690000	5
scaffold9	12690000	12700000	6
scaffold9	12700000	12710000	4
scaffold9	12710000	12720000	7
scaffold9	12720000	12730000	7
scaffold9	12730000	12740000	2
scaffold9	12740000	12750000	0
scaffold9	12750000	12760000	0
scaffold9	12760000	12770000	0
scaffold9	12770000	12780000	0
scaffold9	12780000	12790000	0
scaffold9	12790000	12800000	0
scaffold9	12800000	12810000	0
scaffold9	12810000	12820000	0
scaffold9	12820000	12830000	1
scaffold9	12830000	12840000	2
scaffold9	12840000	12850000	0
scaffold9	12850000	12860000	0
scaffold9	12860000	12870000	0
scaffold9	12870000	12880000	1
scaffold9	12880000	12890000	1
scaffold9	12890000	12900000	1
scaffold9	12900000	12910000	2
scaffold9	12910000	12920000	1
scaffold9	12920000	12930000	0
scaffold9	12930000	12940000	0
scaffold9	12940000	12950000	0
scaffold9	12950000	12960000	0
scaffold9	12960000	12970000	0
scaffold9	12970000	12980000	0
scaffold9	12980000	12990000	1
scaffold9	12990000	13000000	2
scaffold9	13000000	13010000	2
scaffold9	13010000	13020000	0
scaffold9	13020000	13030000	0
scaffold9	13030000	13040000	0
scaffold9	13040000	13050000	0
scaffold9	13050000	13060000	0
scaffold9	13060000	13070000	3
scaffold9	13070000	13080000	1
scaffold9	13080000	13090000	2
scaffold9	13090000	13100000	0
scaffold9	13100000	13110000	0
scaffold9	13110000	13120000	3
scaffold9	13120000	13130000	1
scaffold9	13130000	13140000	2
scaffold9	13140000	13150000	2
scaffold9	13150000	13160000	2
scaffold9	13160000	13170000	1
scaffold9	13170000	13180000	2
scaffold9	13180000	13190000	1
scaffold9	13190000	13200000	1
scaffold9	13200000	13210000	1
scaffold9	13210000	13220000	1
scaffold9	13220000	13230000	1
scaffold9	13230000	13240000	0
scaffold9	13240000	13250000	0
scaffold9	13250000	13260000	0
scaffold9	13260000	13270000	0
scaffold9	13270000	13280000	0
scaffold9	13280000	13290000	0
scaffold9	13290000	13300000	1
scaffold9	13300000	13310000	1
scaffold9	13310000	13320000	2
scaffold9	13320000	13330000	0
scaffold9	13330000	13340000	0
scaffold9	13340000	13350000	0
scaffold9	13350000	13360000	0
scaffold9	13360000	13370000	0
scaffold9	13370000	13380000	0
scaffold9	13380000	13390000	0
scaffold9	13390000	13400000	0
scaffold9	13400000	13410000	0
scaffold9	13410000	13420000	0
scaffold9	13420000	13430000	0
scaffold9	13430000	13440000	0
scaffold9	13440000	13450000	0
scaffold9	13450000	13460000	0
scaffold9	13460000	13470000	0
scaffold9	13470000	13480000	0
scaffold9	13480000	13490000	0
scaffold9	13490000	13500000	0
scaffold9	13500000	13510000	0
scaffold9	13510000	13520000	0
scaffold9	13520000	13530000	0
scaffold9	13530000	13540000	1
scaffold9	13540000	13550000	3
scaffold9	13550000	13560000	0
scaffold9	13560000	13570000	0
scaffold9	13570000	13580000	0
scaffold9	13580000	13590000	0
scaffold9	13590000	13600000	1
scaffold9	13600000	13610000	1
scaffold9	13610000	13620000	1
scaffold9	13620000	13630000	1
scaffold9	13630000	13640000	1
scaffold9	13640000	13650000	1
scaffold9	13650000	13660000	1
scaffold9	13660000	13670000	1
scaffold9	13670000	13680000	0
scaffold9	13680000	13690000	0
scaffold9	13690000	13700000	0
scaffold9	13700000	13710000	1
scaffold9	13710000	13720000	1
scaffold9	13720000	13730000	0
scaffold9	13730000	13740000	2
scaffold9	13740000	13750000	2
scaffold9	13750000	13760000	0
scaffold9	13760000	13770000	0
scaffold9	13770000	13780000	0
scaffold9	13780000	13790000	0
scaffold9	13790000	13800000	0
scaffold9	13800000	13810000	0
scaffold9	13810000	13820000	1
scaffold9	13820000	13830000	0
scaffold9	13830000	13840000	1
scaffold9	13840000	13850000	0
scaffold9	13850000	13860000	0
scaffold9	13860000	13870000	0
scaffold9	13870000	13880000	0
scaffold9	13880000	13890000	0
scaffold9	13890000	13900000	2
scaffold9	13900000	13910000	1
scaffold9	13910000	13920000	1
scaffold9	13920000	13930000	1
scaffold9	13930000	13940000	0
scaffold9	13940000	13950000	0
scaffold9	13950000	13960000	1
scaffold9	13960000	13970000	1
scaffold9	13970000	13980000	1
scaffold9	13980000	13990000	1
scaffold9	13990000	14000000	1
scaffold9	14000000	14010000	1
scaffold9	14010000	14020000	1
scaffold9	14020000	14030000	1
scaffold9	14030000	14040000	1
scaffold9	14040000	14050000	1
scaffold9	14050000	14060000	0
scaffold9	14060000	14070000	0
scaffold9	14070000	14080000	0
scaffold9	14080000	14090000	1
scaffold9	14090000	14100000	0
scaffold9	14100000	14110000	0
scaffold9	14110000	14120000	2
scaffold9	14120000	14130000	2
scaffold9	14130000	14140000	1
scaffold9	14140000	14150000	1
scaffold9	14150000	14160000	2
scaffold9	14160000	14170000	1
scaffold9	14170000	14180000	1
scaffold9	14180000	14190000	1
scaffold9	14190000	14200000	0
scaffold9	14200000	14210000	0
scaffold9	14210000	14220000	0
scaffold9	14220000	14230000	0
scaffold9	14230000	14240000	0
scaffold9	14240000	14250000	0
scaffold9	14250000	14260000	0
scaffold9	14260000	14270000	0
scaffold9	14270000	14280000	0
scaffold9	14280000	14290000	0
scaffold9	14290000	14300000	0
scaffold9	14300000	14310000	2
scaffold9	14310000	14320000	2
scaffold9	14320000	14330000	1
scaffold9	14330000	14340000	0
scaffold9	14340000	14350000	1
scaffold9	14350000	14360000	0
scaffold9	14360000	14370000	0
scaffold9	14370000	14380000	0
scaffold9	14380000	14390000	0
scaffold9	14390000	14400000	0
scaffold9	14400000	14410000	1
scaffold9	14410000	14420000	0
scaffold9	14420000	14430000	1
scaffold9	14430000	14440000	2
scaffold9	14440000	14450000	0
scaffold9	14450000	14460000	0
scaffold9	14460000	14470000	0
scaffold9	14470000	14480000	1
scaffold9	14480000	14490000	1
scaffold9	14490000	14500000	2
scaffold9	14500000	14510000	0
scaffold9	14510000	14520000	0
scaffold9	14520000	14530000	1
scaffold9	14530000	14540000	2
scaffold9	14540000	14550000	2
scaffold9	14550000	14560000	1
scaffold9	14560000	14570000	1
scaffold9	14570000	14580000	1
scaffold9	14580000	14590000	0
scaffold9	14590000	14600000	0
scaffold9	14600000	14610000	2
scaffold9	14610000	14620000	1
scaffold9	14620000	14630000	0
scaffold9	14630000	14640000	0
scaffold9	14640000	14650000	2
scaffold9	14650000	14660000	2
scaffold9	14660000	14670000	1
scaffold9	14670000	14680000	2
scaffold9	14680000	14690000	1
scaffold9	14690000	14700000	0
scaffold9	14700000	14710000	0
scaffold9	14710000	14720000	0
scaffold9	14720000	14730000	0
scaffold9	14730000	14740000	1
scaffold9	14740000	14750000	4
scaffold9	14750000	14760000	2
scaffold9	14760000	14770000	2
scaffold9	14770000	14780000	1
scaffold9	14780000	14790000	0
scaffold9	14790000	14800000	0
scaffold9	14800000	14810000	0
scaffold9	14810000	14820000	0
scaffold9	14820000	14830000	0
scaffold9	14830000	14840000	0
scaffold9	14840000	14850000	0
scaffold9	14850000	14860000	0
scaffold9	14860000	14870000	0
scaffold9	14870000	14880000	1
scaffold9	14880000	14890000	1
scaffold9	14890000	14900000	1
scaffold9	14900000	14910000	0
scaffold9	14910000	14920000	0
scaffold9	14920000	14930000	0
scaffold9	14930000	14940000	1
scaffold9	14940000	14950000	1
scaffold9	14950000	14960000	1
scaffold9	14960000	14970000	2
scaffold9	14970000	14980000	2
scaffold9	14980000	14990000	3
scaffold9	14990000	15000000	1
scaffold9	15000000	15010000	1
scaffold9	15010000	15020000	4
scaffold9	15020000	15030000	0
scaffold9	15030000	15040000	2
scaffold9	15040000	15050000	2
scaffold9	15050000	15060000	0
scaffold9	15060000	15070000	0
scaffold9	15070000	15080000	1
scaffold9	15080000	15090000	1
scaffold9	15090000	15100000	1
scaffold9	15100000	15110000	1
scaffold9	15110000	15120000	1
scaffold9	15120000	15130000	2
scaffold9	15130000	15140000	0
scaffold9	15140000	15150000	0
scaffold9	15150000	15160000	0
scaffold9	15160000	15170000	1
scaffold9	15170000	15180000	0
scaffold9	15180000	15190000	1
scaffold9	15190000	15200000	0
scaffold9	15200000	15210000	0
scaffold9	15210000	15220000	0
scaffold9	15220000	15230000	0
scaffold9	15230000	15240000	1
scaffold9	15240000	15250000	1
scaffold9	15250000	15260000	1
scaffold9	15260000	15270000	1
scaffold9	15270000	15280000	1
scaffold9	15280000	15290000	0
scaffold9	15290000	15300000	0
scaffold9	15300000	15310000	0
scaffold9	15310000	15320000	2
scaffold9	15320000	15330000	1
scaffold9	15330000	15340000	1
scaffold9	15340000	15350000	1
scaffold9	15350000	15360000	0
scaffold9	15360000	15370000	1
scaffold9	15370000	15380000	1
scaffold9	15380000	15390000	1
scaffold9	15390000	15400000	1
scaffold9	15400000	15410000	1
scaffold9	15410000	15420000	0
scaffold9	15420000	15430000	1
scaffold9	15430000	15440000	1
scaffold9	15440000	15450000	2
scaffold9	15450000	15460000	2
scaffold9	15460000	15470000	1
scaffold9	15470000	15480000	2
scaffold9	15480000	15490000	2
scaffold9	15490000	15500000	2
scaffold9	15500000	15510000	1
scaffold9	15510000	15520000	1
scaffold9	15520000	15530000	0
scaffold9	15530000	15540000	0
scaffold9	15540000	15550000	0
scaffold9	15550000	15560000	0
scaffold9	15560000	15570000	0
scaffold9	15570000	15580000	0
scaffold9	15580000	15590000	0
scaffold9	15590000	15600000	0
scaffold9	15600000	15610000	0
scaffold9	15610000	15620000	0
scaffold9	15620000	15630000	0
scaffold9	15630000	15640000	1
scaffold9	15640000	15650000	1
scaffold9	15650000	15660000	1
scaffold9	15660000	15670000	2
scaffold9	15670000	15680000	0
scaffold9	15680000	15690000	1
scaffold9	15690000	15700000	2
scaffold9	15700000	15710000	1
scaffold9	15710000	15720000	2
scaffold9	15720000	15730000	1
scaffold9	15730000	15740000	0
scaffold9	15740000	15750000	1
scaffold9	15750000	15760000	1
scaffold9	15760000	15770000	0
scaffold9	15770000	15780000	0
scaffold9	15780000	15790000	0
scaffold9	15790000	15800000	0
scaffold9	15800000	15810000	0
scaffold9	15810000	15820000	1
scaffold9	15820000	15830000	2
scaffold9	15830000	15840000	1
scaffold9	15840000	15850000	2
scaffold9	15850000	15860000	1
scaffold9	15860000	15870000	2
scaffold9	15870000	15880000	1
scaffold9	15880000	15890000	2
scaffold9	15890000	15900000	1
scaffold9	15900000	15910000	0
scaffold9	15910000	15920000	0
scaffold9	15920000	15930000	0
scaffold9	15930000	15940000	1
scaffold9	15940000	15950000	2
scaffold9	15950000	15960000	0
scaffold9	15960000	15970000	0
scaffold9	15970000	15980000	0
scaffold9	15980000	15990000	1
scaffold9	15990000	16000000	1
scaffold9	16000000	16010000	1
scaffold9	16010000	16020000	1
scaffold9	16020000	16030000	1
scaffold9	16030000	16040000	1
scaffold9	16040000	16050000	2
scaffold9	16050000	16060000	0
scaffold9	16060000	16070000	0
scaffold9	16070000	16080000	0
scaffold9	16080000	16090000	1
scaffold9	16090000	16100000	2
scaffold9	16100000	16110000	1
scaffold9	16110000	16120000	1
scaffold9	16120000	16130000	1
scaffold9	16130000	16140000	1
scaffold9	16140000	16150000	1
scaffold9	16150000	16160000	1
scaffold9	16160000	16170000	0
scaffold9	16170000	16180000	0
scaffold9	16180000	16190000	0
scaffold9	16190000	16200000	0
scaffold9	16200000	16210000	1
scaffold9	16210000	16220000	0
scaffold9	16220000	16230000	1
scaffold9	16230000	16240000	1
scaffold9	16240000	16250000	1
scaffold9	16250000	16260000	2
scaffold9	16260000	16270000	3
scaffold9	16270000	16280000	2
scaffold9	16280000	16290000	1
scaffold9	16290000	16300000	2
scaffold9	16300000	16310000	1
scaffold9	16310000	16320000	1
scaffold9	16320000	16330000	0
scaffold9	16330000	16340000	0
scaffold9	16340000	16350000	0
scaffold9	16350000	16360000	0
scaffold9	16360000	16370000	0
scaffold9	16370000	16380000	0
scaffold9	16380000	16390000	0
scaffold9	16390000	16400000	0
scaffold9	16400000	16410000	0
scaffold9	16410000	16420000	0
scaffold9	16420000	16430000	2
scaffold9	16430000	16440000	0
scaffold9	16440000	16450000	0
scaffold9	16450000	16460000	0
scaffold9	16460000	16470000	0
scaffold9	16470000	16480000	0
scaffold9	16480000	16490000	1
scaffold9	16490000	16500000	0
scaffold9	16500000	16510000	1
scaffold9	16510000	16520000	3
scaffold9	16520000	16530000	1
scaffold9	16530000	16540000	0
scaffold9	16540000	16550000	2
scaffold9	16550000	16560000	2
scaffold9	16560000	16570000	1
scaffold9	16570000	16580000	0
scaffold9	16580000	16590000	1
scaffold9	16590000	16600000	2
scaffold9	16600000	16610000	1
scaffold9	16610000	16620000	0
scaffold9	16620000	16630000	1
scaffold9	16630000	16640000	2
scaffold9	16640000	16650000	4
scaffold9	16650000	16660000	1
scaffold9	16660000	16670000	0
scaffold9	16670000	16680000	1
scaffold9	16680000	16690000	1
scaffold9	16690000	16700000	1
scaffold9	16700000	16710000	1
scaffold9	16710000	16720000	1
scaffold9	16720000	16730000	0
scaffold9	16730000	16740000	0
scaffold9	16740000	16750000	0
scaffold9	16750000	16760000	1
scaffold9	16760000	16770000	1
scaffold9	16770000	16780000	2
scaffold9	16780000	16790000	1
scaffold9	16790000	16800000	0
scaffold9	16800000	16810000	0
scaffold9	16810000	16820000	1
scaffold9	16820000	16830000	2
scaffold9	16830000	16840000	2
scaffold9	16840000	16850000	1
scaffold9	16850000	16860000	1
scaffold9	16860000	16870000	1
scaffold9	16870000	16880000	2
scaffold9	16880000	16890000	1
scaffold9	16890000	16900000	1
scaffold9	16900000	16910000	0
scaffold9	16910000	16920000	0
scaffold9	16920000	16930000	0
scaffold9	16930000	16940000	0
scaffold9	16940000	16950000	0
scaffold9	16950000	16960000	0
scaffold9	16960000	16970000	0
scaffold9	16970000	16980000	0
scaffold9	16980000	16990000	1
scaffold9	16990000	17000000	0
scaffold9	17000000	17010000	0
scaffold9	17010000	17020000	0
scaffold9	17020000	17030000	0
scaffold9	17030000	17040000	0
scaffold9	17040000	17050000	1
scaffold9	17050000	17060000	1
scaffold9	17060000	17070000	2
scaffold9	17070000	17080000	1
scaffold9	17080000	17090000	1
scaffold9	17090000	17100000	0
scaffold9	17100000	17110000	0
scaffold9	17110000	17120000	0
scaffold9	17120000	17130000	0
scaffold9	17130000	17140000	0
scaffold9	17140000	17150000	0
scaffold9	17150000	17160000	0
scaffold9	17160000	17170000	1
scaffold9	17170000	17180000	2
scaffold9	17180000	17190000	1
scaffold9	17190000	17200000	1
scaffold9	17200000	17210000	1
scaffold9	17210000	17220000	1
scaffold9	17220000	17230000	1
scaffold9	17230000	17240000	1
scaffold9	17240000	17250000	1
scaffold9	17250000	17260000	0
scaffold9	17260000	17270000	0
scaffold9	17270000	17280000	0
scaffold9	17280000	17290000	0
scaffold9	17290000	17300000	0
scaffold9	17300000	17310000	0
scaffold9	17310000	17320000	2
scaffold9	17320000	17330000	0
scaffold9	17330000	17340000	0
scaffold9	17340000	17350000	0
scaffold9	17350000	17360000	1
scaffold9	17360000	17370000	1
scaffold9	17370000	17380000	1
scaffold9	17380000	17390000	1
scaffold9	17390000	17400000	1
scaffold9	17400000	17410000	1
scaffold9	17410000	17420000	1
scaffold9	17420000	17430000	1
scaffold9	17430000	17440000	1
scaffold9	17440000	17450000	1
scaffold9	17450000	17460000	1
scaffold9	17460000	17470000	1
scaffold9	17470000	17480000	1
scaffold9	17480000	17490000	1
scaffold9	17490000	17500000	0
scaffold9	17500000	17510000	0
scaffold9	17510000	17520000	0
scaffold9	17520000	17530000	1
scaffold9	17530000	17540000	1
scaffold9	17540000	17550000	1
scaffold9	17550000	17560000	1
scaffold9	17560000	17570000	0
scaffold9	17570000	17580000	1
scaffold9	17580000	17590000	1
scaffold9	17590000	17600000	0
scaffold9	17600000	17610000	0
scaffold9	17610000	17620000	0
scaffold9	17620000	17630000	1
scaffold9	17630000	17640000	1
scaffold9	17640000	17650000	0
scaffold9	17650000	17660000	0
scaffold9	17660000	17670000	3
scaffold9	17670000	17680000	2
scaffold9	17680000	17690000	0
scaffold9	17690000	17700000	0
scaffold9	17700000	17710000	0
scaffold9	17710000	17720000	1
scaffold9	17720000	17730000	1
scaffold9	17730000	17740000	1
scaffold9	17740000	17750000	1
scaffold9	17750000	17760000	2
scaffold9	17760000	17770000	1
scaffold9	17770000	17780000	1
scaffold9	17780000	17790000	1
scaffold9	17790000	17800000	1
scaffold9	17800000	17810000	1
scaffold9	17810000	17820000	1
scaffold9	17820000	17830000	0
scaffold9	17830000	17840000	0
scaffold9	17840000	17850000	0
scaffold9	17850000	17860000	0
scaffold9	17860000	17870000	0
scaffold9	17870000	17880000	0
scaffold9	17880000	17890000	0
scaffold9	17890000	17900000	0
scaffold9	17900000	17910000	0
scaffold9	17910000	17920000	0
scaffold9	17920000	17930000	2
scaffold9	17930000	17940000	1
scaffold9	17940000	17950000	1
scaffold9	17950000	17960000	0
scaffold9	17960000	17970000	0
scaffold9	17970000	17980000	0
scaffold9	17980000	17990000	0
scaffold9	17990000	18000000	0
scaffold9	18000000	18010000	0
scaffold9	18010000	18020000	0
scaffold9	18020000	18030000	0
scaffold9	18030000	18040000	0
scaffold9	18040000	18050000	1
scaffold9	18050000	18060000	0
scaffold9	18060000	18070000	0
scaffold9	18070000	18080000	0
scaffold9	18080000	18090000	1
scaffold9	18090000	18100000	0
scaffold9	18100000	18110000	0
scaffold9	18110000	18120000	0
scaffold9	18120000	18130000	1
scaffold9	18130000	18140000	1
scaffold9	18140000	18150000	2
scaffold9	18150000	18160000	2
scaffold9	18160000	18170000	1
scaffold9	18170000	18180000	1
scaffold9	18180000	18190000	2
scaffold9	18190000	18200000	2
scaffold9	18200000	18210000	0
scaffold9	18210000	18220000	1
scaffold9	18220000	18230000	1
scaffold9	18230000	18240000	3
scaffold9	18240000	18250000	1
scaffold9	18250000	18260000	3
scaffold9	18260000	18270000	3
scaffold9	18270000	18280000	1
scaffold9	18280000	18290000	1
scaffold9	18290000	18300000	0
scaffold9	18300000	18310000	0
scaffold9	18310000	18320000	0
scaffold9	18320000	18330000	0
scaffold9	18330000	18340000	1
scaffold9	18340000	18350000	1
scaffold9	18350000	18360000	0
scaffold9	18360000	18370000	0
scaffold9	18370000	18380000	0
scaffold9	18380000	18390000	1
scaffold9	18390000	18400000	2
scaffold9	18400000	18410000	1
scaffold9	18410000	18420000	2
scaffold9	18420000	18430000	2
scaffold9	18430000	18440000	0
scaffold9	18440000	18450000	1
scaffold9	18450000	18460000	3
scaffold9	18460000	18470000	2
scaffold9	18470000	18480000	1
scaffold9	18480000	18490000	1
scaffold9	18490000	18500000	1
scaffold9	18500000	18510000	0
scaffold9	18510000	18520000	0
scaffold9	18520000	18530000	0
scaffold9	18530000	18540000	0
scaffold9	18540000	18550000	0
scaffold9	18550000	18560000	0
scaffold9	18560000	18570000	0
scaffold9	18570000	18580000	0
scaffold9	18580000	18590000	0
scaffold9	18590000	18600000	0
scaffold9	18600000	18610000	0
scaffold9	18610000	18620000	0
scaffold9	18620000	18630000	0
scaffold9	18630000	18640000	0
scaffold9	18640000	18650000	0
scaffold9	18650000	18660000	1
scaffold9	18660000	18670000	2
scaffold9	18670000	18680000	1
scaffold9	18680000	18690000	0
scaffold9	18690000	18700000	0
scaffold9	18700000	18710000	0
scaffold9	18710000	18720000	2
scaffold9	18720000	18730000	1
scaffold9	18730000	18740000	0
scaffold9	18740000	18750000	0
scaffold9	18750000	18760000	0
scaffold9	18760000	18770000	0
scaffold9	18770000	18780000	1
scaffold9	18780000	18790000	1
scaffold9	18790000	18800000	1
scaffold9	18800000	18810000	1
scaffold9	18810000	18820000	1
scaffold9	18820000	18830000	0
scaffold9	18830000	18840000	0
scaffold9	18840000	18850000	1
scaffold9	18850000	18860000	1
scaffold9	18860000	18870000	1
scaffold9	18870000	18880000	1
scaffold9	18880000	18890000	2
scaffold9	18890000	18900000	2
scaffold9	18900000	18910000	1
scaffold9	18910000	18920000	1
scaffold9	18920000	18930000	1
scaffold9	18930000	18940000	1
scaffold9	18940000	18950000	2
scaffold9	18950000	18960000	1
scaffold9	18960000	18970000	1
scaffold9	18970000	18980000	1
scaffold9	18980000	18990000	0
scaffold9	18990000	19000000	0
scaffold9	19000000	19010000	1
scaffold9	19010000	19020000	1
scaffold9	19020000	19030000	1
scaffold9	19030000	19040000	1
scaffold9	19040000	19050000	2
scaffold9	19050000	19060000	1
scaffold9	19060000	19070000	1
scaffold9	19070000	19080000	1
scaffold9	19080000	19090000	1
scaffold9	19090000	19100000	0
scaffold9	19100000	19110000	0
scaffold9	19110000	19120000	1
scaffold9	19120000	19130000	0
scaffold9	19130000	19140000	1
scaffold9	19140000	19150000	1
scaffold9	19150000	19160000	2
scaffold9	19160000	19170000	1
scaffold9	19170000	19180000	1
scaffold9	19180000	19190000	1
scaffold9	19190000	19200000	3
scaffold9	19200000	19210000	2
scaffold9	19210000	19220000	1
scaffold9	19220000	19230000	1
scaffold9	19230000	19240000	2
scaffold9	19240000	19250000	2
scaffold9	19250000	19260000	1
scaffold9	19260000	19270000	1
scaffold9	19270000	19280000	1
scaffold9	19280000	19290000	1
scaffold9	19290000	19300000	2
scaffold9	19300000	19310000	1
scaffold9	19310000	19320000	0
scaffold9	19320000	19330000	0
scaffold9	19330000	19340000	0
scaffold9	19340000	19350000	1
scaffold9	19350000	19360000	1
scaffold9	19360000	19370000	2
scaffold9	19370000	19380000	1
scaffold9	19380000	19390000	1
scaffold9	19390000	19400000	0
scaffold9	19400000	19410000	0
scaffold9	19410000	19420000	0
scaffold9	19420000	19430000	1
scaffold9	19430000	19440000	1
scaffold9	19440000	19450000	0
scaffold9	19450000	19460000	0
scaffold9	19460000	19470000	0
scaffold9	19470000	19480000	0
scaffold9	19480000	19490000	2
scaffold9	19490000	19500000	1
scaffold9	19500000	19510000	2
scaffold9	19510000	19520000	1
scaffold9	19520000	19530000	2
scaffold9	19530000	19540000	1
scaffold9	19540000	19550000	0
scaffold9	19550000	19560000	0
scaffold9	19560000	19570000	0
scaffold9	19570000	19580000	0
scaffold9	19580000	19590000	1
scaffold9	19590000	19600000	1
scaffold9	19600000	19610000	2
scaffold9	19610000	19620000	1
scaffold9	19620000	19630000	1
scaffold9	19630000	19640000	1
scaffold9	19640000	19650000	1
scaffold9	19650000	19660000	1
scaffold9	19660000	19670000	2
scaffold9	19670000	19680000	1
scaffold9	19680000	19690000	1
scaffold9	19690000	19700000	1
scaffold9	19700000	19710000	0
scaffold9	19710000	19720000	0
scaffold9	19720000	19730000	1
scaffold9	19730000	19740000	1
scaffold9	19740000	19750000	1
scaffold9	19750000	19760000	2
scaffold9	19760000	19770000	1
scaffold9	19770000	19780000	0
scaffold9	19780000	19790000	0
scaffold9	19790000	19800000	0
scaffold9	19800000	19810000	0
scaffold9	19810000	19820000	1
scaffold9	19820000	19830000	0
scaffold9	19830000	19840000	1
scaffold9	19840000	19850000	2
scaffold9	19850000	19860000	0
scaffold9	19860000	19870000	0
scaffold9	19870000	19880000	1
scaffold9	19880000	19890000	0
scaffold9	19890000	19900000	1
scaffold9	19900000	19910000	1
scaffold9	19910000	19920000	0
scaffold9	19920000	19930000	0
scaffold9	19930000	19940000	0
scaffold9	19940000	19950000	0
scaffold9	19950000	19960000	0
scaffold9	19960000	19970000	1
scaffold9	19970000	19980000	1
scaffold9	19980000	19990000	1
scaffold9	19990000	20000000	1
scaffold9	20000000	20010000	1
scaffold9	20010000	20020000	1
scaffold9	20020000	20030000	1
scaffold9	20030000	20040000	2
scaffold9	20040000	20050000	1
scaffold9	20050000	20060000	0
scaffold9	20060000	20070000	1
scaffold9	20070000	20080000	1
scaffold9	20080000	20090000	1
scaffold9	20090000	20100000	1
scaffold9	20100000	20110000	0
scaffold9	20110000	20120000	0
scaffold9	20120000	20130000	0
scaffold9	20130000	20140000	0
scaffold9	20140000	20150000	0
scaffold9	20150000	20160000	0
scaffold9	20160000	20170000	0
scaffold9	20170000	20180000	0
scaffold9	20180000	20190000	1
scaffold9	20190000	20200000	0
scaffold9	20200000	20210000	0
scaffold9	20210000	20220000	1
scaffold9	20220000	20230000	0
scaffold9	20230000	20240000	0
scaffold9	20240000	20250000	1
scaffold9	20250000	20260000	1
scaffold9	20260000	20270000	1
scaffold9	20270000	20280000	1
scaffold9	20280000	20290000	1
scaffold9	20290000	20300000	2
scaffold9	20300000	20310000	2
scaffold9	20310000	20320000	2
scaffold9	20320000	20330000	1
scaffold9	20330000	20340000	0
scaffold9	20340000	20350000	0
scaffold9	20350000	20360000	0
scaffold9	20360000	20370000	0
scaffold9	20370000	20380000	0
scaffold9	20380000	20390000	0
scaffold9	20390000	20400000	1
scaffold9	20400000	20410000	1
scaffold9	20410000	20420000	1
scaffold9	20420000	20430000	1
scaffold9	20430000	20440000	2
scaffold9	20440000	20450000	1
scaffold9	20450000	20460000	1
scaffold9	20460000	20470000	1
scaffold9	20470000	20480000	1
scaffold9	20480000	20490000	0
scaffold9	20490000	20500000	1
scaffold9	20500000	20510000	1
scaffold9	20510000	20520000	0
scaffold9	20520000	20530000	0
scaffold9	20530000	20540000	0
scaffold9	20540000	20550000	0
scaffold9	20550000	20560000	0
scaffold9	20560000	20570000	0
scaffold9	20570000	20580000	1
scaffold9	20580000	20590000	4
scaffold9	20590000	20600000	0
scaffold9	20600000	20610000	1
scaffold9	20610000	20620000	1
scaffold9	20620000	20630000	0
scaffold9	20630000	20640000	0
scaffold9	20640000	20650000	0
scaffold9	20650000	20660000	0
scaffold9	20660000	20670000	1
scaffold9	20670000	20680000	2
scaffold9	20680000	20690000	0
scaffold9	20690000	20700000	1
scaffold9	20700000	20710000	1
scaffold9	20710000	20720000	2
scaffold9	20720000	20730000	1
scaffold9	20730000	20740000	0
scaffold9	20740000	20750000	1
scaffold9	20750000	20760000	2
scaffold9	20760000	20770000	0
scaffold9	20770000	20780000	2
scaffold9	20780000	20790000	0
scaffold9	20790000	20800000	1
scaffold9	20800000	20810000	1
scaffold9	20810000	20820000	1
scaffold9	20820000	20830000	1
scaffold9	20830000	20840000	1
scaffold9	20840000	20850000	1
scaffold9	20850000	20860000	1
scaffold9	20860000	20870000	0
scaffold9	20870000	20880000	0
scaffold9	20880000	20890000	0
scaffold9	20890000	20900000	1
scaffold9	20900000	20910000	1
scaffold9	20910000	20920000	0
scaffold9	20920000	20925756	0
