#**********************************************************************************
#                               BRAKER CONFIGURATION                               
#**********************************************************************************
# BRAKER CALL: /home/wirenia/bin/BRAKER-3.0.8/scripts/braker.pl --threads 35 --softmasking --makehub --email kmkocot@ua.edu --gff3 --species 2024-10-14_11.30_Discradisca_antillarum_collapsed_phased.fa --prot_seq protein_evidence.fas --bam RNAseq.bam --genome Discradisca_antillarum_collapsed_phased.fa.masked
# Mon Oct 14 14:34:33 2024: braker.pl version 3.0.8
# Mon Oct 14 14:34:33 2024:Both protein and RNA-Seq data in input detected. BRAKER will be executed in ETP mode (BRAKER3).
#*********
# Mon Oct 14 14:34:33 2024: Configuring of BRAKER for using external tools...
# Mon Oct 14 14:34:33 2024: Trying to set $AUGUSTUS_CONFIG_PATH...
# Mon Oct 14 14:34:33 2024: Found environment variable $AUGUSTUS_CONFIG_PATH.
# Mon Oct 14 14:34:33 2024: Checking /home/wirenia/bin/Augustus-3.5.0/config as potential path for $AUGUSTUS_CONFIG_PATH.
# Mon Oct 14 14:34:33 2024: Success! Setting $AUGUSTUS_CONFIG_PATH to /home/wirenia/bin/Augustus-3.5.0/config!
# Mon Oct 14 14:34:33 2024: Trying to set $AUGUSTUS_BIN_PATH...
# Mon Oct 14 14:34:33 2024: Found environment variable $AUGUSTUS_BIN_PATH.
# Mon Oct 14 14:34:33 2024: Checking /home/wirenia/bin/Augustus-3.5.0/bin as potential path for $AUGUSTUS_BIN_PATH.
# Mon Oct 14 14:34:33 2024: Success! Setting $AUGUSTUS_BIN_PATH to /home/wirenia/bin/Augustus-3.5.0/bin!
# Mon Oct 14 14:34:33 2024: Trying to set $AUGUSTUS_SCRIPTS_PATH...
# Mon Oct 14 14:34:33 2024: Found environment variable $AUGUSTUS_SCRIPTS_PATH.
# Mon Oct 14 14:34:33 2024: Checking /home/wirenia/bin/Augustus-3.5.0/scripts as potential path for $AUGUSTUS_SCRIPTS_PATH.
# Mon Oct 14 14:34:33 2024: Success! Setting $AUGUSTUS_SCRIPTS_PATH to /home/wirenia/bin/Augustus-3.5.0/scripts!
# Mon Oct 14 14:34:33 2024: Trying to set $PYTHON3_PATH...
# Mon Oct 14 14:34:33 2024: Did not find environment variable $PYTHON3_PATH.
# Mon Oct 14 14:34:33 2024: Trying to guess PYTHON3_PATH from location of python3 executable that is available in your $PATH
# Mon Oct 14 14:34:33 2024: Checking /usr/bin as potential path for $PYTHON3_PATH.
# Mon Oct 14 14:34:33 2024: Success! Setting $PYTHON3_PATH to /usr/bin!
# Mon Oct 14 14:34:33 2024: Trying to set $GENEMARK_PATH...
# Mon Oct 14 14:34:33 2024: Found environment variable $GENEMARK_PATH.
# Mon Oct 14 14:34:33 2024: Checking /home/wirenia/bin/GeneMark-ETP as potential path for $GENEMARK_PATH.
#*********
# WARNING: Couldn't find gmetp.pl in /home/wirenia/bin/GeneMark-ETP. Will not set $GENEMARK_PATH to /home/wirenia/bin/GeneMark-ETP!
#*********
# Mon Oct 14 14:34:33 2024: Trying to guess GENEMARK_PATH from location of gmetp.pl executable that is available in your $PATH
# Mon Oct 14 14:34:33 2024: Checking /home/wirenia/bin/GeneMark-ETP/bin as potential path for $GENEMARK_PATH.
# Mon Oct 14 14:34:33 2024: Success! Setting $GENEMARK_PATH to /home/wirenia/bin/GeneMark-ETP/bin!
# Mon Oct 14 14:34:33 2024: Trying to set $BAMTOOLS_PATH...
# Mon Oct 14 14:34:33 2024: Did not find environment variable $BAMTOOLS_PATH.
# Mon Oct 14 14:34:33 2024: Trying to guess BAMTOOLS_PATH from location of bamtools executable that is available in your $PATH
# Mon Oct 14 14:34:33 2024: Checking /usr/bin as potential path for $BAMTOOLS_PATH.
# Mon Oct 14 14:34:33 2024: Success! Setting $BAMTOOLS_PATH to /usr/bin!
# Mon Oct 14 14:34:33 2024: Trying to set $SAMTOOLS_PATH...
# Mon Oct 14 14:34:33 2024: Did not find environment variable $SAMTOOLS_PATH.
# Mon Oct 14 14:34:33 2024: Trying to guess SAMTOOLS_PATH from location of samtools executable that is available in your $PATH
# Mon Oct 14 14:34:33 2024: Checking /usr/bin as potential path for $SAMTOOLS_PATH.
# Mon Oct 14 14:34:33 2024: Success! Setting $SAMTOOLS_PATH to /usr/bin!
# Mon Oct 14 14:34:33 2024: Trying to set $DIAMOND_PATH...
# Mon Oct 14 14:34:33 2024: Did not find environment variable $DIAMOND_PATH.
# Mon Oct 14 14:34:33 2024: Trying to guess DIAMOND_PATH from location of diamond executable that is available in your $PATH
# Mon Oct 14 14:34:33 2024: Checking /usr/bin as potential path for $DIAMOND_PATH.
# Mon Oct 14 14:34:33 2024: Success! Setting $DIAMOND_PATH to /usr/bin!
# Mon Oct 14 14:34:33 2024: Trying to set $PROTHINT_PATH...
# Mon Oct 14 14:34:33 2024: Did not find environment variable $PROTHINT_PATH.
# Mon Oct 14 14:34:33 2024: Trying to guess PROTHINT_PATH from location of prothint.py executable that is available in your $PATH
# Mon Oct 14 14:34:33 2024: Checking /home/wirenia/bin/ProtHint/bin as potential path for $PROTHINT_PATH.
# Mon Oct 14 14:34:33 2024: Success! Setting $PROTHINT_PATH to /home/wirenia/bin/ProtHint/bin!
# Mon Oct 14 14:34:33 2024: Trying to set $TSEBRA_PATH...
# Mon Oct 14 14:34:33 2024: Did not find environment variable $TSEBRA_PATH.
# Mon Oct 14 14:34:33 2024: Trying to guess TSEBRA_PATH from location of tsebra.py executable that is available in your $PATH
# Mon Oct 14 14:34:33 2024: Checking /home/wirenia/bin/TSEBRA-1.1.2.3/bin as potential path for $TSEBRA_PATH.
# Mon Oct 14 14:34:33 2024: Success! Setting $TSEBRA_PATH to /home/wirenia/bin/TSEBRA-1.1.2.3/bin!
# Mon Oct 14 14:34:33 2024: Trying to set $MAKEHUB_PATH...
# Mon Oct 14 14:34:33 2024: Found environment variable $MAKEHUB_PATH.
# Mon Oct 14 14:34:33 2024: Checking /home/wirenia/bin/MakeHub as potential path for $MAKEHUB_PATH.
# Mon Oct 14 14:34:33 2024: Success! Setting $MAKEHUB_PATH to /home/wirenia/bin/MakeHub!
# Mon Oct 14 14:34:33 2024: Trying to set $CDBTOOLS_PATH...
# Mon Oct 14 14:34:33 2024: Did not find environment variable $CDBTOOLS_PATH.
# Mon Oct 14 14:34:33 2024: Trying to guess CDBTOOLS_PATH from location of cdbfasta executable that is available in your $PATH
# Mon Oct 14 14:34:33 2024: Checking /usr/bin as potential path for $CDBTOOLS_PATH.
# Mon Oct 14 14:34:33 2024: Success! Setting $CDBTOOLS_PATH to /usr/bin!
#**********************************************************************************
#                               CREATING DIRECTORY STRUCTURE                       
#**********************************************************************************
# Mon Oct 14 14:34:34 2024: create working directory /home/wirenia/projects/Discradisca/2024-10-09_BRAKER3/braker.
mkdir /home/wirenia/projects/Discradisca/2024-10-09_BRAKER3/braker
# Mon Oct 14 14:34:34 2024: creating file that contains citations for this BRAKER run at /home/wirenia/projects/Discradisca/2024-10-09_BRAKER3/braker/what-to-cite.txt...
# Mon Oct 14 14:34:34 2024: create working directory /home/wirenia/projects/Discradisca/2024-10-09_BRAKER3/braker/GeneMark-ETP.
mkdir /home/wirenia/projects/Discradisca/2024-10-09_BRAKER3/braker/GeneMark-ETP
# Mon Oct 14 14:34:34 2024: create working directory /home/wirenia/projects/Discradisca/2024-10-09_BRAKER3/braker/species
mkdir /home/wirenia/projects/Discradisca/2024-10-09_BRAKER3/braker/species
# Mon Oct 14 14:34:34 2024: create working directory /home/wirenia/projects/Discradisca/2024-10-09_BRAKER3/braker/errors
mkdir /home/wirenia/projects/Discradisca/2024-10-09_BRAKER3/braker/errors
# Mon Oct 14 14:34:34 2024: changing into working directory /home/wirenia/projects/Discradisca/2024-10-09_BRAKER3/braker
cd /home/wirenia/projects/Discradisca/2024-10-09_BRAKER3/braker
# Mon Oct 14 14:34:34 2024: getting GC content of the genome
/home/wirenia/bin/BRAKER-3.0.8/scripts/get_gc_content.py --sequences /home/wirenia/projects/Discradisca/2024-10-09_BRAKER3/Discradisca_antillarum_collapsed_phased.fa.masked --print_sequence_length 1> /home/wirenia/projects/Discradisca/2024-10-09_BRAKER3/braker/gc_content.out 2> /home/wirenia/projects/Discradisca/2024-10-09_BRAKER3/braker/errors/gc_content.stderr
# Mon Oct 14 14:34:54 2024: Creating parameter template files for AUGUSTUS with new_species.pl
# Mon Oct 14 14:34:54 2024: new_species.pl will create parameter files for species 2024-10-14_11.30_Discradisca_antillarum_collapsed_phased.fa in /home/wirenia/bin/Augustus-3.5.0/config/species/2024-10-14_11.30_Discradisca_antillarum_collapsed_phased.fa
/usr/bin/perl /home/wirenia/bin/Augustus-3.5.0/scripts/new_species.pl --species=2024-10-14_11.30_Discradisca_antillarum_collapsed_phased.fa --AUGUSTUS_CONFIG_PATH=/home/wirenia/bin/Augustus-3.5.0/config 1> /dev/null 2>/home/wirenia/projects/Discradisca/2024-10-09_BRAKER3/braker/errors/new_species.stderr
# Mon Oct 14 14:34:54 2024: check_fasta_headers(): Checking fasta headers of file /home/wirenia/projects/Discradisca/2024-10-09_BRAKER3/Discradisca_antillarum_collapsed_phased.fa.masked
# Mon Oct 14 14:35:03 2024: check_fasta_headers(): Checking fasta headers of file /home/wirenia/projects/Discradisca/2024-10-09_BRAKER3/protein_evidence.fas
#*********
# WARNING: Detected | in fasta header of file /home/wirenia/projects/Discradisca/2024-10-09_BRAKER3/protein_evidence.fas. This may later on cause problems! The pipeline will create a new file without spaces or "|" characters and a genome_header.map file to look up the old and new headers. This message will be suppressed from now on!
#*********
# Mon Oct 14 14:35:04 2024: Assuming that this is not a DNA fasta file because other characters than A, T, G, C, N, a, t, g, c, n were contained. If this is supposed to be a DNA fasta file, check the content of your file! If this is supposed to be a protein fasta file, please ignore this message!
#**********************************************************************************
#                              RUNNING GENEMARK-EX                                 
#**********************************************************************************
# Mon Oct 14 14:35:11 2024: Preparing genemark_evidence file hints from manual hints...
# Mon Oct 14 14:35:11 2024: Running GeneMark-ETP
# Mon Oct 14 14:35:11 2024: changing into GeneMark-ETP directory /home/wirenia/projects/Discradisca/2024-10-09_BRAKER3/braker/GeneMark-ETP
cd /home/wirenia/projects/Discradisca/2024-10-09_BRAKER3/braker/GeneMark-ETP
# Mon Oct 14 14:35:11 2024: sorting RNA-Seq BAM files
/usr/bin/samtools sort /home/wirenia/projects/Discradisca/2024-10-09_BRAKER3/RNAseq.bam -@ 34 -o /home/wirenia/projects/Discradisca/2024-10-09_BRAKER3/braker/GeneMark-ETP/etp_data/RNAseq.bam 1> /home/wirenia/projects/Discradisca/2024-10-09_BRAKER3/braker/errors/samtools.sort.RNAseq.stdout 2> /home/wirenia/projects/Discradisca/2024-10-09_BRAKER3/braker/errors/samtools.sort.RNAseq.stderr
# Mon Oct 14 14:38:42 2024: Running gmetp.pl
/usr/bin/perl /home/wirenia/bin/GeneMark-ETP/bin/gmetp.pl --cfg /home/wirenia/projects/Discradisca/2024-10-09_BRAKER3/braker/GeneMark-ETP/etp_config.yaml --workdir /home/wirenia/projects/Discradisca/2024-10-09_BRAKER3/braker/GeneMark-ETP --bam /home/wirenia/projects/Discradisca/2024-10-09_BRAKER3/braker/GeneMark-ETP/etp_data/ --cores 35 --softmask  1>/home/wirenia/projects/Discradisca/2024-10-09_BRAKER3/braker/errors/GeneMark-ETP.stdout 2>/home/wirenia/projects/Discradisca/2024-10-09_BRAKER3/braker/errors/GeneMark-ETP.stderr
# Mon Oct 14 17:33:22 2024: change to working directory /home/wirenia/projects/Discradisca/2024-10-09_BRAKER3/braker
cd /home/wirenia/projects/Discradisca/2024-10-09_BRAKER3/braker
# Mon Oct 14 17:33:22 2024: Getting hints for AUGUSTUS from GeneMark-ETP
/usr/bin/python3 /home/wirenia/bin/BRAKER-3.0.8/scripts/get_etp_hints.py --genemark_scripts /home/wirenia/bin/GeneMark-ETP/bin --out /home/wirenia/projects/Discradisca/2024-10-09_BRAKER3/braker/hintsfile.gff --etp_wdir /home/wirenia/projects/Discradisca/2024-10-09_BRAKER3/braker/GeneMark-ETP 1> /home/wirenia/projects/Discradisca/2024-10-09_BRAKER3/braker/errors/get_etp_hints.stdout 2> /home/wirenia/projects/Discradisca/2024-10-09_BRAKER3/braker/errors/get_etp_hints.stderr
# Mon Oct 14 17:33:23 2024: Checking for hints of src=C and with grp tags that should not be joined according to multiplicity
# Mon Oct 14 17:33:24 2024: Joining hints that are identical (& from the same source) into multiplicity hints (input file /home/wirenia/projects/Discradisca/2024-10-09_BRAKER3/braker/tmp_merge_hints.gff)
# Mon Oct 14 17:33:24 2024: sort hints of type all
cat /home/wirenia/projects/Discradisca/2024-10-09_BRAKER3/braker/tmp_merge_hints.gff | sort -n -k 4,4 | sort -s -n -k 5,5 | sort -s -n -k 3,3 | sort -s -k 1,1 >/home/wirenia/projects/Discradisca/2024-10-09_BRAKER3/braker/hints.all.temp.sort.gff
# Mon Oct 14 17:33:28 2024: join multiple hints
/usr/bin/perl /home/wirenia/bin/Augustus-3.5.0/scripts/join_mult_hints.pl </home/wirenia/projects/Discradisca/2024-10-09_BRAKER3/braker/hints.all.temp.sort.gff >/home/wirenia/projects/Discradisca/2024-10-09_BRAKER3/braker/tmp_merge_hints.gff 2>/home/wirenia/projects/Discradisca/2024-10-09_BRAKER3/braker/errors/join_mult_hints.all.stderr
cat /home/wirenia/projects/Discradisca/2024-10-09_BRAKER3/braker/tmp_merge_hints.gff /home/wirenia/projects/Discradisca/2024-10-09_BRAKER3/braker/tmp_no_merge_hints.gff > /home/wirenia/projects/Discradisca/2024-10-09_BRAKER3/braker/hintsfile.gff
# Mon Oct 14 17:33:34 2024: GeneMark-ETP run finished.
# Mon Oct 14 17:33:34 2024: link GeneMark-ETP training genes to /home/wirenia/projects/Discradisca/2024-10-09_BRAKER3/braker/GeneMark-ETP/training.gtf
ln -s /home/wirenia/projects/Discradisca/2024-10-09_BRAKER3/braker/GeneMark-ETP/proteins.fa/model/training.gtf /home/wirenia/projects/Discradisca/2024-10-09_BRAKER3/braker/GeneMark-ETP/training.gtf
# Mon Oct 14 17:33:34 2024: sorting GeneMark predictions in /home/wirenia/projects/Discradisca/2024-10-09_BRAKER3/braker/GeneMark-ETP/training.gtf
/usr/bin/python3 /home/wirenia/bin/BRAKER-3.0.8/scripts/sortGeneMark.py /home/wirenia/projects/Discradisca/2024-10-09_BRAKER3/braker/GeneMark-ETP/training.gtf > /home/wirenia/projects/Discradisca/2024-10-09_BRAKER3/braker/GeneMark-ETP/training.gtf.sorted 2> /home/wirenia/projects/Discradisca/2024-10-09_BRAKER3/braker/errors/sortGeneMark.err
mv /home/wirenia/projects/Discradisca/2024-10-09_BRAKER3/braker/GeneMark-ETP/training.gtf.sorted /home/wirenia/projects/Discradisca/2024-10-09_BRAKER3/braker/GeneMark-ETP/training.gtf
#**********************************************************************************
#                               TRAIN AUGUSTUS                                     
#**********************************************************************************
# Mon Oct 14 17:33:35 2024: training AUGUSTUS
# Mon Oct 14 17:33:35 2024: creating softlink from /home/wirenia/projects/Discradisca/2024-10-09_BRAKER3/braker/GeneMark-ETP/proteins.fa/model/training.gtf to /home/wirenia/projects/Discradisca/2024-10-09_BRAKER3/braker/traingenes.gtf.
ln -s /home/wirenia/projects/Discradisca/2024-10-09_BRAKER3/braker/GeneMark-ETP/proteins.fa/model/training.gtf /home/wirenia/projects/Discradisca/2024-10-09_BRAKER3/braker/traingenes.gtf
# Mon Oct 14 17:33:35 2024: Converting gtf file /home/wirenia/projects/Discradisca/2024-10-09_BRAKER3/braker/traingenes.gtf to genbank file
# Mon Oct 14 17:33:35 2024: Computing flanking region size for AUGUSTUS training genes
# Mon Oct 14 17:33:35 2024: create genbank file /home/wirenia/projects/Discradisca/2024-10-09_BRAKER3/braker/train.gb
/usr/bin/perl /home/wirenia/bin/Augustus-3.5.0/scripts/gff2gbSmallDNA.pl /home/wirenia/projects/Discradisca/2024-10-09_BRAKER3/braker/traingenes.gtf /home/wirenia/projects/Discradisca/2024-10-09_BRAKER3/braker/genome.fa 4797 /home/wirenia/projects/Discradisca/2024-10-09_BRAKER3/braker/train.gb 2>/home/wirenia/projects/Discradisca/2024-10-09_BRAKER3/braker/errors/traingenes.gtf_gff2gbSmallDNA.stderr
#*********
# INFORMATION: the size of flanking region used in this BRAKER run is 4797. You might need this value if you later add a UTR training on top of an already existing BRAKER run.
#*********
# Mon Oct 14 17:33:59 2024: Genbank format file /home/wirenia/projects/Discradisca/2024-10-09_BRAKER3/braker/train.gb contains 7221 genes.
# Mon Oct 14 17:33:59 2024: Filtering train.gb for "good" mRNAs:
/usr/bin/perl /home/wirenia/bin/Augustus-3.5.0/scripts/filterGenesIn_mRNAname.pl /home/wirenia/projects/Discradisca/2024-10-09_BRAKER3/braker/traingenes.gtf /home/wirenia/projects/Discradisca/2024-10-09_BRAKER3/braker/train.gb > /home/wirenia/projects/Discradisca/2024-10-09_BRAKER3/braker/train.f.gb 2>/home/wirenia/projects/Discradisca/2024-10-09_BRAKER3/braker/errors/filterGenesIn_mRNAname.stderr
# Mon Oct 14 17:34:01 2024: Genbank format file /home/wirenia/projects/Discradisca/2024-10-09_BRAKER3/braker/train.f.gb contains 7221 genes.
# Mon Oct 14 17:34:01 2024: Running etraining to catch gene structure inconsistencies:
/home/wirenia/bin/Augustus-3.5.0/bin/etraining --species=2024-10-14_11.30_Discradisca_antillarum_collapsed_phased.fa --AUGUSTUS_CONFIG_PATH=/home/wirenia/bin/Augustus-3.5.0/config /home/wirenia/projects/Discradisca/2024-10-09_BRAKER3/braker/train.f.gb 1> /home/wirenia/projects/Discradisca/2024-10-09_BRAKER3/braker/gbFilterEtraining.stdout 2>/home/wirenia/projects/Discradisca/2024-10-09_BRAKER3/braker/errors/gbFilterEtraining.stderr
# Mon Oct 14 17:34:16 2024: Filtering /home/wirenia/projects/Discradisca/2024-10-09_BRAKER3/braker/train.f.gb file to remove inconsistent gene structures...
/usr/bin/perl /home/wirenia/bin/Augustus-3.5.0/scripts/filterGenes.pl /home/wirenia/projects/Discradisca/2024-10-09_BRAKER3/braker/etrain.bad.lst /home/wirenia/projects/Discradisca/2024-10-09_BRAKER3/braker/train.f.gb 1> /home/wirenia/projects/Discradisca/2024-10-09_BRAKER3/braker/train.ff.gb 2>/home/wirenia/projects/Discradisca/2024-10-09_BRAKER3/braker/errors/etrainFilterGenes.stderr
# Mon Oct 14 17:34:17 2024: Genbank format file /home/wirenia/projects/Discradisca/2024-10-09_BRAKER3/braker/train.ff.gb contains 7203 genes.
# Mon Oct 14 17:34:22 2024: BLAST or DIAMOND training gene structures against themselves:
/usr/bin/perl /home/wirenia/bin/Augustus-3.5.0/scripts/aa2nonred.pl /home/wirenia/projects/Discradisca/2024-10-09_BRAKER3/braker/traingenes.good.fa /home/wirenia/projects/Discradisca/2024-10-09_BRAKER3/braker/traingenes.good.nr.fa --DIAMOND_PATH=/usr/bin --cores=35 --diamond 1> /home/wirenia/projects/Discradisca/2024-10-09_BRAKER3/braker/aa2nonred.stdout 2>/home/wirenia/projects/Discradisca/2024-10-09_BRAKER3/braker/errors/aa2nonred.stderr
# Mon Oct 14 17:34:23 2024: Filtering nonredundant loci into /home/wirenia/projects/Discradisca/2024-10-09_BRAKER3/braker/train.fff.gb:
/usr/bin/perl /home/wirenia/bin/Augustus-3.5.0/scripts/filterGenesIn.pl /home/wirenia/projects/Discradisca/2024-10-09_BRAKER3/braker/nonred.loci.lst /home/wirenia/projects/Discradisca/2024-10-09_BRAKER3/braker/train.ff.gb 1> /home/wirenia/projects/Discradisca/2024-10-09_BRAKER3/braker/train.fff.gb 2>/home/wirenia/projects/Discradisca/2024-10-09_BRAKER3/braker/errors/filterGenesIn.stderr
# Mon Oct 14 17:34:24 2024: Genbank format file /home/wirenia/projects/Discradisca/2024-10-09_BRAKER3/braker/train.fff.gb contains 7159 genes.
# Mon Oct 14 17:34:24 2024: Moving /home/wirenia/projects/Discradisca/2024-10-09_BRAKER3/braker/train.fff.gb to /home/wirenia/projects/Discradisca/2024-10-09_BRAKER3/braker/train.gb:
mv /home/wirenia/projects/Discradisca/2024-10-09_BRAKER3/braker/train.fff.gb /home/wirenia/projects/Discradisca/2024-10-09_BRAKER3/braker/train.gb
# Mon Oct 14 17:34:24 2024: Splitting genbank file into train and test file
/usr/bin/perl /home/wirenia/bin/Augustus-3.5.0/scripts/randomSplit.pl /home/wirenia/projects/Discradisca/2024-10-09_BRAKER3/braker/train.gb 300 2>/home/wirenia/projects/Discradisca/2024-10-09_BRAKER3/braker/errors/randomSplit.stderr
# Mon Oct 14 17:34:25 2024: /home/wirenia/projects/Discradisca/2024-10-09_BRAKER3/braker/train.gb.test will be used for measuring AUGUSTUS accuracy after training
# Mon Oct 14 17:34:25 2024: Genbank format file /home/wirenia/projects/Discradisca/2024-10-09_BRAKER3/braker/train.gb.test contains 300 genes.
# Mon Oct 14 17:34:26 2024: Genbank format file /home/wirenia/projects/Discradisca/2024-10-09_BRAKER3/braker/train.gb.train contains 6859 genes.
/usr/bin/perl /home/wirenia/bin/Augustus-3.5.0/scripts/randomSplit.pl /home/wirenia/projects/Discradisca/2024-10-09_BRAKER3/braker/train.gb.train 300 2>/home/wirenia/projects/Discradisca/2024-10-09_BRAKER3/braker/errors/randomSplit.stderr
# Mon Oct 14 17:34:27 2024: Genbank format file /home/wirenia/projects/Discradisca/2024-10-09_BRAKER3/braker/train.gb.train.train contains 6559 genes.
# Mon Oct 14 17:34:27 2024: Genbank format file /home/wirenia/projects/Discradisca/2024-10-09_BRAKER3/braker/train.gb.train.test contains 300 genes.
# Mon Oct 14 17:34:27 2024: /home/wirenia/projects/Discradisca/2024-10-09_BRAKER3/braker/train.gb.train.test will be used or measuring AUGUSTUS accuracy during training with optimize_augustus.pl
 /home/wirenia/projects/Discradisca/2024-10-09_BRAKER3/braker/train.gb.train.train will be used for running etraining in optimize_augustus.pl (together with train.gb.train.test)
 /home/wirenia/projects/Discradisca/2024-10-09_BRAKER3/braker/train.gb.train will be used for running etraining (outside of optimize_augustus.pl)
# Mon Oct 14 17:34:27 2024: Setting value of "stopCodonExcludedFromCDS" in /home/wirenia/bin/Augustus-3.5.0/config/species/2024-10-14_11.30_Discradisca_antillarum_collapsed_phased.fa/2024-10-14_11.30_Discradisca_antillarum_collapsed_phased.fa_parameters.cfg to "true"
# Mon Oct 14 17:34:27 2024: first etraining
/home/wirenia/bin/Augustus-3.5.0/bin/etraining --species=2024-10-14_11.30_Discradisca_antillarum_collapsed_phased.fa --AUGUSTUS_CONFIG_PATH=/home/wirenia/bin/Augustus-3.5.0/config /home/wirenia/projects/Discradisca/2024-10-09_BRAKER3/braker/train.gb.train 1>/home/wirenia/projects/Discradisca/2024-10-09_BRAKER3/braker/firstetraining.stdout 2>/home/wirenia/projects/Discradisca/2024-10-09_BRAKER3/braker/errors/firstetraining.stderr
grep -c "exon doesn't end in stop codon" /home/wirenia/projects/Discradisca/2024-10-09_BRAKER3/braker/errors/firstetraining.stderr
# Mon Oct 14 17:34:41 2024: Error rate of missing stop codon is 0.928269427030179
# Mon Oct 14 17:34:41 2024: The appropriate value for "stopCodonExcludedFromCDS" seems to be "false".
# Mon Oct 14 17:34:41 2024: Setting value of "stopCodonExcludedFromCDS" in /home/wirenia/bin/Augustus-3.5.0/config/species/2024-10-14_11.30_Discradisca_antillarum_collapsed_phased.fa/2024-10-14_11.30_Discradisca_antillarum_collapsed_phased.fa_parameters.cfg to "false"
# Mon Oct 14 17:34:41 2024: Running etraining again
/home/wirenia/bin/Augustus-3.5.0/bin/etraining --species=2024-10-14_11.30_Discradisca_antillarum_collapsed_phased.fa --AUGUSTUS_CONFIG_PATH=/home/wirenia/bin/Augustus-3.5.0/config /home/wirenia/projects/Discradisca/2024-10-09_BRAKER3/braker/train.gb.train 1>/home/wirenia/projects/Discradisca/2024-10-09_BRAKER3/braker/firstetraining.stdout 2>/home/wirenia/projects/Discradisca/2024-10-09_BRAKER3/braker/errors/firstetraining.stderr
# Mon Oct 14 17:34:56 2024: Adjusting stop-codon frequencies in species_parameters.cfg according to /home/wirenia/projects/Discradisca/2024-10-09_BRAKER3/braker/firstetraining.stdout
# Mon Oct 14 17:34:56 2024: Setting frequency of stop codons to tag=0.224, taa=0.4, tga=0.376.
# Mon Oct 14 17:34:56 2024: First AUGUSTUS accuracy test
/home/wirenia/bin/Augustus-3.5.0/bin/augustus --species=2024-10-14_11.30_Discradisca_antillarum_collapsed_phased.fa --AUGUSTUS_CONFIG_PATH=/home/wirenia/bin/Augustus-3.5.0/config /home/wirenia/projects/Discradisca/2024-10-09_BRAKER3/braker/train.gb.test 1>/home/wirenia/projects/Discradisca/2024-10-09_BRAKER3/braker/firsttest.stdout 2>/home/wirenia/projects/Discradisca/2024-10-09_BRAKER3/braker/errors/firsttest.stderr
# Mon Oct 14 17:38:55 2024: Computing accuracy of AUGUSTUS prediction (in test file derived from predictions on training data set stored in /home/wirenia/projects/Discradisca/2024-10-09_BRAKER3/braker/firsttest.stdout)
# Mon Oct 14 17:38:55 2024: The accuracy after initial training (no optimize_augustus.pl, no CRF) is 0.717466666666667
# Mon Oct 14 17:38:55 2024: optimizing AUGUSTUS parameters
/usr/bin/perl /home/wirenia/bin/Augustus-3.5.0/scripts/optimize_augustus.pl --aug_exec_dir=/home/wirenia/bin/Augustus-3.5.0/bin --rounds=5 --species=2024-10-14_11.30_Discradisca_antillarum_collapsed_phased.fa --kfold=34 --AUGUSTUS_CONFIG_PATH=/home/wirenia/bin/Augustus-3.5.0/config --onlytrain=/home/wirenia/projects/Discradisca/2024-10-09_BRAKER3/braker/train.gb.train.train --cpus=34 /home/wirenia/projects/Discradisca/2024-10-09_BRAKER3/braker/train.gb.train.test 1>/home/wirenia/projects/Discradisca/2024-10-09_BRAKER3/braker/optimize_augustus.stdout 2>/home/wirenia/projects/Discradisca/2024-10-09_BRAKER3/braker/errors/optimize_augustus.stderr
# Mon Oct 14 22:36:47 2024:  parameter optimization finished.
# Mon Oct 14 22:36:47 2024: Second etraining
/home/wirenia/bin/Augustus-3.5.0/bin/etraining --species=2024-10-14_11.30_Discradisca_antillarum_collapsed_phased.fa --AUGUSTUS_CONFIG_PATH=/home/wirenia/bin/Augustus-3.5.0/config /home/wirenia/projects/Discradisca/2024-10-09_BRAKER3/braker/train.gb.train 1>/home/wirenia/projects/Discradisca/2024-10-09_BRAKER3/braker/secondetraining.stdout 2>/home/wirenia/projects/Discradisca/2024-10-09_BRAKER3/braker/errors/secondetraining.stderr
# Mon Oct 14 22:37:02 2024: Second AUGUSTUS accuracy test
/home/wirenia/bin/Augustus-3.5.0/bin/augustus --species=2024-10-14_11.30_Discradisca_antillarum_collapsed_phased.fa --AUGUSTUS_CONFIG_PATH=/home/wirenia/bin/Augustus-3.5.0/config /home/wirenia/projects/Discradisca/2024-10-09_BRAKER3/braker/train.gb.test >/home/wirenia/projects/Discradisca/2024-10-09_BRAKER3/braker/secondtest.stdout 2>/home/wirenia/projects/Discradisca/2024-10-09_BRAKER3/braker/errors/secondtest.stderr
# Mon Oct 14 22:41:15 2024: Computing accuracy of AUGUSTUS prediction (in test file derived from predictions on training data set stored in /home/wirenia/projects/Discradisca/2024-10-09_BRAKER3/braker/secondtest.stdout)
# Mon Oct 14 22:41:15 2024: The accuracy after training (after optimize_augustus.pl, no CRF) is 0.738733333333333
# Mon Oct 14 22:41:15 2024: Copying optimized parameters to working directory /home/wirenia/projects/Discradisca/2024-10-09_BRAKER3/braker/species
cp -r /home/wirenia/bin/Augustus-3.5.0/config/species/2024-10-14_11.30_Discradisca_antillarum_collapsed_phased.fa /home/wirenia/projects/Discradisca/2024-10-09_BRAKER3/braker/species
#**********************************************************************************
#                               PREDICTING GENES WITH AUGUSTUS (NO UTRS)           
#**********************************************************************************
# Mon Oct 14 22:41:15 2024: RUNNING AUGUSTUS
# Mon Oct 14 22:41:15 2024: Preparing genome for running AUGUSTUS in parallel
# Mon Oct 14 22:41:15 2024: Creating directory for storing AUGUSTUS files (hints, temporarily) /home/wirenia/projects/Discradisca/2024-10-09_BRAKER3/braker/genome_split.
# Mon Oct 14 22:41:15 2024: splitting genome file in smaller parts for parallel execution of AUGUSTUS prediction
/usr/bin/perl /home/wirenia/bin/Augustus-3.5.0/scripts/splitMfasta.pl /home/wirenia/projects/Discradisca/2024-10-09_BRAKER3/braker/genome.fa --outputpath=/home/wirenia/projects/Discradisca/2024-10-09_BRAKER3/braker/genome_split 2>/home/wirenia/projects/Discradisca/2024-10-09_BRAKER3/braker/errors/splitMfasta.stderr
cd /home/wirenia/projects/Discradisca/2024-10-09_BRAKER3/braker/genome_split; for f in genome.split.*; do NAME=`grep ">" $f`; mv $f ${NAME#>}.fa; done; cd ..
# Mon Oct 14 22:41:18 2024: Split genome file in 9 parts, finished.
# Mon Oct 14 22:41:18 2024: copy extrinsic file /home/wirenia/bin/BRAKER-3.0.8/scripts/cfg/etp.cfg to working directory
cp /home/wirenia/bin/BRAKER-3.0.8/scripts/cfg/etp.cfg /home/wirenia/projects/Discradisca/2024-10-09_BRAKER3/braker/species/2024-10-14_11.30_Discradisca_antillarum_collapsed_phased.fa/ex1.cfg
# Mon Oct 14 22:41:18 2024: Making AUGUSTUS jobs with hintsfile /home/wirenia/projects/Discradisca/2024-10-09_BRAKER3/braker/hintsfile.gff, cfgFile /home/wirenia/bin/BRAKER-3.0.8/scripts/cfg/etp.cfg, UTR status off, and hintId hints
# Mon Oct 14 22:41:18 2024: Creating directory for storing AUGUSTUS files (hints, temporarily) /home/wirenia/projects/Discradisca/2024-10-09_BRAKER3/braker/augustus_tmp.
# Mon Oct 14 22:41:18 2024: creating /home/wirenia/projects/Discradisca/2024-10-09_BRAKER3/braker/aug_hints.lst for AUGUSTUS jobs
# Mon Oct 14 22:41:18 2024: creating AUGUSTUS jobs (with hints)
cd /home/wirenia/projects/Discradisca/2024-10-09_BRAKER3/braker
/usr/bin/perl /home/wirenia/bin/Augustus-3.5.0/scripts/createAugustusJoblist.pl --sequences=/home/wirenia/projects/Discradisca/2024-10-09_BRAKER3/braker/aug_hints.lst --wrap="#!/bin/bash" --overlap=500000 --chunksize=2500000 --outputdir=/home/wirenia/projects/Discradisca/2024-10-09_BRAKER3/braker/augustus_tmp --joblist=/home/wirenia/projects/Discradisca/2024-10-09_BRAKER3/braker/hints.job.lst --jobprefix=aug_hints_ --partitionHints --command "/home/wirenia/bin/Augustus-3.5.0/bin/augustus --species=2024-10-14_11.30_Discradisca_antillarum_collapsed_phased.fa --AUGUSTUS_CONFIG_PATH=/home/wirenia/bin/Augustus-3.5.0/config --extrinsicCfgFile=/home/wirenia/bin/BRAKER-3.0.8/scripts/cfg/etp.cfg --alternatives-from-evidence=true --UTR=off --exonnames=on --codingseq=on --allow_hinted_splicesites=gcag,atac " 2>/home/wirenia/projects/Discradisca/2024-10-09_BRAKER3/braker/errors/createAugustusJoblist_hints.stderr
cd ..
# Mon Oct 14 22:41:18 2024: Running AUGUSTUS jobs from /home/wirenia/projects/Discradisca/2024-10-09_BRAKER3/braker/hints.job.lst
# Mon Oct 14 22:41:18 2024: Running AUGUSTUS job 1
bash /home/wirenia/projects/Discradisca/2024-10-09_BRAKER3/braker/aug_hints_1
# Mon Oct 14 22:41:18 2024: Running AUGUSTUS job 2
bash /home/wirenia/projects/Discradisca/2024-10-09_BRAKER3/braker/aug_hints_2
# Mon Oct 14 22:41:18 2024: Running AUGUSTUS job 3
bash /home/wirenia/projects/Discradisca/2024-10-09_BRAKER3/braker/aug_hints_3
# Mon Oct 14 22:41:18 2024: Running AUGUSTUS job 4
bash /home/wirenia/projects/Discradisca/2024-10-09_BRAKER3/braker/aug_hints_4
# Mon Oct 14 22:41:18 2024: Running AUGUSTUS job 5
bash /home/wirenia/projects/Discradisca/2024-10-09_BRAKER3/braker/aug_hints_5
# Mon Oct 14 22:41:18 2024: Running AUGUSTUS job 6
bash /home/wirenia/projects/Discradisca/2024-10-09_BRAKER3/braker/aug_hints_6
# Mon Oct 14 22:41:18 2024: Running AUGUSTUS job 7
bash /home/wirenia/projects/Discradisca/2024-10-09_BRAKER3/braker/aug_hints_7
# Mon Oct 14 22:41:18 2024: Running AUGUSTUS job 8
bash /home/wirenia/projects/Discradisca/2024-10-09_BRAKER3/braker/aug_hints_8
# Mon Oct 14 22:41:18 2024: Running AUGUSTUS job 9
bash /home/wirenia/projects/Discradisca/2024-10-09_BRAKER3/braker/aug_hints_9
# Mon Oct 14 22:41:18 2024: Running AUGUSTUS job 10
bash /home/wirenia/projects/Discradisca/2024-10-09_BRAKER3/braker/aug_hints_10
# Mon Oct 14 22:41:18 2024: Running AUGUSTUS job 11
bash /home/wirenia/projects/Discradisca/2024-10-09_BRAKER3/braker/aug_hints_11
# Mon Oct 14 22:41:18 2024: Running AUGUSTUS job 12
bash /home/wirenia/projects/Discradisca/2024-10-09_BRAKER3/braker/aug_hints_12
# Mon Oct 14 22:41:18 2024: Running AUGUSTUS job 13
bash /home/wirenia/projects/Discradisca/2024-10-09_BRAKER3/braker/aug_hints_13
# Mon Oct 14 22:41:18 2024: Running AUGUSTUS job 14
bash /home/wirenia/projects/Discradisca/2024-10-09_BRAKER3/braker/aug_hints_14
# Mon Oct 14 22:41:18 2024: Running AUGUSTUS job 15
bash /home/wirenia/projects/Discradisca/2024-10-09_BRAKER3/braker/aug_hints_15
# Mon Oct 14 22:41:18 2024: Running AUGUSTUS job 16
bash /home/wirenia/projects/Discradisca/2024-10-09_BRAKER3/braker/aug_hints_16
# Mon Oct 14 22:41:18 2024: Running AUGUSTUS job 17
bash /home/wirenia/projects/Discradisca/2024-10-09_BRAKER3/braker/aug_hints_17
# Mon Oct 14 22:41:18 2024: Running AUGUSTUS job 18
bash /home/wirenia/projects/Discradisca/2024-10-09_BRAKER3/braker/aug_hints_18
# Mon Oct 14 22:41:18 2024: Running AUGUSTUS job 19
bash /home/wirenia/projects/Discradisca/2024-10-09_BRAKER3/braker/aug_hints_19
# Mon Oct 14 22:41:18 2024: Running AUGUSTUS job 20
bash /home/wirenia/projects/Discradisca/2024-10-09_BRAKER3/braker/aug_hints_20
# Mon Oct 14 22:41:18 2024: Running AUGUSTUS job 21
bash /home/wirenia/projects/Discradisca/2024-10-09_BRAKER3/braker/aug_hints_21
# Mon Oct 14 22:41:18 2024: Running AUGUSTUS job 22
bash /home/wirenia/projects/Discradisca/2024-10-09_BRAKER3/braker/aug_hints_22
# Mon Oct 14 22:41:18 2024: Running AUGUSTUS job 23
bash /home/wirenia/projects/Discradisca/2024-10-09_BRAKER3/braker/aug_hints_23
# Mon Oct 14 22:41:18 2024: Running AUGUSTUS job 24
bash /home/wirenia/projects/Discradisca/2024-10-09_BRAKER3/braker/aug_hints_24
# Mon Oct 14 22:41:18 2024: Running AUGUSTUS job 25
bash /home/wirenia/projects/Discradisca/2024-10-09_BRAKER3/braker/aug_hints_25
# Mon Oct 14 22:41:18 2024: Running AUGUSTUS job 26
bash /home/wirenia/projects/Discradisca/2024-10-09_BRAKER3/braker/aug_hints_26
# Mon Oct 14 22:41:18 2024: Running AUGUSTUS job 27
bash /home/wirenia/projects/Discradisca/2024-10-09_BRAKER3/braker/aug_hints_27
# Mon Oct 14 22:41:18 2024: Running AUGUSTUS job 28
bash /home/wirenia/projects/Discradisca/2024-10-09_BRAKER3/braker/aug_hints_28
# Mon Oct 14 22:41:19 2024: Running AUGUSTUS job 29
bash /home/wirenia/projects/Discradisca/2024-10-09_BRAKER3/braker/aug_hints_29
# Mon Oct 14 22:41:19 2024: Running AUGUSTUS job 30
bash /home/wirenia/projects/Discradisca/2024-10-09_BRAKER3/braker/aug_hints_30
# Mon Oct 14 22:41:19 2024: Running AUGUSTUS job 31
bash /home/wirenia/projects/Discradisca/2024-10-09_BRAKER3/braker/aug_hints_31
# Mon Oct 14 22:41:19 2024: Running AUGUSTUS job 32
bash /home/wirenia/projects/Discradisca/2024-10-09_BRAKER3/braker/aug_hints_32
# Mon Oct 14 22:41:19 2024: Running AUGUSTUS job 33
bash /home/wirenia/projects/Discradisca/2024-10-09_BRAKER3/braker/aug_hints_33
# Mon Oct 14 22:41:19 2024: Running AUGUSTUS job 34
bash /home/wirenia/projects/Discradisca/2024-10-09_BRAKER3/braker/aug_hints_34
# Mon Oct 14 22:41:19 2024: Running AUGUSTUS job 35
bash /home/wirenia/projects/Discradisca/2024-10-09_BRAKER3/braker/aug_hints_35
# Mon Oct 14 22:41:19 2024: Running AUGUSTUS job 36
bash /home/wirenia/projects/Discradisca/2024-10-09_BRAKER3/braker/aug_hints_36
# Mon Oct 14 22:56:05 2024: Running AUGUSTUS job 37
bash /home/wirenia/projects/Discradisca/2024-10-09_BRAKER3/braker/aug_hints_37
# Mon Oct 14 22:58:10 2024: Running AUGUSTUS job 38
bash /home/wirenia/projects/Discradisca/2024-10-09_BRAKER3/braker/aug_hints_38
# Mon Oct 14 22:58:50 2024: Running AUGUSTUS job 39
bash /home/wirenia/projects/Discradisca/2024-10-09_BRAKER3/braker/aug_hints_39
# Mon Oct 14 23:00:31 2024: Running AUGUSTUS job 40
bash /home/wirenia/projects/Discradisca/2024-10-09_BRAKER3/braker/aug_hints_40
# Mon Oct 14 23:00:44 2024: Running AUGUSTUS job 41
bash /home/wirenia/projects/Discradisca/2024-10-09_BRAKER3/braker/aug_hints_41
# Mon Oct 14 23:01:28 2024: Running AUGUSTUS job 42
bash /home/wirenia/projects/Discradisca/2024-10-09_BRAKER3/braker/aug_hints_42
# Mon Oct 14 23:02:18 2024: Running AUGUSTUS job 43
bash /home/wirenia/projects/Discradisca/2024-10-09_BRAKER3/braker/aug_hints_43
# Mon Oct 14 23:02:35 2024: Running AUGUSTUS job 44
bash /home/wirenia/projects/Discradisca/2024-10-09_BRAKER3/braker/aug_hints_44
# Mon Oct 14 23:04:29 2024: Running AUGUSTUS job 45
bash /home/wirenia/projects/Discradisca/2024-10-09_BRAKER3/braker/aug_hints_45
# Mon Oct 14 23:04:43 2024: Running AUGUSTUS job 46
bash /home/wirenia/projects/Discradisca/2024-10-09_BRAKER3/braker/aug_hints_46
# Mon Oct 14 23:04:54 2024: Running AUGUSTUS job 47
bash /home/wirenia/projects/Discradisca/2024-10-09_BRAKER3/braker/aug_hints_47
# Mon Oct 14 23:05:08 2024: Running AUGUSTUS job 48
bash /home/wirenia/projects/Discradisca/2024-10-09_BRAKER3/braker/aug_hints_48
# Mon Oct 14 23:05:37 2024: Running AUGUSTUS job 49
bash /home/wirenia/projects/Discradisca/2024-10-09_BRAKER3/braker/aug_hints_49
# Mon Oct 14 23:06:02 2024: Running AUGUSTUS job 50
bash /home/wirenia/projects/Discradisca/2024-10-09_BRAKER3/braker/aug_hints_50
# Mon Oct 14 23:06:05 2024: Running AUGUSTUS job 51
bash /home/wirenia/projects/Discradisca/2024-10-09_BRAKER3/braker/aug_hints_51
# Mon Oct 14 23:06:39 2024: Running AUGUSTUS job 52
bash /home/wirenia/projects/Discradisca/2024-10-09_BRAKER3/braker/aug_hints_52
# Mon Oct 14 23:06:39 2024: Running AUGUSTUS job 53
bash /home/wirenia/projects/Discradisca/2024-10-09_BRAKER3/braker/aug_hints_53
# Mon Oct 14 23:07:08 2024: Running AUGUSTUS job 54
bash /home/wirenia/projects/Discradisca/2024-10-09_BRAKER3/braker/aug_hints_54
# Mon Oct 14 23:07:09 2024: Running AUGUSTUS job 55
bash /home/wirenia/projects/Discradisca/2024-10-09_BRAKER3/braker/aug_hints_55
# Mon Oct 14 23:07:14 2024: Running AUGUSTUS job 56
bash /home/wirenia/projects/Discradisca/2024-10-09_BRAKER3/braker/aug_hints_56
# Mon Oct 14 23:08:07 2024: Running AUGUSTUS job 57
bash /home/wirenia/projects/Discradisca/2024-10-09_BRAKER3/braker/aug_hints_57
# Mon Oct 14 23:08:10 2024: Running AUGUSTUS job 58
bash /home/wirenia/projects/Discradisca/2024-10-09_BRAKER3/braker/aug_hints_58
# Mon Oct 14 23:08:14 2024: Running AUGUSTUS job 59
bash /home/wirenia/projects/Discradisca/2024-10-09_BRAKER3/braker/aug_hints_59
# Mon Oct 14 23:09:13 2024: Running AUGUSTUS job 60
bash /home/wirenia/projects/Discradisca/2024-10-09_BRAKER3/braker/aug_hints_60
# Mon Oct 14 23:09:26 2024: Running AUGUSTUS job 61
bash /home/wirenia/projects/Discradisca/2024-10-09_BRAKER3/braker/aug_hints_61
# Mon Oct 14 23:09:40 2024: Running AUGUSTUS job 62
bash /home/wirenia/projects/Discradisca/2024-10-09_BRAKER3/braker/aug_hints_62
# Mon Oct 14 23:09:41 2024: Running AUGUSTUS job 63
bash /home/wirenia/projects/Discradisca/2024-10-09_BRAKER3/braker/aug_hints_63
# Mon Oct 14 23:10:08 2024: Running AUGUSTUS job 64
bash /home/wirenia/projects/Discradisca/2024-10-09_BRAKER3/braker/aug_hints_64
# Mon Oct 14 23:10:11 2024: Running AUGUSTUS job 65
bash /home/wirenia/projects/Discradisca/2024-10-09_BRAKER3/braker/aug_hints_65
# Mon Oct 14 23:10:48 2024: Running AUGUSTUS job 66
bash /home/wirenia/projects/Discradisca/2024-10-09_BRAKER3/braker/aug_hints_66
# Mon Oct 14 23:11:08 2024: Running AUGUSTUS job 67
bash /home/wirenia/projects/Discradisca/2024-10-09_BRAKER3/braker/aug_hints_67
# Mon Oct 14 23:11:23 2024: Running AUGUSTUS job 68
bash /home/wirenia/projects/Discradisca/2024-10-09_BRAKER3/braker/aug_hints_68
# Mon Oct 14 23:11:44 2024: Running AUGUSTUS job 69
bash /home/wirenia/projects/Discradisca/2024-10-09_BRAKER3/braker/aug_hints_69
# Mon Oct 14 23:12:26 2024: Running AUGUSTUS job 70
bash /home/wirenia/projects/Discradisca/2024-10-09_BRAKER3/braker/aug_hints_70
# Mon Oct 14 23:14:37 2024: Running AUGUSTUS job 71
bash /home/wirenia/projects/Discradisca/2024-10-09_BRAKER3/braker/aug_hints_71
# Mon Oct 14 23:17:34 2024: Running AUGUSTUS job 72
bash /home/wirenia/projects/Discradisca/2024-10-09_BRAKER3/braker/aug_hints_72
# Mon Oct 14 23:18:27 2024: Running AUGUSTUS job 73
bash /home/wirenia/projects/Discradisca/2024-10-09_BRAKER3/braker/aug_hints_73
# Mon Oct 14 23:18:35 2024: Running AUGUSTUS job 74
bash /home/wirenia/projects/Discradisca/2024-10-09_BRAKER3/braker/aug_hints_74
# Mon Oct 14 23:21:57 2024: Running AUGUSTUS job 75
bash /home/wirenia/projects/Discradisca/2024-10-09_BRAKER3/braker/aug_hints_75
# Mon Oct 14 23:23:01 2024: Running AUGUSTUS job 76
bash /home/wirenia/projects/Discradisca/2024-10-09_BRAKER3/braker/aug_hints_76
# Mon Oct 14 23:24:54 2024: Running AUGUSTUS job 77
bash /home/wirenia/projects/Discradisca/2024-10-09_BRAKER3/braker/aug_hints_77
# Mon Oct 14 23:25:07 2024: Running AUGUSTUS job 78
bash /home/wirenia/projects/Discradisca/2024-10-09_BRAKER3/braker/aug_hints_78
# Mon Oct 14 23:25:50 2024: Running AUGUSTUS job 79
bash /home/wirenia/projects/Discradisca/2024-10-09_BRAKER3/braker/aug_hints_79
# Mon Oct 14 23:26:11 2024: Running AUGUSTUS job 80
bash /home/wirenia/projects/Discradisca/2024-10-09_BRAKER3/braker/aug_hints_80
# Mon Oct 14 23:26:57 2024: Running AUGUSTUS job 81
bash /home/wirenia/projects/Discradisca/2024-10-09_BRAKER3/braker/aug_hints_81
# Mon Oct 14 23:27:38 2024: Running AUGUSTUS job 82
bash /home/wirenia/projects/Discradisca/2024-10-09_BRAKER3/braker/aug_hints_82
# Mon Oct 14 23:27:50 2024: Running AUGUSTUS job 83
bash /home/wirenia/projects/Discradisca/2024-10-09_BRAKER3/braker/aug_hints_83
# Mon Oct 14 23:29:33 2024: Running AUGUSTUS job 84
bash /home/wirenia/projects/Discradisca/2024-10-09_BRAKER3/braker/aug_hints_84
# Mon Oct 14 23:30:30 2024: Running AUGUSTUS job 85
bash /home/wirenia/projects/Discradisca/2024-10-09_BRAKER3/braker/aug_hints_85
# Mon Oct 14 23:30:33 2024: Running AUGUSTUS job 86
bash /home/wirenia/projects/Discradisca/2024-10-09_BRAKER3/braker/aug_hints_86
# Mon Oct 14 23:30:35 2024: Running AUGUSTUS job 87
bash /home/wirenia/projects/Discradisca/2024-10-09_BRAKER3/braker/aug_hints_87
# Mon Oct 14 23:30:39 2024: Running AUGUSTUS job 88
bash /home/wirenia/projects/Discradisca/2024-10-09_BRAKER3/braker/aug_hints_88
# Mon Oct 14 23:30:45 2024: Running AUGUSTUS job 89
bash /home/wirenia/projects/Discradisca/2024-10-09_BRAKER3/braker/aug_hints_89
# Mon Oct 14 23:31:24 2024: Running AUGUSTUS job 90
bash /home/wirenia/projects/Discradisca/2024-10-09_BRAKER3/braker/aug_hints_90
# Mon Oct 14 23:31:26 2024: Running AUGUSTUS job 91
bash /home/wirenia/projects/Discradisca/2024-10-09_BRAKER3/braker/aug_hints_91
# Mon Oct 14 23:32:38 2024: Running AUGUSTUS job 92
bash /home/wirenia/projects/Discradisca/2024-10-09_BRAKER3/braker/aug_hints_92
# Mon Oct 14 23:33:13 2024: Running AUGUSTUS job 93
bash /home/wirenia/projects/Discradisca/2024-10-09_BRAKER3/braker/aug_hints_93
# Mon Oct 14 23:33:18 2024: Running AUGUSTUS job 94
bash /home/wirenia/projects/Discradisca/2024-10-09_BRAKER3/braker/aug_hints_94
# Mon Oct 14 23:33:26 2024: Running AUGUSTUS job 95
bash /home/wirenia/projects/Discradisca/2024-10-09_BRAKER3/braker/aug_hints_95
# Mon Oct 14 23:34:01 2024: Running AUGUSTUS job 96
bash /home/wirenia/projects/Discradisca/2024-10-09_BRAKER3/braker/aug_hints_96
# Mon Oct 14 23:34:03 2024: Running AUGUSTUS job 97
bash /home/wirenia/projects/Discradisca/2024-10-09_BRAKER3/braker/aug_hints_97
# Mon Oct 14 23:34:13 2024: Running AUGUSTUS job 98
bash /home/wirenia/projects/Discradisca/2024-10-09_BRAKER3/braker/aug_hints_98
# Mon Oct 14 23:34:39 2024: Running AUGUSTUS job 99
bash /home/wirenia/projects/Discradisca/2024-10-09_BRAKER3/braker/aug_hints_99
# Mon Oct 14 23:34:44 2024: Running AUGUSTUS job 100
bash /home/wirenia/projects/Discradisca/2024-10-09_BRAKER3/braker/aug_hints_100
# Mon Oct 14 23:35:42 2024: Running AUGUSTUS job 101
bash /home/wirenia/projects/Discradisca/2024-10-09_BRAKER3/braker/aug_hints_101
# Mon Oct 14 23:36:03 2024: Running AUGUSTUS job 102
bash /home/wirenia/projects/Discradisca/2024-10-09_BRAKER3/braker/aug_hints_102
# Mon Oct 14 23:36:34 2024: Running AUGUSTUS job 103
bash /home/wirenia/projects/Discradisca/2024-10-09_BRAKER3/braker/aug_hints_103
# Mon Oct 14 23:38:53 2024: Running AUGUSTUS job 104
bash /home/wirenia/projects/Discradisca/2024-10-09_BRAKER3/braker/aug_hints_104
# Mon Oct 14 23:39:41 2024: Running AUGUSTUS job 105
bash /home/wirenia/projects/Discradisca/2024-10-09_BRAKER3/braker/aug_hints_105
# Mon Oct 14 23:39:55 2024: Running AUGUSTUS job 106
bash /home/wirenia/projects/Discradisca/2024-10-09_BRAKER3/braker/aug_hints_106
# Mon Oct 14 23:41:02 2024: Running AUGUSTUS job 107
bash /home/wirenia/projects/Discradisca/2024-10-09_BRAKER3/braker/aug_hints_107
# Mon Oct 14 23:43:29 2024: Running AUGUSTUS job 108
bash /home/wirenia/projects/Discradisca/2024-10-09_BRAKER3/braker/aug_hints_108
# Mon Oct 14 23:45:32 2024: Running AUGUSTUS job 109
bash /home/wirenia/projects/Discradisca/2024-10-09_BRAKER3/braker/aug_hints_109
# Mon Oct 14 23:46:11 2024: Running AUGUSTUS job 110
bash /home/wirenia/projects/Discradisca/2024-10-09_BRAKER3/braker/aug_hints_110
# Mon Oct 14 23:48:02 2024: Running AUGUSTUS job 111
bash /home/wirenia/projects/Discradisca/2024-10-09_BRAKER3/braker/aug_hints_111
# Mon Oct 14 23:48:50 2024: Running AUGUSTUS job 112
bash /home/wirenia/projects/Discradisca/2024-10-09_BRAKER3/braker/aug_hints_112
# Mon Oct 14 23:49:10 2024: Running AUGUSTUS job 113
bash /home/wirenia/projects/Discradisca/2024-10-09_BRAKER3/braker/aug_hints_113
# Mon Oct 14 23:49:13 2024: Running AUGUSTUS job 114
bash /home/wirenia/projects/Discradisca/2024-10-09_BRAKER3/braker/aug_hints_114
# Mon Oct 14 23:49:57 2024: Running AUGUSTUS job 115
bash /home/wirenia/projects/Discradisca/2024-10-09_BRAKER3/braker/aug_hints_115
# Mon Oct 14 23:50:29 2024: Running AUGUSTUS job 116
bash /home/wirenia/projects/Discradisca/2024-10-09_BRAKER3/braker/aug_hints_116
# Mon Oct 14 23:51:46 2024: Running AUGUSTUS job 117
bash /home/wirenia/projects/Discradisca/2024-10-09_BRAKER3/braker/aug_hints_117
# Mon Oct 14 23:51:46 2024: Running AUGUSTUS job 118
bash /home/wirenia/projects/Discradisca/2024-10-09_BRAKER3/braker/aug_hints_118
# Mon Oct 14 23:52:24 2024: Running AUGUSTUS job 119
bash /home/wirenia/projects/Discradisca/2024-10-09_BRAKER3/braker/aug_hints_119
# Mon Oct 14 23:53:11 2024: Running AUGUSTUS job 120
bash /home/wirenia/projects/Discradisca/2024-10-09_BRAKER3/braker/aug_hints_120
# Mon Oct 14 23:53:52 2024: Running AUGUSTUS job 121
bash /home/wirenia/projects/Discradisca/2024-10-09_BRAKER3/braker/aug_hints_121
# Mon Oct 14 23:54:13 2024: Running AUGUSTUS job 122
bash /home/wirenia/projects/Discradisca/2024-10-09_BRAKER3/braker/aug_hints_122
# Mon Oct 14 23:54:30 2024: Running AUGUSTUS job 123
bash /home/wirenia/projects/Discradisca/2024-10-09_BRAKER3/braker/aug_hints_123
# Mon Oct 14 23:55:39 2024: Running AUGUSTUS job 124
bash /home/wirenia/projects/Discradisca/2024-10-09_BRAKER3/braker/aug_hints_124
# Mon Oct 14 23:55:43 2024: Running AUGUSTUS job 125
bash /home/wirenia/projects/Discradisca/2024-10-09_BRAKER3/braker/aug_hints_125
# Mon Oct 14 23:56:22 2024: Running AUGUSTUS job 126
bash /home/wirenia/projects/Discradisca/2024-10-09_BRAKER3/braker/aug_hints_126
# Mon Oct 14 23:56:43 2024: Running AUGUSTUS job 127
bash /home/wirenia/projects/Discradisca/2024-10-09_BRAKER3/braker/aug_hints_127
# Mon Oct 14 23:56:52 2024: Running AUGUSTUS job 128
bash /home/wirenia/projects/Discradisca/2024-10-09_BRAKER3/braker/aug_hints_128
# Mon Oct 14 23:56:55 2024: Running AUGUSTUS job 129
bash /home/wirenia/projects/Discradisca/2024-10-09_BRAKER3/braker/aug_hints_129
# Mon Oct 14 23:58:20 2024: Running AUGUSTUS job 130
bash /home/wirenia/projects/Discradisca/2024-10-09_BRAKER3/braker/aug_hints_130
# Mon Oct 14 23:59:11 2024: Running AUGUSTUS job 131
bash /home/wirenia/projects/Discradisca/2024-10-09_BRAKER3/braker/aug_hints_131
# Mon Oct 14 23:59:13 2024: Running AUGUSTUS job 132
bash /home/wirenia/projects/Discradisca/2024-10-09_BRAKER3/braker/aug_hints_132
# Tue Oct 15 00:00:16 2024: Running AUGUSTUS job 133
bash /home/wirenia/projects/Discradisca/2024-10-09_BRAKER3/braker/aug_hints_133
# Tue Oct 15 00:01:08 2024: Running AUGUSTUS job 134
bash /home/wirenia/projects/Discradisca/2024-10-09_BRAKER3/braker/aug_hints_134
# Tue Oct 15 00:01:44 2024: Running AUGUSTUS job 135
bash /home/wirenia/projects/Discradisca/2024-10-09_BRAKER3/braker/aug_hints_135
# Tue Oct 15 00:02:19 2024: Running AUGUSTUS job 136
bash /home/wirenia/projects/Discradisca/2024-10-09_BRAKER3/braker/aug_hints_136
# Tue Oct 15 00:03:21 2024: Running AUGUSTUS job 137
bash /home/wirenia/projects/Discradisca/2024-10-09_BRAKER3/braker/aug_hints_137
# Tue Oct 15 00:03:31 2024: Running AUGUSTUS job 138
bash /home/wirenia/projects/Discradisca/2024-10-09_BRAKER3/braker/aug_hints_138
# Tue Oct 15 00:03:41 2024: Running AUGUSTUS job 139
bash /home/wirenia/projects/Discradisca/2024-10-09_BRAKER3/braker/aug_hints_139
# Tue Oct 15 00:04:19 2024: Running AUGUSTUS job 140
bash /home/wirenia/projects/Discradisca/2024-10-09_BRAKER3/braker/aug_hints_140
# Tue Oct 15 00:06:10 2024: Running AUGUSTUS job 141
bash /home/wirenia/projects/Discradisca/2024-10-09_BRAKER3/braker/aug_hints_141
# Tue Oct 15 00:06:23 2024: Running AUGUSTUS job 142
bash /home/wirenia/projects/Discradisca/2024-10-09_BRAKER3/braker/aug_hints_142
# Tue Oct 15 00:06:57 2024: Running AUGUSTUS job 143
bash /home/wirenia/projects/Discradisca/2024-10-09_BRAKER3/braker/aug_hints_143
# Tue Oct 15 00:09:09 2024: Running AUGUSTUS job 144
bash /home/wirenia/projects/Discradisca/2024-10-09_BRAKER3/braker/aug_hints_144
# Tue Oct 15 00:09:39 2024: Running AUGUSTUS job 145
bash /home/wirenia/projects/Discradisca/2024-10-09_BRAKER3/braker/aug_hints_145
# Tue Oct 15 00:10:52 2024: Running AUGUSTUS job 146
bash /home/wirenia/projects/Discradisca/2024-10-09_BRAKER3/braker/aug_hints_146
# Tue Oct 15 00:11:21 2024: Running AUGUSTUS job 147
bash /home/wirenia/projects/Discradisca/2024-10-09_BRAKER3/braker/aug_hints_147
# Tue Oct 15 00:13:12 2024: Running AUGUSTUS job 148
bash /home/wirenia/projects/Discradisca/2024-10-09_BRAKER3/braker/aug_hints_148
# Tue Oct 15 00:13:19 2024: Running AUGUSTUS job 149
bash /home/wirenia/projects/Discradisca/2024-10-09_BRAKER3/braker/aug_hints_149
# Tue Oct 15 00:13:33 2024: Running AUGUSTUS job 150
bash /home/wirenia/projects/Discradisca/2024-10-09_BRAKER3/braker/aug_hints_150
# Tue Oct 15 00:14:17 2024: Running AUGUSTUS job 151
bash /home/wirenia/projects/Discradisca/2024-10-09_BRAKER3/braker/aug_hints_151
# Tue Oct 15 00:42:46 2024: Joining AUGUSTUS predictions in directory /home/wirenia/projects/Discradisca/2024-10-09_BRAKER3/braker/augustus_tmp
# Tue Oct 15 00:42:46 2024: Concatenating AUGUSTUS output files in /home/wirenia/projects/Discradisca/2024-10-09_BRAKER3/braker/augustus_tmp
cat /home/wirenia/projects/Discradisca/2024-10-09_BRAKER3/braker/augustus_tmp/3.001.scaffold_9.fa.1..2500000.gff >> /home/wirenia/projects/Discradisca/2024-10-09_BRAKER3/braker/augustus.tmp1.gff
cat /home/wirenia/projects/Discradisca/2024-10-09_BRAKER3/braker/augustus_tmp/3.002.scaffold_9.fa.2000001..4500000.gff >> /home/wirenia/projects/Discradisca/2024-10-09_BRAKER3/braker/augustus.tmp1.gff
cat /home/wirenia/projects/Discradisca/2024-10-09_BRAKER3/braker/augustus_tmp/3.003.scaffold_9.fa.4000001..6500000.gff >> /home/wirenia/projects/Discradisca/2024-10-09_BRAKER3/braker/augustus.tmp1.gff
cat /home/wirenia/projects/Discradisca/2024-10-09_BRAKER3/braker/augustus_tmp/3.004.scaffold_9.fa.6000001..8500000.gff >> /home/wirenia/projects/Discradisca/2024-10-09_BRAKER3/braker/augustus.tmp1.gff
cat /home/wirenia/projects/Discradisca/2024-10-09_BRAKER3/braker/augustus_tmp/3.005.scaffold_9.fa.8000001..10500000.gff >> /home/wirenia/projects/Discradisca/2024-10-09_BRAKER3/braker/augustus.tmp1.gff
cat /home/wirenia/projects/Discradisca/2024-10-09_BRAKER3/braker/augustus_tmp/3.006.scaffold_9.fa.10000001..12500000.gff >> /home/wirenia/projects/Discradisca/2024-10-09_BRAKER3/braker/augustus.tmp1.gff
cat /home/wirenia/projects/Discradisca/2024-10-09_BRAKER3/braker/augustus_tmp/3.007.scaffold_9.fa.12000001..14500000.gff >> /home/wirenia/projects/Discradisca/2024-10-09_BRAKER3/braker/augustus.tmp1.gff
cat /home/wirenia/projects/Discradisca/2024-10-09_BRAKER3/braker/augustus_tmp/3.008.scaffold_9.fa.14000001..16500000.gff >> /home/wirenia/projects/Discradisca/2024-10-09_BRAKER3/braker/augustus.tmp1.gff
cat /home/wirenia/projects/Discradisca/2024-10-09_BRAKER3/braker/augustus_tmp/3.009.scaffold_9.fa.16000001..18500000.gff >> /home/wirenia/projects/Discradisca/2024-10-09_BRAKER3/braker/augustus.tmp1.gff
cat /home/wirenia/projects/Discradisca/2024-10-09_BRAKER3/braker/augustus_tmp/3.010.scaffold_9.fa.18000001..20500000.gff >> /home/wirenia/projects/Discradisca/2024-10-09_BRAKER3/braker/augustus.tmp1.gff
cat /home/wirenia/projects/Discradisca/2024-10-09_BRAKER3/braker/augustus_tmp/3.011.scaffold_9.fa.20000001..20925756.gff >> /home/wirenia/projects/Discradisca/2024-10-09_BRAKER3/braker/augustus.tmp1.gff
cat /home/wirenia/projects/Discradisca/2024-10-09_BRAKER3/braker/augustus_tmp/5.001.scaffold_8.fa.1..2500000.gff >> /home/wirenia/projects/Discradisca/2024-10-09_BRAKER3/braker/augustus.tmp1.gff
cat /home/wirenia/projects/Discradisca/2024-10-09_BRAKER3/braker/augustus_tmp/5.002.scaffold_8.fa.2000001..4500000.gff >> /home/wirenia/projects/Discradisca/2024-10-09_BRAKER3/braker/augustus.tmp1.gff
cat /home/wirenia/projects/Discradisca/2024-10-09_BRAKER3/braker/augustus_tmp/5.003.scaffold_8.fa.4000001..6500000.gff >> /home/wirenia/projects/Discradisca/2024-10-09_BRAKER3/braker/augustus.tmp1.gff
cat /home/wirenia/projects/Discradisca/2024-10-09_BRAKER3/braker/augustus_tmp/5.004.scaffold_8.fa.6000001..8500000.gff >> /home/wirenia/projects/Discradisca/2024-10-09_BRAKER3/braker/augustus.tmp1.gff
cat /home/wirenia/projects/Discradisca/2024-10-09_BRAKER3/braker/augustus_tmp/5.005.scaffold_8.fa.8000001..10500000.gff >> /home/wirenia/projects/Discradisca/2024-10-09_BRAKER3/braker/augustus.tmp1.gff
cat /home/wirenia/projects/Discradisca/2024-10-09_BRAKER3/braker/augustus_tmp/5.006.scaffold_8.fa.10000001..12500000.gff >> /home/wirenia/projects/Discradisca/2024-10-09_BRAKER3/braker/augustus.tmp1.gff
cat /home/wirenia/projects/Discradisca/2024-10-09_BRAKER3/braker/augustus_tmp/5.007.scaffold_8.fa.12000001..14500000.gff >> /home/wirenia/projects/Discradisca/2024-10-09_BRAKER3/braker/augustus.tmp1.gff
cat /home/wirenia/projects/Discradisca/2024-10-09_BRAKER3/braker/augustus_tmp/5.008.scaffold_8.fa.14000001..16500000.gff >> /home/wirenia/projects/Discradisca/2024-10-09_BRAKER3/braker/augustus.tmp1.gff
cat /home/wirenia/projects/Discradisca/2024-10-09_BRAKER3/braker/augustus_tmp/5.009.scaffold_8.fa.16000001..18500000.gff >> /home/wirenia/projects/Discradisca/2024-10-09_BRAKER3/braker/augustus.tmp1.gff
cat /home/wirenia/projects/Discradisca/2024-10-09_BRAKER3/braker/augustus_tmp/5.010.scaffold_8.fa.18000001..20500000.gff >> /home/wirenia/projects/Discradisca/2024-10-09_BRAKER3/braker/augustus.tmp1.gff
cat /home/wirenia/projects/Discradisca/2024-10-09_BRAKER3/braker/augustus_tmp/5.011.scaffold_8.fa.20000001..21322506.gff >> /home/wirenia/projects/Discradisca/2024-10-09_BRAKER3/braker/augustus.tmp1.gff
cat /home/wirenia/projects/Discradisca/2024-10-09_BRAKER3/braker/augustus_tmp/4.001.scaffold_1.fa.1..2500000.gff >> /home/wirenia/projects/Discradisca/2024-10-09_BRAKER3/braker/augustus.tmp1.gff
cat /home/wirenia/projects/Discradisca/2024-10-09_BRAKER3/braker/augustus_tmp/4.002.scaffold_1.fa.2000001..4500000.gff >> /home/wirenia/projects/Discradisca/2024-10-09_BRAKER3/braker/augustus.tmp1.gff
cat /home/wirenia/projects/Discradisca/2024-10-09_BRAKER3/braker/augustus_tmp/4.003.scaffold_1.fa.4000001..6500000.gff >> /home/wirenia/projects/Discradisca/2024-10-09_BRAKER3/braker/augustus.tmp1.gff
cat /home/wirenia/projects/Discradisca/2024-10-09_BRAKER3/braker/augustus_tmp/4.004.scaffold_1.fa.6000001..8500000.gff >> /home/wirenia/projects/Discradisca/2024-10-09_BRAKER3/braker/augustus.tmp1.gff
cat /home/wirenia/projects/Discradisca/2024-10-09_BRAKER3/braker/augustus_tmp/4.005.scaffold_1.fa.8000001..10500000.gff >> /home/wirenia/projects/Discradisca/2024-10-09_BRAKER3/braker/augustus.tmp1.gff
cat /home/wirenia/projects/Discradisca/2024-10-09_BRAKER3/braker/augustus_tmp/4.006.scaffold_1.fa.10000001..12500000.gff >> /home/wirenia/projects/Discradisca/2024-10-09_BRAKER3/braker/augustus.tmp1.gff
cat /home/wirenia/projects/Discradisca/2024-10-09_BRAKER3/braker/augustus_tmp/4.007.scaffold_1.fa.12000001..14500000.gff >> /home/wirenia/projects/Discradisca/2024-10-09_BRAKER3/braker/augustus.tmp1.gff
cat /home/wirenia/projects/Discradisca/2024-10-09_BRAKER3/braker/augustus_tmp/4.008.scaffold_1.fa.14000001..16500000.gff >> /home/wirenia/projects/Discradisca/2024-10-09_BRAKER3/braker/augustus.tmp1.gff
cat /home/wirenia/projects/Discradisca/2024-10-09_BRAKER3/braker/augustus_tmp/4.009.scaffold_1.fa.16000001..18500000.gff >> /home/wirenia/projects/Discradisca/2024-10-09_BRAKER3/braker/augustus.tmp1.gff
cat /home/wirenia/projects/Discradisca/2024-10-09_BRAKER3/braker/augustus_tmp/4.010.scaffold_1.fa.18000001..20500000.gff >> /home/wirenia/projects/Discradisca/2024-10-09_BRAKER3/braker/augustus.tmp1.gff
cat /home/wirenia/projects/Discradisca/2024-10-09_BRAKER3/braker/augustus_tmp/4.011.scaffold_1.fa.20000001..22500000.gff >> /home/wirenia/projects/Discradisca/2024-10-09_BRAKER3/braker/augustus.tmp1.gff
cat /home/wirenia/projects/Discradisca/2024-10-09_BRAKER3/braker/augustus_tmp/4.012.scaffold_1.fa.22000001..24500000.gff >> /home/wirenia/projects/Discradisca/2024-10-09_BRAKER3/braker/augustus.tmp1.gff
cat /home/wirenia/projects/Discradisca/2024-10-09_BRAKER3/braker/augustus_tmp/4.013.scaffold_1.fa.24000001..26500000.gff >> /home/wirenia/projects/Discradisca/2024-10-09_BRAKER3/braker/augustus.tmp1.gff
cat /home/wirenia/projects/Discradisca/2024-10-09_BRAKER3/braker/augustus_tmp/4.014.scaffold_1.fa.26000001..28500000.gff >> /home/wirenia/projects/Discradisca/2024-10-09_BRAKER3/braker/augustus.tmp1.gff
cat /home/wirenia/projects/Discradisca/2024-10-09_BRAKER3/braker/augustus_tmp/4.015.scaffold_1.fa.28000001..30500000.gff >> /home/wirenia/projects/Discradisca/2024-10-09_BRAKER3/braker/augustus.tmp1.gff
cat /home/wirenia/projects/Discradisca/2024-10-09_BRAKER3/braker/augustus_tmp/4.016.scaffold_1.fa.30000001..32500000.gff >> /home/wirenia/projects/Discradisca/2024-10-09_BRAKER3/braker/augustus.tmp1.gff
cat /home/wirenia/projects/Discradisca/2024-10-09_BRAKER3/braker/augustus_tmp/4.017.scaffold_1.fa.32000001..34500000.gff >> /home/wirenia/projects/Discradisca/2024-10-09_BRAKER3/braker/augustus.tmp1.gff
cat /home/wirenia/projects/Discradisca/2024-10-09_BRAKER3/braker/augustus_tmp/4.018.scaffold_1.fa.34000001..36500000.gff >> /home/wirenia/projects/Discradisca/2024-10-09_BRAKER3/braker/augustus.tmp1.gff
cat /home/wirenia/projects/Discradisca/2024-10-09_BRAKER3/braker/augustus_tmp/4.019.scaffold_1.fa.36000001..38500000.gff >> /home/wirenia/projects/Discradisca/2024-10-09_BRAKER3/braker/augustus.tmp1.gff
cat /home/wirenia/projects/Discradisca/2024-10-09_BRAKER3/braker/augustus_tmp/4.020.scaffold_1.fa.38000001..40500000.gff >> /home/wirenia/projects/Discradisca/2024-10-09_BRAKER3/braker/augustus.tmp1.gff
cat /home/wirenia/projects/Discradisca/2024-10-09_BRAKER3/braker/augustus_tmp/4.021.scaffold_1.fa.40000001..42500000.gff >> /home/wirenia/projects/Discradisca/2024-10-09_BRAKER3/braker/augustus.tmp1.gff
cat /home/wirenia/projects/Discradisca/2024-10-09_BRAKER3/braker/augustus_tmp/4.022.scaffold_1.fa.42000001..44500000.gff >> /home/wirenia/projects/Discradisca/2024-10-09_BRAKER3/braker/augustus.tmp1.gff
cat /home/wirenia/projects/Discradisca/2024-10-09_BRAKER3/braker/augustus_tmp/4.023.scaffold_1.fa.44000001..46500000.gff >> /home/wirenia/projects/Discradisca/2024-10-09_BRAKER3/braker/augustus.tmp1.gff
cat /home/wirenia/projects/Discradisca/2024-10-09_BRAKER3/braker/augustus_tmp/4.024.scaffold_1.fa.46000001..48500000.gff >> /home/wirenia/projects/Discradisca/2024-10-09_BRAKER3/braker/augustus.tmp1.gff
cat /home/wirenia/projects/Discradisca/2024-10-09_BRAKER3/braker/augustus_tmp/4.025.scaffold_1.fa.48000001..50500000.gff >> /home/wirenia/projects/Discradisca/2024-10-09_BRAKER3/braker/augustus.tmp1.gff
cat /home/wirenia/projects/Discradisca/2024-10-09_BRAKER3/braker/augustus_tmp/4.026.scaffold_1.fa.50000001..52500000.gff >> /home/wirenia/projects/Discradisca/2024-10-09_BRAKER3/braker/augustus.tmp1.gff
cat /home/wirenia/projects/Discradisca/2024-10-09_BRAKER3/braker/augustus_tmp/4.027.scaffold_1.fa.52000001..54500000.gff >> /home/wirenia/projects/Discradisca/2024-10-09_BRAKER3/braker/augustus.tmp1.gff
cat /home/wirenia/projects/Discradisca/2024-10-09_BRAKER3/braker/augustus_tmp/4.028.scaffold_1.fa.54000001..56500000.gff >> /home/wirenia/projects/Discradisca/2024-10-09_BRAKER3/braker/augustus.tmp1.gff
cat /home/wirenia/projects/Discradisca/2024-10-09_BRAKER3/braker/augustus_tmp/4.029.scaffold_1.fa.56000001..57892280.gff >> /home/wirenia/projects/Discradisca/2024-10-09_BRAKER3/braker/augustus.tmp1.gff
cat /home/wirenia/projects/Discradisca/2024-10-09_BRAKER3/braker/augustus_tmp/1.001.scaffold_5.fa.1..2500000.gff >> /home/wirenia/projects/Discradisca/2024-10-09_BRAKER3/braker/augustus.tmp1.gff
cat /home/wirenia/projects/Discradisca/2024-10-09_BRAKER3/braker/augustus_tmp/1.002.scaffold_5.fa.2000001..4500000.gff >> /home/wirenia/projects/Discradisca/2024-10-09_BRAKER3/braker/augustus.tmp1.gff
cat /home/wirenia/projects/Discradisca/2024-10-09_BRAKER3/braker/augustus_tmp/1.003.scaffold_5.fa.4000001..6500000.gff >> /home/wirenia/projects/Discradisca/2024-10-09_BRAKER3/braker/augustus.tmp1.gff
cat /home/wirenia/projects/Discradisca/2024-10-09_BRAKER3/braker/augustus_tmp/1.004.scaffold_5.fa.6000001..8500000.gff >> /home/wirenia/projects/Discradisca/2024-10-09_BRAKER3/braker/augustus.tmp1.gff
cat /home/wirenia/projects/Discradisca/2024-10-09_BRAKER3/braker/augustus_tmp/1.005.scaffold_5.fa.8000001..10500000.gff >> /home/wirenia/projects/Discradisca/2024-10-09_BRAKER3/braker/augustus.tmp1.gff
cat /home/wirenia/projects/Discradisca/2024-10-09_BRAKER3/braker/augustus_tmp/1.006.scaffold_5.fa.10000001..12500000.gff >> /home/wirenia/projects/Discradisca/2024-10-09_BRAKER3/braker/augustus.tmp1.gff
cat /home/wirenia/projects/Discradisca/2024-10-09_BRAKER3/braker/augustus_tmp/1.007.scaffold_5.fa.12000001..14500000.gff >> /home/wirenia/projects/Discradisca/2024-10-09_BRAKER3/braker/augustus.tmp1.gff
cat /home/wirenia/projects/Discradisca/2024-10-09_BRAKER3/braker/augustus_tmp/1.008.scaffold_5.fa.14000001..16500000.gff >> /home/wirenia/projects/Discradisca/2024-10-09_BRAKER3/braker/augustus.tmp1.gff
cat /home/wirenia/projects/Discradisca/2024-10-09_BRAKER3/braker/augustus_tmp/1.009.scaffold_5.fa.16000001..18500000.gff >> /home/wirenia/projects/Discradisca/2024-10-09_BRAKER3/braker/augustus.tmp1.gff
cat /home/wirenia/projects/Discradisca/2024-10-09_BRAKER3/braker/augustus_tmp/1.010.scaffold_5.fa.18000001..20500000.gff >> /home/wirenia/projects/Discradisca/2024-10-09_BRAKER3/braker/augustus.tmp1.gff
cat /home/wirenia/projects/Discradisca/2024-10-09_BRAKER3/braker/augustus_tmp/1.011.scaffold_5.fa.20000001..22500000.gff >> /home/wirenia/projects/Discradisca/2024-10-09_BRAKER3/braker/augustus.tmp1.gff
cat /home/wirenia/projects/Discradisca/2024-10-09_BRAKER3/braker/augustus_tmp/1.012.scaffold_5.fa.22000001..24500000.gff >> /home/wirenia/projects/Discradisca/2024-10-09_BRAKER3/braker/augustus.tmp1.gff
cat /home/wirenia/projects/Discradisca/2024-10-09_BRAKER3/braker/augustus_tmp/1.013.scaffold_5.fa.24000001..24869671.gff >> /home/wirenia/projects/Discradisca/2024-10-09_BRAKER3/braker/augustus.tmp1.gff
cat /home/wirenia/projects/Discradisca/2024-10-09_BRAKER3/braker/augustus_tmp/2.001.scaffold_2.fa.1..2500000.gff >> /home/wirenia/projects/Discradisca/2024-10-09_BRAKER3/braker/augustus.tmp1.gff
cat /home/wirenia/projects/Discradisca/2024-10-09_BRAKER3/braker/augustus_tmp/2.002.scaffold_2.fa.2000001..4500000.gff >> /home/wirenia/projects/Discradisca/2024-10-09_BRAKER3/braker/augustus.tmp1.gff
cat /home/wirenia/projects/Discradisca/2024-10-09_BRAKER3/braker/augustus_tmp/2.003.scaffold_2.fa.4000001..6500000.gff >> /home/wirenia/projects/Discradisca/2024-10-09_BRAKER3/braker/augustus.tmp1.gff
cat /home/wirenia/projects/Discradisca/2024-10-09_BRAKER3/braker/augustus_tmp/2.004.scaffold_2.fa.6000001..8500000.gff >> /home/wirenia/projects/Discradisca/2024-10-09_BRAKER3/braker/augustus.tmp1.gff
cat /home/wirenia/projects/Discradisca/2024-10-09_BRAKER3/braker/augustus_tmp/2.005.scaffold_2.fa.8000001..10500000.gff >> /home/wirenia/projects/Discradisca/2024-10-09_BRAKER3/braker/augustus.tmp1.gff
cat /home/wirenia/projects/Discradisca/2024-10-09_BRAKER3/braker/augustus_tmp/2.006.scaffold_2.fa.10000001..12500000.gff >> /home/wirenia/projects/Discradisca/2024-10-09_BRAKER3/braker/augustus.tmp1.gff
cat /home/wirenia/projects/Discradisca/2024-10-09_BRAKER3/braker/augustus_tmp/2.007.scaffold_2.fa.12000001..14500000.gff >> /home/wirenia/projects/Discradisca/2024-10-09_BRAKER3/braker/augustus.tmp1.gff
cat /home/wirenia/projects/Discradisca/2024-10-09_BRAKER3/braker/augustus_tmp/2.008.scaffold_2.fa.14000001..16500000.gff >> /home/wirenia/projects/Discradisca/2024-10-09_BRAKER3/braker/augustus.tmp1.gff
cat /home/wirenia/projects/Discradisca/2024-10-09_BRAKER3/braker/augustus_tmp/2.009.scaffold_2.fa.16000001..18500000.gff >> /home/wirenia/projects/Discradisca/2024-10-09_BRAKER3/braker/augustus.tmp1.gff
cat /home/wirenia/projects/Discradisca/2024-10-09_BRAKER3/braker/augustus_tmp/2.010.scaffold_2.fa.18000001..20500000.gff >> /home/wirenia/projects/Discradisca/2024-10-09_BRAKER3/braker/augustus.tmp1.gff
cat /home/wirenia/projects/Discradisca/2024-10-09_BRAKER3/braker/augustus_tmp/2.011.scaffold_2.fa.20000001..22500000.gff >> /home/wirenia/projects/Discradisca/2024-10-09_BRAKER3/braker/augustus.tmp1.gff
cat /home/wirenia/projects/Discradisca/2024-10-09_BRAKER3/braker/augustus_tmp/2.012.scaffold_2.fa.22000001..24500000.gff >> /home/wirenia/projects/Discradisca/2024-10-09_BRAKER3/braker/augustus.tmp1.gff
cat /home/wirenia/projects/Discradisca/2024-10-09_BRAKER3/braker/augustus_tmp/2.013.scaffold_2.fa.24000001..26500000.gff >> /home/wirenia/projects/Discradisca/2024-10-09_BRAKER3/braker/augustus.tmp1.gff
cat /home/wirenia/projects/Discradisca/2024-10-09_BRAKER3/braker/augustus_tmp/2.014.scaffold_2.fa.26000001..28500000.gff >> /home/wirenia/projects/Discradisca/2024-10-09_BRAKER3/braker/augustus.tmp1.gff
cat /home/wirenia/projects/Discradisca/2024-10-09_BRAKER3/braker/augustus_tmp/2.015.scaffold_2.fa.28000001..30500000.gff >> /home/wirenia/projects/Discradisca/2024-10-09_BRAKER3/braker/augustus.tmp1.gff
cat /home/wirenia/projects/Discradisca/2024-10-09_BRAKER3/braker/augustus_tmp/2.016.scaffold_2.fa.30000001..32500000.gff >> /home/wirenia/projects/Discradisca/2024-10-09_BRAKER3/braker/augustus.tmp1.gff
cat /home/wirenia/projects/Discradisca/2024-10-09_BRAKER3/braker/augustus_tmp/2.017.scaffold_2.fa.32000001..34500000.gff >> /home/wirenia/projects/Discradisca/2024-10-09_BRAKER3/braker/augustus.tmp1.gff
cat /home/wirenia/projects/Discradisca/2024-10-09_BRAKER3/braker/augustus_tmp/2.018.scaffold_2.fa.34000001..36500000.gff >> /home/wirenia/projects/Discradisca/2024-10-09_BRAKER3/braker/augustus.tmp1.gff
cat /home/wirenia/projects/Discradisca/2024-10-09_BRAKER3/braker/augustus_tmp/2.019.scaffold_2.fa.36000001..38500000.gff >> /home/wirenia/projects/Discradisca/2024-10-09_BRAKER3/braker/augustus.tmp1.gff
cat /home/wirenia/projects/Discradisca/2024-10-09_BRAKER3/braker/augustus_tmp/2.020.scaffold_2.fa.38000001..40500000.gff >> /home/wirenia/projects/Discradisca/2024-10-09_BRAKER3/braker/augustus.tmp1.gff
cat /home/wirenia/projects/Discradisca/2024-10-09_BRAKER3/braker/augustus_tmp/2.021.scaffold_2.fa.40000001..42500000.gff >> /home/wirenia/projects/Discradisca/2024-10-09_BRAKER3/braker/augustus.tmp1.gff
cat /home/wirenia/projects/Discradisca/2024-10-09_BRAKER3/braker/augustus_tmp/2.022.scaffold_2.fa.42000001..44500000.gff >> /home/wirenia/projects/Discradisca/2024-10-09_BRAKER3/braker/augustus.tmp1.gff
cat /home/wirenia/projects/Discradisca/2024-10-09_BRAKER3/braker/augustus_tmp/2.023.scaffold_2.fa.44000001..46500000.gff >> /home/wirenia/projects/Discradisca/2024-10-09_BRAKER3/braker/augustus.tmp1.gff
cat /home/wirenia/projects/Discradisca/2024-10-09_BRAKER3/braker/augustus_tmp/2.024.scaffold_2.fa.46000001..48500000.gff >> /home/wirenia/projects/Discradisca/2024-10-09_BRAKER3/braker/augustus.tmp1.gff
cat /home/wirenia/projects/Discradisca/2024-10-09_BRAKER3/braker/augustus_tmp/2.025.scaffold_2.fa.48000001..48816638.gff >> /home/wirenia/projects/Discradisca/2024-10-09_BRAKER3/braker/augustus.tmp1.gff
cat /home/wirenia/projects/Discradisca/2024-10-09_BRAKER3/braker/augustus_tmp/6.001.scaffold_6.fa.1..2500000.gff >> /home/wirenia/projects/Discradisca/2024-10-09_BRAKER3/braker/augustus.tmp1.gff
cat /home/wirenia/projects/Discradisca/2024-10-09_BRAKER3/braker/augustus_tmp/6.002.scaffold_6.fa.2000001..4500000.gff >> /home/wirenia/projects/Discradisca/2024-10-09_BRAKER3/braker/augustus.tmp1.gff
cat /home/wirenia/projects/Discradisca/2024-10-09_BRAKER3/braker/augustus_tmp/6.003.scaffold_6.fa.4000001..6500000.gff >> /home/wirenia/projects/Discradisca/2024-10-09_BRAKER3/braker/augustus.tmp1.gff
cat /home/wirenia/projects/Discradisca/2024-10-09_BRAKER3/braker/augustus_tmp/6.004.scaffold_6.fa.6000001..8500000.gff >> /home/wirenia/projects/Discradisca/2024-10-09_BRAKER3/braker/augustus.tmp1.gff
cat /home/wirenia/projects/Discradisca/2024-10-09_BRAKER3/braker/augustus_tmp/6.005.scaffold_6.fa.8000001..10500000.gff >> /home/wirenia/projects/Discradisca/2024-10-09_BRAKER3/braker/augustus.tmp1.gff
cat /home/wirenia/projects/Discradisca/2024-10-09_BRAKER3/braker/augustus_tmp/6.006.scaffold_6.fa.10000001..12500000.gff >> /home/wirenia/projects/Discradisca/2024-10-09_BRAKER3/braker/augustus.tmp1.gff
cat /home/wirenia/projects/Discradisca/2024-10-09_BRAKER3/braker/augustus_tmp/6.007.scaffold_6.fa.12000001..14500000.gff >> /home/wirenia/projects/Discradisca/2024-10-09_BRAKER3/braker/augustus.tmp1.gff
cat /home/wirenia/projects/Discradisca/2024-10-09_BRAKER3/braker/augustus_tmp/6.008.scaffold_6.fa.14000001..16500000.gff >> /home/wirenia/projects/Discradisca/2024-10-09_BRAKER3/braker/augustus.tmp1.gff
cat /home/wirenia/projects/Discradisca/2024-10-09_BRAKER3/braker/augustus_tmp/6.009.scaffold_6.fa.16000001..18500000.gff >> /home/wirenia/projects/Discradisca/2024-10-09_BRAKER3/braker/augustus.tmp1.gff
cat /home/wirenia/projects/Discradisca/2024-10-09_BRAKER3/braker/augustus_tmp/6.010.scaffold_6.fa.18000001..20500000.gff >> /home/wirenia/projects/Discradisca/2024-10-09_BRAKER3/braker/augustus.tmp1.gff
cat /home/wirenia/projects/Discradisca/2024-10-09_BRAKER3/braker/augustus_tmp/6.011.scaffold_6.fa.20000001..22500000.gff >> /home/wirenia/projects/Discradisca/2024-10-09_BRAKER3/braker/augustus.tmp1.gff
cat /home/wirenia/projects/Discradisca/2024-10-09_BRAKER3/braker/augustus_tmp/6.012.scaffold_6.fa.22000001..24500000.gff >> /home/wirenia/projects/Discradisca/2024-10-09_BRAKER3/braker/augustus.tmp1.gff
cat /home/wirenia/projects/Discradisca/2024-10-09_BRAKER3/braker/augustus_tmp/6.013.scaffold_6.fa.24000001..26404781.gff >> /home/wirenia/projects/Discradisca/2024-10-09_BRAKER3/braker/augustus.tmp1.gff
cat /home/wirenia/projects/Discradisca/2024-10-09_BRAKER3/braker/augustus_tmp/7.001.scaffold_3.fa.1..2500000.gff >> /home/wirenia/projects/Discradisca/2024-10-09_BRAKER3/braker/augustus.tmp1.gff
cat /home/wirenia/projects/Discradisca/2024-10-09_BRAKER3/braker/augustus_tmp/7.002.scaffold_3.fa.2000001..4500000.gff >> /home/wirenia/projects/Discradisca/2024-10-09_BRAKER3/braker/augustus.tmp1.gff
cat /home/wirenia/projects/Discradisca/2024-10-09_BRAKER3/braker/augustus_tmp/7.003.scaffold_3.fa.4000001..6500000.gff >> /home/wirenia/projects/Discradisca/2024-10-09_BRAKER3/braker/augustus.tmp1.gff
cat /home/wirenia/projects/Discradisca/2024-10-09_BRAKER3/braker/augustus_tmp/7.004.scaffold_3.fa.6000001..8500000.gff >> /home/wirenia/projects/Discradisca/2024-10-09_BRAKER3/braker/augustus.tmp1.gff
cat /home/wirenia/projects/Discradisca/2024-10-09_BRAKER3/braker/augustus_tmp/7.005.scaffold_3.fa.8000001..10500000.gff >> /home/wirenia/projects/Discradisca/2024-10-09_BRAKER3/braker/augustus.tmp1.gff
cat /home/wirenia/projects/Discradisca/2024-10-09_BRAKER3/braker/augustus_tmp/7.006.scaffold_3.fa.10000001..12500000.gff >> /home/wirenia/projects/Discradisca/2024-10-09_BRAKER3/braker/augustus.tmp1.gff
cat /home/wirenia/projects/Discradisca/2024-10-09_BRAKER3/braker/augustus_tmp/7.007.scaffold_3.fa.12000001..14500000.gff >> /home/wirenia/projects/Discradisca/2024-10-09_BRAKER3/braker/augustus.tmp1.gff
cat /home/wirenia/projects/Discradisca/2024-10-09_BRAKER3/braker/augustus_tmp/7.008.scaffold_3.fa.14000001..16500000.gff >> /home/wirenia/projects/Discradisca/2024-10-09_BRAKER3/braker/augustus.tmp1.gff
cat /home/wirenia/projects/Discradisca/2024-10-09_BRAKER3/braker/augustus_tmp/7.009.scaffold_3.fa.16000001..18500000.gff >> /home/wirenia/projects/Discradisca/2024-10-09_BRAKER3/braker/augustus.tmp1.gff
cat /home/wirenia/projects/Discradisca/2024-10-09_BRAKER3/braker/augustus_tmp/7.010.scaffold_3.fa.18000001..20500000.gff >> /home/wirenia/projects/Discradisca/2024-10-09_BRAKER3/braker/augustus.tmp1.gff
cat /home/wirenia/projects/Discradisca/2024-10-09_BRAKER3/braker/augustus_tmp/7.011.scaffold_3.fa.20000001..22500000.gff >> /home/wirenia/projects/Discradisca/2024-10-09_BRAKER3/braker/augustus.tmp1.gff
cat /home/wirenia/projects/Discradisca/2024-10-09_BRAKER3/braker/augustus_tmp/7.012.scaffold_3.fa.22000001..24500000.gff >> /home/wirenia/projects/Discradisca/2024-10-09_BRAKER3/braker/augustus.tmp1.gff
cat /home/wirenia/projects/Discradisca/2024-10-09_BRAKER3/braker/augustus_tmp/7.013.scaffold_3.fa.24000001..26500000.gff >> /home/wirenia/projects/Discradisca/2024-10-09_BRAKER3/braker/augustus.tmp1.gff
cat /home/wirenia/projects/Discradisca/2024-10-09_BRAKER3/braker/augustus_tmp/7.014.scaffold_3.fa.26000001..28500000.gff >> /home/wirenia/projects/Discradisca/2024-10-09_BRAKER3/braker/augustus.tmp1.gff
cat /home/wirenia/projects/Discradisca/2024-10-09_BRAKER3/braker/augustus_tmp/7.015.scaffold_3.fa.28000001..30500000.gff >> /home/wirenia/projects/Discradisca/2024-10-09_BRAKER3/braker/augustus.tmp1.gff
cat /home/wirenia/projects/Discradisca/2024-10-09_BRAKER3/braker/augustus_tmp/7.016.scaffold_3.fa.30000001..32500000.gff >> /home/wirenia/projects/Discradisca/2024-10-09_BRAKER3/braker/augustus.tmp1.gff
cat /home/wirenia/projects/Discradisca/2024-10-09_BRAKER3/braker/augustus_tmp/7.017.scaffold_3.fa.32000001..34500000.gff >> /home/wirenia/projects/Discradisca/2024-10-09_BRAKER3/braker/augustus.tmp1.gff
cat /home/wirenia/projects/Discradisca/2024-10-09_BRAKER3/braker/augustus_tmp/7.018.scaffold_3.fa.34000001..36500000.gff >> /home/wirenia/projects/Discradisca/2024-10-09_BRAKER3/braker/augustus.tmp1.gff
cat /home/wirenia/projects/Discradisca/2024-10-09_BRAKER3/braker/augustus_tmp/7.019.scaffold_3.fa.36000001..36932098.gff >> /home/wirenia/projects/Discradisca/2024-10-09_BRAKER3/braker/augustus.tmp1.gff
cat /home/wirenia/projects/Discradisca/2024-10-09_BRAKER3/braker/augustus_tmp/8.001.scaffold_7.fa.1..2500000.gff >> /home/wirenia/projects/Discradisca/2024-10-09_BRAKER3/braker/augustus.tmp1.gff
cat /home/wirenia/projects/Discradisca/2024-10-09_BRAKER3/braker/augustus_tmp/8.002.scaffold_7.fa.2000001..4500000.gff >> /home/wirenia/projects/Discradisca/2024-10-09_BRAKER3/braker/augustus.tmp1.gff
cat /home/wirenia/projects/Discradisca/2024-10-09_BRAKER3/braker/augustus_tmp/8.003.scaffold_7.fa.4000001..6500000.gff >> /home/wirenia/projects/Discradisca/2024-10-09_BRAKER3/braker/augustus.tmp1.gff
cat /home/wirenia/projects/Discradisca/2024-10-09_BRAKER3/braker/augustus_tmp/8.004.scaffold_7.fa.6000001..8500000.gff >> /home/wirenia/projects/Discradisca/2024-10-09_BRAKER3/braker/augustus.tmp1.gff
cat /home/wirenia/projects/Discradisca/2024-10-09_BRAKER3/braker/augustus_tmp/8.005.scaffold_7.fa.8000001..10500000.gff >> /home/wirenia/projects/Discradisca/2024-10-09_BRAKER3/braker/augustus.tmp1.gff
cat /home/wirenia/projects/Discradisca/2024-10-09_BRAKER3/braker/augustus_tmp/8.006.scaffold_7.fa.10000001..12500000.gff >> /home/wirenia/projects/Discradisca/2024-10-09_BRAKER3/braker/augustus.tmp1.gff
cat /home/wirenia/projects/Discradisca/2024-10-09_BRAKER3/braker/augustus_tmp/8.007.scaffold_7.fa.12000001..14500000.gff >> /home/wirenia/projects/Discradisca/2024-10-09_BRAKER3/braker/augustus.tmp1.gff
cat /home/wirenia/projects/Discradisca/2024-10-09_BRAKER3/braker/augustus_tmp/8.008.scaffold_7.fa.14000001..16500000.gff >> /home/wirenia/projects/Discradisca/2024-10-09_BRAKER3/braker/augustus.tmp1.gff
cat /home/wirenia/projects/Discradisca/2024-10-09_BRAKER3/braker/augustus_tmp/8.009.scaffold_7.fa.16000001..18500000.gff >> /home/wirenia/projects/Discradisca/2024-10-09_BRAKER3/braker/augustus.tmp1.gff
cat /home/wirenia/projects/Discradisca/2024-10-09_BRAKER3/braker/augustus_tmp/8.010.scaffold_7.fa.18000001..20500000.gff >> /home/wirenia/projects/Discradisca/2024-10-09_BRAKER3/braker/augustus.tmp1.gff
cat /home/wirenia/projects/Discradisca/2024-10-09_BRAKER3/braker/augustus_tmp/8.011.scaffold_7.fa.20000001..22500000.gff >> /home/wirenia/projects/Discradisca/2024-10-09_BRAKER3/braker/augustus.tmp1.gff
cat /home/wirenia/projects/Discradisca/2024-10-09_BRAKER3/braker/augustus_tmp/8.012.scaffold_7.fa.22000001..24500000.gff >> /home/wirenia/projects/Discradisca/2024-10-09_BRAKER3/braker/augustus.tmp1.gff
cat /home/wirenia/projects/Discradisca/2024-10-09_BRAKER3/braker/augustus_tmp/8.013.scaffold_7.fa.24000001..26378192.gff >> /home/wirenia/projects/Discradisca/2024-10-09_BRAKER3/braker/augustus.tmp1.gff
cat /home/wirenia/projects/Discradisca/2024-10-09_BRAKER3/braker/augustus_tmp/9.001.scaffold_4.fa.1..2500000.gff >> /home/wirenia/projects/Discradisca/2024-10-09_BRAKER3/braker/augustus.tmp1.gff
cat /home/wirenia/projects/Discradisca/2024-10-09_BRAKER3/braker/augustus_tmp/9.002.scaffold_4.fa.2000001..4500000.gff >> /home/wirenia/projects/Discradisca/2024-10-09_BRAKER3/braker/augustus.tmp1.gff
cat /home/wirenia/projects/Discradisca/2024-10-09_BRAKER3/braker/augustus_tmp/9.003.scaffold_4.fa.4000001..6500000.gff >> /home/wirenia/projects/Discradisca/2024-10-09_BRAKER3/braker/augustus.tmp1.gff
cat /home/wirenia/projects/Discradisca/2024-10-09_BRAKER3/braker/augustus_tmp/9.004.scaffold_4.fa.6000001..8500000.gff >> /home/wirenia/projects/Discradisca/2024-10-09_BRAKER3/braker/augustus.tmp1.gff
cat /home/wirenia/projects/Discradisca/2024-10-09_BRAKER3/braker/augustus_tmp/9.005.scaffold_4.fa.8000001..10500000.gff >> /home/wirenia/projects/Discradisca/2024-10-09_BRAKER3/braker/augustus.tmp1.gff
cat /home/wirenia/projects/Discradisca/2024-10-09_BRAKER3/braker/augustus_tmp/9.006.scaffold_4.fa.10000001..12500000.gff >> /home/wirenia/projects/Discradisca/2024-10-09_BRAKER3/braker/augustus.tmp1.gff
cat /home/wirenia/projects/Discradisca/2024-10-09_BRAKER3/braker/augustus_tmp/9.007.scaffold_4.fa.12000001..14500000.gff >> /home/wirenia/projects/Discradisca/2024-10-09_BRAKER3/braker/augustus.tmp1.gff
cat /home/wirenia/projects/Discradisca/2024-10-09_BRAKER3/braker/augustus_tmp/9.008.scaffold_4.fa.14000001..16500000.gff >> /home/wirenia/projects/Discradisca/2024-10-09_BRAKER3/braker/augustus.tmp1.gff
cat /home/wirenia/projects/Discradisca/2024-10-09_BRAKER3/braker/augustus_tmp/9.009.scaffold_4.fa.16000001..18500000.gff >> /home/wirenia/projects/Discradisca/2024-10-09_BRAKER3/braker/augustus.tmp1.gff
cat /home/wirenia/projects/Discradisca/2024-10-09_BRAKER3/braker/augustus_tmp/9.010.scaffold_4.fa.18000001..20500000.gff >> /home/wirenia/projects/Discradisca/2024-10-09_BRAKER3/braker/augustus.tmp1.gff
cat /home/wirenia/projects/Discradisca/2024-10-09_BRAKER3/braker/augustus_tmp/9.011.scaffold_4.fa.20000001..22500000.gff >> /home/wirenia/projects/Discradisca/2024-10-09_BRAKER3/braker/augustus.tmp1.gff
cat /home/wirenia/projects/Discradisca/2024-10-09_BRAKER3/braker/augustus_tmp/9.012.scaffold_4.fa.22000001..24500000.gff >> /home/wirenia/projects/Discradisca/2024-10-09_BRAKER3/braker/augustus.tmp1.gff
cat /home/wirenia/projects/Discradisca/2024-10-09_BRAKER3/braker/augustus_tmp/9.013.scaffold_4.fa.24000001..26500000.gff >> /home/wirenia/projects/Discradisca/2024-10-09_BRAKER3/braker/augustus.tmp1.gff
cat /home/wirenia/projects/Discradisca/2024-10-09_BRAKER3/braker/augustus_tmp/9.014.scaffold_4.fa.26000001..28500000.gff >> /home/wirenia/projects/Discradisca/2024-10-09_BRAKER3/braker/augustus.tmp1.gff
cat /home/wirenia/projects/Discradisca/2024-10-09_BRAKER3/braker/augustus_tmp/9.015.scaffold_4.fa.28000001..30500000.gff >> /home/wirenia/projects/Discradisca/2024-10-09_BRAKER3/braker/augustus.tmp1.gff
cat /home/wirenia/projects/Discradisca/2024-10-09_BRAKER3/braker/augustus_tmp/9.016.scaffold_4.fa.30000001..32500000.gff >> /home/wirenia/projects/Discradisca/2024-10-09_BRAKER3/braker/augustus.tmp1.gff
cat /home/wirenia/projects/Discradisca/2024-10-09_BRAKER3/braker/augustus_tmp/9.017.scaffold_4.fa.32000001..33940083.gff >> /home/wirenia/projects/Discradisca/2024-10-09_BRAKER3/braker/augustus.tmp1.gff
/usr/bin/perl /home/wirenia/bin/Augustus-3.5.0/scripts/join_aug_pred.pl < /home/wirenia/projects/Discradisca/2024-10-09_BRAKER3/braker/augustus.tmp1.gff > /home/wirenia/projects/Discradisca/2024-10-09_BRAKER3/braker/augustus.hints.gff
# Tue Oct 15 00:42:53 2024: Deleting /home/wirenia/projects/Discradisca/2024-10-09_BRAKER3/braker/augustus_tmp
# Tue Oct 15 00:42:53 2024: Deleting /home/wirenia/projects/Discradisca/2024-10-09_BRAKER3/braker/augustus.tmp1.gff
# Tue Oct 15 00:42:53 2024: deleting files from AUGUSTUS parallelization
rm /home/wirenia/projects/Discradisca/2024-10-09_BRAKER3/braker/aug_hints_87
rm /home/wirenia/projects/Discradisca/2024-10-09_BRAKER3/braker/aug_hints_97
rm /home/wirenia/projects/Discradisca/2024-10-09_BRAKER3/braker/aug_hints_106
rm /home/wirenia/projects/Discradisca/2024-10-09_BRAKER3/braker/aug_hints_46
rm /home/wirenia/projects/Discradisca/2024-10-09_BRAKER3/braker/aug_hints_34
rm /home/wirenia/projects/Discradisca/2024-10-09_BRAKER3/braker/aug_hints_43
rm /home/wirenia/projects/Discradisca/2024-10-09_BRAKER3/braker/aug_hints_58
rm /home/wirenia/projects/Discradisca/2024-10-09_BRAKER3/braker/aug_hints_135
rm /home/wirenia/projects/Discradisca/2024-10-09_BRAKER3/braker/aug_hints_24
rm /home/wirenia/projects/Discradisca/2024-10-09_BRAKER3/braker/aug_hints_25
rm /home/wirenia/projects/Discradisca/2024-10-09_BRAKER3/braker/aug_hints_31
rm /home/wirenia/projects/Discradisca/2024-10-09_BRAKER3/braker/aug_hints_12
rm /home/wirenia/projects/Discradisca/2024-10-09_BRAKER3/braker/aug_hints_16
rm /home/wirenia/projects/Discradisca/2024-10-09_BRAKER3/braker/aug_hints_132
rm /home/wirenia/projects/Discradisca/2024-10-09_BRAKER3/braker/aug_hints_100
rm /home/wirenia/projects/Discradisca/2024-10-09_BRAKER3/braker/aug_hints_44
rm /home/wirenia/projects/Discradisca/2024-10-09_BRAKER3/braker/aug_hints_42
rm /home/wirenia/projects/Discradisca/2024-10-09_BRAKER3/braker/aug_hints_64
rm /home/wirenia/projects/Discradisca/2024-10-09_BRAKER3/braker/aug_hints_35
rm /home/wirenia/projects/Discradisca/2024-10-09_BRAKER3/braker/aug_hints_107
rm /home/wirenia/projects/Discradisca/2024-10-09_BRAKER3/braker/aug_hints_27
rm /home/wirenia/projects/Discradisca/2024-10-09_BRAKER3/braker/aug_hints_79
rm /home/wirenia/projects/Discradisca/2024-10-09_BRAKER3/braker/aug_hints_122
rm /home/wirenia/projects/Discradisca/2024-10-09_BRAKER3/braker/aug_hints_39
rm /home/wirenia/projects/Discradisca/2024-10-09_BRAKER3/braker/aug_hints_84
rm /home/wirenia/projects/Discradisca/2024-10-09_BRAKER3/braker/aug_hints_108
rm /home/wirenia/projects/Discradisca/2024-10-09_BRAKER3/braker/aug_hints_30
rm /home/wirenia/projects/Discradisca/2024-10-09_BRAKER3/braker/aug_hints_11
rm /home/wirenia/projects/Discradisca/2024-10-09_BRAKER3/braker/aug_hints_40
rm /home/wirenia/projects/Discradisca/2024-10-09_BRAKER3/braker/aug_hints_112
rm /home/wirenia/projects/Discradisca/2024-10-09_BRAKER3/braker/aug_hints_57
rm /home/wirenia/projects/Discradisca/2024-10-09_BRAKER3/braker/aug_hints_130
rm /home/wirenia/projects/Discradisca/2024-10-09_BRAKER3/braker/aug_hints_75
rm /home/wirenia/projects/Discradisca/2024-10-09_BRAKER3/braker/aug_hints_83
rm /home/wirenia/projects/Discradisca/2024-10-09_BRAKER3/braker/aug_hints_147
rm /home/wirenia/projects/Discradisca/2024-10-09_BRAKER3/braker/aug_hints_23
rm /home/wirenia/projects/Discradisca/2024-10-09_BRAKER3/braker/aug_hints_41
rm /home/wirenia/projects/Discradisca/2024-10-09_BRAKER3/braker/aug_hints_110
rm /home/wirenia/projects/Discradisca/2024-10-09_BRAKER3/braker/aug_hints_37
rm /home/wirenia/projects/Discradisca/2024-10-09_BRAKER3/braker/aug_hints_102
rm /home/wirenia/projects/Discradisca/2024-10-09_BRAKER3/braker/aug_hints_74
rm /home/wirenia/projects/Discradisca/2024-10-09_BRAKER3/braker/aug_hints_151
rm /home/wirenia/projects/Discradisca/2024-10-09_BRAKER3/braker/aug_hints_15
rm /home/wirenia/projects/Discradisca/2024-10-09_BRAKER3/braker/aug_hints_69
rm /home/wirenia/projects/Discradisca/2024-10-09_BRAKER3/braker/aug_hints_63
rm /home/wirenia/projects/Discradisca/2024-10-09_BRAKER3/braker/aug_hints_51
rm /home/wirenia/projects/Discradisca/2024-10-09_BRAKER3/braker/aug_hints_53
rm /home/wirenia/projects/Discradisca/2024-10-09_BRAKER3/braker/aug_hints_101
rm /home/wirenia/projects/Discradisca/2024-10-09_BRAKER3/braker/aug_hints_105
rm /home/wirenia/projects/Discradisca/2024-10-09_BRAKER3/braker/aug_hints_119
rm /home/wirenia/projects/Discradisca/2024-10-09_BRAKER3/braker/aug_hints_20
rm /home/wirenia/projects/Discradisca/2024-10-09_BRAKER3/braker/aug_hints_82
rm /home/wirenia/projects/Discradisca/2024-10-09_BRAKER3/braker/aug_hints_9
rm /home/wirenia/projects/Discradisca/2024-10-09_BRAKER3/braker/aug_hints_86
rm /home/wirenia/projects/Discradisca/2024-10-09_BRAKER3/braker/aug_hints_13
rm /home/wirenia/projects/Discradisca/2024-10-09_BRAKER3/braker/aug_hints_93
rm /home/wirenia/projects/Discradisca/2024-10-09_BRAKER3/braker/aug_hints_1
rm /home/wirenia/projects/Discradisca/2024-10-09_BRAKER3/braker/aug_hints_56
rm /home/wirenia/projects/Discradisca/2024-10-09_BRAKER3/braker/aug_hints_60
rm /home/wirenia/projects/Discradisca/2024-10-09_BRAKER3/braker/aug_hints_88
rm /home/wirenia/projects/Discradisca/2024-10-09_BRAKER3/braker/aug_hints_76
rm /home/wirenia/projects/Discradisca/2024-10-09_BRAKER3/braker/aug_hints_116
rm /home/wirenia/projects/Discradisca/2024-10-09_BRAKER3/braker/aug_hints_55
rm /home/wirenia/projects/Discradisca/2024-10-09_BRAKER3/braker/aug_hints_115
rm /home/wirenia/projects/Discradisca/2024-10-09_BRAKER3/braker/aug_hints_136
rm /home/wirenia/projects/Discradisca/2024-10-09_BRAKER3/braker/aug_hints_29
rm /home/wirenia/projects/Discradisca/2024-10-09_BRAKER3/braker/aug_hints_21
rm /home/wirenia/projects/Discradisca/2024-10-09_BRAKER3/braker/aug_hints_70
rm /home/wirenia/projects/Discradisca/2024-10-09_BRAKER3/braker/aug_hints_49
rm /home/wirenia/projects/Discradisca/2024-10-09_BRAKER3/braker/aug_hints_125
rm /home/wirenia/projects/Discradisca/2024-10-09_BRAKER3/braker/aug_hints_120
rm /home/wirenia/projects/Discradisca/2024-10-09_BRAKER3/braker/aug_hints_6
rm /home/wirenia/projects/Discradisca/2024-10-09_BRAKER3/braker/aug_hints_36
rm /home/wirenia/projects/Discradisca/2024-10-09_BRAKER3/braker/aug_hints_90
rm /home/wirenia/projects/Discradisca/2024-10-09_BRAKER3/braker/aug_hints_117
rm /home/wirenia/projects/Discradisca/2024-10-09_BRAKER3/braker/aug_hints_38
rm /home/wirenia/projects/Discradisca/2024-10-09_BRAKER3/braker/aug_hints_4
rm /home/wirenia/projects/Discradisca/2024-10-09_BRAKER3/braker/aug_hints_68
rm /home/wirenia/projects/Discradisca/2024-10-09_BRAKER3/braker/aug_hints_22
rm /home/wirenia/projects/Discradisca/2024-10-09_BRAKER3/braker/aug_hints_72
rm /home/wirenia/projects/Discradisca/2024-10-09_BRAKER3/braker/aug_hints_109
rm /home/wirenia/projects/Discradisca/2024-10-09_BRAKER3/braker/aug_hints_62
rm /home/wirenia/projects/Discradisca/2024-10-09_BRAKER3/braker/aug_hints_10
rm /home/wirenia/projects/Discradisca/2024-10-09_BRAKER3/braker/aug_hints_91
rm /home/wirenia/projects/Discradisca/2024-10-09_BRAKER3/braker/aug_hints_141
rm /home/wirenia/projects/Discradisca/2024-10-09_BRAKER3/braker/aug_hints_3
rm /home/wirenia/projects/Discradisca/2024-10-09_BRAKER3/braker/aug_hints_32
rm /home/wirenia/projects/Discradisca/2024-10-09_BRAKER3/braker/aug_hints_118
rm /home/wirenia/projects/Discradisca/2024-10-09_BRAKER3/braker/aug_hints_5
rm /home/wirenia/projects/Discradisca/2024-10-09_BRAKER3/braker/aug_hints_143
rm /home/wirenia/projects/Discradisca/2024-10-09_BRAKER3/braker/aug_hints_121
rm /home/wirenia/projects/Discradisca/2024-10-09_BRAKER3/braker/aug_hints_2
rm /home/wirenia/projects/Discradisca/2024-10-09_BRAKER3/braker/aug_hints_50
rm /home/wirenia/projects/Discradisca/2024-10-09_BRAKER3/braker/aug_hints_54
rm /home/wirenia/projects/Discradisca/2024-10-09_BRAKER3/braker/aug_hints_94
rm /home/wirenia/projects/Discradisca/2024-10-09_BRAKER3/braker/aug_hints_47
rm /home/wirenia/projects/Discradisca/2024-10-09_BRAKER3/braker/aug_hints_138
rm /home/wirenia/projects/Discradisca/2024-10-09_BRAKER3/braker/aug_hints_65
rm /home/wirenia/projects/Discradisca/2024-10-09_BRAKER3/braker/aug_hints_113
rm /home/wirenia/projects/Discradisca/2024-10-09_BRAKER3/braker/aug_hints_66
rm /home/wirenia/projects/Discradisca/2024-10-09_BRAKER3/braker/aug_hints_33
rm /home/wirenia/projects/Discradisca/2024-10-09_BRAKER3/braker/aug_hints_96
rm /home/wirenia/projects/Discradisca/2024-10-09_BRAKER3/braker/aug_hints_126
rm /home/wirenia/projects/Discradisca/2024-10-09_BRAKER3/braker/aug_hints_140
rm /home/wirenia/projects/Discradisca/2024-10-09_BRAKER3/braker/aug_hints_7
rm /home/wirenia/projects/Discradisca/2024-10-09_BRAKER3/braker/aug_hints_26
rm /home/wirenia/projects/Discradisca/2024-10-09_BRAKER3/braker/aug_hints_148
rm /home/wirenia/projects/Discradisca/2024-10-09_BRAKER3/braker/aug_hints_123
rm /home/wirenia/projects/Discradisca/2024-10-09_BRAKER3/braker/aug_hints_73
rm /home/wirenia/projects/Discradisca/2024-10-09_BRAKER3/braker/aug_hints_52
rm /home/wirenia/projects/Discradisca/2024-10-09_BRAKER3/braker/aug_hints_80
rm /home/wirenia/projects/Discradisca/2024-10-09_BRAKER3/braker/aug_hints_98
rm /home/wirenia/projects/Discradisca/2024-10-09_BRAKER3/braker/aug_hints_144
rm /home/wirenia/projects/Discradisca/2024-10-09_BRAKER3/braker/aug_hints_129
rm /home/wirenia/projects/Discradisca/2024-10-09_BRAKER3/braker/aug_hints_17
rm /home/wirenia/projects/Discradisca/2024-10-09_BRAKER3/braker/aug_hints_114
rm /home/wirenia/projects/Discradisca/2024-10-09_BRAKER3/braker/aug_hints_95
rm /home/wirenia/projects/Discradisca/2024-10-09_BRAKER3/braker/aug_hints_145
rm /home/wirenia/projects/Discradisca/2024-10-09_BRAKER3/braker/aug_hints_14
rm /home/wirenia/projects/Discradisca/2024-10-09_BRAKER3/braker/aug_hints_127
rm /home/wirenia/projects/Discradisca/2024-10-09_BRAKER3/braker/aug_hints_18
rm /home/wirenia/projects/Discradisca/2024-10-09_BRAKER3/braker/aug_hints_131
rm /home/wirenia/projects/Discradisca/2024-10-09_BRAKER3/braker/aug_hints_89
rm /home/wirenia/projects/Discradisca/2024-10-09_BRAKER3/braker/aug_hints_19
rm /home/wirenia/projects/Discradisca/2024-10-09_BRAKER3/braker/aug_hints_71
rm /home/wirenia/projects/Discradisca/2024-10-09_BRAKER3/braker/aug_hints_128
rm /home/wirenia/projects/Discradisca/2024-10-09_BRAKER3/braker/aug_hints_137
rm /home/wirenia/projects/Discradisca/2024-10-09_BRAKER3/braker/aug_hints_111
rm /home/wirenia/projects/Discradisca/2024-10-09_BRAKER3/braker/aug_hints_61
rm /home/wirenia/projects/Discradisca/2024-10-09_BRAKER3/braker/aug_hints_28
rm /home/wirenia/projects/Discradisca/2024-10-09_BRAKER3/braker/aug_hints_104
rm /home/wirenia/projects/Discradisca/2024-10-09_BRAKER3/braker/aug_hints_139
rm /home/wirenia/projects/Discradisca/2024-10-09_BRAKER3/braker/aug_hints_149
rm /home/wirenia/projects/Discradisca/2024-10-09_BRAKER3/braker/aug_hints_45
rm /home/wirenia/projects/Discradisca/2024-10-09_BRAKER3/braker/aug_hints_142
rm /home/wirenia/projects/Discradisca/2024-10-09_BRAKER3/braker/aug_hints_81
rm /home/wirenia/projects/Discradisca/2024-10-09_BRAKER3/braker/aug_hints_134
rm /home/wirenia/projects/Discradisca/2024-10-09_BRAKER3/braker/aug_hints_103
rm /home/wirenia/projects/Discradisca/2024-10-09_BRAKER3/braker/aug_hints_146
rm /home/wirenia/projects/Discradisca/2024-10-09_BRAKER3/braker/aug_hints_77
rm /home/wirenia/projects/Discradisca/2024-10-09_BRAKER3/braker/aug_hints_59
rm /home/wirenia/projects/Discradisca/2024-10-09_BRAKER3/braker/aug_hints_150
rm /home/wirenia/projects/Discradisca/2024-10-09_BRAKER3/braker/aug_hints_92
rm /home/wirenia/projects/Discradisca/2024-10-09_BRAKER3/braker/aug_hints_85
rm /home/wirenia/projects/Discradisca/2024-10-09_BRAKER3/braker/aug_hints_124
rm /home/wirenia/projects/Discradisca/2024-10-09_BRAKER3/braker/aug_hints_78
rm /home/wirenia/projects/Discradisca/2024-10-09_BRAKER3/braker/aug_hints_48
rm /home/wirenia/projects/Discradisca/2024-10-09_BRAKER3/braker/aug_hints_99
rm /home/wirenia/projects/Discradisca/2024-10-09_BRAKER3/braker/aug_hints_133
rm /home/wirenia/projects/Discradisca/2024-10-09_BRAKER3/braker/aug_hints_67
rm /home/wirenia/projects/Discradisca/2024-10-09_BRAKER3/braker/aug_hints_8
# Tue Oct 15 00:42:53 2024: Making a gtf file from /home/wirenia/projects/Discradisca/2024-10-09_BRAKER3/braker/augustus.hints.gff
cat /home/wirenia/projects/Discradisca/2024-10-09_BRAKER3/braker/augustus.hints.gff | /usr/bin/perl -ne 'if(m/\tAUGUSTUS\t/) {print $_;}' | /usr/bin/perl /home/wirenia/bin/Augustus-3.5.0/scripts/gtf2gff.pl --printExon --out=/home/wirenia/projects/Discradisca/2024-10-09_BRAKER3/braker/augustus.hints.tmp.gtf 2>/home/wirenia/projects/Discradisca/2024-10-09_BRAKER3/braker/errors/gtf2gff.augustus.hints.gtf.stderr
# Tue Oct 15 00:43:01 2024: Making a fasta file with protein sequences of /home/wirenia/projects/Discradisca/2024-10-09_BRAKER3/braker/augustus.hints.gtf
/usr/bin/python3 /home/wirenia/bin/Augustus-3.5.0/scripts/getAnnoFastaFromJoingenes.py -g /home/wirenia/projects/Discradisca/2024-10-09_BRAKER3/braker/genome.fa -f /home/wirenia/projects/Discradisca/2024-10-09_BRAKER3/braker/augustus.hints.gtf -o /home/wirenia/projects/Discradisca/2024-10-09_BRAKER3/braker/augustus.hints 1> /home/wirenia/projects/Discradisca/2024-10-09_BRAKER3/braker/getAnnoFastaFromJoingenes.augustus.hints_tmp.stdout 2>/home/wirenia/projects/Discradisca/2024-10-09_BRAKER3/braker/errors/getAnnoFastaFromJoingenes.augustus.hints_tmp.stderr
# Tue Oct 15 00:43:19 2024: fixing AUGUSTUS genes with in frame stop codons...
/usr/bin/python3 /home/wirenia/bin/Augustus-3.5.0/scripts/fix_in_frame_stop_codon_genes.py -g /home/wirenia/projects/Discradisca/2024-10-09_BRAKER3/braker/genome.fa -t /home/wirenia/projects/Discradisca/2024-10-09_BRAKER3/braker/augustus.hints.gtf -b /home/wirenia/projects/Discradisca/2024-10-09_BRAKER3/braker/bad_genes.lst -o augustus.hints_fix_ifs_ -s 2024-10-14_11.30_Discradisca_antillarum_collapsed_phased.fa -m off --UTR off --print_utr off -a /home/wirenia/bin/Augustus-3.5.0/config -C /usr/bin -A /home/wirenia/bin/Augustus-3.5.0/bin -S /home/wirenia/bin/Augustus-3.5.0/scripts -H /home/wirenia/projects/Discradisca/2024-10-09_BRAKER3/braker/hintsfile.gff -e /home/wirenia/bin/BRAKER-3.0.8/scripts/cfg/etp.cfg  > /home/wirenia/projects/Discradisca/2024-10-09_BRAKER3/braker/fix_in_frame_stop_codon_genes_augustus.hints.log 2> /home/wirenia/projects/Discradisca/2024-10-09_BRAKER3/braker/errors/fix_in_frame_stop_codon_genes_augustus.hints.err
# Tue Oct 15 00:45:30 2024: Moving gene prediction file without in frame stop codons to location of original file (overwriting it)...
mv /home/wirenia/projects/Discradisca/2024-10-09_BRAKER3/braker/augustus.hints_fix_ifs_.gtf /home/wirenia/projects/Discradisca/2024-10-09_BRAKER3/braker/augustus.hints.gtf
# Tue Oct 15 00:45:31 2024: Deleting file with genes with in frame stop codons...
rm /home/wirenia/projects/Discradisca/2024-10-09_BRAKER3/braker/bad_genes.lst
# Tue Oct 15 00:45:31 2024: Making a fasta file with protein sequences of /home/wirenia/projects/Discradisca/2024-10-09_BRAKER3/braker/augustus.hints.gtf
/usr/bin/python3 /home/wirenia/bin/Augustus-3.5.0/scripts/getAnnoFastaFromJoingenes.py -g /home/wirenia/projects/Discradisca/2024-10-09_BRAKER3/braker/genome.fa -f /home/wirenia/projects/Discradisca/2024-10-09_BRAKER3/braker/augustus.hints.gtf -o /home/wirenia/projects/Discradisca/2024-10-09_BRAKER3/braker/augustus.hints 1> /home/wirenia/projects/Discradisca/2024-10-09_BRAKER3/braker/getAnnoFastaFromJoingenes.augustus.hints_hints.stdout 2>/home/wirenia/projects/Discradisca/2024-10-09_BRAKER3/braker/errors/getAnnoFastaFromJoingenes.augustus.hints_hints.stderr
# Tue Oct 15 00:45:48 2024: AUGUSTUS prediction complete
# Tue Oct 15 00:45:48 2024: Trying to create merged gene set from GeneMark-EX and AUGUSTUS predictions (braker.gtf/braker.utr.gtf)...
# Tue Oct 15 00:45:48 2024: Trying to create combined gene set with TSEBRA...
/home/wirenia/bin/TSEBRA-1.1.2.3/bin/tsebra.py --gtf /home/wirenia/projects/Discradisca/2024-10-09_BRAKER3/braker/augustus.hints.gtf,/home/wirenia/projects/Discradisca/2024-10-09_BRAKER3/braker/GeneMark-ETP/genemark.gtf --keep_gtf /home/wirenia/projects/Discradisca/2024-10-09_BRAKER3/braker/GeneMark-ETP/training.gtf --hintfiles /home/wirenia/projects/Discradisca/2024-10-09_BRAKER3/braker/hintsfile.gff --cfg /home/wirenia/bin/TSEBRA-1.1.2.3/bin/../config/braker3.cfg --out /home/wirenia/projects/Discradisca/2024-10-09_BRAKER3/braker/braker.gtf -q 2>/home/wirenia/projects/Discradisca/2024-10-09_BRAKER3/braker/errors/tsebra.stderr
mv /home/wirenia/projects/Discradisca/2024-10-09_BRAKER3/braker/braker.gtf /home/wirenia/projects/Discradisca/2024-10-09_BRAKER3/braker/braker.gtf_temp
# Tue Oct 15 00:46:29 2024: Making a fasta file with protein sequences of /home/wirenia/projects/Discradisca/2024-10-09_BRAKER3/braker/braker.gtf
/usr/bin/python3 /home/wirenia/bin/Augustus-3.5.0/scripts/getAnnoFastaFromJoingenes.py -g /home/wirenia/projects/Discradisca/2024-10-09_BRAKER3/braker/genome.fa -f /home/wirenia/projects/Discradisca/2024-10-09_BRAKER3/braker/braker.gtf -o /home/wirenia/projects/Discradisca/2024-10-09_BRAKER3/braker/braker 1> /home/wirenia/projects/Discradisca/2024-10-09_BRAKER3/braker/getAnnoFastaFromJoingenes.braker_.stdout 2>/home/wirenia/projects/Discradisca/2024-10-09_BRAKER3/braker/errors/getAnnoFastaFromJoingenes.braker_.stderr
# Tue Oct 15 00:46:42 2024: converting essential output files to gff3 format.
# Tue Oct 15 00:46:42 2024: converting gtf file /home/wirenia/projects/Discradisca/2024-10-09_BRAKER3/braker/augustus.hints.gtf to gff3 format , outputfile /home/wirenia/projects/Discradisca/2024-10-09_BRAKER3/braker/augustus.hints.gff3.
cat /home/wirenia/projects/Discradisca/2024-10-09_BRAKER3/braker/augustus.hints.gtf | /usr/bin/perl -ne 'if(m/\tAUGUSTUS\t/ or m/\tAnnotationFinalizer\t/ or m/\tGUSHR\t/ or m/\tGeneMark.hmm\t/ or m/\tGeneMark.hmm3\t/ or m/\tgmst\t/) {print $_;}' | /usr/bin/perl /home/wirenia/bin/Augustus-3.5.0/scripts/gtf2gff.pl --gff3 --out=/home/wirenia/projects/Discradisca/2024-10-09_BRAKER3/braker/augustus.hints.gff3 >> /home/wirenia/projects/Discradisca/2024-10-09_BRAKER3/braker/gtf2gff3.log 2>> /home/wirenia/projects/Discradisca/2024-10-09_BRAKER3/braker/errors/gtf2gff3.err
# Tue Oct 15 00:46:48 2024: converting gtf file /home/wirenia/projects/Discradisca/2024-10-09_BRAKER3/braker/braker.gtf to gff3 format , outputfile /home/wirenia/projects/Discradisca/2024-10-09_BRAKER3/braker/braker.gff3.
cat /home/wirenia/projects/Discradisca/2024-10-09_BRAKER3/braker/braker.gtf | /usr/bin/perl -ne 'if(m/\tAUGUSTUS\t/ or m/\tAnnotationFinalizer\t/ or m/\tGUSHR\t/ or m/\tGeneMark.hmm\t/ or m/\tGeneMark.hmm3\t/ or m/\tgmst\t/) {print $_;}' | /usr/bin/perl /home/wirenia/bin/Augustus-3.5.0/scripts/gtf2gff.pl --gff3 --out=/home/wirenia/projects/Discradisca/2024-10-09_BRAKER3/braker/braker.gff3 >> /home/wirenia/projects/Discradisca/2024-10-09_BRAKER3/braker/gtf2gff3.log 2>> /home/wirenia/projects/Discradisca/2024-10-09_BRAKER3/braker/errors/gtf2gff3.err
#**********************************************************************************
#                               GENERATING TRACK DATA HUB                          
#**********************************************************************************
# Tue Oct 15 00:46:53 2024: generating track data hub for UCSC  Genome Browser
/usr/bin/python3 /home/wirenia/bin/MakeHub/make_hub.py -g /home/wirenia/projects/Discradisca/2024-10-09_BRAKER3/braker/genome.fa -e kmkocot@ua.edu -l hub_2024-10-14_11.30_Discradisca_antillarum_collapsed_phased.fa -L 2024-10-14_11.30_Discradisca_antillarum_collapsed_phased.fa -X /home/wirenia/projects/Discradisca/2024-10-09_BRAKER3/braker -P -c 35 > /home/wirenia/projects/Discradisca/2024-10-09_BRAKER3/braker/makehub.log 2> /home/wirenia/projects/Discradisca/2024-10-09_BRAKER3/braker/errors/makehub.err
BAM tracks are not automatically generated for saving run time; if you want to add BAM track(s), run:
/usr/bin/python3 /home/wirenia/bin/MakeHub -l hub_202 -e kmkocot@ua.edu -A  -B /home/wirenia/projects/Discradisca/2024-10-09_BRAKER3/RNAseq.bam -c 35
# Tue Oct 15 00:50:34 2024: deleting empty files
# Tue Oct 15 00:50:34 2024: find /home/wirenia/projects/Discradisca/2024-10-09_BRAKER3/braker -empty
rm /home/wirenia/projects/Discradisca/2024-10-09_BRAKER3/braker/gtf2gff3.log
rm /home/wirenia/projects/Discradisca/2024-10-09_BRAKER3/braker/errors/get_etp_hints.stderr
rm /home/wirenia/projects/Discradisca/2024-10-09_BRAKER3/braker/errors/firstetraining.stderr
rm /home/wirenia/projects/Discradisca/2024-10-09_BRAKER3/braker/errors/samtools.sort.RNAseq.stdout
rm /home/wirenia/projects/Discradisca/2024-10-09_BRAKER3/braker/errors/createAugustusJoblist_hints.stderr
rm /home/wirenia/projects/Discradisca/2024-10-09_BRAKER3/braker/errors/traingenes.gtf_gff2gbSmallDNA.stderr
rm /home/wirenia/projects/Discradisca/2024-10-09_BRAKER3/braker/errors/join_mult_hints.all.stderr
rm /home/wirenia/projects/Discradisca/2024-10-09_BRAKER3/braker/errors/new_species.stderr
rm /home/wirenia/projects/Discradisca/2024-10-09_BRAKER3/braker/errors/gc_content.stderr
rm /home/wirenia/projects/Discradisca/2024-10-09_BRAKER3/braker/errors/makehub.err
rm /home/wirenia/projects/Discradisca/2024-10-09_BRAKER3/braker/errors/filterGenesIn.stderr
rm /home/wirenia/projects/Discradisca/2024-10-09_BRAKER3/braker/errors/etrainFilterGenes.stderr
rm /home/wirenia/projects/Discradisca/2024-10-09_BRAKER3/braker/errors/find_python3_biopython.err
rm /home/wirenia/projects/Discradisca/2024-10-09_BRAKER3/braker/errors/tsebra.stderr
rm /home/wirenia/projects/Discradisca/2024-10-09_BRAKER3/braker/errors/fix_in_frame_stop_codon_genes_augustus.hints.err
rm /home/wirenia/projects/Discradisca/2024-10-09_BRAKER3/braker/errors/randomSplit.stderr
rm /home/wirenia/projects/Discradisca/2024-10-09_BRAKER3/braker/errors/gtf2gff3.err
rm /home/wirenia/projects/Discradisca/2024-10-09_BRAKER3/braker/errors/get_etp_hints.stdout
rm /home/wirenia/projects/Discradisca/2024-10-09_BRAKER3/braker/errors/tsebra_rename.stderr
rm /home/wirenia/projects/Discradisca/2024-10-09_BRAKER3/braker/errors/sortGeneMark.err
rm /home/wirenia/projects/Discradisca/2024-10-09_BRAKER3/braker/errors/find_python3_re.err
rm /home/wirenia/projects/Discradisca/2024-10-09_BRAKER3/braker/errors/secondtest.stderr
rm /home/wirenia/projects/Discradisca/2024-10-09_BRAKER3/braker/errors/optimize_augustus.stderr
rm /home/wirenia/projects/Discradisca/2024-10-09_BRAKER3/braker/errors/secondetraining.stderr
rm /home/wirenia/projects/Discradisca/2024-10-09_BRAKER3/braker/errors/filterGenesIn_mRNAname.stderr
rm /home/wirenia/projects/Discradisca/2024-10-09_BRAKER3/braker/errors/splitMfasta.stderr
rm /home/wirenia/projects/Discradisca/2024-10-09_BRAKER3/braker/errors/gtf2gff.augustus.hints.gtf.stderr
rm /home/wirenia/projects/Discradisca/2024-10-09_BRAKER3/braker/errors/firsttest.stderr
rm /home/wirenia/projects/Discradisca/2024-10-09_BRAKER3/braker/getAnnoFastaFromJoingenes.augustus.hints_hints.stdout
rm /home/wirenia/projects/Discradisca/2024-10-09_BRAKER3/braker/fix_in_frame_stop_codon_genes_augustus.hints.log
rm /home/wirenia/projects/Discradisca/2024-10-09_BRAKER3/braker/getAnnoFastaFromJoingenes.braker_.stdout
# Tue Oct 15 00:50:34 2024: deleting job lst files (if existing)
rm /home/wirenia/projects/Discradisca/2024-10-09_BRAKER3/braker/nonred.loci.lst
rm /home/wirenia/projects/Discradisca/2024-10-09_BRAKER3/braker/train.ff.gb
rm /home/wirenia/projects/Discradisca/2024-10-09_BRAKER3/braker/hints.job.lst
rm /home/wirenia/projects/Discradisca/2024-10-09_BRAKER3/braker/train.gb.train.test
rm /home/wirenia/projects/Discradisca/2024-10-09_BRAKER3/braker/traingenes.good.fa
rm /home/wirenia/projects/Discradisca/2024-10-09_BRAKER3/braker/fix_IFS_log_kzcgaydl
rm /home/wirenia/projects/Discradisca/2024-10-09_BRAKER3/braker/tmp_merge_hints.gff
rm /home/wirenia/projects/Discradisca/2024-10-09_BRAKER3/braker/train.gb.test
rm /home/wirenia/projects/Discradisca/2024-10-09_BRAKER3/braker/aa2nonred.stdout
rm /home/wirenia/projects/Discradisca/2024-10-09_BRAKER3/braker/etrain.bad.lst
rm /home/wirenia/projects/Discradisca/2024-10-09_BRAKER3/braker/train.gb.train
rm /home/wirenia/projects/Discradisca/2024-10-09_BRAKER3/braker/traingenes.good.gtf
rm /home/wirenia/projects/Discradisca/2024-10-09_BRAKER3/braker/traingenes.gtf
rm /home/wirenia/projects/Discradisca/2024-10-09_BRAKER3/braker/augustus.hints.tmp.gtf
rm /home/wirenia/projects/Discradisca/2024-10-09_BRAKER3/braker/firstetraining.stdout
rm /home/wirenia/projects/Discradisca/2024-10-09_BRAKER3/braker/train.gb.train.train
rm /home/wirenia/projects/Discradisca/2024-10-09_BRAKER3/braker/secondetraining.stdout
rm /home/wirenia/projects/Discradisca/2024-10-09_BRAKER3/braker/train.f.gb
rm /home/wirenia/projects/Discradisca/2024-10-09_BRAKER3/braker/gbFilterEtraining.stdout
rm /home/wirenia/projects/Discradisca/2024-10-09_BRAKER3/braker/aug_hints.lst
rm /home/wirenia/projects/Discradisca/2024-10-09_BRAKER3/braker/tmp_no_merge_hints.gff
rm /home/wirenia/projects/Discradisca/2024-10-09_BRAKER3/braker/traingenes.good.nr.fa
/usr/bin/perl /home/wirenia/bin/BRAKER-3.0.8/scripts/braker_cleanup.pl --wdir=/home/wirenia/projects/Discradisca/2024-10-09_BRAKER3/braker
Deleting file /home/wirenia/projects/Discradisca/2024-10-09_BRAKER3/braker/firsttest.stdout
Deleting file /home/wirenia/projects/Discradisca/2024-10-09_BRAKER3/braker/genome.fa
Deleting file /home/wirenia/projects/Discradisca/2024-10-09_BRAKER3/braker/optimize_augustus.stdout
Deleting file /home/wirenia/projects/Discradisca/2024-10-09_BRAKER3/braker/secondtest.stdout
Deleting file /home/wirenia/projects/Discradisca/2024-10-09_BRAKER3/braker/train.gb
Deleting file /home/wirenia/projects/Discradisca/2024-10-09_BRAKER3/braker/GeneMark-ETP/proteins.fa/model/set.out
Deleting file /home/wirenia/projects/Discradisca/2024-10-09_BRAKER3/braker/GeneMark-ETP/proteins.fa/model/parse.es_c
Deleting file /home/wirenia/projects/Discradisca/2024-10-09_BRAKER3/braker/GeneMark-ETP/proteins.fa/model/non.seq
Deleting file /home/wirenia/projects/Discradisca/2024-10-09_BRAKER3/braker/GeneMark-ETP/proteins.fa/nonhc/nonhc.fasta
Deleting file /home/wirenia/projects/Discradisca/2024-10-09_BRAKER3/braker/GeneMark-ETP/rnaseq/hints/proteins.fa/prothint/nuc.fasta
Deleting file /home/wirenia/projects/Discradisca/2024-10-09_BRAKER3/braker/genome.fa.cidx
Deleting file /home/wirenia/projects/Discradisca/2024-10-09_BRAKER3/braker/getAnnoFastaFromJoingenes.augustus.hints_tmp.stdout
Deleting file /home/wirenia/projects/Discradisca/2024-10-09_BRAKER3/braker/augustus.hints.gff
Deleting file /home/wirenia/projects/Discradisca/2024-10-09_BRAKER3/braker/proteins.fa
Deleting file /home/wirenia/projects/Discradisca/2024-10-09_BRAKER3/braker/braker.gtf_temp
Deleting file /home/wirenia/projects/Discradisca/2024-10-09_BRAKER3/braker/gc_content.out
Deleting directory /home/wirenia/projects/Discradisca/2024-10-09_BRAKER3/braker/GeneMark-ETP/etp_data
Deleting directory /home/wirenia/projects/Discradisca/2024-10-09_BRAKER3/braker/GeneMark-ETP/rnaseq/gmst/
Deleting directory /home/wirenia/projects/Discradisca/2024-10-09_BRAKER3/braker/GeneMark-ETP/rnaseq/hisat2/
Deleting directory /home/wirenia/projects/Discradisca/2024-10-09_BRAKER3/braker/GeneMark-ETP/arx
Deleting directory /home/wirenia/projects/Discradisca/2024-10-09_BRAKER3/braker/GeneMark-ETP/proteins.fa/hc/regions/
Deleting directory /home/wirenia/projects/Discradisca/2024-10-09_BRAKER3/braker/GeneMark-ETP/proteins.fa/nonhc/prothint
Deleting directory /home/wirenia/projects/Discradisca/2024-10-09_BRAKER3/braker/GeneMark-ETP/rnaseq/hints/proteins.fa/prothint/Spaln
Deleting directory /home/wirenia/projects/Discradisca/2024-10-09_BRAKER3/braker/GeneMark-ETP/proteins.fa/nonhc/for_prothint
Deleting directory /home/wirenia/projects/Discradisca/2024-10-09_BRAKER3/braker/GeneMark-ETP/proteins.fa/nonhc/pred_m
Deleting directory /home/wirenia/projects/Discradisca/2024-10-09_BRAKER3/braker/GeneMark-ETP/proteins.fa/nonhc/regions
Deleting directory /home/wirenia/projects/Discradisca/2024-10-09_BRAKER3/braker/GeneMark-ETP/proteins.fa/etr
Deleting directory /home/wirenia/projects/Discradisca/2024-10-09_BRAKER3/braker/GeneMark-ETP/rnaseq/hints/proteins.fa/prothint/diamond
Deleting directory /home/wirenia/projects/Discradisca/2024-10-09_BRAKER3/braker/GeneMark-ETP/data
#**********************************************************************************
#                               BRAKER RUN FINISHED                                
#**********************************************************************************
